item_id,date,store_id
c578da8e8841,2019-10-17,1
4dd2b686802c,2019-10-17,1
16ade2e3fca9,2019-10-17,1
f4eb16dab09e,2019-10-17,1
ab1384c2af6d,2020-05-31,1
d18a00e52f60,2019-10-17,1
4aa8dbe05246,2022-02-08,1
704ce9e6f97e,2019-10-17,1
d83dd928639b,2019-10-17,1
7ca30789880f,2019-10-17,1
a8070899755b,2019-10-17,1
55377e71fe72,2019-10-17,1
2716ebe9a4a0,2021-11-19,1
b7fe80355def,2019-10-17,1
438924059eea,2022-08-25,1
61eb6b851b69,2019-10-17,1
83804453f390,2022-09-06,1
cebdc93fe44e,2019-10-17,1
3375d54aa7f9,2019-10-17,1
10bac6caa2cc,2019-10-17,1
1b75f80dc620,2022-10-04,1
b68661a0801f,2019-10-17,1
d8abe7c9af3d,2019-10-17,1
398674134c6a,2024-02-29,1
9bb7bd3aa5f3,2021-02-02,1
7c9ba1d2bdd3,2020-04-24,1
2c7591ed7b3e,2019-10-17,1
d34d4d061cfd,2023-09-13,1
9437eafe7bae,2019-10-17,1
4e0fbcf99cf9,2022-09-06,1
2e008b673129,2022-09-01,1
cf6af68fd6c8,2020-03-04,1
90e4b1dc3b37,2020-03-05,1
077a9ac8c96e,2024-08-22,1
2f7e924953af,2019-10-17,1
b8f656e1c257,2019-10-17,1
e9bee8431255,2022-06-19,1
49db9c973903,2019-10-17,1
7731f5aafc1e,2019-10-17,1
a1890526203f,2019-10-17,1
38049b1df176,2024-05-22,1
dfff59dace03,2024-04-03,1
0e8b2658c62b,2024-04-03,1
1c6196cdf547,2023-11-22,1
dc7191c3296c,2019-10-17,1
9ec228d36440,2019-10-17,1
8000f79642a8,2019-10-17,1
c2625a0c8a8b,2024-08-12,1
3b4418190c20,2019-10-17,1
d10f92211b7a,2022-02-11,1
2491db08674f,2019-10-17,1
fd0836293fa8,2023-06-23,1
0acbf086d61a,2024-05-03,1
9d6072422e8e,2024-04-20,1
78a8896d4474,2019-10-17,1
b42301424cda,2024-08-28,1
90f299fcafac,2019-10-17,1
c41176e28eec,2019-10-17,1
65f4d67ce285,2019-10-17,1
13c8e0c23737,2019-10-17,1
450b16072b58,2019-10-17,1
ef610fd0608b,2023-05-04,1
a32152514ed8,2019-10-17,1
96ac3a94faba,2019-10-17,1
2a6b394a8e8b,2019-10-17,1
f5217753fd4f,2022-09-22,1
056d36871f9b,2019-10-17,1
c2fd24440a04,2019-10-17,1
e41760c06ce7,2021-11-11,1
4c6516857bde,2019-10-17,1
e31ffb411e12,2019-10-17,1
a46cd6e7ccf0,2019-10-17,1
de8029f45575,2019-10-17,1
39bbba53153b,2019-10-17,1
3c52b08aaa7e,2019-10-17,1
cccb1cf040ab,2019-10-17,1
165f27447f15,2020-12-10,1
fa84119d3a3a,2023-12-26,1
3c3455fb4cfa,2019-10-17,1
1b9c6c457039,2019-10-17,1
f68cb5ff0ca5,2019-10-17,1
3a4698a8b016,2019-10-17,1
e3f1ea117aa2,2019-10-17,1
c296048d49bd,2019-10-17,1
41919e40d738,2023-12-04,1
e08d0bf869d2,2024-08-16,1
06960fd339df,2019-10-17,1
956a0e490f75,2020-12-28,1
3099790ac0cd,2019-12-19,1
53980d452f12,2019-10-17,1
821c8a056370,2023-11-20,1
45c8f54d2563,2019-10-17,1
671c63c3a795,2019-10-17,1
4fb34eceec0b,2020-03-04,1
343514e6bbe7,2019-10-17,1
91d83ebc6238,2019-10-17,1
b55a901fb8ff,2019-10-17,1
eed1e659c9e7,2019-10-17,1
29bcb787d8b1,2019-10-17,1
39b46793f326,2019-10-17,1
97c0030ce843,2019-10-17,1
0a7a1298f428,2019-10-17,1
f277492f1706,2019-10-17,1
2bf8e88dbbd9,2019-10-17,1
40c0a6a21413,2019-10-17,1
9f639a2ff0c3,2019-10-17,1
ae0ad3373eca,2019-10-17,1
4a02512090e8,2019-10-17,1
4eb71e27f4c5,2024-09-24,1
1ad5c7e3eb64,2023-11-16,1
8b802d186548,2024-09-09,1
3fcc722fa5bf,2023-12-12,1
6677b2fd619b,2020-06-29,1
223099c9b17d,2024-09-18,1
ace84a131e74,2019-10-17,1
429dcc2a932c,2024-07-14,1
b6a16fd572b2,2019-10-17,1
beb96267ee32,2019-10-17,1
49ba8162fea0,2024-06-18,1
4512b18a0c10,2024-02-12,1
26dade6734b3,2019-10-17,1
5875ad765801,2024-04-10,1
8cf35712c585,2019-10-17,1
f530596ff8f4,2019-10-17,1
16e8bd0a831f,2019-10-17,1
bd2cf9cc0ab4,2019-10-17,1
46ce134124f2,2019-10-17,1
8e50b79d3001,2019-10-17,1
50baa065beef,2024-07-14,1
7644acd14b07,2019-10-17,1
7828df81f2d0,2019-10-17,1
08cdce6118fe,2019-10-17,1
b16531eaa3dd,2023-12-14,1
f6c619cdccf3,2019-10-17,1
e884ebd4a244,2019-10-17,1
8a05cec5a9a8,2024-07-23,1
e61ce10aa786,2019-10-17,1
3a38cb1c2440,2019-10-17,1
2272be3a520d,2019-10-17,1
c5e18a86c28d,2019-10-17,1
f00ee6c59887,2024-08-12,1
494e0834cfa5,2019-10-17,1
e43c31d8d573,2022-08-25,1
a6d7eb9cad96,2022-08-25,1
6a79b34e5dd5,2019-10-17,1
f044b93e5e51,2019-10-17,1
ebab7ac1ba53,2019-10-17,1
f84421845506,2019-10-17,1
cc4ac7e3d2ce,2019-10-17,1
e6263d9b4d87,2024-04-22,1
02feb2cf88b5,2019-10-17,1
9d4100ba6f11,2019-10-17,1
0cf24b1c3693,2021-05-13,1
e7bdaa503519,2019-10-17,1
5d18b416ed99,2019-10-17,1
722bfad8c167,2024-02-28,1
4327e1f3ea94,2019-10-17,1
23c045747f51,2019-10-17,1
dd4dd749000e,2019-10-17,1
49eced5b5421,2019-10-17,1
3f7d8b24f7c7,2019-10-17,1
44d1ba9c948a,2024-09-05,1
7d55f140e7c2,2019-10-17,1
1f778a64958e,2023-09-13,1
6a9c9962dc61,2019-10-17,1
a5027de50ae4,2019-10-17,1
edef15255492,2019-10-17,1
1af06126db23,2019-10-17,1
0a54c7913940,2024-08-22,1
0ca589a27ca5,2019-10-17,1
7586d4f4599e,2019-10-17,1
e47a3b2906e7,2024-01-29,1
078b168dec87,2024-01-29,1
f9f864c3a5f4,2019-10-17,1
29f09dcf9e0d,2022-09-04,1
9992a8f55deb,2022-07-07,1
92c1209aeddf,2019-10-17,1
34acf9818b07,2019-10-17,1
a4f3f638e78e,2019-10-17,1
4b7ea164af56,2024-04-01,1
609c8dc307c6,2019-10-17,1
534aded07dc0,2019-10-17,1
78a86a59cf94,2019-10-17,1
980acefe68e0,2024-08-05,1
b81f66dca9a2,2023-11-03,1
0e218149c963,2024-06-21,1
5d880a340859,2021-08-02,1
a3bf691c5ea6,2019-10-17,1
b17b27349d7a,2024-08-05,1
b015752a9f2d,2021-06-08,1
b7d3681ed685,2019-10-17,1
d60ce4e4a4ad,2021-03-22,1
accdcf3b6ef1,2019-10-17,1
c86a7d1f0151,2019-10-17,1
898dfbab2301,2019-10-17,1
7378ee13e9c3,2019-10-17,1
b1a032b43c95,2019-10-17,1
9b6d3fd7b948,2019-10-17,1
529db911ee44,2019-10-17,1
2dac660f33bc,2019-10-17,1
2ae6f78cf3a1,2022-09-12,1
061444a395b3,2019-10-17,1
f02303ef78c5,2019-10-17,1
0022b986c8f0,2019-10-17,1
3e77e93a2843,2019-10-17,1
97944976859a,2019-10-17,1
d0b02043049d,2022-09-12,1
2e1ad8f25273,2022-05-04,1
e4a4205b00a0,2019-10-17,1
978be69b9541,2019-10-17,1
24b8cffc4a30,2019-10-17,1
903abbca42ad,2019-10-17,1
a076b9f6a545,2019-10-17,1
fd2978388bac,2019-10-17,1
a35839e7c6a1,2024-03-25,1
722f29e3c0c6,2021-09-09,1
ad808143d47a,2023-09-13,1
b833aacad920,2024-01-18,1
25297c1384f4,2019-10-17,1
3be13520e2cb,2023-11-15,1
7ed9907fb2a0,2020-06-29,1
dbee2c08cce7,2022-01-26,1
3ef6820c514c,2023-10-20,1
f4cf20343889,2023-03-21,1
2b12f7ce5f10,2019-10-17,1
ed33a2b2f289,2019-10-17,1
b22bd41ce0bb,2019-10-17,1
08ae8e21a444,2024-03-31,1
85da2505e688,2024-03-01,1
194d8c55c48d,2019-10-17,1
da9629ef8221,2019-10-17,1
2a6ea1c17893,2019-10-17,1
f0a8030adabd,2019-10-17,1
095f56ad8ee7,2019-10-17,1
952b1c3c18b0,2019-10-17,1
796238fd9655,2019-10-17,1
14e190fb4e06,2019-10-17,1
e7e801740b7b,2019-10-17,1
8921d167f26a,2019-10-17,1
f69415548430,2024-05-19,1
e7db0660878b,2019-10-17,1
6c2ef73a37f4,2022-09-22,1
e4673c170d5a,2020-11-30,1
43c372ac543c,2020-11-30,1
8a2740129d45,2023-09-13,1
227691cacdd5,2019-10-17,1
0577f5798413,2019-10-17,1
83ff6dd69836,2019-10-17,1
8c8cfa167c4f,2019-10-17,1
c3565699f958,2022-09-07,1
743f4940b27f,2019-10-17,1
6a53655fdfe9,2019-10-17,1
7e7bd3dab69d,2019-10-17,1
bc4e18198585,2019-10-17,1
2dd700cade13,2019-10-17,1
6df320c1c285,2019-10-17,1
cb76df89edbc,2019-10-17,1
2e36fbed6198,2019-10-17,1
e571cfe70872,2019-10-17,1
c33ff1915254,2019-10-17,1
4a3a8c35cfe1,2024-05-15,1
9b3f8e975987,2019-10-17,1
3e3b191ba327,2019-10-17,1
6f4e81ab7362,2023-09-13,1
26a246eb1230,2024-05-16,1
56e8140a6950,2023-09-13,1
a00d82843647,2023-09-13,1
a4d5efbb25d6,2019-10-17,1
d46bc9bcfe46,2019-10-17,1
b0f46ada04c9,2019-10-17,1
56b9e804d6e1,2019-10-17,1
4c479595ef84,2019-10-17,1
0490f9ff0852,2019-10-17,1
e4b96e7f7102,2024-08-19,1
9cc9ba2ec5a4,2024-08-19,1
4197d836c78b,2019-10-17,1
c1b874b62220,2019-10-17,1
9c39d288a83f,2021-08-30,1
514e2fd286a0,2019-10-17,1
be9d5b9d6986,2020-04-10,1
9e1014584fc6,2019-10-17,1
a9758dda2616,2019-10-17,1
d9c44c71c039,2019-12-20,1
0bd1661c472e,2023-09-13,1
66dcdf3628de,2019-10-17,1
aa52de8d7028,2023-02-14,1
149200c088c5,2019-10-17,1
99db11cc23ba,2019-10-17,1
f716a234b3f7,2019-10-17,1
1d9b60ee79ed,2019-10-17,1
d6a153928c95,2019-10-17,1
83044e8f052f,2019-10-17,1
88b01ef0b4c2,2019-10-17,1
0fb6f39fca72,2019-10-17,1
d18ef0f8f670,2020-04-03,1
4f2eb873f6f5,2019-10-17,1
be4764392e15,2023-02-27,1
c04f21b16c09,2019-10-17,1
bac4fa5eaae1,2024-06-07,1
d62802f81f16,2019-10-17,1
edc0da877c34,2019-10-17,1
e51add3c0b01,2019-10-17,1
ecb324e6330d,2022-09-20,1
a9654a33b57b,2019-10-17,1
2f82ff077140,2023-09-13,1
07843cca5f60,2019-10-17,1
69f3ad2c097c,2019-10-17,1
872d41f7cce5,2019-10-17,1
5fa47a5afd73,2019-10-17,1
6e861957c05b,2019-10-17,1
9ffec90ac0d0,2019-10-17,1
bfd65341b109,2019-10-17,1
a3bba58c50e1,2019-10-17,1
61a27226f770,2019-10-17,1
245207cf5402,2019-10-17,1
b32677852f43,2019-10-17,1
c7a1c6089ec1,2021-07-13,1
a0c644e856b4,2019-10-17,1
b6682caa38bb,2019-10-17,1
7ad00f55ac38,2019-10-17,1
c85827b5c866,2019-10-17,1
2e5049f53201,2019-10-17,1
34d64a533147,2023-10-10,1
cde97a9ec3ef,2019-10-17,1
7a6f30845ef4,2019-10-17,1
f1a35d7d01af,2022-12-22,1
9bdefee9e7b5,2020-04-14,1
4cdc4e6529f7,2022-09-08,1
c5f6b4ffc423,2019-10-17,1
20073daefd5b,2023-09-13,1
68f9a995a501,2023-09-13,1
c6d3d9cbf7a8,2019-10-17,1
d577e7a9112b,2019-10-17,1
4ce86d65904b,2019-10-17,1
865a5f2dbf2e,2019-10-17,1
cea76b0b8853,2023-10-23,1
89caab19e9d0,2019-10-17,1
65e0be00e686,2019-10-17,1
8218565b9755,2024-04-03,1
499034b7d529,2024-05-19,1
2a37346a2dc8,2020-12-13,1
e7bfae6a0bc8,2020-04-08,1
ff35e6a8c106,2019-10-17,1
6ff3a373d225,2023-01-08,1
ef719f105bd9,2023-01-08,1
9733b8e63ee7,2019-10-17,1
7d9708e79804,2023-01-08,1
def4adf624b0,2019-10-17,1
4683f1af5101,2019-10-17,1
abd36f8395bf,2019-10-17,1
6ed980098655,2023-02-22,1
e2d816701cab,2023-10-09,1
2abf73aba4e9,2019-10-17,1
075a73fd2d3e,2019-10-17,1
f3a55595e348,2019-10-17,1
cd42219b40fb,2019-10-17,1
097f699811d6,2019-10-17,1
9ed0266094a6,2022-08-12,1
fe52c9c506f6,2019-10-17,1
9fd2adcb728e,2023-01-08,1
2883f571c78b,2023-01-08,1
e3d76037721f,2019-10-17,1
09f7d0f33c40,2019-10-17,1
44de1a6977d2,2019-10-17,1
60af225f5d57,2019-10-17,1
3ddefa4753e9,2019-10-17,1
5fed99133189,2022-07-12,1
6e757d795523,2019-10-17,1
3d424f6e46ff,2019-10-17,1
3b3600490b1c,2019-10-17,1
3a04aa3ed637,2019-10-17,1
2b933a1839e0,2019-10-17,1
d1454ca690ec,2019-10-17,1
c650f36a638e,2019-10-17,1
189da2504233,2019-10-17,1
9437e1791ba2,2024-09-09,1
e18a9661ac30,2023-12-17,1
10e1b3e4bc17,2021-09-15,1
93cdf8726603,2019-10-17,1
f2c28f6d34ae,2019-10-17,1
93df3cf13fc1,2019-10-17,1
a13d1d4f0210,2019-10-17,1
c55b66222c3c,2019-10-17,1
f916851d5bc3,2019-10-17,1
ca48bcb86b97,2019-10-17,1
4d47c1c24c0f,2019-10-17,1
c317dcd6988b,2019-10-17,1
7cbac7962028,2019-10-17,1
bf84c0bbd039,2019-10-17,1
3ece3e657fe8,2019-10-17,1
4b87f18c8e82,2022-10-30,1
71a3b700acc6,2022-10-30,1
8aa3e2306365,2022-11-01,1
373f7c046444,2022-10-30,1
9c60d606d37d,2022-10-30,1
66a7b52ac5b9,2019-10-17,1
e45041fe8af6,2019-10-17,1
67cc05fc5520,2022-11-06,1
68213d05f23c,2022-10-30,1
cfd97a236398,2022-10-30,1
c7399db358e2,2022-05-31,1
ef0504d0c25f,2019-10-17,1
41919e1b1559,2019-10-17,1
1f7f4656862b,2024-09-04,1
162f9af9c6a9,2019-10-17,1
a2aceac5aec6,2019-10-17,1
2b2cfab50359,2023-06-26,1
65807e892fb4,2023-06-26,1
c47bfcbc99d4,2019-10-17,1
b65dd6f71f6f,2019-10-17,1
d0883133d86e,2019-10-17,1
998f3bd5783c,2019-10-17,1
1e07b188c897,2019-10-17,1
9149713506a0,2019-10-17,1
3fd366691dbb,2019-10-17,1
46f90f138b28,2021-01-22,1
3920c3256b6e,2021-08-16,1
c883952c05df,2024-09-25,1
e43a4268b7b1,2019-10-17,1
d33f454528df,2019-10-17,1
313946afa4ee,2019-10-17,1
aac1a80501da,2019-10-17,1
a975b84dbab7,2019-10-17,1
5fb7f035a84d,2023-09-13,1
3ddd97fd2212,2019-10-17,1
9c4e5242e9dc,2019-10-17,1
6f5e95b88884,2023-03-15,1
dbf6fa17f142,2020-11-30,1
d1d02b512312,2019-10-17,1
f0793bc044d9,2019-10-17,1
2d6e6a3c90e2,2019-10-17,1
9ada7cb69b75,2019-10-17,1
e6517d5b5092,2019-10-17,1
499716546aa9,2019-10-17,1
1792e7f62ac0,2022-03-24,1
f1073f13026b,2019-10-17,1
186ab5d958cf,2019-10-17,1
722d73182f0d,2019-10-17,1
be4cde58e6f5,2023-09-13,1
3b292ebdbc51,2019-10-17,1
0d6f1a7c9c12,2019-10-17,1
f857ae19242f,2019-10-17,1
75f23a9c4347,2021-10-15,1
e1bb3e1389e9,2019-10-17,1
501ac019db92,2019-10-17,1
79d880ca6357,2019-10-17,1
419ff891c40f,2019-10-17,1
575ef5a350ad,2024-02-14,1
119b9f0769c2,2022-02-01,1
fd89679cc62d,2019-10-17,1
c4f86f2105d3,2023-05-03,1
159380bd79b2,2023-05-03,1
bc144e3756b9,2019-10-17,1
e324fbd29fbe,2019-10-17,1
2da9358d3012,2019-10-17,1
150c62dfa612,2019-10-17,1
c11271bff177,2019-10-17,1
f4551dc39cf0,2019-10-17,1
73d1ee761200,2019-10-17,1
049a0a3bddef,2023-09-22,1
bbd2d0e48ee6,2019-10-17,1
7a88a2ff020d,2019-10-17,1
bc3c2495c0fd,2019-10-17,1
92108b65802c,2024-04-03,1
56d589a8fcb7,2019-10-17,1
ff733b650f7f,2019-10-17,1
2a1822491646,2020-07-07,1
8ddf239d0d9b,2019-10-17,1
f948a65cd8a3,2022-09-15,1
5837dafd03fe,2022-09-15,1
2fdb2da52d77,2022-09-15,1
c27e96b9e52e,2019-10-17,1
ebf2a6dedec8,2019-10-17,1
6c3dfc30b5ec,2019-10-17,1
3a2893870772,2019-10-17,1
5274e8649a56,2019-10-17,1
c245e1591a81,2022-08-16,1
e9dc86a40675,2022-08-16,1
42b27906da4f,2021-09-27,1
a2dd586c12db,2019-10-17,1
0fc8ac971529,2019-10-17,1
c5729c53650f,2019-10-17,1
bebc23d03e83,2019-10-17,1
204e79ba07d0,2019-10-17,1
7ed29c297733,2019-10-17,1
6f4c602cfd48,2019-10-17,1
848bfe373a13,2019-10-17,1
08a9aa9fcd25,2024-08-19,1
bf67136e4a24,2019-10-17,1
fa63009db3a5,2019-10-17,1
22f977a30165,2019-10-17,1
d281c3cccf6c,2019-10-17,1
91c0eb4d44e2,2019-10-17,1
a8871e93ded9,2019-10-17,1
396ab7fdef2b,2019-10-17,1
132663c72eaa,2019-10-17,1
1a20c025b36b,2019-10-17,1
4e2edcf23803,2023-09-13,1
09366a1235d4,2019-10-17,1
4108a53e1003,2019-10-17,1
88773b230ca7,2021-09-03,1
bca3b92e2222,2019-10-17,1
ea6656ae1dd7,2019-10-17,1
90e4c35e6830,2019-10-17,1
ee9b30590a29,2019-10-17,1
b8cf3d2a8f13,2019-10-17,1
9c52793539b6,2019-10-17,1
282452e5d276,2019-10-17,1
95833d99e8e4,2019-10-17,1
98f7d46da8f8,2019-10-17,1
3fc2c980552e,2019-10-17,1
4123aac1a567,2019-10-17,1
ff9c103fe6a7,2019-10-17,1
6599c7735da4,2019-10-17,1
cdb2bc539a65,2019-10-17,1
8123b297c254,2023-12-05,1
54482b128129,2023-02-28,1
5266b36816fd,2024-06-20,1
59eaf2ab9a94,2024-01-12,1
fd92366c38bf,2024-01-12,1
bcb7a03c6b5c,2019-10-17,1
8bef8658f820,2019-10-17,1
8ceaeb425c21,2022-05-25,1
9cbd3e75c39c,2019-10-17,1
400d2909c512,2019-10-17,1
c476f912d04c,2019-10-17,1
b7350b06e86d,2019-10-17,1
423fe9206040,2019-10-17,1
3b780d1d89a7,2019-10-17,1
25bda72ca892,2019-10-17,1
b8b11785d390,2022-10-12,1
7914de20936e,2019-10-17,1
0c57ccead50a,2019-10-17,1
54ef8a3a18e2,2019-10-17,1
ed59c56017a1,2024-06-10,1
5e28b921b787,2024-06-10,1
f480a40e7caf,2021-08-22,1
d5efa61751e1,2019-10-17,1
4f7a900b3b7d,2023-09-13,1
d3986b603960,2023-09-26,1
e9276a7a0fcc,2023-09-13,1
43e0513bfad2,2019-10-17,1
788b353d6cae,2019-10-17,1
fd76f6ca31b2,2020-07-07,1
3e6b58410995,2020-07-07,1
8568ae2992de,2019-10-17,1
5fee9c7cb282,2019-10-17,1
6f234bd79616,2019-10-17,1
61cd86418f43,2019-10-17,1
4458d1f9a67c,2019-12-02,1
c28766899726,2023-09-13,1
6286ff20826e,2019-10-17,1
d69a19fd99eb,2024-09-03,1
0cd49f5f1186,2019-10-17,1
fa3ca637fa03,2024-09-24,1
105b871b4f93,2019-10-17,1
be3dff100a98,2019-10-17,1
3a7b5f6e3ec5,2019-10-17,1
3bcca36c5a74,2024-09-24,1
b98a6c55bfe8,2019-10-17,1
3db491dd53cf,2019-10-17,1
72599c797788,2019-10-17,1
fbcb81977647,2019-10-17,1
ce145a0bfcc8,2023-09-13,1
08f72521db98,2022-07-06,1
ec66a735df67,2022-07-06,1
7adde35c68ac,2022-07-06,1
ea55b4d2fae7,2019-10-17,1
08dcb6d0c9bb,2022-03-22,1
e6a3ab8acdcf,2019-10-17,1
4aca4c4278b0,2019-10-17,1
ab55b60fb4cf,2020-05-19,1
421f9c25a800,2020-07-07,1
17fef8be74f9,2019-10-17,1
4552f045d49d,2023-11-20,1
d0d95ba197c4,2019-10-17,1
d7b1230feaf7,2020-08-18,1
10a5bd97291b,2019-10-17,1
bafa9052763d,2019-10-17,1
9255e8ec0f15,2019-10-17,1
ae6999915746,2022-09-19,1
80f469648909,2024-01-22,1
555e082c7275,2020-01-20,1
52ec6b2d9cb0,2020-11-30,1
49407f7f0c9f,2022-01-28,1
a9cf8c296d0a,2022-10-19,1
c51e4ec506c9,2019-10-17,1
f74fae8d245e,2023-11-14,1
dcca63bdc625,2021-03-18,1
4bb265f6b9a3,2019-10-17,1
fc97a4c6f1a4,2022-09-12,1
570a50d9949a,2022-08-09,1
c603c2791b05,2023-09-13,1
66ba56fe4952,2019-10-17,1
5e095701f6e9,2019-10-17,1
11ccc76e1a03,2024-01-29,1
7834b785b6b5,2019-10-17,1
05e0bda28a5a,2019-10-17,1
f5a1b2872a81,2019-10-17,1
34caffc6f290,2019-10-17,1
71c32731feff,2019-10-17,1
1b03ea820741,2019-10-17,1
3c078aa268de,2024-03-17,1
7e2b7f919028,2019-11-20,1
7f1c01227da1,2023-06-02,1
81f64aa8a647,2019-10-17,1
35afa2005a88,2019-10-17,1
1681ff29303d,2022-09-04,1
bb26e3414b58,2019-10-17,1
b6cad64480b9,2024-03-28,1
44dce75759a7,2019-10-17,1
ec3a8b810a01,2024-01-31,1
e20bdc1794fb,2023-09-13,1
1138b7fcbc1a,2023-09-13,1
7ace50070f94,2024-03-11,1
82d851fa90a3,2019-10-17,1
aac310ad1e71,2019-10-17,1
3ced2d523ff2,2019-10-17,1
3ef36398d7e4,2019-10-17,1
e9d1c39597d7,2019-10-17,1
d200abc0b270,2019-10-17,1
68cb0f7ec189,2019-10-17,1
d60408378b78,2019-10-17,1
6b51822014f5,2019-10-17,1
686c0764dd8e,2024-06-18,1
ec87699553c7,2019-10-17,1
c894d34b7089,2022-09-12,1
9c9e049171f3,2019-10-17,1
5e00f8769119,2019-10-17,1
4b53a00fab29,2019-10-17,1
3fd867d0c7e9,2022-08-09,1
76c48a7db319,2019-10-17,1
59a48e56ffcb,2024-03-14,1
6604bd4921c3,2023-09-13,1
021df027fac1,2019-10-17,1
9a7e315f3f42,2019-10-17,1
1710514cc95c,2019-10-17,1
3b260de3b7f6,2024-03-21,1
705f6edab68c,2019-10-17,1
7315e81cab62,2020-04-10,1
cbd8645e0c0a,2019-10-17,1
142268d078ba,2019-10-17,1
79689cadd13d,2023-11-26,1
d35f5e246f16,2019-10-17,1
01f42a346649,2019-10-17,1
e9de30ddb73d,2022-09-01,1
fe986be4f88c,2021-03-11,1
cbaf7b6c3ef2,2019-10-17,1
23d1df2d82b1,2019-10-17,1
2af56e345f6e,2022-04-21,1
5a7e97626c98,2024-06-28,1
b84f07d816af,2019-10-17,1
dce9ea7da813,2019-10-17,1
0efd102614e7,2019-10-17,1
0480d3b32521,2019-10-17,1
0e10f8a90253,2019-10-17,1
89aa88ff4fa6,2019-10-17,1
13e5caa0e495,2019-10-17,1
778fae444c09,2019-10-17,1
db0476480c6f,2023-09-13,1
f566e6537f53,2019-10-17,1
5f9316e28667,2022-11-06,1
2bc865a9a8da,2022-11-06,1
7af2905b6b3a,2024-06-18,1
eaf67456b763,2019-10-17,1
9aaf19197ef1,2019-10-17,1
139b387ebd59,2020-04-30,1
7446a3d55d0e,2022-08-21,1
259f2c29356d,2020-04-30,1
fcd33abe242f,2019-10-17,1
f260bf0fb49f,2023-09-13,1
01a2ca72b7df,2019-10-17,1
11e1ff060b1a,2019-10-17,1
cc4d82a028aa,2019-10-17,1
ac0341506ebb,2019-10-17,1
d1b95f82a0cd,2021-01-22,1
35009170dd2a,2019-10-17,1
74903e761946,2019-10-17,1
28c49a01b762,2019-10-17,1
436fa1e85a26,2019-10-17,1
bfb034124c77,2019-10-17,1
7b7e8acaf745,2020-11-18,1
ff649e198b1d,2020-12-07,1
80f662702209,2019-10-17,1
8027b2b6c8f0,2019-10-17,1
cfe48f1562f8,2019-10-17,1
5b0950853a55,2019-10-17,1
4193fc7ec6db,2019-10-17,1
2054b933d980,2019-10-17,1
82a706c74d87,2023-11-14,1
f465e98ea1c8,2019-11-22,1
0e8fa087034e,2023-09-13,1
3945c5f394f2,2019-10-17,1
5616755b6236,2019-10-17,1
1f823512ef16,2023-09-13,1
0ee3f2eeab70,2019-10-17,1
3f43d1c6116e,2023-06-26,1
a3fb70ef222e,2022-01-10,1
9eb1cb1b1c5d,2024-01-05,1
df96448c3b51,2019-10-17,1
d7af6919a8ec,2023-06-26,1
978fbaf17a56,2019-10-17,1
79fe699115cf,2023-09-13,1
7a4989bf8f1d,2019-10-17,1
c76c87937e22,2019-10-17,1
d2f0e9eec26b,2019-10-17,1
6ac2d032e691,2019-10-17,1
caeaa3afe154,2024-01-16,1
4e83c27f85b2,2019-10-17,1
9cd49af0f151,2021-02-16,1
714176d949dd,2019-10-17,1
9550f0faccc9,2019-10-17,1
14e4f965c711,2020-10-25,1
491e5de2ec86,2019-10-17,1
d3af02b25515,2022-06-21,1
91c564b703e4,2022-10-27,1
94f6dd139eb4,2022-05-17,1
bef9a5afff2d,2019-10-17,1
358b197acff5,2019-10-17,1
7341016df9c2,2023-12-27,1
55198bab37b4,2019-10-17,1
85bfbc298ac0,2023-09-13,1
ad032f759ad6,2019-10-17,1
25b60e789224,2024-02-16,1
b8f14a76eb21,2019-10-17,1
91b08311081d,2024-01-31,1
2ca191267222,2019-10-17,1
2bd8b24a1bdd,2019-10-17,1
2914b9bb1e0d,2019-10-17,1
b51282c9e3c9,2024-07-01,1
fb3038a35604,2023-09-13,1
372b85d76be0,2021-02-03,1
7fe381bb7035,2019-10-17,1
b6929c03c95c,2024-05-05,1
163f740f3f0b,2024-05-16,1
0701512658e1,2019-10-17,1
048d5596050a,2019-10-17,1
c6100f31b6aa,2019-10-17,1
1b2616a4ebc3,2019-10-17,1
91c37f007258,2023-09-13,1
91fe2bb2b115,2024-09-26,1
efda0dc4437d,2024-07-22,1
856c29e193ae,2019-10-17,1
6a21372aab60,2019-10-17,1
5ee5e68cde35,2019-10-17,1
ba182d439537,2019-10-17,1
fdf35dfce11d,2019-10-17,1
3a22e0f54fb6,2019-10-17,1
bb4a43114e92,2019-10-17,1
35617e3546e9,2019-12-19,1
e31274d030b8,2019-10-17,1
283c4931660c,2019-10-17,1
6f29ff28191a,2019-10-17,1
aa589ea1dabf,2019-10-17,1
92a778aa67ea,2019-10-17,1
f3fb6209799b,2019-10-17,1
4ef678564d2b,2020-10-15,1
540705f6fec1,2019-10-17,1
1d56c830e4d6,2022-09-11,1
3af0e3825fbb,2023-09-13,1
cc26e511b9cc,2019-10-17,1
091f3558fdaa,2019-10-17,1
a5de40dd9923,2019-10-17,1
e45ed38b5361,2019-10-17,1
3621f2f73a33,2019-10-17,1
e4d3c1ab7632,2022-11-15,1
4b5abae64a01,2022-09-05,1
414adcb091ba,2019-10-17,1
38fce4431898,2019-10-17,1
531764e2ac1d,2019-10-17,1
10c3baf25f02,2019-10-17,1
20a389f550a0,2021-01-25,1
3cc9229b3ead,2024-07-08,1
7a6bb860d407,2021-03-24,1
23a07386a9f2,2021-03-24,1
eda3f451ac1c,2023-09-13,1
bf9982aa2742,2023-12-03,1
739dd7520495,2019-10-17,1
8830888c5526,2019-10-17,1
b895c7616708,2022-11-16,1
e167266238d6,2022-12-18,1
b3d3c8220c12,2019-10-17,1
f89ede2f3b92,2019-10-17,1
0082d7c4d384,2024-07-16,1
8e3cb4bbfe89,2019-10-17,1
42e232585b66,2019-10-17,1
69ec1a16c7d9,2019-10-17,1
f3203d259823,2019-10-17,1
fced04e4cdc0,2023-09-13,1
799794edef46,2023-09-13,1
e708ed5118b9,2019-10-17,1
9d0047f7dbea,2019-10-17,1
e891ae98fd42,2024-05-16,1
3ee647760aa8,2019-10-17,1
a557c0723b58,2019-10-17,1
883ae0674708,2019-10-17,1
710a2fa1965c,2019-10-17,1
e667a886808f,2021-10-14,1
2d2d1ca83576,2019-10-17,1
81ce04a699c5,2023-09-13,1
11c798b2f879,2022-08-17,1
c8b3ac831229,2021-05-25,1
c8e6b48d971e,2019-10-17,1
98b42c67a44a,2021-04-16,1
385a415eba95,2023-06-26,1
678bb4beb2de,2019-10-17,1
054ede32b37b,2023-06-26,1
4073bfc6d4ee,2023-06-14,1
a1c208a924ff,2023-12-01,1
02c79df6564e,2023-09-13,1
4fe8f2fdbf23,2023-09-13,1
e3ec3ec53990,2024-01-24,1
d0ed1042709b,2023-06-13,1
5a29671626b9,2019-10-17,1
396ce063075f,2019-10-17,1
7c9e5d98fc8a,2019-10-17,1
9530930c67b1,2019-10-17,1
5f7c6af6f147,2019-12-19,1
73ca7d016d4d,2024-08-29,1
c875b9f56a74,2022-10-19,1
94c98843fec0,2019-10-17,1
c90f4f3f117f,2023-05-03,1
acb2024675a2,2019-10-17,1
d2e321959c4c,2019-10-17,1
d5a177086cb6,2019-10-17,1
6f739c4e389e,2019-10-17,1
24a73370ca50,2019-10-17,1
0c70be6cf5bc,2019-10-17,1
b16b1a164222,2019-10-17,1
a3e53c4bddb1,2019-10-17,1
f31eb187a6f0,2019-10-17,1
c1e19320d85c,2019-10-17,1
72b3365e6c1c,2024-05-28,1
933688564b7f,2023-09-13,1
84b377bb3c26,2022-11-01,1
446feb8f3923,2023-11-02,1
8aaf7040da64,2019-10-17,1
2722cb36207a,2019-10-17,1
55f0e04b2d9d,2019-10-17,1
2f1cb5b6d663,2019-10-17,1
d950bcedd308,2019-10-17,1
b8940cfd7325,2021-02-01,1
8d20af1f3bb8,2019-10-17,1
2de86a5c9de3,2024-05-28,1
42098f6eca32,2022-08-23,1
d97b50e3b6c6,2022-11-08,1
6689ae0d0821,2024-02-12,1
dc65349f375f,2022-10-30,1
0e5c754a61bc,2022-11-01,1
cbb80af002fc,2022-01-28,1
f91895d83638,2019-10-17,1
8e605b842709,2019-10-17,1
f020673a6590,2019-10-17,1
4246fe947aa5,2019-10-17,1
5e08cc6103e1,2023-11-09,1
a795cfcaf426,2019-10-17,1
8548b48c59a3,2019-10-17,1
ca03725774c8,2019-10-17,1
49f7a3da6e09,2019-10-17,1
2571a7220771,2019-10-17,1
5cd49a430fe8,2019-10-17,1
9597431eb880,2019-10-17,1
9f066b143deb,2019-10-17,1
09c10f3f0e3f,2019-10-17,1
11f48f92a3a0,2019-10-17,1
f04a7ed017a2,2019-10-17,1
29295fd53c7d,2019-10-17,1
bca96ecfbc9c,2019-10-17,1
bddc5d36ab03,2019-10-17,1
b7baaab75ef7,2019-10-17,1
2050309ca281,2019-10-17,1
7994262d1d95,2024-08-27,1
6575325a6d05,2019-10-17,1
8304a8b37f06,2019-10-17,1
054c99233086,2019-10-17,1
82af587ffee0,2019-10-17,1
48d6b141b69f,2019-10-17,1
154e6ca4e4aa,2023-09-26,1
2db1f2cb57d7,2019-10-17,1
bdd37696c02d,2019-10-17,1
89b5e34de9fc,2019-10-17,1
e35e2b664e41,2019-10-17,1
3bfda0d2835f,2019-10-17,1
33ed256d41fc,2019-10-17,1
6c727658203d,2019-10-17,1
005addd8096b,2019-10-17,1
810283bf6a09,2019-10-17,1
10214295555b,2019-10-17,1
d44ef565fcfc,2019-10-17,1
b95e8356abce,2019-10-17,1
6287ea84d8f3,2019-10-17,1
406d445f0987,2024-07-31,1
bfbe447da8d1,2024-09-26,1
1905b2a7e96e,2022-01-28,1
e2514b6454a8,2022-01-28,1
65fd2c6aeddd,2019-10-17,1
fe03341e5ded,2021-05-19,1
999fddd76943,2024-02-15,1
d9a0f7753797,2024-02-15,1
cce317e7ecfb,2019-10-17,1
ba5c12767a27,2024-02-14,1
7229eadfbb24,2019-10-17,1
98d9599f8e88,2023-09-28,1
41a1b18aff38,2019-10-17,1
76a351e5adbf,2019-10-17,1
b83dc296b38a,2019-10-17,1
9b520875217c,2019-10-17,1
6dc03f8a8591,2019-10-17,1
d1b115bc335c,2019-10-17,1
5eca72f7acc8,2024-07-14,1
ff7480b01356,2023-04-19,1
6e1154c14b5f,2024-08-22,1
3746c2273828,2019-10-17,1
99e1ede417b7,2019-10-17,1
ae97410b647a,2019-10-17,1
2354ed80015a,2019-10-17,1
47379774e233,2019-10-17,1
9c331450311a,2019-10-17,1
9b3b4425788a,2019-10-17,1
90a11e0a18ca,2024-06-21,1
8bfcf344ed3d,2019-10-17,1
7e06c16a519e,2019-10-17,1
3fb2508f3d84,2019-10-17,1
b9beb3838a9f,2019-10-17,1
65e1ce0b11d3,2019-10-17,1
9239e3f76cc9,2020-06-16,1
ec309e2b3870,2020-05-13,1
3eba1385bbb9,2020-06-16,1
3e881540c8a0,2019-10-17,1
514d64d8c95d,2019-10-17,1
43a473bfe4db,2019-10-17,1
89f789eee4d1,2019-10-17,1
a74ebd9d2017,2019-10-17,1
11fd567dc856,2019-10-17,1
9be36bd32612,2019-10-17,1
f5a1f31b4df5,2024-02-26,1
4773011c0d32,2019-10-17,1
34b635857f34,2022-03-29,1
6a36c68a8681,2019-10-17,1
7b084dc1ffa8,2024-04-24,1
7da33456aab2,2022-10-19,1
29287bbc68a6,2024-08-05,1
1d9883eb2a40,2024-07-04,1
e9f0bd4ee211,2022-03-22,1
63d5a9cb537f,2019-10-17,1
f6c061f9bd78,2019-10-17,1
13128e2a1e32,2024-04-24,1
04a348115b29,2021-03-24,1
f425b0812091,2019-10-17,1
9a40e6e0905d,2021-02-26,1
ed5f7beec559,2019-10-17,1
d00035ec442e,2019-10-17,1
137ce4ddcfd9,2022-08-04,1
d7294145637c,2020-05-17,1
b74b5faf7431,2019-10-17,1
136459187a17,2019-10-17,1
178e2e57ca04,2023-03-31,1
58224748179f,2019-10-17,1
5d84bd56a337,2019-10-17,1
875e3f2c0184,2019-10-17,1
30c602891669,2019-10-17,1
d1b5c7e201dd,2019-10-17,1
50dbbe8ba932,2019-10-17,1
1c2b878205ed,2019-10-17,1
f711727e8690,2019-10-17,1
c0eb8bd7bd17,2019-10-17,1
17372c49056f,2023-03-12,1
dc001c37ae84,2019-10-17,1
c9d190041afb,2019-10-17,1
df9f35ddd4ba,2019-10-17,1
631782b82d8c,2019-10-17,1
20bd2038a3ce,2019-10-17,1
a0ff25a2606e,2019-10-17,1
87d59b1705a8,2024-04-17,1
3699b40e3b88,2019-10-17,1
59a26c09f1d1,2019-10-17,1
f4e2f8433c9d,2019-10-17,1
4ec4f100f621,2019-10-17,1
5fdd7750f1e5,2023-01-10,1
ae6462367018,2019-10-17,1
b706c97d58b4,2020-05-15,1
5f640b5974a6,2022-06-16,1
5e6dee96b21f,2023-06-22,1
c35448b72d76,2019-10-17,1
614e3c3b6add,2019-10-17,1
ee76993355cd,2019-10-17,1
b085575ee497,2019-10-17,1
8651faf5d9a3,2023-12-15,1
50559a2f3b2c,2024-04-22,1
404350c576e1,2024-07-18,1
478286a8a062,2019-10-17,1
1541750128ab,2019-10-17,1
e988b20b5066,2019-10-17,1
d089811216db,2019-10-17,1
e52b9d94cf91,2019-10-17,1
aca7e5a38dea,2022-03-25,1
21b86b858de4,2022-03-25,1
224386af045a,2022-03-25,1
c53e7f5ff5cd,2019-10-17,1
a99b4c4adb51,2019-10-17,1
71f34d103a75,2019-10-17,1
c140f940dba2,2019-10-17,1
66b6e89b3639,2019-10-17,1
e9b1cfff11ea,2020-11-30,1
601226324817,2022-08-02,1
1bdca15c09e4,2019-10-17,1
063f0d0cf7eb,2019-10-17,1
84af254625d2,2019-10-17,1
d4e6104eb37a,2019-10-17,1
df07aa21834c,2019-10-17,1
956325e0abe4,2019-10-17,1
387b0d051701,2019-10-17,1
577c6c01b5fc,2023-04-27,1
c223156d78af,2019-10-17,1
981142a23a24,2024-09-09,1
6557d16ac0d2,2019-10-17,1
e034ff8716b5,2019-10-17,1
079a01660ea3,2022-12-06,1
e877ad2e15db,2019-10-17,1
a15afd28f595,2019-10-17,1
e4c3a938fd7d,2023-11-07,1
12c8026a904f,2024-07-31,1
1e7e14310343,2019-10-17,1
29a2df44adcd,2019-10-17,1
ebd2469bb1da,2019-10-17,1
9c79d8de3256,2019-10-17,1
099bdaee0c13,2019-10-17,1
8969344e6045,2023-09-13,1
062e8ce69112,2019-10-17,1
f2c5e6df38cf,2019-10-17,1
c0a8dcca7cdb,2024-04-03,1
8c1441c992b4,2019-10-17,1
4fc6ad07fc3f,2019-10-17,1
802b007e776a,2023-09-13,1
6dfd7c529979,2024-02-08,1
5e077feaa267,2022-02-17,1
118146ab6383,2019-10-17,1
6790437682c8,2021-10-04,1
99d388c37359,2019-10-17,1
74b71080f839,2019-10-17,1
0e71e838d3b0,2024-03-04,1
722adfaff954,2019-10-17,1
a8d6bff63c97,2023-06-13,1
a9631f35d79d,2020-04-10,1
91750b87b761,2019-10-17,1
f271054fd2a1,2019-10-17,1
c27663e17e0c,2019-10-17,1
35292f290fe1,2019-10-17,1
7542943599c5,2022-08-23,1
c2125b828b38,2023-09-13,1
6ee72463f64e,2019-10-17,1
7cec3a4eeb13,2019-10-17,1
f649511860a0,2019-10-17,1
176ebf5df451,2019-10-17,1
8e2f92ac4bf7,2019-10-17,1
45d7aeea2103,2019-10-17,1
1c8519d07b97,2020-05-18,1
c98bcbba1136,2019-10-17,1
577244c2e5c9,2019-10-17,1
69ba48218741,2019-10-17,1
dba2ff70fe2c,2019-10-17,1
1f0fadbc8fd5,2019-10-17,1
7e88f3f3b5d2,2019-10-17,1
cb26601d0db6,2019-10-17,1
e2a6e12519ad,2019-10-17,1
affacb8144da,2019-10-17,1
990a4f2571ac,2019-10-17,1
04d222f8a810,2019-10-17,1
d0d6f6b0a07e,2019-10-17,1
9d2e57de0406,2019-10-17,1
94f6fb817c0f,2023-05-18,1
662689be2318,2021-02-15,1
68d6bb9dc1c4,2021-04-14,1
7d8d740972af,2023-12-20,1
41870e2c2782,2019-10-17,1
1aec5a844fb1,2024-07-12,1
4d55dc1ca683,2019-12-30,1
bda092921494,2019-12-30,1
b5ab2b2599c3,2019-12-30,1
951435b13261,2019-10-17,1
d8b1555420c9,2019-10-17,1
779a6c476c59,2019-10-17,1
c74917e16954,2019-10-17,1
e1c549ac4b82,2019-10-17,1
150b86ffb55e,2023-09-13,1
75171f71af21,2023-09-13,1
69d1ee1c553d,2019-10-17,1
3013b3aa9155,2023-06-15,1
c167efb069c0,2023-05-18,1
79e9a35f7e95,2019-10-17,1
541b67160712,2019-10-17,1
9271d673983d,2020-11-30,1
59db15caa006,2019-10-17,1
dd727f127dec,2023-09-14,1
8608b58bf169,2019-10-17,1
52f1f1859800,2023-03-13,1
f2b5fa18a1d8,2024-03-25,1
0c83b4fde96e,2023-09-13,1
cf4b991a1b17,2019-10-17,1
6ab1190bdc2d,2019-10-17,1
1ea7f20e6189,2019-10-17,1
91244a671b6b,2019-10-17,1
5d631eb2ce26,2019-10-17,1
57ece3966a03,2024-03-07,1
1c5486b2d548,2023-06-16,1
b9c3594f38df,2022-01-24,1
0e3815e0b183,2019-10-17,1
8d4d1754879b,2019-10-17,1
9038439163ee,2022-06-09,1
2326c37b403b,2023-09-13,1
06ccfdec1aa5,2023-09-13,1
88f1ec35c293,2020-07-16,1
c83d30990e68,2019-10-17,1
521ad1035607,2022-06-09,1
684ed32706c4,2019-10-17,1
d1806b5d03bd,2019-10-17,1
8d1960604802,2020-05-26,1
842c073ecb81,2024-01-29,1
1d77545531f9,2023-04-27,1
38571d92c8f9,2020-11-30,1
7440f0b36a74,2022-02-08,1
e8b3578985b2,2022-02-08,1
105b227cda30,2022-02-08,1
e1cb41a0cbb7,2019-10-17,1
b4d05fb82abd,2019-10-17,1
592b24ebf2c9,2019-10-17,1
0a430237b05b,2019-10-17,1
2fdbff181994,2020-04-10,1
6d3f0aa99b77,2019-10-17,1
b156cb8e84fe,2023-04-13,1
80870ecc5030,2019-10-17,1
d8201cf01f7a,2023-01-15,1
8b122db9a128,2021-11-08,1
06973be540c3,2019-10-17,1
39bd1c465517,2024-02-20,1
4e4b3b4f4f9b,2019-10-17,1
2c29e17623ad,2019-10-17,1
00d45e86cca7,2019-10-17,1
ecf688032e8f,2019-10-17,1
0af65d15cbb7,2024-07-26,1
a4c4b13ce20d,2019-10-17,1
990e0fefb89c,2023-12-01,1
5c5d58a2c719,2019-10-17,1
d6c4dd8fda2a,2019-10-17,1
9f0c429a6e13,2019-10-17,1
3a6203811a16,2019-10-17,1
f667cbad9c1b,2019-10-17,1
aede4fde0e18,2024-03-11,1
1d42347cd6b7,2024-03-11,1
f40e096303ae,2019-10-17,1
0dd3cb3f4e68,2024-03-05,1
539ffbb5b13f,2022-06-27,1
3c125f8cf517,2022-06-27,1
ef7e7b864a9d,2022-06-27,1
6bd407db5450,2022-06-27,1
241778913031,2022-06-27,1
59fccce168c6,2022-06-27,1
580a077c748b,2020-02-05,1
b787b3bbcc3c,2020-02-05,1
d8fb587d52c7,2022-12-20,1
c856cb61ce04,2020-02-05,1
fb4958deec42,2023-06-26,1
f07031c0d816,2022-10-23,1
400852430f5f,2023-11-01,1
16b0e4d28c12,2019-10-17,1
db0eba8b0f6d,2024-03-06,1
3c91468a14b8,2019-10-17,1
76c7606d3c23,2019-10-17,1
a307b63a4b5f,2019-10-17,1
6267d49864a3,2019-10-17,1
91e4921adb12,2023-02-20,1
043058e59eac,2023-02-20,1
0cb1fd60b2a9,2019-10-17,1
50e64c86b43c,2019-10-17,1
764252cc7870,2019-10-17,1
6f1f87df3ed5,2019-10-17,1
d3b22eb02879,2019-10-17,1
93d81f9ce42f,2019-10-17,1
1b665264464e,2023-12-26,1
3ea05118a56d,2019-10-17,1
238af0f146e6,2019-10-17,1
261c03df2159,2023-09-13,1
690465bdb7c8,2024-06-19,1
d15fd5f430ec,2019-10-17,1
4a75c70b09cd,2019-10-17,1
13b7cdc7b2ec,2020-09-06,1
b597163b4d0e,2019-10-17,1
2e06a0895f7c,2019-10-17,1
61e4240a39b9,2019-10-17,1
9f7ddfb8e7b3,2024-01-28,1
53633e8f58e0,2019-10-17,1
86e56f405757,2023-12-13,1
d2e3259f3358,2019-10-17,1
88961d5eb5d4,2019-10-17,1
cffc105d4b68,2019-10-17,1
406f32bd9ff5,2021-11-24,1
74f98e6d9df6,2023-12-06,1
a624a0dea2db,2019-10-17,1
17c00a2e3868,2019-10-17,1
eeb58cdabd15,2024-04-20,1
28173354fd01,2019-10-17,1
542495e84ee1,2019-10-17,1
6749dd0f9330,2022-08-21,1
51ab9102e6c1,2022-08-21,1
8fb4df6a47c4,2019-10-17,1
f1a2be4486d0,2019-10-17,1
d07be8614576,2019-10-17,1
494f3c657976,2023-11-14,1
0469b587333e,2019-10-17,1
37a54af57dd0,2019-10-17,1
f3ac27a4a20c,2022-01-12,1
4045b9acd7bc,2023-09-13,1
63243c997ef1,2023-02-21,1
616b5eb76e47,2020-06-16,1
eac31c9e5ed7,2024-03-26,1
3e93204ce1e8,2019-10-17,1
caa1aebae319,2023-03-14,1
742e063dc997,2019-10-17,1
8de1a1a21cf0,2019-10-17,1
f18795da117c,2019-10-17,1
a603378b1919,2019-10-17,1
9227ec34fe28,2024-02-28,1
45e2c9143ecb,2020-01-05,1
54cdac83af12,2019-10-17,1
6a31e2d19dbb,2019-10-17,1
d86b1ea17b79,2019-10-17,1
998e6ab2817e,2019-10-17,1
9b25b8e9ddee,2019-10-17,1
8d2264c240e4,2019-10-17,1
e9d59ba0f9cb,2019-10-17,1
11a4a29ca07e,2024-09-03,1
0ec802509de6,2024-09-03,1
5b956d6ab188,2024-09-03,1
6e98f0dc3d86,2024-09-26,1
a9127b969488,2019-10-17,1
4705b2b34096,2019-10-17,1
17d584eb68d0,2024-01-18,1
43de050bc501,2024-07-07,1
9012af3202c5,2022-11-22,1
5dfa0a1f164e,2022-05-15,1
c738435177ab,2019-10-17,1
25fb31d6c4d3,2019-10-17,1
ae1af9ef3cb6,2019-10-17,1
67025e7f4cd5,2019-10-17,1
0d5a484447c3,2019-10-17,1
5651bf0d6a95,2019-10-17,1
204e10c5cc78,2019-10-17,1
d073f845f67e,2019-10-17,1
4a7ec9a55ad6,2019-10-17,1
4d9c45e8de02,2019-10-17,1
d862997509e4,2019-10-17,1
63cfcc4b11b0,2019-10-17,1
141486dfc420,2019-10-17,1
927deeeb4f13,2019-10-17,1
b90f823b61e5,2021-10-18,1
757f7018654a,2019-10-17,1
a82671cf1b84,2019-10-17,1
9a144226eedc,2021-05-06,1
e69a91a5a496,2021-05-06,1
f4eadae28000,2019-10-17,1
c2c41e46e764,2020-04-10,1
b8ed81f6a506,2019-10-17,1
2640996d0b4c,2019-10-17,1
33dc359719e6,2019-11-18,1
a35313301375,2019-11-18,1
13ad17b46207,2019-10-17,1
fc0c3fb6a160,2024-05-28,1
b3780962633a,2019-10-17,1
ce4554e063b6,2019-10-17,1
8077e98a515e,2019-10-17,1
59066615f414,2019-10-17,1
3e8b6efb8917,2019-10-17,1
48de059d95c5,2024-09-04,1
3d7f93a7c993,2019-10-17,1
de7c50fa3b71,2019-10-17,1
7822da4af0e6,2019-10-17,1
66dccf9af98f,2019-10-17,1
ab70186d6b6b,2023-05-03,1
cdddac10b840,2019-10-17,1
cb82f40e977b,2019-10-17,1
25c7437d3392,2019-10-17,1
3146b0ee1f74,2019-10-17,1
45c267fbcf52,2022-11-22,1
f2de03b2d86f,2023-09-13,1
ca5ccc57a2b2,2019-10-17,1
122664f0c031,2019-10-17,1
88ccd5369b10,2019-10-17,1
26d0c3350c87,2019-10-17,1
b6aff7022436,2019-10-17,1
7ecfde24d603,2019-10-17,1
81b5c33aba6f,2021-08-11,1
cead7736aa20,2023-06-19,1
64e8e306a1e8,2019-10-17,1
e071da107608,2019-10-17,1
dd3e9c0d570d,2019-10-17,1
87a5ebb86688,2022-11-06,1
49c4f881919a,2019-10-17,1
5d260babca0e,2023-03-20,1
d7202fe81b76,2019-10-17,1
2e6e8651e784,2022-04-21,1
91e5e3c01119,2022-09-12,1
ce5de270a820,2024-05-30,1
edf5435839cc,2024-05-30,1
447fa1532981,2019-10-17,1
30e91cf4994e,2019-10-17,1
6d4fbe52d63f,2019-10-17,1
614cf9da6188,2019-10-17,1
a42761446afb,2019-10-17,1
6de4ae7561ba,2022-08-25,1
1528c2197449,2019-10-17,1
257e34cb4f5d,2022-05-05,1
6877ad39e4cc,2019-10-17,1
bc2f82a22e11,2019-10-17,1
e7ff6ea67040,2019-10-17,1
95879f411e24,2019-10-17,1
a9d8c085adc0,2019-10-17,1
389412076801,2019-10-17,1
44c942fe217c,2022-02-22,1
bfe4db97c9d4,2023-09-27,1
f60b47ce5431,2019-10-17,1
86eb2506992f,2020-10-20,1
b7dbe321df28,2023-11-02,1
1baca34be786,2023-02-12,1
b796f1575e2b,2019-10-17,1
9d29e4e3942d,2019-10-17,1
fcd9a9a75dfa,2020-09-04,1
124eab2b341e,2019-10-17,1
58c7ac7db277,2019-10-17,1
b3732f8804f8,2024-02-20,1
16b9ddd0e0b6,2019-10-17,1
a0ddc1126daf,2019-10-17,1
448e82c0e1ec,2020-11-19,1
fb2eee0528a5,2019-10-17,1
cf8024c82fbc,2023-11-29,1
cfe9a1f52ab8,2020-11-27,1
dcd57c3335bb,2024-03-04,1
e913f9e57c69,2022-11-13,1
0f13782518c8,2019-10-17,1
7d8e2fee1517,2019-10-17,1
9a2160650f05,2023-10-20,1
8e33a74d6c58,2019-10-17,1
d5e20e694a7b,2023-10-20,1
4cb75d822379,2024-08-22,1
98b2f7b2b9e2,2024-09-11,1
ff7f8949b1b2,2021-01-22,1
d42382736042,2019-10-17,1
29ad07edada8,2019-10-17,1
3a1352636efa,2019-10-17,1
4516893ef899,2019-10-17,1
063839da6f43,2023-09-13,1
72cec488d064,2019-10-17,1
9e49f00dcda0,2019-10-17,1
10bea47ca968,2024-02-05,1
0e14b9f1bb24,2022-12-01,1
befc15e921ad,2019-10-17,1
401494b8308e,2019-10-17,1
9ee04dc4ad39,2019-10-17,1
2e58990eaa3c,2024-05-27,1
ca8b6775fed6,2024-01-28,1
3e11ea13f0db,2019-10-17,1
57d047abfb5f,2024-09-15,1
185248a66e27,2019-10-17,1
5bbcd6fadbfb,2024-08-01,1
f789a590c54e,2024-06-22,1
bd63c9c77b6b,2019-10-17,1
2f95e9466b39,2024-04-11,1
b178700122d3,2022-11-13,1
4fcef9cec784,2024-06-18,1
bcf9e7b0c3e4,2022-11-13,1
71b065b3462e,2024-06-16,1
d2081a5030fa,2019-10-17,1
30690d3b3dea,2022-10-19,1
fb3b3e79c24f,2019-10-17,1
a3f5b2fcc37a,2024-06-20,1
49eeb5c72a00,2024-08-26,1
a367b4bbcef5,2019-10-17,1
13c6ef6596d9,2023-09-13,1
6f22218d5b3c,2019-10-17,1
7df25e1b6648,2022-05-31,1
b765fb59ad23,2022-05-31,1
1a84005973d3,2019-10-17,1
05a2d05134b4,2019-10-17,1
53198b4d14c5,2022-05-11,1
d9308de549c1,2019-10-17,1
248e379ad8d4,2019-10-17,1
b97cc118cbac,2019-10-17,1
9a0783ab6871,2021-04-13,1
171fa38f3405,2023-03-27,1
7bfdcf4a6ae5,2019-10-17,1
a765706d86ee,2023-03-27,1
9fea626aca22,2022-05-17,1
b4594b28f61a,2024-02-27,1
50d7d4ce2d8a,2019-10-17,1
8012a7348da9,2021-10-13,1
2db3e5dabc99,2019-10-17,1
d0e2cb219ad7,2022-04-21,1
829896593a97,2023-10-12,1
f149656acf82,2019-10-17,1
de5431075b9f,2019-10-17,1
285393a8a0cb,2019-10-17,1
efd93a20ae23,2019-10-17,1
24a07f1cf167,2022-06-20,1
c0fbc768ea0d,2019-10-17,1
64003c5e2a35,2022-06-20,1
6434e083f7f9,2019-10-17,1
5e9147e7788f,2019-10-17,1
6f0d1d9f81a4,2019-10-17,1
c35ddaf21d77,2020-07-30,1
f68efb763583,2019-11-26,1
a34e1395ea6f,2019-10-17,1
727a34756ee1,2019-10-17,1
dfe80b223157,2019-10-17,1
961dc07bd0cc,2019-10-17,1
e61b485b5d05,2019-10-17,1
898465394158,2019-10-17,1
79e29a09b28b,2019-10-17,1
5dea681a9924,2022-10-13,1
14874c51b52d,2024-08-01,1
517d592bf36c,2023-11-11,1
e9e44630790b,2023-09-13,1
57c41f0caeff,2019-10-17,1
443d6688e0c4,2019-10-17,1
42c977c6bdb3,2019-10-17,1
4f590e03187b,2019-10-17,1
a3839f9a77ef,2020-11-18,1
f9339a2e20b8,2020-11-18,1
c6374fde4094,2021-05-12,1
350e863d3588,2021-10-06,1
abafdb7f64bd,2019-10-17,1
adb6f8cbd867,2024-08-28,1
d11b3b634b84,2023-03-21,1
01e53c887cda,2024-02-06,1
d788cc0f8e2a,2023-04-25,1
150608c15f6c,2021-03-04,1
14d9d6699934,2024-08-12,1
5cfcac8518f3,2019-10-17,1
5835652b303f,2022-10-30,1
73e29291c9eb,2019-10-17,1
de2e8f27a9bc,2022-11-01,1
05bbf5ef636f,2022-10-30,1
ed9ade519a40,2019-10-17,1
aa8862c7ef60,2019-10-17,1
1ff9a01a13a9,2019-10-17,1
5c61755389a6,2022-10-30,1
5724064f5944,2019-10-17,1
d873ddb7e6c6,2022-02-08,1
4f44e7d1e918,2023-03-27,1
f15616a0cddb,2022-01-26,1
3a1a2dfdd45a,2022-10-30,1
24d82d940eaf,2022-11-20,1
f71dd2b44a7c,2022-11-20,1
19a06a45ca6d,2019-10-17,1
1133aff9b688,2019-10-17,1
cf3d3471205f,2019-10-17,1
b81b6d6aed8a,2019-10-17,1
b66ccb8659d9,2019-10-17,1
32658f916703,2019-10-17,1
906fa86281b9,2019-10-17,1
20a1a5f2c8ae,2019-10-17,1
870a65dc9653,2019-10-17,1
b19f9a4daafc,2019-10-17,1
f7aecfe7e6d9,2020-07-26,1
d7fd3f899846,2019-10-17,1
ba7667e66a16,2024-03-19,1
85427a7d203f,2019-10-17,1
2dedec37c3be,2019-10-17,1
6aaf5d19865f,2023-11-02,1
bd52cc4dc3f1,2019-10-17,1
a80ff6e9ae8d,2019-10-17,1
01ccfcc831fd,2023-09-13,1
a19ccd74db0f,2019-10-17,1
ac8c4ee6a7c3,2019-10-17,1
832a5d76ea6e,2021-08-04,1
a1df7666038c,2019-10-17,1
99f065ac12e8,2024-09-24,1
45e8d200eeb6,2019-10-17,1
6f8086c36841,2024-01-24,1
5db2699832d8,2019-10-17,1
cab5b06e6c8e,2021-01-10,1
93b0763a4856,2019-10-17,1
66bcafe36b27,2019-10-17,1
3284cee3b0c4,2019-10-17,1
06602f35aac1,2019-10-17,1
a18d6ce25e4b,2019-10-17,1
551221e36e95,2019-10-17,1
eb9eddb0c0c9,2019-10-17,1
768cefbd3231,2019-10-17,1
e790db47e8e7,2019-10-17,1
d40199b2f92e,2019-10-17,1
6141e85c8f4d,2019-10-17,1
cb3d8ff832a3,2019-10-17,1
182d6718a093,2024-06-25,1
dba9c8f26119,2019-10-17,1
1981a6d6b958,2022-08-17,1
d54008de2230,2022-10-12,1
32f21b205c82,2022-10-12,1
c2225f6ceb1a,2021-02-10,1
001829cb707d,2022-08-16,1
b25e6539cc07,2022-08-16,1
fc16bbc7d579,2019-10-17,1
81076299931b,2019-10-17,1
6ae529126c6a,2019-10-17,1
dc97d54e8642,2019-10-17,1
3793fc191e17,2019-10-17,1
46ebd3fe2d48,2019-10-17,1
5eca8585f599,2019-10-17,1
a55c84b32b59,2024-07-02,1
198b99f046a9,2020-01-21,1
c67469f5b912,2020-01-22,1
707aa4366f52,2019-10-17,1
d5ed0a214f9d,2024-03-25,1
fe0fb2f071d1,2022-02-21,1
62b5666a2ded,2019-10-17,1
ada84221ac3c,2021-03-04,1
7ee73f5267bd,2020-09-09,1
328bdc0102e6,2020-09-09,1
d456982c51a8,2024-03-25,1
44d67b9a4db1,2022-02-21,1
43c575e6b9b0,2020-09-09,1
9798cb8bb006,2021-09-13,1
f92751493d02,2024-03-25,1
ca68f0d9b834,2019-10-17,1
ec30f9d70734,2021-10-04,1
a4573587ad51,2022-07-17,1
6275ae7f69de,2019-10-17,1
38c545eaea11,2019-10-17,1
1d835c748cb4,2020-06-02,1
1bea1020bfcc,2019-10-17,1
ab7c342ea696,2022-11-13,1
12b1b5bd1e36,2022-11-13,1
900307ad20d2,2024-08-05,1
571155ba70ef,2019-10-17,1
51e64ed9326e,2019-10-17,1
a5837e332535,2019-10-17,1
8e4ea5ed6cbc,2019-10-17,1
17a5e1e0fa6e,2019-10-17,1
0d386fb42d32,2019-10-17,1
3e8f6f70ad33,2023-12-13,1
2d70fe0362de,2019-10-17,1
e2f0530d0f6e,2019-10-17,1
2b41bf90fcfa,2019-10-17,1
6b4143dba8dc,2020-07-28,1
d70452bf9aa8,2022-10-04,1
77ddd7908586,2022-09-28,1
8c700aaab569,2019-10-17,1
2d6d80995471,2022-08-16,1
6c5c306007a1,2019-10-17,1
c2cfaf8d16c0,2019-10-17,1
6c2c567cd937,2019-11-06,1
0cd807d2d038,2024-09-17,1
358e89b5f96b,2019-10-17,1
fc29adcfdf7e,2022-08-09,1
7c2e8af87dee,2023-01-31,1
ee422481c9a6,2024-02-06,1
f32ccfafe3b4,2019-10-30,1
2be1c94bdb5d,2019-10-17,1
11f8a2f6b28d,2019-10-17,1
0a7fdf8ca852,2019-10-17,1
e3ab0076a2ff,2020-05-01,1
4c2ceb84111f,2019-10-17,1
eb119b2a7b79,2019-10-17,1
a4bec02381b6,2019-10-17,1
5b0316c81770,2024-09-09,1
2e003d720213,2021-04-13,1
f10f8d554842,2023-09-13,1
9f21f756f675,2019-10-17,1
ac52cb6c2815,2019-10-17,1
712f3b780b7c,2023-04-27,1
8fb8f74c71fa,2019-10-17,1
d964395f6a48,2023-04-27,1
ea8f78452b8a,2023-11-07,1
1d05b64ab3ec,2020-04-10,1
194ee86cadc5,2023-05-26,1
1b75b5f53635,2019-10-17,1
e1c23b554dc7,2022-06-03,1
dfdd3a21eff5,2022-01-26,1
0e116c1c010c,2019-10-17,1
a1a1f1e4a2c3,2024-05-16,1
35822a2dc126,2022-05-24,1
595b14094412,2020-04-08,1
d05370829f1c,2024-07-31,1
4b739d8491b5,2024-07-31,1
1f2ec8ec57d6,2021-03-24,1
b00e5293c5a1,2021-03-24,1
022b0789d20d,2019-10-17,1
371cac419ee6,2019-10-17,1
52dc08f6d6e3,2019-10-17,1
b7c20387fcdb,2019-10-17,1
403803248712,2023-10-25,1
de38cef48fad,2019-10-17,1
38b9d497cca4,2019-10-17,1
ddc8c6ba124b,2019-10-17,1
6192787b83e3,2022-04-13,1
c0a072920641,2019-10-17,1
8720447d9494,2024-09-25,1
524f33127e7a,2019-10-17,1
9dafe3483e5f,2019-10-17,1
4effb7484f2d,2019-10-17,1
74c7a4ab5deb,2019-10-17,1
18e829a8126b,2019-10-17,1
1dd57e056759,2023-01-23,1
86a075f2aa7a,2023-01-23,1
03ecc468aa9c,2019-10-17,1
ae71dd96d7ef,2019-10-17,1
c0426c48f784,2019-10-17,1
060534551cba,2019-10-17,1
226cfa477878,2019-10-17,1
306873b20605,2019-10-17,1
abeeb569545b,2019-10-17,1
975531fa8a1d,2019-10-17,1
2fba94308b95,2019-10-17,1
8ad1e5a5e294,2019-10-17,1
b143d7baba57,2019-10-17,1
c7f3f36e94f8,2024-02-29,1
2bfbfbc357ba,2019-10-17,1
26a9e4c4e2c8,2019-10-17,1
42463d507f72,2019-10-17,1
b269a1b6aa40,2019-10-17,1
978f9fb61697,2019-10-17,1
1e07339127f0,2019-10-17,1
47137f881e3a,2024-06-07,1
0b548593239e,2019-10-17,1
ca24a29d306d,2019-10-17,1
4ed8d89b008b,2019-10-17,1
3e579280bdcf,2019-10-17,1
146d0854de82,2019-10-17,1
0324ea1ed078,2019-10-17,1
37b73a7121e7,2019-10-17,1
ff434d7e0e50,2019-10-17,1
0e7ae5dc551e,2020-09-18,1
503919e426e9,2019-10-17,1
a8b461a19005,2023-01-26,1
b0b4c9bd89e2,2019-10-17,1
c19f129ed1e2,2020-11-30,1
0797f7306bdd,2019-10-17,1
f65d96405392,2022-01-24,1
6bc0862202b0,2024-05-08,1
40b8cbe1be97,2019-10-17,1
300a90b7ec19,2022-06-15,1
40497dd37ba0,2019-10-17,1
5a288d37dc0d,2019-10-17,1
3d08ac04b245,2019-10-17,1
29ff67ddf7ab,2024-03-11,1
32d4aac377c8,2024-03-11,1
a6caea23dc38,2024-03-11,1
345cc8e60b90,2019-10-17,1
227b84c78713,2019-10-17,1
a152eacd8dd8,2019-10-17,1
b313f8974171,2019-10-17,1
01effd394110,2019-10-17,1
d398a63855cb,2024-01-03,1
0ff7391d63e5,2020-06-18,1
3d77c40bfd4c,2020-06-18,1
db5453d8999c,2023-12-19,1
9b94f722881a,2019-10-17,1
ec682d3fcfe0,2019-10-17,1
3c90c15620e9,2024-09-05,1
e78a53f0cd46,2024-06-16,1
3d06c0216c96,2024-08-22,1
e0e1bf4a5bc5,2019-10-17,1
7fa5bbda2aa9,2023-11-01,1
e343fa037b74,2021-08-30,1
a80084fb81a1,2024-08-26,1
5781e629b499,2023-10-06,1
f3dca02f2386,2019-10-17,1
72ee0aa840f7,2019-10-17,1
40733bbdad72,2024-05-28,1
29b5e18f3080,2024-09-05,1
fb628fad7855,2024-09-05,1
c5ad276c1fb4,2024-09-05,1
5d79fa3f9a8f,2024-02-24,1
4e0a7442237b,2019-10-17,1
bb8c63663a60,2019-10-17,1
b5d85ec5848e,2019-10-30,1
252d338ddecd,2019-10-17,1
661ad5d43804,2022-08-04,1
367eced6a801,2020-02-14,1
5e2bd76dd05c,2019-10-17,1
9560cc476b82,2019-10-17,1
5fcae84839fe,2019-10-17,1
39a59f9858e9,2022-08-16,1
724925952654,2019-10-17,1
dffbaf028ef3,2019-10-17,1
5487e481e36e,2023-06-26,1
e6d1ef82ddfa,2019-10-17,1
621c3358902f,2024-08-28,1
090a285c0265,2019-10-17,1
e4510a5ec732,2021-03-25,1
5dd3943cbe8e,2019-10-17,1
716cd171d8e9,2019-10-17,1
367da665ef8e,2019-10-17,1
7e1e908b7a79,2019-10-17,1
91e8b0883bb2,2019-10-17,1
a86d65f01b88,2019-10-17,1
c6d147f92c53,2019-11-01,1
0e3651d759be,2019-10-17,1
8ffb954d47ae,2019-10-29,1
04a852e50d12,2020-12-28,1
893e0fe669d3,2020-12-28,1
40b0f71d9da0,2023-11-11,1
05c7e5f6663e,2019-10-17,1
3b4dd82cd8a4,2024-03-01,1
886095df648c,2022-08-30,1
aa25e7a8e673,2020-05-26,1
315ffecdc69f,2020-05-26,1
ee57a10e6d44,2020-05-26,1
fe5d5df9ab60,2022-04-21,1
a8ae9d14e1b6,2019-10-17,1
8afd159fe07d,2019-10-17,1
dcc65beba1d0,2019-10-17,1
20eb051cb400,2019-10-17,1
42c3ab4b8b92,2024-02-01,1
a1f735b25836,2019-10-17,1
8d47acc3412d,2019-10-17,1
69731fcfc598,2019-10-17,1
36e3cc101120,2019-10-17,1
6e773babf31f,2019-10-17,1
4a1cfadea11d,2019-10-17,1
5f41def50e94,2019-10-17,1
9f02c742f21f,2024-08-14,1
b944a757184d,2024-08-14,1
6a6d6fc82f6c,2024-08-14,1
1111ca25fc93,2019-10-17,1
2bf6bca062e8,2019-10-17,1
77b99d7cd15e,2019-10-17,1
109b539d920c,2019-10-17,1
4f7ed9416c3e,2019-10-17,1
174dbeff8ec7,2019-10-17,1
9171d2537a5a,2019-10-17,1
de5a9fe55d8a,2020-07-16,1
853054c80824,2019-10-17,1
bc693e7d2eb6,2019-10-17,1
0b6f14d7fe12,2019-10-17,1
33b147012c8f,2024-03-04,1
2566dd75171f,2024-08-15,1
bfc28232fdc6,2022-01-26,1
fb87913c53cf,2023-06-23,1
bac1135bb2bb,2021-03-16,1
4ed3bc949f8a,2019-10-17,1
a7d93b3ec523,2023-11-20,1
3dc30ae69d1f,2023-11-21,1
92eba0897f32,2019-10-17,1
ad2e10615a4d,2019-10-17,1
08dbe6d2400c,2019-10-17,1
3430dc0a21a9,2019-10-17,1
279573d2e3dd,2019-10-17,1
64e5fd8b8f8b,2019-10-17,1
7e5bac202f0f,2019-10-17,1
ce46e5dbd6c0,2019-10-17,1
8d9ff7190eb9,2019-10-17,1
f15d385d4ae6,2019-10-17,1
230a6eff2d13,2019-10-17,1
79fc88da4d62,2019-10-17,1
c6e05c188e8a,2024-03-25,1
3e0fa5c6d2cf,2019-10-17,1
7a94ea8d641c,2023-06-06,1
26751ae27bfe,2023-06-06,1
0494614f6313,2023-06-06,1
3d313468fa39,2023-12-27,1
8ab4c248fd4d,2019-10-17,1
dd2d9030db0d,2019-10-17,1
bd9beae18fe4,2019-10-17,1
b141b491548c,2019-10-17,1
0c3c25c82110,2019-10-17,1
bca8753fac0b,2019-10-17,1
394c69492f96,2019-10-17,1
75877bfb29f3,2019-10-17,1
55ab0da3ef89,2024-04-03,1
80f311f05385,2019-10-17,1
61ecabe1ccf4,2019-10-17,1
a87a020a9da4,2019-10-17,1
b68acf73ff99,2019-10-17,1
a03ec4643852,2023-06-26,1
a53c833d8247,2023-06-09,1
96b6fbcc2951,2019-10-17,1
758065d2d331,2024-03-28,1
4cdfa70794f4,2024-04-22,1
7e965c653310,2024-04-22,1
e3d76eba1bc5,2024-04-10,1
e85e6aab0d15,2022-07-17,1
733bf24281c0,2019-10-17,1
de0ff86f81f8,2023-09-13,1
8a3635263488,2019-10-17,1
bfea728733a2,2019-10-17,1
223f5019dfa9,2019-10-17,1
c6a00ad01b89,2022-09-15,1
a228fea2c03e,2019-10-17,1
b64cf0efca45,2023-04-11,1
26ff88edca2d,2019-10-17,1
52c372873ddc,2019-10-17,1
ef3ea71815e8,2019-10-17,1
8bb43e581484,2024-09-03,1
a4409bdf3fa2,2019-10-17,1
3c5a92f39f13,2024-07-24,1
cc725bdc3a92,2019-10-17,1
726e5b3d4fa3,2019-10-17,1
2d4609349630,2019-10-17,1
195b5804f519,2024-08-12,1
ae185bd45573,2019-10-17,1
05bb739a1dc1,2019-10-17,1
1fd049280b60,2019-10-17,1
39d4bb627f5c,2023-11-23,1
05f223fa3ec0,2024-06-20,1
268a1a1966a8,2024-02-26,1
7a5b1ab92fe4,2024-02-26,1
8102ebad0e0c,2023-11-06,1
9278c0aa6ddb,2023-11-06,1
77e0db53f9fd,2019-10-17,1
da40d243aa69,2022-08-17,1
0fcaac0c6acd,2023-11-01,1
77e2562c3890,2019-10-17,1
bf21e88cf4fa,2019-10-17,1
0108ca60c87c,2022-01-26,1
bd22319c9552,2020-04-14,1
8cebf9bdbd92,2022-06-29,1
a49ea60f8a99,2019-10-17,1
e150b2173ad2,2019-10-17,1
fe9896f80317,2019-10-17,1
02bcf064fcac,2019-10-17,1
3f686d3f5021,2019-10-17,1
9c6d25d781c5,2019-10-17,1
3eb5ad00abd3,2019-10-17,1
e47e7e942b52,2019-10-17,1
c28c5dca9a59,2019-10-17,1
837d057e2da9,2020-12-14,1
db3793860499,2019-10-17,1
54197bf35af9,2019-10-17,1
8d9143b02639,2019-10-17,1
d694116d39a9,2019-10-17,1
c5a87dfdfdd8,2019-10-17,1
338dcabf8e62,2019-10-17,1
587bd7a5e94e,2021-04-20,1
faa28a989eb3,2024-07-29,1
d78fc26064ec,2019-10-17,1
419f29a0d38c,2019-10-17,1
99050a210a48,2023-02-26,1
165f54883840,2019-10-17,1
da9be929b212,2019-10-17,1
f0e2d7a79d6c,2019-10-17,1
065edc435002,2019-10-17,1
c2fb3baf3ecf,2019-10-17,1
130ea574e762,2023-09-13,1
fa9e8e05f1fd,2019-10-17,1
0e7e1abae516,2021-03-24,1
487886f4f249,2024-03-26,1
2509d9bf857d,2019-10-17,1
2af7d5b0b85d,2019-10-17,1
b5359be87030,2019-10-17,1
2ae343c8d9ae,2024-06-21,1
b61850c55b97,2019-10-17,1
2ce219d50792,2019-10-17,1
d74dead34312,2019-10-17,1
374edf5ad914,2019-10-17,1
5d834dae9ebc,2019-10-17,1
14e5192f6150,2019-10-17,1
069310be3c37,2021-12-13,1
bfc4a5af65af,2019-10-17,1
b7acdeb1d95d,2019-10-17,1
4b797bb271c0,2023-04-20,1
c380a529b275,2023-04-20,1
99ea88b5cb2a,2024-01-15,1
a9a5306dc244,2019-10-17,1
a1b2eaa38f43,2019-10-17,1
cdf4721ec72d,2019-10-17,1
5916025e7c70,2019-10-17,1
4e1b00111292,2019-10-17,1
7bd8077e05cb,2019-10-17,1
61c2cfa2711f,2019-10-17,1
005d50e1f4fa,2023-09-13,1
e8a32d151f3f,2023-01-19,1
b88ce02aeb62,2019-10-17,1
0543fcbb714e,2019-10-17,1
f3e1ba784c59,2020-04-29,1
752f49f8e367,2019-10-17,1
adaaaa8d5e14,2022-05-12,1
967e9ea558b9,2019-10-17,1
4210ee932df6,2019-10-17,1
67cf7dad08c2,2022-04-20,1
262412e6d71f,2019-10-17,1
7c77e4d68d15,2019-10-17,1
458ce6148ce4,2019-10-17,1
b24acb127522,2019-10-17,1
be6f1a880fd4,2021-05-10,1
d1e34563f20b,2022-10-30,1
24249edd5ed0,2019-10-17,1
0149de74eade,2024-01-09,1
8d98451e8c2f,2022-11-14,1
6cf8962d44d1,2020-05-05,1
ca04bdfaddd8,2022-05-19,1
45b033c55d2e,2020-05-05,1
853d3fb330fc,2019-10-17,1
2c1606bfc28a,2019-10-17,1
4949ff3183fb,2023-09-13,1
998ff677802a,2019-10-17,1
60c47e51bf4e,2022-11-10,1
ad4c450b70ae,2019-10-17,1
1982c023fb94,2019-10-17,1
a36b00204cbe,2019-10-17,1
f9cb0149a179,2024-03-25,1
cd5f5745c6cf,2019-10-17,1
c9ae69de324d,2019-10-17,1
1b8d0509303d,2019-10-17,1
a4be5ae716d2,2020-04-10,1
b3b3ccb653a2,2020-02-18,1
d0b043b2fc9f,2019-11-26,1
7c17a08f860d,2023-04-20,1
479c97930b0d,2019-12-19,1
31ad1eb8ad1b,2022-12-01,1
1543d54f21f5,2023-05-22,1
e4020516fc09,2022-12-08,1
ddf0f1754ce4,2022-12-08,1
9b7df65294ee,2019-10-17,1
db6c50a9e11d,2019-10-17,1
f9228c5005ba,2019-10-17,1
28d5b2998080,2019-10-17,1
67660e92e334,2019-10-17,1
66aa5a33f8cd,2019-10-17,1
1ec264654db9,2024-02-16,1
81ca03329cc0,2023-12-17,1
5f389f892b7e,2019-10-17,1
517e6712e5c8,2019-10-17,1
7f196694a34f,2019-10-17,1
cbbbe0b242ad,2020-07-27,1
2906fbc9e11c,2019-10-17,1
8f89b785e592,2019-10-17,1
76dc491fa971,2023-12-05,1
c48c3a3d8c01,2019-10-17,1
152993977e95,2022-11-29,1
2e2a580657b8,2022-08-24,1
ad15410c2a9e,2019-10-17,1
0d937e0f3c98,2019-10-17,1
79ae1f6b562e,2019-10-17,1
f85243ca61e6,2019-10-17,1
d316282f7c78,2019-10-17,1
6d12eae434aa,2019-10-17,1
ee5bc056a1fa,2019-10-17,1
27ce75534065,2019-10-17,1
4aa2950643c7,2019-10-17,1
3112be0d3770,2024-03-18,1
5951cad2f515,2024-03-18,1
e83f256c7c97,2019-10-17,1
2c56ce2a5dd5,2019-10-17,1
64f118f62b51,2020-06-19,1
f797615b8da3,2019-10-17,1
93984ee37f3f,2019-10-17,1
6cf7fb7b929b,2019-10-17,1
1546bb2757bd,2020-04-14,1
a2644d41d880,2019-10-17,1
e209d7680de8,2019-10-17,1
ea6279869532,2019-10-17,1
5e950c318883,2021-09-10,1
ead2acbfcc2a,2019-10-17,1
0366fdc22147,2019-10-17,1
24791b484548,2024-02-06,1
02288b9235a3,2019-10-17,1
ebbeba6379b9,2021-06-25,1
16ed02cef68c,2019-12-15,1
eef20242bb09,2022-12-07,1
c4dc10a96b5d,2022-12-07,1
c2b66111c91b,2022-12-07,1
773f2a10352c,2022-12-07,1
1509b081ab03,2019-10-17,1
0ef4f9536e6c,2022-11-10,1
2e5689ba22bb,2019-10-17,1
487744678e38,2022-08-18,1
e52af33f90bb,2022-07-12,1
7eb06ad03745,2022-07-12,1
f4d020c6df6a,2022-08-19,1
cd4bdf02d0bf,2024-01-15,1
497fae298dbd,2023-06-26,1
1a0a1b0dbb5f,2024-02-26,1
d6c3d606b575,2019-10-17,1
5a6d5e93401a,2019-10-17,1
5c28d37998e8,2019-10-17,1
744dfaa27c1b,2023-10-12,1
b3c9701c4882,2019-10-17,1
c223c3aafa06,2019-10-17,1
1198cdac53a1,2019-10-17,1
280242932afe,2019-10-17,1
0355abb7af3f,2019-10-17,1
0b509ce4aff5,2019-10-17,1
75220cb120df,2024-02-05,1
e4a2c8f26d03,2019-10-17,1
c960426edf16,2019-10-17,1
527d39c44570,2019-10-17,1
c8e78be58153,2019-10-17,1
6e825650367e,2019-10-17,1
b773b08453ee,2019-10-17,1
0033a62250ac,2019-10-17,1
97239012c0ce,2019-10-17,1
b9f9c3fccec5,2019-10-17,1
b1fbe02736f2,2019-10-17,1
458bd228cbfc,2019-10-17,1
1f966092b8ab,2019-10-17,1
aa70a8d88576,2022-03-21,1
4947b4f5ba45,2019-10-17,1
9a58ef99e3e3,2019-10-17,1
ae494e3e8835,2023-04-04,1
374bc2adbe93,2019-10-17,1
e4bb62e35936,2019-10-17,1
8f3a9de11a6f,2020-03-25,1
e4c10ab64623,2024-09-06,1
11475e3af491,2019-10-17,1
b15adc9a5013,2019-10-17,1
83c6b08e271d,2024-09-19,1
7614bcc54a7a,2021-05-04,1
73f62e079f0f,2019-10-17,1
cec181223112,2023-05-23,1
6ae4e1d82c3e,2019-10-17,1
38863efa8459,2019-10-17,1
e13c8597e2e4,2024-09-23,1
f1b4f717b1fe,2019-10-17,1
db95e868d677,2019-10-17,1
a102809eac78,2019-10-17,1
d8745d8cb813,2019-10-17,1
128f33e1721d,2022-10-25,1
58e8c19aa529,2024-09-06,1
9ba8e517ec1d,2024-01-23,1
921d71d77861,2022-06-20,1
c981422931d8,2019-10-17,1
f2b7c56a365e,2020-11-05,1
218543e3c41c,2019-10-17,1
95e4ae27ac21,2019-10-17,1
8fd6ff838d9e,2021-09-27,1
0e00df040ada,2021-09-27,1
921f0d91b560,2024-07-29,1
72d51799a376,2019-10-17,1
e86fa78d7c16,2021-03-16,1
3380df834265,2019-10-17,1
1988d019b431,2020-04-23,1
84488dd828d4,2019-10-17,1
d2f7fc971df6,2020-05-31,1
3bf9f0c329e2,2019-10-17,1
5a63501c40a8,2019-10-17,1
8702ed14266c,2019-10-17,1
f12a2c8085d2,2021-09-27,1
6bbda9de1ff2,2020-06-26,1
ef229dac8309,2020-07-06,1
6e23537f77ae,2020-06-26,1
5cb9ed8af2dc,2019-10-17,1
5b5634033143,2019-10-17,1
33fccd006dec,2019-10-17,1
93441783fb18,2019-10-17,1
1ea44647eeaa,2019-10-17,1
32d5d64e9b89,2019-10-17,1
7f9598a0a312,2019-10-17,1
5283258d11ac,2019-10-17,1
06b65bff53ef,2019-10-17,1
bd352cc59880,2019-10-17,1
e2681d0d1a80,2019-10-17,1
293375605257,2019-10-17,1
0c466e305540,2024-05-24,1
78bcf7358d27,2019-10-17,1
3669ffa4976d,2019-10-17,1
af5da21033c3,2019-10-17,1
ff8e81971192,2019-10-17,1
eed2ef138e80,2019-10-17,1
f2cc5792e260,2019-10-17,1
5dbc03af959b,2019-10-17,1
bdb8361cc27f,2019-10-17,1
7d2d3289fb71,2019-10-17,1
7139b5b41936,2019-10-17,1
bf139c97a862,2019-10-17,1
5b8c34d54d01,2024-09-13,1
463e9d1b0134,2019-10-17,1
286cadb11139,2023-09-13,1
05fe660448c7,2024-08-05,1
4006d7dc01f2,2019-10-17,1
093830ef33f1,2019-10-17,1
232c14edcc10,2019-10-17,1
dfa7fba71f1c,2019-10-17,1
53c123c34a8b,2019-10-17,1
07b60509a34d,2019-10-17,1
936aefe89237,2019-10-17,1
573f2aa3f8e5,2019-10-17,1
4965e554971b,2023-01-24,1
c933a0b71db9,2019-10-17,1
b5ffd9faa808,2019-10-17,1
3b5e791142f3,2019-10-17,1
b297019cb5db,2019-10-17,1
e8fa40aacaa9,2022-08-09,1
902780f0431e,2022-08-09,1
c4fab1d8e19b,2022-08-09,1
279845251139,2019-10-17,1
d28842d44b8e,2019-10-17,1
7df434ee3779,2019-10-17,1
61e39e306340,2022-11-09,1
87d3ea7945e7,2019-10-17,1
c35a5e0b390a,2019-10-17,1
23228be250ab,2019-10-17,1
3a4ea5073e0c,2019-10-17,1
10d848b68c87,2019-10-17,1
19dfe802ea1b,2019-10-17,1
7fb03f1599f4,2019-10-17,1
17dd08113208,2019-10-17,1
0a9a8499ce79,2019-10-17,1
d44dba2563cf,2020-08-26,1
7fe44ecde2bb,2020-10-30,1
eab2edf521cb,2019-10-17,1
46af67699a06,2019-10-17,1
30868d86d764,2019-10-17,1
3b655fd98565,2019-10-17,1
575f70c37868,2019-10-17,1
de3006f9b608,2019-10-17,1
98ae28b25e45,2019-10-17,1
ec5f05c621da,2019-10-17,1
37ab1aafe55e,2019-10-17,1
9c680aac53ce,2019-10-17,1
61484f83fbbf,2020-10-30,1
1199e1e209e8,2019-10-17,1
b63fc17e3183,2022-08-30,1
d619bdd8fbd9,2024-06-18,1
67d870ea1f98,2019-10-17,1
a2c9734be732,2024-06-03,1
487a53785450,2019-10-17,1
d3eb22fe251a,2019-10-17,1
14ba924f2c7d,2019-10-17,1
18d0dd039cd8,2019-10-17,1
a966c41849fb,2023-05-17,1
80df8bc66e73,2019-10-17,1
e3f6367637a2,2023-04-23,1
5d2675681e51,2023-04-23,1
df11ca7958f9,2021-05-19,1
d96ff88cf281,2024-08-28,1
09d6a7a13a77,2019-10-17,1
c766d7a3f1e4,2019-10-17,1
ba17afb79386,2019-10-17,1
5809b237fc8b,2019-10-17,1
73c86afffab3,2019-10-17,1
b1e881862790,2019-10-17,1
75bdc6fef86f,2019-10-17,1
9734b9236e5a,2019-10-17,1
bfeb6bd7e528,2022-01-21,1
747f22bb4cc4,2021-04-20,1
bcdd00537f72,2019-10-17,1
8b2b556fa192,2023-04-10,1
395fe00c1ba2,2019-10-17,1
15ed656f848e,2023-04-27,1
2fe8438ddc54,2019-10-17,1
46044346dcf2,2019-10-17,1
32550ffffd83,2022-09-13,1
1a135a0c3e60,2022-08-17,1
4dcde3b3832e,2023-03-16,1
3145d9b07a4a,2021-05-18,1
30e94f69bc0b,2020-08-14,1
ab40a6d8b588,2020-08-14,1
1096101065b6,2024-03-07,1
f428b99b3d22,2024-09-12,1
f3d22b87288a,2019-10-17,1
54b3dccf5bb2,2019-10-17,1
9fec84637d5c,2019-10-17,1
5fce4b5e5738,2019-10-17,1
a0683fb630d2,2019-10-17,1
8f6aeca1a95b,2024-06-21,1
bd45201bf6c9,2020-08-06,1
5629c32a9cc3,2019-10-17,1
bb92d0a15557,2019-10-17,1
1bba828eeb02,2019-10-17,1
be3c5d712644,2019-10-17,1
1c2c7b3b98c6,2019-10-17,1
4cd99aeed4b1,2019-10-17,1
d52a0d4d2661,2021-08-01,1
c9c4a6e34f25,2024-09-26,1
b85cffad44a5,2021-06-30,1
1013b2b5b66d,2019-10-17,1
b81a65c4f9c3,2023-05-22,1
277b85f6f340,2019-10-17,1
e0557c2233fb,2024-01-19,1
eeb9d07a5861,2023-09-13,1
3dccea73f714,2023-11-26,1
4123489c275d,2024-08-26,1
9dc6012632f5,2019-10-17,1
c70586be150e,2019-10-17,1
fbb13afcf861,2019-10-17,1
bb601947b479,2019-10-17,1
f87a3f7f8fa3,2019-10-17,1
7096ae220ee0,2022-05-31,1
a1c07364dada,2022-05-31,1
52a3d27139df,2022-05-31,1
0d7be9c5b735,2022-05-31,1
27a9e243c2e7,2020-03-25,1
427c7de24f1c,2024-09-02,1
691cca538bc4,2022-11-06,1
8c9d638a9581,2019-10-17,1
43e633c3faf3,2022-06-27,1
9c98d60b51d7,2019-10-17,1
82ed736af718,2019-10-17,1
60e5cd1aef7c,2019-10-17,1
fca999151178,2019-10-17,1
a34b95b59f07,2019-10-17,1
307c67285f40,2024-04-16,1
8995828cd415,2019-10-17,1
5172bf3a01d4,2019-10-17,1
77e371f927a5,2019-10-17,1
5b1890fb725f,2019-10-17,1
7464a0ebd828,2020-02-04,1
17359509a8a2,2019-10-17,1
9a125a9c104b,2019-12-08,1
b309e32e9b76,2023-05-03,1
9acf4be46381,2019-10-17,1
e56cabdda912,2019-10-17,1
1aa6524d3be7,2023-01-24,1
8e5c5081733e,2019-10-17,1
94c4d2c1335b,2019-10-17,1
16ce83d2e5a9,2019-10-17,1
285528661eb5,2019-10-17,1
985a02d232d1,2019-10-17,1
6d2218a8ad72,2020-09-06,1
6608a3edb25f,2021-10-24,1
44aa598d89e6,2021-10-24,1
26e50c4fa7d2,2021-10-24,1
1e4ddef3eb33,2021-10-24,1
bb55aafdd5cb,2021-10-24,1
c38e616945ac,2021-10-24,1
62a46c2bdac0,2021-09-12,1
52b346b9de3f,2021-09-12,1
5264bf1f8ad9,2021-09-12,1
485fa7698222,2021-09-12,1
ce2aca322481,2021-02-26,1
dc0964da44ad,2024-09-05,1
c5f41e22fb8d,2019-10-17,1
e5cea584dee6,2019-10-17,1
ef66c678f078,2019-10-17,1
6604cf1ed861,2022-06-28,1
073cbef311c5,2019-10-17,1
d295e1d0f2c0,2024-04-20,1
7e71be61a33a,2023-02-02,1
f6fe32323f61,2019-10-17,1
27b649d1dbcf,2021-10-03,1
731d44eeb0e4,2019-10-17,1
60f1ff6449fd,2022-12-11,1
ae5d10d41588,2023-03-28,1
d8a691ddcb5e,2023-10-13,1
393b34622d1a,2019-10-17,1
dbf2727c39e6,2023-09-13,1
84813d5044e6,2024-08-01,1
14a302c21443,2019-10-17,1
854a6a98945d,2019-10-17,1
3640edd47240,2022-09-07,1
d2f975315972,2023-05-03,1
428e4de17e42,2023-12-21,1
9c576befd392,2019-10-17,1
297da5ea064a,2019-10-17,1
e9ed2ca6a2de,2024-03-28,1
35c2ae559a77,2023-10-31,1
34d5b46436cd,2023-10-31,1
727d99c6a601,2020-09-06,1
e7e4333da77e,2020-09-06,1
6fda05e7f4f5,2019-10-17,1
dc25e4b13bd7,2019-10-17,1
cbb785980583,2024-09-23,1
f43bda0ecd89,2024-01-12,1
359024bc20ef,2019-10-17,1
67c2c6ade2f2,2019-10-17,1
d8dfcb571f60,2019-10-17,1
1b45892bb5e6,2021-02-26,1
aef5d4c81053,2019-10-17,1
9bb563483fa6,2019-10-17,1
a23b642e60e9,2021-04-01,1
75ac32201a53,2023-05-30,1
5380043f8a32,2019-10-17,1
aa1fc6d9e345,2019-10-17,1
98175cd1e6cc,2019-10-17,1
3ed3471e5e3d,2019-10-17,1
1a1eee318ff9,2020-08-23,1
6d7af5535997,2019-10-17,1
d468a8a6a544,2019-10-17,1
b0c80443e364,2019-10-17,1
dd1e126cdb95,2019-10-17,1
a1ce9ba6f9ac,2019-10-17,1
05863f3a3a76,2024-08-05,1
e5ac5add14b7,2024-08-05,1
0e6ed9f063c1,2019-10-17,1
c11e396524e0,2019-10-17,1
c01e77ac0da8,2019-10-17,1
40b1d2a2a9c1,2021-09-06,1
cf866e2b6d99,2019-10-17,1
75d78c595e83,2023-04-18,1
f79d8ea41660,2020-07-16,1
fa2e7d3bbc1d,2019-10-17,1
69df55314575,2019-10-17,1
59ec1e81124b,2019-10-17,1
b03822576950,2019-10-17,1
8d235482f7c8,2020-11-03,1
843b1a3a792a,2023-10-03,1
248a7ee2ba06,2019-10-17,1
5f19c2b85a39,2023-09-13,1
e29648b4a82c,2023-09-29,1
c8739fe09f52,2019-10-17,1
ca37bb37e5a9,2019-10-17,1
5081987da3f0,2019-10-17,1
8cf2fab30cbe,2019-10-17,1
1775c18279a0,2019-10-17,1
c5e4c46c5f7c,2021-12-21,1
2ddc955de71b,2024-08-22,1
b4c7f843cb0c,2019-10-17,1
17004ddc7507,2019-10-17,1
ab2abdb82fed,2019-10-17,1
ec5a3c4077fe,2019-10-17,1
99da3a0ba933,2019-10-17,1
37430338031c,2019-10-17,1
0b280bc27775,2019-10-17,1
e852bb0cd67b,2021-09-09,1
8b08f85e19b4,2019-10-17,1
da8cb5bbc805,2019-10-17,1
f9b1737cc57d,2019-10-17,1
7831ff7ddf8c,2019-10-17,1
0b055e274bf5,2019-10-17,1
5794da0961d7,2019-10-17,1
9b2c0df89cba,2021-01-25,1
3aaaa7910441,2024-06-19,1
9d246fef2185,2024-08-14,1
1206dfb7bc56,2019-10-17,1
29509ed3a038,2019-10-17,1
bb6cbb39cb32,2024-08-14,1
b4953a1f64b9,2024-08-14,1
e870213c3c3d,2024-08-14,1
e3b71db07326,2019-10-17,1
3653d6a28f0c,2019-10-17,1
f03e2c8d70a5,2019-10-17,1
43bdaf283b71,2019-10-17,1
36cd7e1119c5,2019-10-17,1
4ccf7e0e209e,2019-10-17,1
ed4c08d72cdd,2019-10-17,1
64a318aff62e,2022-05-17,1
dcca681c3763,2020-09-11,1
e1cdba329a82,2020-09-11,1
758e46c4fd2a,2020-10-02,1
2304a06993b7,2019-10-17,1
81d90095a9f3,2019-10-17,1
5a6333549243,2019-10-17,1
85468da957f6,2022-01-19,1
8fd9f7fb8d15,2022-01-26,1
c414a3826fb0,2019-10-17,1
f9461e5cd714,2023-05-11,1
df83d13fe0f8,2019-10-17,1
e532b6aa29ad,2023-12-12,1
4c4ab02de57d,2019-10-17,1
66e1492c09e6,2019-10-17,1
41a5b054037a,2019-10-17,1
60a09db3ff7c,2019-10-17,1
e2a632620d61,2021-06-30,1
d96d490b5d26,2021-04-15,1
76f17ffcc8aa,2021-06-15,1
14142c3be2e4,2019-10-17,1
21cd0d410484,2019-10-17,1
25761e06e823,2019-10-17,1
c670bbd28d8a,2020-04-03,1
72162208f1ec,2022-05-11,1
5ddda16d033f,2019-10-17,1
deb52f80639e,2019-10-17,1
bcc91f947161,2019-10-17,1
ae77e6281194,2019-10-17,1
c5290aab8bc1,2019-10-17,1
5535135ec159,2019-10-17,1
be022f804e99,2024-05-30,1
3e2949d4dec7,2024-07-23,1
f182d97ddb26,2019-10-17,1
32e38b5d9e35,2019-10-17,1
fc0e1464d5ae,2019-10-17,1
961db1d365dd,2019-10-17,1
8bd357c845a9,2024-09-25,1
1ee919c03ac2,2022-07-19,1
a2bead592257,2022-07-19,1
27784fcd8d9a,2019-10-17,1
24734f82a796,2023-12-07,1
dd9d652825c8,2021-03-22,1
b255a910dd95,2019-10-17,1
322fc57646f0,2019-10-17,1
1a2973c18bc4,2019-10-17,1
c3c5abd96e25,2019-10-17,1
0f1b59d40f42,2019-10-17,1
9b73baecf9dd,2019-10-17,1
b284098f879c,2019-10-17,1
8091e5ec46fd,2019-10-17,1
1fea1f54a7ec,2019-10-17,1
1f422ef7e76c,2019-10-17,1
035ba797ecc1,2019-10-17,1
8e098ccdff81,2019-10-17,1
db1909a87ceb,2019-10-17,1
599f1d4fd756,2019-10-17,1
549059b909c6,2019-10-17,1
6a0b0f254a2d,2019-10-17,1
559ad411ccbb,2019-10-17,1
b46d6030b27d,2020-05-17,1
eb760d8c7bb7,2019-10-17,1
59f19983b38a,2019-10-17,1
47dc4eb77cb0,2023-06-06,1
12d4beecdd06,2023-06-06,1
6915557486ee,2023-06-06,1
ca285acc0bd4,2019-10-17,1
602da28eb363,2019-10-17,1
b9a25cbd644a,2020-02-05,1
c911223fa1c6,2022-04-05,1
b46325820eff,2023-09-13,1
2f57cc4f6a8f,2019-10-17,1
12dfd04b1d96,2019-10-17,1
da1b61d019c9,2021-03-26,1
f4eb7263b9fb,2023-09-13,1
f5bfdd9d0824,2019-10-17,1
a44cdadf2b3d,2019-10-17,1
985afa2889b2,2021-10-03,1
2cb56f86cf4d,2021-06-30,1
1ddb54f8ec8d,2019-10-17,1
e5cebf9a2793,2023-09-27,1
73bc4fe02fb6,2019-10-17,1
7e86f0063b6c,2019-10-17,1
f312668435ca,2020-12-28,1
abd0b1dbb13d,2019-10-17,1
15dd6dd5dac3,2019-10-17,1
10d573f3c601,2019-10-17,1
138774938580,2022-09-25,1
4427cd1def0a,2019-10-17,1
b22106e9b061,2019-10-17,1
7e2c34d15b08,2019-10-17,1
2eea0850bdf1,2023-09-13,1
68e466c2f98a,2019-10-17,1
4ab15f2ad07e,2024-03-14,1
3c93c9e32812,2021-12-13,1
ce20cf76ed36,2019-10-17,1
6bb03ca66802,2019-10-17,1
63eb88e80300,2024-05-05,1
eea7082247bf,2024-09-16,1
a4b10dfa7697,2019-10-17,1
9c7af01c0ec6,2019-10-17,1
5335e6283ff2,2019-10-17,1
7cbe53cab45e,2022-07-28,1
ef6c6fc6b982,2019-10-17,1
dbdf6ad18bf6,2022-09-25,1
4672cdb1b8cd,2019-10-17,1
9c7ca2011f13,2024-08-08,1
5de3e4aaf54f,2022-11-20,1
ab6944780804,2024-07-29,1
851faf83bc63,2019-10-17,1
18498e66281c,2019-10-17,1
f93d6076d49a,2019-10-17,1
8ee1fa7352e7,2019-10-17,1
59426bf766e7,2019-10-17,1
f75c246286e9,2019-10-17,1
601c1002da0d,2019-10-17,1
dc482aa7d241,2019-10-17,1
6ebd0f89b2ad,2019-10-17,1
0b57f8cbd002,2019-10-17,1
1067211ab51c,2019-10-17,1
16b22351d5e7,2019-10-17,1
c1d7fe5d280b,2019-10-17,1
d0a2c8f70d25,2019-10-17,1
cdb4331cfe42,2019-10-17,1
82cd1f6cba27,2019-10-17,1
9c6f87e39cb4,2023-06-26,1
5015dcb4ecfb,2021-11-02,1
1657461a78df,2023-06-26,1
3868b846a250,2019-10-17,1
fcd2b784e27b,2023-09-13,1
4a3e8b158558,2019-10-17,1
864dd16afcde,2019-10-17,1
6cecfc43bd98,2019-10-17,1
c9270ed45c1a,2019-10-17,1
20ad4ec264a4,2019-10-17,1
cb625c182082,2021-03-18,1
82c3f7bc7617,2020-08-12,1
d4bb1de14b3e,2021-03-18,1
80b5cf83b48b,2024-03-31,1
16781188edcd,2023-06-01,1
dcb850400ca7,2024-03-19,1
7b88a5998d60,2019-10-17,1
5f1bab06e05d,2019-10-17,1
52263b90e9c9,2019-10-17,1
38f365d25bfa,2019-10-17,1
6233806b3e3c,2022-05-26,1
ffc2aa4c7c14,2022-06-02,1
ea82fb168a27,2019-10-17,1
e269631dcb39,2019-10-17,1
a6e0ea0dc3a2,2019-10-17,1
15dc87b629e3,2019-10-17,1
e11587f6cf1f,2019-10-17,1
f326105116e1,2022-09-25,1
283a0b64dae6,2022-09-25,1
39333fa7de2c,2019-10-17,1
334f741b61bc,2019-10-17,1
86212fb2eb04,2024-09-11,1
999fc4e5f386,2020-05-06,1
63ad50ca6d7d,2021-11-15,1
9515c933180b,2019-10-17,1
8c1eaa53570a,2019-10-17,1
c6ce32d9d678,2019-10-17,1
d44dd01e12eb,2019-10-17,1
54622043a4fc,2024-07-14,1
18dd7b067651,2020-06-30,1
9244a8b25710,2023-09-13,1
162ce7511fab,2019-10-17,1
30e522938344,2019-10-17,1
b1a1f407c27e,2022-03-04,1
f90755096485,2019-10-17,1
9639a86f62ea,2019-10-17,1
298b590fc582,2019-10-17,1
a7a82132ab4a,2021-11-02,1
bc67ebc9cac1,2019-10-17,1
84cca07dfa32,2020-11-19,1
06c24c4915e0,2019-10-17,1
05623e76a246,2019-10-17,1
cb1b8e1d5dd8,2019-10-17,1
f30afd9e679c,2024-09-03,1
9f04996ea240,2024-08-07,1
895f92853c33,2020-06-29,1
093f837245bc,2019-10-17,1
739d1900b9a0,2020-06-29,1
9c520b9f4a43,2019-10-17,1
e18fc85777db,2019-10-17,1
532e7919d4d2,2019-10-17,1
f04ae971c869,2019-10-17,1
5b78d4f37828,2021-02-17,1
b34191c396f8,2024-05-28,1
84be36731235,2021-02-17,1
cd7f159c9552,2021-02-17,1
390992034f5d,2020-03-04,1
dd9846a43610,2023-01-18,1
8592adc5d6b6,2020-04-23,1
3627e52befc7,2020-04-23,1
75223e4933ba,2019-10-17,1
f09beb739879,2020-03-23,1
56365d6d784a,2024-02-22,1
73de939bb7ee,2019-10-17,1
d693b4803241,2019-10-17,1
f18f6998663d,2020-04-14,1
3b96651edec6,2019-10-17,1
72fe892ee8a1,2020-01-17,1
b9cc2dc393a2,2019-10-17,1
1a9fa827c23b,2019-10-17,1
defcf14306c1,2019-10-17,1
f9a0e548c212,2023-09-13,1
b80dbdf1b15b,2019-10-17,1
86ce58278814,2024-07-02,1
3e6a85b79690,2019-10-17,1
25f9e698b493,2019-10-17,1
debe7333d243,2019-10-17,1
8dc07dc3a36b,2019-10-17,1
89a72ba906a1,2019-10-17,1
a314cf8e972f,2024-03-13,1
bb28cd5f7766,2024-03-13,1
32d107067e8c,2024-03-13,1
d8bca426ae65,2022-02-28,1
36bf6a149f02,2019-10-17,1
fd7464d65a72,2023-12-11,1
b41ecd6bcb90,2022-10-20,1
56f0a3574911,2019-10-17,1
be077228ccb1,2019-10-17,1
d962d93e7d2c,2024-04-22,1
cdcc458ac186,2019-10-17,1
0a9b8e6844b1,2019-10-17,1
e74871de7287,2019-10-17,1
4501efafaaa4,2019-10-17,1
1b0b5f9cfd0e,2019-10-17,1
b765468e1946,2023-01-24,1
15600c43e1af,2023-01-24,1
7a89c1473269,2020-01-17,1
ace26885cb30,2021-09-10,1
c020ce380ece,2023-04-03,1
4e08fa8cd276,2020-04-10,1
5151565ef24e,2024-08-09,1
be88f94e02c2,2022-09-25,1
d3794abe165e,2019-10-17,1
a47ab4d30538,2019-10-17,1
18069f6b6862,2019-10-17,1
1f7daf2c9f6b,2019-10-17,1
fedd68f8701c,2022-08-22,1
bc866cb31ccf,2019-10-17,1
d8fd59ad47ae,2019-10-17,1
9672cbdb8534,2022-11-06,1
6c1ce4c4896a,2019-10-17,1
4db97ae0abdb,2019-10-17,1
27bc35d45c96,2019-10-17,1
26ddf069c0a1,2019-10-17,1
e53621aba225,2019-10-17,1
3df382b80ea9,2019-10-17,1
390a978e96aa,2019-10-17,1
5b01c134fde5,2019-10-17,1
cded5e54dc76,2019-10-17,1
621e3e02362d,2019-10-17,1
7dcb6c3766b3,2019-10-17,1
c752ca1feb9b,2023-06-26,1
7aa215a60c36,2019-10-17,1
de6afecdfcab,2019-10-17,1
5db78f2812c6,2019-10-17,1
cb97d8c9ba31,2019-10-17,1
6b5d639508b1,2019-10-17,1
2766d18b1b9f,2019-10-17,1
0063a7918c2c,2019-10-17,1
28e5209dccaf,2022-01-28,1
3f280064dc40,2022-11-22,1
a0f4bd2657bb,2019-10-17,1
ec189e5480a5,2019-10-17,1
6b800de75fa6,2019-10-17,1
c75da376a5a1,2019-10-17,1
74d6ed799e21,2021-07-04,1
a49af4d082a9,2023-06-26,1
4cb711cad7bb,2019-10-17,1
1783415a39c7,2020-07-08,1
4c3aae59600d,2019-10-17,1
f2b5e19c8eb3,2022-10-23,1
2e020015526b,2019-10-17,1
8ab8b647b254,2019-10-17,1
6f2a6be14f3a,2020-01-15,1
609277f84d84,2020-06-10,1
38517d55f5c1,2020-06-10,1
b8563de6f034,2020-06-10,1
ff4431e6a727,2019-10-17,1
f1fe43faa3fc,2022-07-31,1
55cc8b45e69a,2019-10-17,1
49208094e8b5,2019-10-17,1
716e7a9dbd3d,2019-10-17,1
15383d9d4d17,2022-01-19,1
90b1eff3bc8b,2019-10-17,1
d5540aca2172,2019-10-17,1
1208f8c0e85c,2019-10-17,1
6fd4ab6f4f96,2019-10-17,1
c074067174c9,2019-10-17,1
7abfc9dd37ff,2019-10-17,1
1e3d71278d37,2024-06-16,1
aeb000b7773c,2019-10-17,1
0c5398324300,2024-06-03,1
4f2f59c2df02,2023-01-18,1
e0eca3b442ce,2023-01-19,1
f5a1997d55e0,2019-10-17,1
783644fe9a0f,2024-06-03,1
2b3ddf2a0c42,2019-10-17,1
6b8a6b373f94,2019-10-17,1
7c896353dc52,2019-10-17,1
fdab92fd6ec4,2019-10-17,1
5ffb5fbc23f5,2019-10-17,1
ec8482c1ecb1,2019-10-17,1
311b9428da85,2019-10-17,1
d1fb23c39c38,2019-10-17,1
e2a133a38326,2022-10-23,1
0b6e356667c2,2019-10-17,1
1f94adadac90,2019-10-17,1
419adba0cb81,2019-10-17,1
4ff3596d511c,2019-10-17,1
7c8bc0f5bf3a,2023-11-20,1
bb103114566a,2020-09-29,1
78cfff573889,2024-04-26,1
0f22794e5fbc,2024-06-25,1
cf9622dde354,2024-06-25,1
27fb9c970cc2,2024-07-03,1
c3b5ea5ce654,2019-10-17,1
4d28af7c7654,2019-10-17,1
3444da688df9,2019-10-17,1
95ce7fd9e510,2019-10-17,1
577ca1ad1a29,2019-10-17,1
bd95567c4047,2019-10-17,1
195c44d0c46a,2024-04-04,1
1658f16ea9cf,2019-10-17,1
b9000f8bc169,2019-10-17,1
e4ab38087996,2019-10-17,1
79b339e34f09,2019-10-17,1
8f881ab47089,2023-09-13,1
c024d5019549,2022-03-15,1
3608e8859e87,2019-10-17,1
3fe2ddec6704,2019-10-17,1
390b7ac3caa9,2021-05-13,1
5d3937581cba,2021-06-30,1
05d7ac1561c1,2019-10-17,1
9f2d8783fcce,2019-10-17,1
9e3d3a562444,2019-10-17,1
7551ad0d221a,2024-09-05,1
81072c44638f,2019-10-17,1
b2fff3da4c83,2019-10-17,1
d387d2b9a12f,2019-10-17,1
b8b4ee8c15cd,2019-10-17,1
fbfc8ad1bd77,2019-10-17,1
b28dfbd7b3bf,2019-10-17,1
7ad849c5c671,2019-10-17,1
5ce847605725,2019-10-17,1
d5094e0cffeb,2019-10-17,1
92c49d176dac,2019-10-17,1
52339bdbd52d,2019-10-17,1
a1a870632ee2,2019-10-17,1
3f70e6b09438,2019-10-17,1
70e37361b0d0,2023-09-13,1
50cfa8392a85,2019-10-17,1
480749be43f3,2019-10-17,1
dcb031ce0138,2019-10-17,1
1ae4f976f3a5,2019-10-17,1
42aac19c6cce,2019-10-17,1
01b4cad8754e,2019-10-17,1
933f844a40c1,2019-10-17,1
5bfe1100bded,2019-10-17,1
0f116ff0b63a,2019-10-17,1
2cdfec838336,2019-10-17,1
21342152f71a,2020-02-18,1
53f46429c9be,2019-10-17,1
a678fdc7f41f,2019-10-17,1
dea52b8309f2,2019-10-17,1
c8d65a874da0,2023-02-07,1
123eb9dafb2b,2019-10-17,1
487e1008bb8c,2019-10-17,1
c7dc126cde46,2024-01-24,1
febc72d25f77,2019-10-17,1
4b2c9298c15e,2019-10-17,1
c0e8d94fb07e,2022-07-18,1
5a94b7d6cb21,2023-05-23,1
d63b63612407,2019-10-17,1
2cf654bfb786,2019-10-17,1
bb443e9ff8c8,2019-10-17,1
9a27f9ee159c,2022-06-20,1
ed43a1fbfdb4,2022-06-20,1
84efd9e3abbf,2024-04-03,1
07f04cd4841a,2021-02-01,1
c9fd70e5c6aa,2019-10-17,1
527e1eea7f18,2021-04-08,1
a8fbf12cf4e8,2021-02-03,1
24bac17a7d27,2023-09-13,1
fb401bfcedec,2024-02-26,1
c385c93f57ea,2019-10-17,1
41796c70724b,2019-10-17,1
51298e779638,2023-09-13,1
6214e587ff47,2020-02-04,1
e029c01a452a,2020-02-27,1
446a2c5ec996,2019-10-17,1
5d95e68d56be,2019-10-17,1
766c12d4e0bf,2022-11-13,1
44a1498641e2,2023-09-19,1
8bffba16a67d,2019-10-17,1
5ed53250d6fc,2019-10-17,1
702fcebfe3af,2019-10-17,1
a16c7f21f982,2019-10-17,1
02bf8bc77f1b,2020-12-17,1
7d4acf72285d,2023-04-20,1
90e62ced57c0,2022-11-10,1
9a501606cfae,2019-10-17,1
bdd43428886c,2019-10-17,1
b0d263dab842,2020-08-27,1
2485f5a1d5ef,2019-10-17,1
034037aebd6e,2024-04-01,1
26a9266c42c4,2019-10-17,1
266ae2d7b7e2,2019-10-17,1
ee5c7a63e301,2019-10-17,1
0532ccd6f31d,2020-08-23,1
211171fd6b9b,2019-10-17,1
a8c99d09719f,2019-10-17,1
05ca7c51d3e3,2019-10-17,1
b50c0cac5734,2019-10-17,1
af44058d53c7,2019-10-17,1
de9df1c05d25,2023-05-19,1
331e075d71b6,2019-10-17,1
29098e3565ff,2019-10-17,1
50b2381802b5,2019-10-17,1
3086e9d5045d,2019-10-17,1
21362282f346,2024-08-29,1
c1409c64cbf6,2019-10-17,1
aa8b8cb6c658,2019-10-17,1
ac258eb591e2,2019-10-17,1
1c6417dda4f5,2020-11-16,1
e062d121c57e,2020-11-16,1
38c6d35259a0,2019-10-17,1
d97767d11ece,2021-01-22,1
616827a4b7d7,2019-10-17,1
1a452a1f9cd2,2019-10-17,1
5fea0593f47a,2019-10-17,1
eb7c1757ccda,2019-10-17,1
05503d744c6c,2019-10-17,1
276778ea3cc7,2019-10-17,1
98fa554676c0,2019-10-17,1
378b61df7177,2022-08-30,1
9d0c6ec9f148,2023-05-24,1
3fab702fa502,2019-10-17,1
78db35d47ffb,2023-09-21,1
04173f42c961,2023-09-21,1
7a1602c29b55,2019-10-17,1
153432ce5c80,2019-10-17,1
5532b9841afc,2019-10-17,1
a7f920b4ed86,2019-10-17,1
01f3310400c5,2019-10-17,1
e54d8a3242ea,2019-10-17,1
8bc852da162f,2019-10-17,1
e6d7a82b6873,2020-06-01,1
bbcba297548b,2022-01-24,1
ce5d4d3f156a,2019-10-17,1
db23906d0562,2019-10-17,1
c1b0d4c768a2,2019-10-17,1
c5bf60aab059,2019-10-17,1
6dffd457cfb1,2021-03-04,1
79cc1d90123b,2019-10-17,1
8b1e0cb0d795,2024-06-04,1
7b8f2b74e368,2022-10-02,1
896e379fedd2,2024-06-04,1
ab2e27af7b21,2019-10-17,1
d560304efca0,2019-10-17,1
0d58d847bc54,2024-09-23,1
2dc303cf999a,2019-10-17,1
44ffbf9b4193,2024-06-27,1
a74f6f974a23,2019-10-17,1
682552856495,2022-08-25,1
7cf10cf10f85,2019-10-17,1
50db8a17b4c1,2019-10-17,1
74391a80aa0a,2022-03-23,1
90efcab2f1d9,2019-10-17,1
728c302052f4,2019-10-17,1
4d4d6c48b390,2020-09-10,1
4065146689cc,2019-10-17,1
011ba7bb85b6,2022-06-30,1
f8563c481ea8,2023-06-23,1
dd633200a6d5,2019-10-17,1
86e88782e693,2019-10-17,1
2129b7228680,2019-10-17,1
efa8cf54addb,2019-10-17,1
35143de74138,2023-09-13,1
ff217d74f40f,2023-03-09,1
6b9fe91cfa77,2019-10-17,1
b776e4363825,2019-10-17,1
7890420b6a7a,2019-10-17,1
6e0d55116309,2019-10-17,1
b21ef4052a4c,2019-10-17,1
ff2f2843ae2b,2024-09-25,1
ca40673e064d,2019-10-17,1
72b55137bf13,2019-10-17,1
8cff06c8d015,2019-10-17,1
36e4ecc0a45b,2023-06-14,1
c5296dd39bba,2019-10-17,1
97c23e1bd03a,2019-10-17,1
8395fc71d792,2019-10-17,1
77265db777df,2019-10-17,1
6559071ab17d,2019-10-17,1
a10dd16cef8c,2019-10-17,1
ff0bf3213fe2,2020-04-03,1
f4593f4b39cb,2019-10-17,1
2ca122101140,2019-10-17,1
adaed6ebfdd2,2023-05-11,1
7c14e84b9421,2023-05-11,1
4392e694b254,2019-10-17,1
52139dc85cf3,2019-10-17,1
f6f6f533c57d,2019-10-17,1
11ec87d50c56,2019-10-17,1
bd9c21a9784d,2022-01-14,1
0b1e12dbae42,2021-05-26,1
14d3371e6bef,2019-10-17,1
c967f064ce50,2019-10-17,1
f936b729d9ef,2019-10-17,1
9cfede15ab84,2019-10-17,1
0f465188f9fe,2023-06-15,1
dfc3e64e5665,2022-10-30,1
c13caf57a4ac,2019-10-17,1
22e7f9234a26,2019-10-17,1
d817cbdd29eb,2024-05-24,1
bd4352b60c44,2019-10-17,1
c1181efb7df1,2019-10-17,1
f921f928fa98,2019-10-17,1
6c36f39697c6,2019-10-17,1
b74fee5c7ab8,2024-01-29,1
7331d1f8db31,2022-04-01,1
aa1b02e0cc88,2024-09-25,1
638e8eb458d6,2019-10-17,1
088250642409,2019-10-17,1
ac4778daed5d,2019-10-17,1
082bcc2f5705,2019-10-17,1
e2e9f79d2956,2019-10-17,1
3791f03eb39f,2019-10-17,1
1419f6dfcca9,2019-10-17,1
5095c3d3b866,2019-10-17,1
fa3b8440acad,2022-06-22,1
8117deede4d2,2022-07-07,1
14b80be30054,2023-04-09,1
972fbd4a4742,2020-12-09,1
d43be0e8198a,2021-04-02,1
cd89a2867559,2019-10-17,1
6027b1f8d722,2019-10-17,1
ef59d728b1f9,2019-10-17,1
a32218b4fbba,2023-09-13,1
3b0d465c5df4,2020-05-08,1
046245bccba5,2020-05-08,1
02a6b1b5b3b7,2020-05-08,1
dfb3766d35e9,2019-10-17,1
f0085dfcd185,2022-08-02,1
877394ec9110,2022-08-02,1
9ecfb142b84c,2019-10-17,1
08ecaa039861,2020-04-10,1
2a1e0f23e5cd,2020-02-04,1
9ed3210c2645,2019-10-17,1
4b4cfb12411b,2019-10-17,1
e0eb80f3fc75,2019-10-17,1
683129950273,2020-11-30,1
40c3f564c81c,2019-10-17,1
01b05fee7ec4,2019-10-17,1
3a8ed79ebec5,2022-05-29,1
4adf86b13fd1,2019-10-17,1
a9ee09caaf40,2019-10-17,1
9b315748217d,2019-10-17,1
825985dba38b,2024-08-30,1
1253479368c8,2023-09-13,1
d565ecc003d6,2024-05-13,1
d95a06be7258,2022-10-30,1
d2e064a0fa8b,2019-10-17,1
7852ff610151,2019-10-17,1
0cbfb92a74e0,2020-12-21,1
5e5789c41e35,2019-10-17,1
ac1cbe168755,2019-10-17,1
1f1327a6c1ea,2023-10-03,1
d5070253b310,2022-09-23,1
fec1396a2b84,2020-03-25,1
00e69fd8b695,2020-02-05,1
c394c83099e0,2020-02-05,1
6eccaa5494c9,2020-02-05,1
bfaa63f3fec8,2024-06-14,1
22bf5423775f,2019-10-17,1
4adf61b92534,2019-10-17,1
3612491bb427,2019-10-17,1
0d3004ced747,2019-10-17,1
b6f8fcb59010,2019-10-17,1
8d8700d4687c,2019-10-17,1
fc93088dc2b1,2020-04-08,1
95f7fc6882d6,2019-10-17,1
b6b8f118b9e6,2019-10-17,1
ec2fe7e9882c,2019-10-17,1
3951b33cc47e,2019-10-17,1
e79d6472e45d,2022-08-25,1
e1dd273383b5,2022-11-06,1
af7096646d6f,2019-10-17,1
90322fa7f68c,2019-10-17,1
6b435da81372,2019-10-17,1
d3e0643aae6e,2019-10-17,1
232001a5774e,2022-02-01,1
67ff7ca2ee9f,2019-10-17,1
b382bdd25415,2019-10-17,1
f5cb0aca7bed,2019-10-17,1
c591fd5887ce,2019-10-17,1
49bdeae84839,2019-10-17,1
ad3dd328d831,2019-10-17,1
a9f0edfc94e1,2019-10-17,1
e0961737f0ce,2019-10-17,1
6ed7a75e6ae9,2019-10-17,1
325b9128ddfa,2022-08-21,1
1a3d7d7aa4d9,2024-08-28,1
7789d180e975,2021-07-13,1
b1839dfce64a,2021-02-26,1
f3a377e991c0,2021-02-26,1
e95a478c3d7e,2019-10-17,1
12245e1ad992,2019-10-17,1
d80a2e947433,2019-10-17,1
438b13f55a03,2019-10-17,1
18d3f8575699,2019-10-17,1
6c22d2ab911f,2019-10-17,1
baaae21c5b00,2019-10-17,1
72c4f84035eb,2022-06-26,1
7228a34dc028,2019-10-17,1
bf612739f1c3,2022-09-07,1
304f24310d5f,2022-09-07,1
f19f27a09405,2019-10-17,1
8b04165c5dd6,2019-10-17,1
fd7a8161d46f,2019-10-17,1
45cd71f329fe,2019-10-17,1
9f156836f983,2019-10-17,1
85b968fcb48f,2019-10-17,1
a181324113a7,2024-07-16,1
81f8840c0d36,2024-07-30,1
c495db0bdb2b,2024-07-30,1
d3f17087d09c,2024-07-30,1
5f28cc06f43c,2024-07-26,1
7e3cb4dceb77,2024-07-26,1
6c19da243636,2024-07-26,1
d2447e06412a,2024-07-29,1
d63697b73292,2019-10-17,1
f375d8de541e,2019-10-17,1
0a755a4a0079,2019-10-17,1
1b7358178593,2024-06-27,1
949a0e242ed2,2022-10-24,1
65712078226b,2019-10-17,1
b3171c6720ec,2019-10-17,1
4a4ec6754818,2019-10-17,1
3652cd941502,2019-10-17,1
2bcee41bfac8,2024-09-01,1
5fed687c2f00,2019-10-17,1
1772b9d5cef6,2019-10-17,1
bc9bf8907516,2020-02-05,1
8f803341aa81,2019-10-17,1
6acdf1cda2d6,2020-12-01,1
3896332912c7,2021-02-21,1
ebbb78e2e51a,2019-10-17,1
8eb1a117b8ad,2024-02-26,1
19795f2cdbbe,2019-10-17,1
3b99bdbc31d7,2020-08-10,1
032d77bcd9f5,2020-08-10,1
3a51278022b0,2019-10-17,1
86a92c547d19,2019-10-17,1
17abde81f33d,2021-07-04,1
9f45a49e5ee4,2021-07-04,1
3d33051cad30,2019-10-17,1
ac21de0dbdf2,2024-09-26,1
eb49770917f1,2024-09-23,1
8d75d4b20670,2024-04-05,1
ca631b879dfd,2021-06-08,1
f31be503652a,2019-10-17,1
e101d93b51eb,2019-10-17,1
8ce6abf60356,2023-10-03,1
40c513da4d0f,2023-11-29,1
9ae2b7f112cb,2019-10-17,1
1a918efef45e,2019-10-17,1
7f382473dffa,2019-10-17,1
045bce96b7e2,2019-10-17,1
ab17ee7c74e7,2019-10-17,1
96055fb8dbdd,2019-10-17,1
eb78a3668d0d,2019-10-17,1
f34aa7179c9d,2019-10-17,1
aea8b6350476,2019-10-17,1
66082c2dc43b,2023-11-26,1
454b2b24dc5d,2024-04-24,1
4c0239948579,2019-10-17,1
1a5aee624f4b,2019-10-17,1
4b7a626e9dfe,2020-03-03,1
d82a415f7bfe,2020-05-19,1
6412522f2dfe,2019-10-17,1
ab1c7f4458e4,2024-06-03,1
557f475ea1dc,2022-09-12,1
374d72b776a0,2022-09-12,1
56840499815f,2022-09-12,1
eab2a83e8bf8,2024-08-14,1
1a5d4e709d0e,2019-10-17,1
c7bfb3c3d47f,2023-10-03,1
acef75fe95b0,2019-10-17,1
cdf989ea51a3,2023-10-30,1
cf02757afeb8,2024-05-15,1
7651fe8dd761,2019-10-17,1
febb379bb77d,2019-10-17,1
6bf680def3b4,2019-10-17,1
ca3f65aed302,2024-07-14,1
3a20b17fddaf,2019-10-17,1
f2199be4e52a,2019-10-17,1
ff6083b9764c,2019-10-17,1
00274a69c705,2019-10-17,1
10040e177e22,2019-10-17,1
783a9e6b6933,2019-10-17,1
8bf60d3cc38f,2019-10-17,1
217fed34e3db,2019-10-17,1
31a698422c1c,2019-10-17,1
c3552c3399d9,2019-10-17,1
8a4530decc78,2019-10-17,1
15c1f42ce69e,2019-10-17,1
fc8cd0f1f4dd,2019-10-17,1
0cab4c1eb10c,2021-08-09,1
63280f5c7575,2019-10-17,1
22c708e463db,2022-11-06,1
4b047f0270f0,2022-10-30,1
a8ae13244530,2019-10-17,1
c2e957595179,2019-10-17,1
62211a44de88,2024-05-15,1
ff3ef40b73bf,2019-10-17,1
a0d117aff833,2019-10-17,1
e2715205281c,2022-10-30,1
804947d4f871,2022-10-30,1
857baf82bd56,2019-10-17,1
73645ce5cd2c,2019-10-17,1
046d9c9be8ee,2024-09-01,1
7b213a6621bb,2024-08-07,1
4760b0246c9d,2024-03-26,1
92b04812dc83,2022-03-10,1
bf3ee90c2b40,2019-10-17,1
aed39cb77c13,2020-08-18,1
9f32920e9129,2020-08-18,1
5d86e683f07e,2019-10-17,1
2bb386373fbe,2019-10-17,1
6607906aa9aa,2019-10-17,1
2862c0dbec1d,2019-10-17,1
896e568fcf1d,2019-10-17,1
4b658e1e5314,2022-09-13,1
be66db494f13,2019-10-17,1
06645a8d033b,2019-10-17,1
81a5fdfe4eff,2019-10-17,1
868f1ee11137,2019-10-17,1
c46d2cbb40cd,2019-10-17,1
ede670c50706,2019-10-17,1
1b57472c9130,2024-08-28,1
1665b62133f8,2019-10-17,1
d7b55c6d8d7c,2019-10-17,1
85fd5acec206,2019-10-17,1
ffca0c56e0b9,2019-10-17,1
e81ee3e4ea05,2019-10-17,1
f0d53a7817b7,2019-10-17,1
ccdc63077752,2019-10-17,1
2ab3c4528b8e,2019-10-17,1
76b143d32791,2019-10-17,1
1d116df74f7e,2024-07-25,1
562cf2af1874,2020-04-06,1
37e4609afe26,2024-07-12,1
6016869d5f6c,2024-07-12,1
a6079ab80a8d,2022-04-17,1
37f5d1b5a28c,2019-10-17,1
baf06355045d,2019-10-17,1
64b94f6dcf6c,2019-10-17,1
a8efe5245dc5,2023-02-21,1
05d69fe0b39d,2022-10-13,1
cd35ead78b01,2019-10-17,1
6de77fcaf58e,2022-07-06,1
21d314d04860,2022-07-06,1
04be3cc96a32,2022-07-06,1
477c1129c562,2021-05-26,1
64dd3c48bb5d,2024-02-19,1
c9df184d9336,2023-05-03,1
cc5f1ab3ad1b,2019-10-17,1
11a128dd0cb3,2019-10-17,1
25ba5c9378e5,2024-09-25,1
7f3e1e3c0693,2019-10-17,1
9b6c50730f41,2019-10-17,1
8be82ca45b35,2019-10-17,1
de1fa9efc478,2019-10-17,1
625af7380c49,2019-10-17,1
737af5d1acfa,2019-10-17,1
7f67f5b36634,2019-10-17,1
9a6718051f36,2023-09-13,1
49586b4830cc,2022-08-04,1
89a3579401e0,2020-05-17,1
335a599bc3f7,2022-04-29,1
87817d417f36,2019-10-17,1
7d6a7851669c,2019-10-17,1
4264777c2ba5,2019-10-17,1
fcc6428cd1c5,2019-10-17,1
b53788de4387,2019-10-17,1
3aefdcfe27ba,2019-10-17,1
d9f4b55d3b6d,2022-04-22,1
83692c2cb347,2019-10-17,1
378e0626f7e7,2019-10-17,1
63ef1672a10c,2020-03-27,1
175bbef612e3,2019-10-17,1
c81e292a8d4a,2023-09-13,1
a7f9bc73200e,2019-10-17,1
a23c2e612a89,2019-10-17,1
fec5f1dfa072,2019-10-17,1
8e2c412947ea,2022-06-26,1
d8f59cb9ba35,2022-06-26,1
1838d831c0d9,2020-05-18,1
3759538a4ebd,2022-11-17,1
7e032fd1627c,2019-10-28,1
46324a937b37,2020-12-07,1
2888efed33f7,2019-10-29,1
d62ab9a7aaee,2024-08-29,1
0beda075c035,2022-12-20,1
637412fe81fe,2023-04-18,1
44fd8eb9f436,2022-08-11,1
97c510333218,2022-08-04,1
17dc78090de5,2022-08-14,1
19548329cde2,2022-10-02,1
4e0ef6cff251,2020-05-03,1
f7b79d364c8d,2019-10-17,1
853124bf24a2,2024-03-04,1
6e4f919617bf,2022-01-21,1
ecf3696e12ab,2020-12-09,1
e448f34571ad,2019-10-17,1
f823cc823ea0,2020-06-17,1
086d41d2bc40,2024-09-18,1
8362fcf0592c,2023-09-13,1
e85f45f1aa00,2019-10-17,1
584cbff2b783,2019-10-17,1
772976e34f2d,2019-10-17,1
fd8ed1920dd6,2019-10-17,1
7f09cf83c28d,2019-10-17,1
399822d0f452,2022-06-20,1
4b644e11c50e,2023-06-15,1
a53c6f18497c,2024-03-19,1
b14e36a3184a,2019-10-17,1
53036765a440,2019-10-17,1
564fe13b207c,2019-10-17,1
4b155a11b32d,2019-10-17,1
1225ee48f809,2019-10-17,1
d2a425264c62,2019-10-17,1
5233277cd031,2020-05-08,1
3c296df771c6,2023-06-27,1
3f5b01129fd4,2023-06-27,1
5fb47a61e0e3,2019-10-17,1
2c58853bf68e,2019-10-17,1
a18bb5cd76a6,2019-10-17,1
eb44fdf15eea,2022-04-06,1
f9beab4e047c,2019-10-17,1
e0fc2064ae18,2024-03-04,1
2939bb5c1ba1,2022-11-22,1
326d72cd8106,2024-01-22,1
5a648d858c93,2019-10-17,1
f21864df0a96,2024-08-16,1
8f85727209ae,2020-03-25,1
ed29612fea1c,2019-10-17,1
2e32028ec602,2019-10-17,1
c32e3296e671,2023-01-26,1
9c6cf1cfcc8a,2023-01-09,1
036b639de056,2022-09-08,1
3ef88d2596de,2022-09-08,1
02f9c7f0bf62,2022-09-08,1
4299998de181,2019-10-17,1
f40ffd233266,2019-10-17,1
e6d5cf75c3f1,2019-10-17,1
3ddf386c6c4f,2019-10-17,1
dc88a38449b8,2019-10-17,1
e44f64e4ee2b,2019-10-17,1
eee7e927ed8f,2019-10-17,1
e4918d9e4a76,2019-10-17,1
2b1d1ae21a0f,2019-10-17,1
ef09dbc9fa66,2019-10-17,1
7d2a3f71820d,2019-10-17,1
4c699516d3a1,2024-09-05,1
e1cc4dc83d9b,2024-09-05,1
0ed0d1184c95,2024-09-05,1
36f60584a12b,2024-09-05,1
f635f775c88d,2024-09-24,1
99b4afc08f81,2019-10-17,1
92608e6148f1,2019-10-17,1
90b9a3d5f8f9,2019-12-25,1
02a2d460cde1,2024-01-25,1
97575674de54,2019-10-17,1
387add82a73e,2019-10-17,1
1f3b4dfa452d,2019-10-17,1
73592916a0e6,2019-10-17,1
64a89109c658,2019-10-17,1
aa49f66dbbbd,2022-08-22,1
e8572c39a82a,2019-10-21,1
305120927a70,2019-12-04,1
2e84a72e2f37,2019-10-17,1
0daf18d81fe9,2019-10-17,1
862f3899ba02,2019-10-17,1
444f1c965941,2024-09-24,1
4e17dff7b64f,2019-10-17,1
5c6fbd216ca4,2024-02-28,1
644111a127da,2024-01-26,1
f837fcb56447,2019-10-17,1
0b1f2a60bd7f,2019-10-17,1
7646ce45c976,2021-01-29,1
11da596c6305,2019-10-17,1
9df793d58deb,2020-11-09,1
a89e947f0636,2019-10-17,1
6e3c28fbffd2,2022-06-07,1
86c3d6e60edb,2022-12-05,1
22cfcba442b3,2024-03-12,1
e13af761fce8,2024-07-01,1
88e53e9b8d4f,2024-03-13,1
bd1128dca194,2022-10-06,1
aaad4277fef5,2022-09-09,1
754c71304ec7,2022-09-09,1
3a95d538a917,2019-10-17,1
23e3bc46fb5a,2023-11-02,1
afaee449ac21,2022-11-01,1
85e03e8ea798,2022-10-30,1
eaa4b3fac3d9,2022-10-30,1
e27dbc525fec,2022-10-30,1
a0ba1f330d57,2022-10-30,1
61fda504dc0c,2024-07-23,1
7fcde42037ca,2019-10-17,1
4ec226b1494a,2019-10-17,1
b037ac5fdce6,2021-09-24,1
83fcd17b8204,2024-04-27,1
c7e66ba26f5b,2024-04-27,1
f0b9f6428155,2019-10-17,1
47ef6cee0a25,2019-10-17,1
454451ec13db,2019-10-17,1
5cc785c6b16a,2019-11-10,1
64cfd34dbaf1,2019-11-10,1
9b5a32b492e3,2019-11-10,1
6c91f8d361db,2021-04-19,1
fa6e8f28abf3,2023-03-01,1
b2dad18ca413,2023-03-01,1
1acf3f6e03a3,2023-03-01,1
c7723b446f84,2023-03-01,1
d6e78557994c,2019-10-17,1
a007b19a5897,2019-10-17,1
2243cec97a01,2019-10-17,1
0d0f05e80b35,2019-10-17,1
e637cdbff82f,2019-10-17,1
3290ad4bebab,2023-09-13,1
654c4cd15f46,2019-10-17,1
163758b49b9d,2019-10-17,1
10ed82e518da,2019-10-17,1
637d9bb28d0e,2022-12-01,1
619c7721cb4f,2019-10-17,1
3cfacf087de1,2019-10-17,1
fc0bd994713a,2019-10-17,1
f171a4fec6f6,2022-08-25,1
5870e72ffd59,2022-10-30,1
a428a76c3d9f,2021-03-22,1
a9198a0f9313,2019-10-17,1
1e1279430a33,2019-10-17,1
389bdf2bfb77,2021-10-25,1
758d9533d5b2,2019-10-17,1
8c2996445ba7,2019-10-17,1
6baf35cafff0,2019-10-17,1
e1458b14f961,2024-08-01,1
9bc1538b3910,2019-10-17,1
be3b7250209f,2019-10-17,1
fb6ff7b0630c,2019-10-17,1
0d0a0d38bf4e,2019-10-17,1
9cd1bd5f85bb,2019-10-17,1
a3d0361e1faf,2019-10-17,1
b163ca5f89de,2019-10-17,1
d4d762c47461,2019-10-17,1
f960d18e4b25,2019-10-17,1
db299b3bf09e,2019-10-17,1
998a086ac062,2019-10-17,1
ee1539f5b9ab,2019-10-17,1
ba449bb8fa5d,2019-10-17,1
e4b0e22d72c3,2019-10-17,1
7bb1fbd18f3b,2019-10-17,1
aacc4b8b1600,2023-06-01,1
7061f19f1a99,2019-10-17,1
405943aa540f,2019-10-17,1
05edeca4f806,2019-10-17,1
7bd1344f50c8,2019-10-17,1
9be5dc37d515,2019-10-17,1
5860033fe00c,2019-10-17,1
b134835e2a2a,2019-10-17,1
8c30a1cbae84,2019-10-17,1
d5bf476e7431,2019-10-17,1
6160e423c7af,2019-10-17,1
43cae5b3e196,2019-10-17,1
746b2cd2d594,2019-10-17,1
31480b8e9e41,2019-10-17,1
b7072894dd1d,2019-10-17,1
8af22e581437,2019-10-17,1
4edbbc37fd2d,2019-10-17,1
fabfd7daf60a,2019-10-17,1
c22ca0940480,2019-10-17,1
a93c26124898,2019-10-17,1
1fe363f7fc54,2019-10-17,1
123f6d431e7f,2024-02-28,1
b73f3b03c1f7,2023-06-26,1
ffb30f7dd956,2019-10-17,1
dbadc81a7ade,2019-10-17,1
d9e36d592f5a,2023-12-13,1
5cdb521d15b5,2019-10-17,1
f67e880f6e80,2023-09-13,1
13c62be475b6,2019-10-17,1
9c9bcf78315e,2019-10-17,1
38cc4b104f6f,2019-10-17,1
3408f720e3ce,2021-09-23,1
bd8ec26bfe88,2019-10-17,1
61b37bf435d5,2019-10-17,1
3e74744cce14,2019-10-17,1
18e7d4d72511,2019-10-17,1
10689b7f3cb2,2019-10-17,1
bd530a5e8ed1,2019-10-17,1
3111b0b3df64,2019-10-17,1
813f67589d36,2019-10-17,1
79fb3a6c99af,2019-10-17,1
6e998294400e,2019-10-17,1
593cb14f13c7,2022-07-25,1
9bd40588d495,2022-09-04,1
53fb86c5510a,2024-02-20,1
ca3532c0276b,2024-02-19,1
ca58e22d08e5,2019-10-17,1
0f80ab61d43a,2019-10-17,1
b82f4765bad3,2019-10-17,1
dcd9d54ad3d4,2019-10-17,1
f359d0070d27,2024-05-05,1
869d05b63b5d,2024-05-05,1
e96198e9fa6b,2020-01-30,1
0a82dd9022f8,2020-02-13,1
df27a90a472e,2019-10-17,1
e89f963a133d,2024-07-26,1
e4df2ffa299b,2024-04-09,1
dc2746b9c5a0,2024-04-26,1
dbe854b10051,2019-10-17,1
e8342c131a11,2023-09-13,1
96d233e99b62,2020-04-04,1
6bec0dd7434f,2024-07-21,1
d8d8fa99a398,2022-10-23,1
19338935a8c6,2019-10-17,1
cfd862d53d4e,2019-10-17,1
6bc4c10e4ec6,2019-10-17,1
5cb8fc810201,2019-10-17,1
1b6ca7b3a7aa,2019-10-17,1
ab7155efc315,2019-10-17,1
194c67afcce9,2019-10-17,1
85331189b8c4,2019-10-17,1
f9baad404540,2022-12-05,1
f7b32c1a413c,2019-10-17,1
ef95d001ed52,2022-07-04,1
95a5723c27e4,2019-11-21,1
d8ab6b0cd72f,2020-04-03,1
04f8c0cec44c,2022-07-04,1
61e30c72bd6f,2019-10-17,1
61a4eded5468,2019-10-17,1
06861368007b,2019-10-17,1
9b38c7e4dba9,2019-10-17,1
8200de2eb1d6,2019-10-17,1
bb62c417c7ba,2019-10-17,1
386e4caa96c0,2019-10-17,1
b30a1abb0290,2022-11-23,1
6cffa23d4997,2019-10-17,1
8fd19004e664,2020-05-26,1
da5888582112,2019-10-17,1
ef6d956ee253,2024-01-29,1
fd3e46d3f6e1,2019-10-17,1
c095c7fecb7f,2019-10-17,1
43e88e76f8bc,2019-10-17,1
b93f5cdf8b3a,2019-10-17,1
ff1dc144bcdc,2019-10-17,1
737b797523fb,2023-02-28,1
0452bd5e488d,2019-10-17,1
fbee43bee916,2022-12-06,1
24557d20f701,2019-10-17,1
4ea0c5a51a29,2019-10-17,1
ca3971c207f3,2019-10-17,1
b64352310cf3,2019-10-17,1
e23e9bb75589,2019-10-17,1
a08e92a16758,2024-05-28,1
515d729c55d0,2019-10-17,1
ea4e28208473,2019-10-17,1
4de86de68e32,2019-10-17,1
831c9a2ed740,2019-10-17,1
0891481a8759,2019-10-17,1
7af26a4f5819,2019-10-17,1
9111fd713ff4,2024-06-17,1
b9bb074bfc22,2024-06-17,1
e3699e3a5688,2019-10-17,1
007d271e10ee,2019-10-17,1
b9b6a8f0c4d5,2019-10-17,1
25841bed2041,2019-10-17,1
1688fe7e78e9,2019-10-17,1
cfc4e544f8d1,2019-10-17,1
fc90904ee01e,2019-10-17,1
eb155a84b044,2020-06-10,1
0594a495a3b2,2019-10-17,1
e79607212c5a,2019-10-17,1
fb7b7b01f8fb,2022-06-09,1
603440fac4f3,2019-10-17,1
306c28e147b4,2019-10-17,1
a84208daa911,2019-10-17,1
2ebfb6c9ca4c,2019-10-17,1
190d8b6f6526,2024-09-18,1
e01babf2a6b2,2019-10-17,1
16d13c33dce3,2019-10-17,1
9f66b7c15331,2019-10-17,1
cbbc06b68096,2019-10-17,1
c1d0666370bd,2023-11-24,1
bf01116bb1ef,2021-06-30,1
76fdd2ef0dc8,2019-10-17,1
20ce70b2fcdb,2019-10-17,1
606148f3e18b,2019-10-17,1
f53a896df025,2019-10-17,1
755e4076228c,2019-10-17,1
6e4d4fb7c247,2022-02-14,1
6f6cffe92416,2024-08-26,1
aea239946784,2022-12-07,1
2f4c6d05b8f0,2022-12-07,1
c08b8c75cdda,2019-10-17,1
07fdac99489e,2023-10-07,1
582bcf28bfc7,2022-04-13,1
304c0e90d682,2022-12-06,1
514addc40cf5,2022-05-10,1
f6bac4c54ba6,2024-01-29,1
3c240f274e61,2020-12-24,1
2b6f35ef5aee,2019-10-17,1
f98c5a3c7a52,2019-10-17,1
8a438651b242,2019-10-17,1
32958af0a514,2020-02-17,1
a995ed1c265c,2020-02-17,1
c2bb8579ae87,2019-10-17,1
ab3008622e3a,2019-10-17,1
3f904e205a2f,2019-10-17,1
553e9e4624b1,2023-09-21,1
6ea001b737f1,2019-10-17,1
d3bb3663b29e,2024-08-05,1
8962fab6db9c,2019-10-17,1
bbb5e74fe460,2021-12-14,1
877245ad5318,2019-10-17,1
35ffbd6333c1,2019-10-17,1
4693e66040bb,2019-10-17,1
722c0f93fabc,2019-10-17,1
e090e6df4f1e,2023-09-13,1
a1321f39c25e,2021-02-03,1
e2c2e2ed15f8,2021-02-03,1
f4f869bd7df9,2021-02-03,1
65427b2ec308,2019-10-17,1
58271d903051,2019-10-17,1
f3c73114e6ed,2019-10-17,1
851cb52280e7,2023-12-26,1
11acc247e66a,2019-10-17,1
56fc61aefcf9,2022-05-18,1
d08b0731e174,2019-10-17,1
7f38eeedd9d0,2019-10-17,1
8a1232188cec,2019-10-17,1
8eb811f13109,2019-10-17,1
f3d890c9ef59,2019-10-17,1
aebbc8b8bad3,2019-10-17,1
429bc0d656ce,2022-07-24,1
c5d8d5e39619,2021-01-27,1
2a5f43932555,2019-10-17,1
0be3804714de,2019-10-17,1
33c1eb2add24,2019-10-17,1
e4c40ae4a54d,2024-09-03,1
ac88d330a9c1,2024-09-03,1
75b9fe65f567,2019-10-17,1
0920878f3cd5,2019-10-17,1
5d5dce28aea3,2023-02-08,1
d09a11005fa3,2024-05-06,1
d37695a048b2,2019-10-17,1
3dd028f743ea,2019-10-17,1
286fb476d515,2019-10-17,1
ea58bf40537f,2019-10-17,1
bed2167dc54a,2019-10-17,1
6e7f72e36b67,2019-10-17,1
f6c380848db6,2019-10-17,1
ec5c9fe13d4a,2019-10-17,1
9463b6777824,2019-10-17,1
49f8704c9586,2019-10-17,1
e085a780dfb9,2019-10-17,1
f9573b21a451,2019-10-17,1
3ec6ca4b9d8e,2024-05-22,1
b7e26d18bfc5,2020-05-20,1
3515568a06a8,2019-10-17,1
8b2394ef45db,2019-10-17,1
bd1f1179caf9,2023-03-15,1
4f65f2c3ea01,2024-05-22,1
863ce41c828e,2019-10-17,1
465cfbc5c6f0,2024-09-03,1
24759d6f34ca,2021-03-16,1
6d43b677a4d4,2024-03-07,1
7ff79102e5e4,2024-06-26,1
478c19130c79,2019-10-17,1
1f9c31eca296,2019-10-17,1
1c839e9ac05f,2019-10-17,1
23cf7f89653b,2022-07-20,1
d68aa31fa24c,2022-04-12,1
d98cda0bcd77,2019-10-17,1
15d7bea4c245,2019-10-17,1
d75cdab3a9b0,2019-10-17,1
03f8ded6cfbc,2019-10-17,1
7c968430107d,2024-03-27,1
3b5d0223d250,2019-10-17,1
42f017a14915,2023-11-02,1
e73753167a73,2019-10-17,1
559b84761660,2020-05-26,1
8d2b01473274,2024-05-21,1
94f2649b38de,2019-10-17,1
3da54cae4a2e,2019-10-17,1
14eeeac8a95b,2019-10-17,1
de8344f8a575,2019-10-17,1
a56fb9b766b1,2023-05-22,1
9b616437d5f5,2019-10-17,1
e6638feb6f70,2019-10-17,1
e09b899cb6c8,2024-07-09,1
4fbc99a09416,2019-10-17,1
216c97041f14,2021-03-16,1
36083eaac8ce,2020-08-07,1
2d71e1f69c2a,2020-10-07,1
b9cff7a0b90a,2019-10-17,1
1bb076b0faf4,2020-08-07,1
9d85113506e3,2019-10-17,1
6e7f755b0f3b,2019-10-17,1
ff54507d1e13,2019-10-17,1
7999b482852d,2019-10-17,1
47837689f00e,2019-10-17,1
05b5e131821d,2019-10-17,1
e0e9e77d1405,2019-10-17,1
aa8d7399caac,2019-10-17,1
47e7ae1ccdc7,2019-10-17,1
990182d8f3da,2019-10-17,1
5beefd9121f1,2019-10-17,1
b02453dca5f8,2019-10-17,1
76dc7c3fcdcd,2019-10-17,1
7c13ef308942,2023-09-13,1
1e98054d0f48,2019-10-17,1
8f21a236b449,2019-10-17,1
4d44234a5d2c,2021-12-12,1
f07bf65b250c,2024-09-05,1
9480a38421d5,2019-10-17,1
d48a074e35bf,2019-10-17,1
e3ef42569eaa,2019-10-17,1
a3a3b6b7968b,2019-10-17,1
afaaa1b45233,2023-12-04,1
8fd076429beb,2022-07-07,1
a9f5ba2e80fb,2019-10-17,1
06830595bf3a,2023-12-04,1
6f1afd355deb,2019-10-17,1
176a799035ed,2024-07-30,1
791a0cb72d5b,2023-12-04,1
0740e1d030a7,2019-10-17,1
f0d660499747,2020-02-12,1
14208e80155b,2019-10-29,1
f915d0b6f799,2019-10-17,1
ccdb0465694e,2019-10-17,1
5c8a70273539,2019-10-17,1
ab5a53403f34,2019-10-17,1
68129aea4688,2019-10-17,1
a21460612c4f,2019-10-17,1
e3d898e95392,2022-04-25,1
9302d8bf253f,2022-12-21,1
f135834baf5d,2019-10-17,1
6e863788854f,2019-10-17,1
6bd5c9990650,2022-03-08,1
17e5f8b93e4b,2019-10-17,1
0a45802fa89c,2019-10-17,1
2fe1b5aba4b9,2023-11-30,1
705b902af7aa,2024-08-12,1
65a04772a2b4,2024-08-16,1
77764bde8d42,2019-10-17,1
4d8f5fb873f4,2019-10-17,1
cb5bdbb57437,2020-08-23,1
7c701a367963,2024-03-11,1
d76e656a9016,2019-10-17,1
345cd541986b,2019-10-17,1
155ebb57b36e,2019-10-17,1
0200c664bc02,2019-10-17,1
14e56913e68a,2024-03-12,1
5a0205eb24da,2023-10-23,1
08cb92339ebb,2019-11-18,1
df2f046a3a46,2024-09-02,1
83257179f878,2024-06-06,1
1bd048c3b69a,2019-10-17,1
9501cbe5395f,2023-09-13,1
5b802c30f302,2019-10-17,1
33fe7c48ff4e,2019-10-17,1
a5024a82accd,2019-10-17,1
155f0a7b1cba,2019-10-17,1
9a5728d9c540,2022-10-18,1
50190e70ed3a,2019-10-17,1
e6a9901209ae,2019-10-17,1
9492ac9939bc,2019-10-17,1
b7f0de71732e,2019-10-17,1
103353327301,2024-09-15,1
6cfdb098673d,2019-10-17,1
f9775c0ed106,2019-10-17,1
10cecf6d7dd2,2019-10-17,1
75782c1d3da9,2019-10-17,1
b982f3c25ad5,2019-10-17,1
9ab6fb31d603,2019-10-23,1
c5d50b95a803,2019-10-23,1
0d4825a8806d,2019-10-23,1
81e0a9446aa7,2019-10-23,1
cc6f5bf57771,2022-06-07,1
b1db3fa1a974,2024-03-26,1
dcf406a43cdf,2019-10-17,1
f8309c17d96e,2023-12-13,1
7110e8e23c34,2020-03-16,1
2a721d2e875a,2019-10-17,1
b4d9593a0953,2019-10-17,1
d505c4ec466e,2019-10-17,1
79f5fa628d52,2019-10-17,1
d9e539f638f5,2024-04-25,1
2668c5a49261,2021-11-21,1
3296dac77492,2022-03-18,1
4ea0b1561edd,2024-08-26,1
b745882ab73b,2019-10-17,1
fcce11a06a74,2019-10-17,1
975ee850d971,2019-10-17,1
5e7cf0f680d1,2019-10-17,1
da23f48bdcd3,2019-10-17,1
bd58ed6fa15a,2022-04-26,1
bdb537e6b6bf,2019-10-17,1
21666ec255ba,2024-01-29,1
f0bd2230ace7,2019-10-17,1
bf41a4709f83,2019-10-17,1
f37c696740e9,2019-10-17,1
b0a42db32b31,2019-10-17,1
8d0a14834f04,2019-10-17,1
65cc5f9cb331,2023-02-10,1
4d4de7f7f973,2024-02-06,1
0ffc0b6f7c23,2023-03-20,1
7e11f9e37396,2023-03-20,1
f948e5e4a89d,2019-10-17,1
c5df44403cf8,2023-05-03,1
311162ad64b1,2023-05-03,1
c0a4d560f142,2019-11-28,1
7492af8bd043,2019-11-28,1
3c9753e1ff80,2019-10-17,1
a92990d90060,2023-12-18,1
ad9f4fbd5e95,2019-10-17,1
ff2bd46579d6,2019-11-27,1
43d9a3c7f7eb,2024-08-27,1
fd5072ea6e22,2020-07-23,1
81631de34730,2020-07-23,1
49202aeca0d9,2020-07-23,1
86e6b8a0e488,2020-07-23,1
85778a419ba8,2020-02-10,1
cca1310bd2c6,2019-10-17,1
faa9567312fc,2019-10-17,1
52458be8fc64,2019-10-17,1
d3d50fcd972d,2023-10-31,1
3378838b8d9a,2024-03-21,1
fd02ca2ae898,2024-03-21,1
0d24310dbbe9,2019-10-17,1
8891a3989d22,2023-11-24,1
08c5fb58831e,2024-08-12,1
3421cdafe5bc,2024-08-12,1
e227594e590d,2019-10-17,1
9d4456a2f6b2,2019-10-17,1
a4772f267862,2020-06-18,1
aed19efc5797,2021-03-23,1
5ca24342e5f6,2023-09-13,1
a6e234428a56,2019-10-17,1
13ac36caf7ca,2023-03-28,1
5f6783165c19,2020-06-02,1
250dbf2bd4ea,2019-10-17,1
7d3df0946b68,2019-10-17,1
73a988abdd46,2019-10-17,1
ebd6829c5ea5,2019-10-17,1
b7435634aeb9,2019-10-17,1
a39fc15131a7,2019-10-17,1
102a610ecb92,2021-03-04,1
d44fdd6b46c2,2019-10-17,1
3e75c02cd8e4,2021-05-26,1
e709c22fbbaa,2019-10-17,1
349370e22b3c,2021-05-26,1
0167fc0b7d9f,2019-10-18,1
d684cfba7ade,2019-10-18,1
c27f5a925ce2,2019-10-17,1
a070c6166870,2024-09-26,1
d633c58b254f,2022-10-31,1
738d3a65969a,2022-07-04,1
98d1d5531c29,2019-10-17,1
cbcd398f49e1,2019-10-17,1
7206387784e3,2019-10-17,1
408557159d60,2019-10-17,1
9f5a794d8ef4,2024-08-07,1
cd5f3bee5377,2019-10-17,1
6739c5d904f5,2019-11-05,1
bb8f7b5dc39c,2019-10-29,1
366c16632b50,2019-10-27,1
eeb485c8a010,2021-11-29,1
8a8c4409f4fa,2019-10-17,1
fd2bf120ecea,2019-10-17,1
dae367276899,2019-10-17,1
c07ffb0dc302,2019-10-17,1
006200c6f9a3,2020-02-26,1
bda2d3fbc7f1,2020-08-24,1
f4d3a07d1708,2020-05-19,1
ac6672106671,2023-01-03,1
b3e225bab110,2019-10-17,1
570406b44b16,2019-10-25,1
858eb76b600c,2022-12-27,1
33a2c89f3129,2022-12-27,1
673be958ead9,2022-12-27,1
11d4b9a313f8,2022-12-27,1
61afe48809a6,2019-10-17,1
4eee54038aa0,2019-10-17,1
82540aabab13,2019-11-07,1
0e4290f0fa64,2019-11-07,1
16803e8717dd,2019-12-08,1
8a12b7fe5e43,2024-05-10,1
383939c956d1,2020-06-16,1
53ddb3673548,2020-08-18,1
9f5b9401d83d,2020-08-05,1
e9c12914de27,2019-10-22,1
a47198759a89,2019-10-22,1
557d99d36d65,2019-10-22,1
2d9218c42c0b,2019-10-22,1
6d12075f0de9,2019-10-22,1
18ade332ca87,2019-10-22,1
118540cc9900,2019-10-21,1
6262a4ce63aa,2019-10-21,1
f4cf55ec3df2,2019-10-21,1
01f5d296eafa,2019-10-21,1
ef24ba162f8a,2019-10-21,1
e9350e3f330d,2023-09-13,1
ba3f22e320fc,2023-09-13,1
e6d8b2c743f1,2019-10-21,1
63b920dbc2e2,2019-10-21,1
4960beee9383,2019-10-21,1
a9d0d7c301a0,2019-10-17,1
e1c242959521,2019-10-23,1
f1749f4b783b,2019-10-21,1
37d70125a86b,2024-03-13,1
a64dbf5f3e0f,2022-09-12,1
c26d7fd37ff8,2023-09-13,1
0e378ab04ea0,2019-10-21,1
ebe7fdb920f1,2019-10-21,1
39cacb34b7a3,2022-08-08,1
43ee46ce104d,2019-10-22,1
b8b450843002,2019-10-22,1
e7cd3c6d9c80,2019-11-18,1
a4b911d8a439,2021-01-14,1
89b9bcb73608,2024-05-21,1
c131dad26609,2019-12-23,1
6f3979706a01,2019-12-23,1
c8e0d139701f,2019-10-17,1
9c3da8a35ec1,2019-10-24,1
e37d494f885b,2019-10-24,1
6ae9db86b5ea,2019-10-24,1
bc50d4f2991c,2019-10-24,1
b5c9297d9315,2019-10-24,1
03e6e486bf5c,2024-03-15,1
7c2fa5bbbdfe,2021-10-26,1
2a1d69e30cdc,2023-05-24,1
2af8a4a4a5c5,2019-10-30,1
de080839f947,2019-11-10,1
597bf5eb8f09,2023-09-13,1
8ef69102bf89,2019-11-06,1
510eceff9df0,2019-11-06,1
789e371fece0,2019-11-06,1
5963039b620b,2023-09-13,1
d55634bd1f8b,2019-10-31,1
18daf4b980a2,2019-11-01,1
9d4108d4e699,2019-11-01,1
1c29fb0ee146,2023-12-04,1
40b36b7ea0c9,2023-12-04,1
e5fa8fcc7685,2023-12-05,1
b19cfdf28496,2021-02-17,1
881b5ebbc19d,2022-03-14,1
7d8479d2b23c,2023-06-23,1
bf4d4812b9a4,2019-11-05,1
5270afa2b5cd,2019-11-07,1
95f93ce046ec,2019-11-18,1
1500df4606ec,2023-09-13,1
81df62063424,2019-11-18,1
92e23e10955b,2019-12-08,1
e8d8a8d042a1,2019-11-18,1
31fad168159c,2023-04-17,1
6b16244d05cb,2019-11-18,1
7956491c7888,2019-11-18,1
70683e24396c,2023-04-17,1
1adcc5909b86,2019-11-18,1
4f9f5f8ca03d,2022-12-29,1
3b994d704f16,2019-11-18,1
a0e4c560d345,2019-12-17,1
cc23bea9356b,2019-12-17,1
d73df1b3f168,2019-11-18,1
9a348d981756,2019-11-18,1
bf7f901f76c2,2021-06-02,1
1479e803ee1d,2021-03-12,1
ad5920a4d8e9,2019-11-18,1
1154105a29f5,2019-11-18,1
62f1e348a7ff,2019-11-20,1
2eea2deb0e66,2019-11-20,1
9869bb2e062b,2019-11-20,1
261e2d4ff0a7,2019-11-20,1
a3321c56e8c8,2022-07-04,1
ecf133381058,2019-11-19,1
4ea1752ce890,2022-12-25,1
7f8b8cdc3840,2019-11-19,1
bef02697b3d7,2019-11-19,1
42bf6df2bca1,2024-09-05,1
f4d70e345ae6,2019-11-26,1
976642f8edc7,2019-11-22,1
b90bbbd2ae16,2019-11-22,1
0ab1977504ba,2019-11-22,1
333462937a4d,2019-11-22,1
b4ac1bc7ff30,2022-04-07,1
0112f3169ee1,2019-12-24,1
e08ca5bc7ebd,2019-12-24,1
d0218b0cc153,2019-12-24,1
645adca413b0,2019-12-24,1
4f400df95429,2019-12-24,1
3ef37f27c2c8,2019-12-04,1
5e2a46d8d70c,2019-12-04,1
617274a20aa1,2020-07-06,1
5959f1605790,2021-03-29,1
9d7372dd1ca8,2022-06-28,1
3bb723505205,2019-12-16,1
89e4749cf1f6,2019-12-02,1
a1af6022a48a,2024-06-18,1
0980af5d3908,2024-04-02,1
c9c955a97c62,2019-12-04,1
e216c3832544,2022-07-06,1
ceb9045c731b,2022-07-06,1
2b4f2b158096,2019-10-17,1
4ab7343a0448,2024-03-05,1
de1fc603804c,2019-12-05,1
bd7dabe104ca,2023-11-13,1
c4e6bbbf95e9,2023-11-13,1
afe8fc2cdaf0,2020-12-17,1
a0913dea309f,2021-04-27,1
01589daec983,2019-12-05,1
df6a9436f2ea,2019-12-05,1
c3f6c0a2824f,2019-12-23,1
f8b137e886d7,2021-04-19,1
a201b762aaaf,2021-04-19,1
0b82cdc4e5c6,2021-04-19,1
a7f35fd99b34,2019-12-23,1
88faaefb35b1,2019-12-11,1
763f90451068,2019-10-17,1
0a61286b7077,2024-05-05,1
30a908aa1323,2022-07-18,1
84e608318848,2019-12-12,1
0c9d1f108281,2020-03-18,1
73ddfd2ade24,2024-05-16,1
80f04d5cd622,2022-10-30,1
9b4731839c3b,2023-12-27,1
f39d87b1ed41,2019-12-19,1
e3b4df920f48,2019-12-19,1
e07d7de60e69,2019-12-19,1
2d741acd3f16,2024-07-23,1
cc0e2f1f464b,2020-01-10,1
64bc4910876e,2024-05-05,1
6ca119586b56,2019-12-23,1
6956a4ec7896,2019-12-22,1
d0d9e0879ae1,2024-08-19,1
e48c10f98cb4,2023-04-14,1
730d36f43ae6,2024-08-12,1
a0e6ba72d20f,2020-09-24,1
58b7e8750fbf,2019-10-17,1
1b9a1bba162d,2023-10-20,1
3337d2e3572f,2024-08-12,1
796692a41d68,2023-12-14,1
ced30dab1d2c,2020-01-05,1
a432478af6fd,2020-01-02,1
55666624f175,2020-01-27,1
5042c9343b81,2024-03-14,1
9cb908edeef9,2020-01-27,1
c633a7004667,2022-10-20,1
c0692ac9b902,2020-10-28,1
30bc8293057c,2022-09-20,1
b8ee166c056d,2019-10-17,1
f112bde3cbc1,2021-12-24,1
65ab02fc7d1a,2019-12-30,1
1e2ef10a875e,2023-01-08,1
d4cff385c855,2020-06-05,1
67a43cc8589b,2020-01-14,1
69f16b00f54c,2021-07-30,1
4277878bcb56,2020-01-16,1
8c6777456f52,2023-02-22,1
f5a59238328a,2024-08-08,1
e04f27e18184,2023-12-25,1
7eb00596805c,2020-04-21,1
4ae00dca971f,2024-02-05,1
9372f6f85a9c,2023-10-12,1
768eb0bf21c8,2021-12-24,1
aff478b89ca6,2020-02-18,1
b6ebace14946,2020-02-18,1
c20396a58542,2020-02-18,1
14d608aa896d,2022-10-23,1
9919f61c2b36,2020-03-04,1
4fe5a2721f27,2020-01-24,1
30fe96268f29,2020-01-24,1
123c3bfffde3,2020-06-29,1
12df2d2f63d9,2023-06-07,1
730cb6f46a0e,2023-12-13,1
6c65762486a3,2020-02-13,1
9b4f09758b41,2024-05-20,1
9ac8970d82b8,2020-01-29,1
ec51caa55984,2024-05-20,1
a985193ae73e,2020-02-03,1
fabfe4d14204,2020-02-03,1
e4cca71b2c0c,2020-02-03,1
de8b5ac0f7d3,2022-10-30,1
6e51ff1df462,2023-03-21,1
890ab56370ba,2020-03-03,1
0ec4c7a9c49f,2021-09-27,1
c6327060fb30,2020-02-03,1
2e3e0ab3f947,2020-09-21,1
ac6b97872190,2021-08-18,1
5e87ecd2b568,2021-12-28,1
d847d52ffd93,2023-12-24,1
23e3b7c4fd81,2020-05-15,1
4541886ad732,2021-08-18,1
338dfa986d2f,2020-02-20,1
7ed87ee1eaef,2020-02-18,1
889b004ac255,2020-02-18,1
0768bffaa79c,2020-03-04,1
427189b05c55,2020-03-04,1
84270a6b62c4,2020-03-11,1
4055be26b152,2020-03-11,1
5196747a75a4,2020-02-24,1
b925bef550c1,2020-03-13,1
c11861443db0,2022-02-17,1
38b187607c98,2023-06-02,1
7cea618d3e4e,2023-09-13,1
7d6319edead3,2020-02-17,1
e8300f42e600,2020-02-25,1
7f997385ed49,2020-02-25,1
1b39ded0b7b6,2022-06-14,1
3296e073ddf3,2022-07-26,1
f23bb3d37772,2020-02-17,1
2efe8a7db65b,2020-02-17,1
7b334c6014da,2020-02-14,1
2e9f473d2b28,2020-06-10,1
78152b3c3d3d,2019-10-17,1
9c588d73884f,2020-02-18,1
0929262202a0,2024-03-26,1
bd5c0f4e801d,2023-09-13,1
d2d105a74609,2024-08-05,1
37635697dd59,2024-08-05,1
884cd089a31c,2020-02-28,1
3e1f8d799d29,2024-09-05,1
515a64c8dc93,2020-11-10,1
ff0c81892de8,2023-03-19,1
02e14d1063fe,2024-09-19,1
a5aa0deb4656,2024-09-19,1
2385ed0cdf91,2021-10-25,1
4735efdc4b88,2022-01-26,1
f27a02754e13,2020-03-11,1
9d51beaf2b9d,2020-02-27,1
ce651ac09895,2021-03-04,1
5fb437f744ba,2020-03-06,1
8e6fd44e9b63,2020-03-06,1
b3a5e75667db,2020-03-06,1
f30f554c5ef7,2020-03-04,1
80ac823ef44a,2022-06-15,1
2dec0b3f0858,2020-03-13,1
621e60745ee4,2021-06-03,1
74bd8ab3debb,2020-09-14,1
306241b3bc76,2020-02-21,1
4aceedd63e0d,2023-09-13,1
1e136d71d8ca,2024-03-04,1
9092992ba7d2,2020-02-28,1
bfbb10183532,2024-08-02,1
ba170d7fb6b7,2023-12-07,1
66f05b505b9f,2023-06-21,1
a1fcfa9e6032,2023-09-13,1
41c0ebbc09c5,2020-03-03,1
4b28acf4fa8b,2022-10-28,1
e0688109aee9,2020-03-03,1
00963f5677a0,2024-05-06,1
f08687f29546,2024-05-06,1
f7aba190b096,2024-05-06,1
1bf08af55dfb,2024-03-27,1
cc2ef2dcac99,2020-03-11,1
63897e8911a4,2020-03-11,1
26811153fdcb,2020-03-11,1
20eff261c292,2023-01-10,1
6774c9a30ad8,2020-03-30,1
12b1d15db41d,2020-03-17,1
9edb3b3b5f71,2024-05-06,1
124fde11105f,2023-11-23,1
70398992b359,2020-03-16,1
967dc6ce10b7,2020-03-16,1
ae79010570f4,2022-09-22,1
aca0ac69a8fe,2022-09-22,1
0bb5299fbf5b,2022-09-22,1
70c443d6e4d4,2022-09-22,1
c9c33d705f49,2022-09-22,1
227e2fc8d4db,2022-09-22,1
fda6096de920,2021-12-17,1
4f1b194bb2f8,2021-09-27,1
0453adee8d76,2021-09-27,1
4d339c204e21,2020-07-06,1
a8ac5d257dce,2023-12-04,1
40d743652d80,2023-12-04,1
3aa7f95dc7d4,2020-03-17,1
0085a8f894a6,2020-03-17,1
391b8180606b,2020-03-17,1
2a5341f28afb,2022-06-20,1
298ce902cb6a,2020-03-10,1
0241aa015268,2020-03-10,1
891ecf466830,2019-10-17,1
60a1384eef68,2020-03-13,1
f0378a72478e,2020-03-11,1
399d11596567,2020-03-11,1
d0b74682a251,2020-04-14,1
ce66b6e349c6,2022-05-13,1
056ffc7b0403,2020-03-22,1
36803027ed28,2020-03-22,1
8e8ac5855ac8,2020-03-22,1
a0dc8148df01,2020-03-22,1
428a87d632a4,2020-08-17,1
1643cd824730,2020-08-17,1
e46334920817,2021-07-19,1
87ab26b72c22,2022-06-22,1
c598b6c873fe,2020-04-21,1
f0968630cf18,2020-03-16,1
f24f0c2a219d,2020-03-16,1
e83c42c64fa8,2020-03-13,1
5e305e81ca72,2019-10-17,1
4c1dba9a41f4,2020-06-02,1
6bad7441fd4c,2023-12-26,1
642e15ed6c16,2020-03-24,1
048c334f062a,2023-12-26,1
ef6beea87b24,2020-03-23,1
5a4c5125ce08,2023-09-13,1
b73ce2074a45,2023-09-13,1
243189409db3,2020-03-16,1
aff3a636d597,2020-03-16,1
6192b4b060f7,2020-03-23,1
5fcbfda957ae,2020-03-19,1
538ea6432eda,2020-04-13,1
b7bda80246d8,2020-04-13,1
27eb49d79a25,2020-03-30,1
e0a4d40d4bd9,2020-03-30,1
c8046b3b8b1d,2020-03-31,1
ee865acdae75,2020-03-31,1
f45308aa47aa,2020-03-31,1
2e53ed1b4721,2020-03-31,1
50746012b178,2023-02-14,1
9ceaf22fe6c6,2022-12-25,1
1381c38611e9,2022-12-25,1
4fa30d19baa7,2022-12-25,1
1e88a795cadc,2020-08-27,1
e28e045ee051,2022-06-29,1
770120555095,2022-06-29,1
a6b646691c33,2023-10-23,1
cfb999edea8e,2020-04-01,1
7b36f6bc846a,2023-04-27,1
dbe6881fb316,2020-04-15,1
4c421f305799,2022-08-16,1
785bde61fc3c,2020-04-21,1
a31f49ec3171,2020-04-06,1
51519b9eb2ee,2020-04-07,1
b0d24502fb66,2021-12-09,1
d6c0f7cefe6d,2020-03-27,1
d985b4134d51,2020-03-27,1
7b150924d864,2020-04-10,1
c24f40505116,2023-03-19,1
d31b1d45fdd6,2022-10-30,1
6639d290cf46,2022-11-01,1
e9b80e06c475,2020-07-08,1
331f8b25236a,2024-03-18,1
8936921b0aab,2024-03-18,1
4b68c310a27b,2024-01-29,1
ec745293bc8e,2020-05-28,1
d3e1aef91a3f,2020-05-28,1
24d8bcbe9d2c,2020-04-13,1
ac94d3698243,2020-04-13,1
1fab218df895,2023-05-24,1
60a688ed98d8,2022-08-16,1
fd56a09d2814,2020-04-06,1
6e42b981bd73,2022-01-25,1
50d55a0f62dc,2019-10-17,1
7d8ecbab7957,2023-09-13,1
179933d2bbd0,2023-09-13,1
ea2823a23635,2023-09-13,1
2bc4e8948f08,2024-06-24,1
f84d244095bf,2020-05-24,1
ada3eaa93bac,2020-04-08,1
221f22bac1cf,2020-04-30,1
71a361306e7b,2020-04-30,1
1d2a5a2a5168,2023-04-03,1
1b95dc299d84,2020-04-10,1
e0105bc2c1f4,2020-04-13,1
cb89977cbb0a,2023-05-22,1
1fb084903cdd,2019-10-17,1
da1e7fc24792,2020-04-21,1
0db2bffa3bf6,2023-05-05,1
96204c01ea93,2021-05-09,1
34d10196dd0a,2020-05-07,1
6cd5a96f2753,2020-04-23,1
71d6dc745f49,2023-09-13,1
394605b94c3d,2022-07-28,1
9c7626a76df3,2020-05-07,1
97bb48850934,2020-05-12,1
beb95de47289,2020-05-07,1
bd814a74c23f,2020-04-16,1
3ed5273a74e8,2020-04-27,1
d74a6d5323d9,2019-10-17,1
6bd0d1f80711,2020-04-27,1
1e0b5651494a,2020-04-21,1
d5a73f40b7a4,2022-05-16,1
7a99328e359e,2022-05-16,1
982c5eaf56dc,2022-05-16,1
df6d1ec3aead,2022-05-15,1
3adbd1991340,2020-09-09,1
510edcbc601a,2022-02-21,1
dcf76842e2c0,2024-03-25,1
e141ad4fd632,2020-04-27,1
06bc41e8d53f,2020-04-27,1
383eda871fca,2023-10-15,1
75a435426869,2023-11-13,1
2475ef3f423a,2021-06-29,1
1e6abf2ee5cb,2021-06-29,1
e4f65efd99d9,2020-04-29,1
fb958f10fd98,2020-04-29,1
f5ee50dd5645,2020-04-29,1
a725079c3dc1,2020-05-06,1
3265792fc9dc,2021-09-28,1
bcb452396ce4,2024-06-09,1
65878b7bed5d,2019-10-17,1
f0c2857afa61,2020-05-11,1
249aaa595dbf,2024-03-27,1
26644589ec11,2022-06-29,1
1dc10ba8bdf3,2020-05-12,1
93fd3ced9d80,2020-05-12,1
648d59fd3f2e,2020-05-12,1
14a22f2ba5e0,2024-07-08,1
ca8b4037d9c1,2020-05-13,1
6c4ab581e079,2020-04-29,1
2cadafe05b9a,2019-10-17,1
87291ccb85d3,2020-11-25,1
918ddd0a3082,2020-11-25,1
bd00e88acb89,2021-08-24,1
2edd79298759,2021-06-07,1
f1679e170f93,2021-02-03,1
67d913c8307e,2021-02-03,1
98a4f7ce1c35,2021-02-03,1
71e748dee18f,2019-10-17,1
61d5eb7f6a54,2022-04-15,1
de24ec537232,2020-05-06,1
59b84decb354,2020-05-07,1
1e7f76d78456,2020-05-07,1
eb423957d30d,2020-05-07,1
6a096a9d6477,2020-05-07,1
d2008018ddd3,2021-02-08,1
f3926b46407b,2019-10-17,1
7f3dabd358c5,2021-08-17,1
47465666925c,2024-03-26,1
d82089e12c67,2024-09-03,1
af584cef8e85,2024-09-03,1
22cc3eae8e74,2020-05-25,1
091c37614a79,2020-05-13,1
67462c40e05a,2022-02-14,1
8ea25d08f6b9,2020-07-06,1
81c7b7aa61ac,2020-07-06,1
a1666fae25ee,2020-05-18,1
698e719aa4ca,2020-05-18,1
e341c8c584a1,2020-05-18,1
2b3f71d19985,2020-05-18,1
3382ca2e6e8d,2020-05-18,1
8cbc390126a1,2020-05-18,1
9faccc8b02c4,2020-05-18,1
bc2e03d7197d,2023-03-28,1
57d0264c5f38,2020-05-21,1
3e345856ba35,2020-05-18,1
6076a8b8605b,2022-09-09,1
95e4efa61c60,2023-09-13,1
8517caa59ac8,2020-05-21,1
abdc341acd25,2022-06-30,1
0bbde879ec12,2022-06-30,1
11fda7fc3943,2020-11-25,1
d58c9d40aecd,2020-05-22,1
4b05776dfa1e,2020-05-22,1
df1dedd1f27a,2020-05-22,1
9851ac5c7980,2020-05-22,1
972ea3f529f1,2020-06-10,1
eb8eae945917,2020-06-10,1
abf765697ac1,2024-05-06,1
a77dcf25d30c,2020-07-21,1
1840630ded83,2020-07-21,1
f8187571525c,2020-08-17,1
4c9db7e32ef3,2022-08-15,1
dfe0d6d2cc0c,2021-06-16,1
28903e670932,2020-05-27,1
8384f4eda9a4,2020-05-27,1
24ab2ac62d58,2020-05-27,1
13ba93e0ea2b,2020-05-21,1
7a4f5cb944b7,2021-05-26,1
ff095aaab25d,2022-11-03,1
abaff2f9afd4,2020-06-01,1
1f6c91361be1,2020-05-25,1
0414364e63f7,2020-05-25,1
4eba8d11863f,2020-05-27,1
63599f4c902d,2020-05-27,1
6e24f1e4416c,2021-12-12,1
715224d3e5bc,2024-06-04,1
13a31f54ce1b,2024-06-04,1
d6f849e25799,2024-05-27,1
578a77efab9a,2024-06-04,1
d314825ee199,2022-08-09,1
59642adabc88,2022-08-09,1
eaeef43f1b7b,2022-08-09,1
d60b257a9734,2020-06-01,1
2ad086c08134,2020-06-01,1
9f6f428b516c,2020-06-01,1
e8ce176d1fd8,2020-06-01,1
9e41fea3de91,2020-06-01,1
ec81750d565a,2020-06-01,1
5ed0338278af,2020-10-21,1
7d8cbb4a02b2,2020-06-05,1
29110f131717,2022-04-05,1
05cd033f73f3,2020-05-28,1
75271b2196fe,2022-09-01,1
21432ad8afe9,2023-10-25,1
d1d9be55a3ab,2020-06-23,1
b1a760be8e5c,2020-06-09,1
e20f33efa3af,2020-06-19,1
701426b7cf16,2024-02-29,1
3d8ec48ed020,2024-02-29,1
735d5ffbc6d5,2020-06-18,1
0aa8f741ff8a,2020-06-11,1
243c2e906835,2020-07-01,1
317b538c9869,2020-06-11,1
a1c2afeb9272,2020-06-11,1
cbb819b6b7c9,2023-09-13,1
aa4380a6bc58,2020-06-11,1
1c67e8ae89aa,2022-03-10,1
ddf87fd15e2e,2019-10-17,1
697b28322cff,2023-02-07,1
3120af4d711a,2022-10-13,1
e0d86b8aff2a,2020-06-11,1
cca154058588,2020-06-09,1
57182bd9c33c,2020-06-09,1
105d487b6296,2023-11-30,1
938e5ec65413,2023-01-30,1
67652bac69ad,2020-06-10,1
7c4e59a73a37,2024-01-30,1
1a46e25be54b,2020-06-09,1
ab386b6bd87b,2024-06-25,1
9f09ec513219,2019-10-17,1
398bf6aeb4c1,2021-06-07,1
93efb85fe7ba,2019-10-17,1
d1dba72d5d7d,2019-10-17,1
ee48e0dc685c,2019-10-17,1
a91bfdb780a7,2020-08-17,1
ae1e36c2c68c,2021-10-06,1
c59575b1b764,2019-10-17,1
e48bc0598a7f,2020-06-18,1
1d2eff460ff5,2020-11-22,1
5b21e9710ef6,2020-06-18,1
f9f71e89783a,2020-07-08,1
144b8a690139,2022-03-29,1
a02ec4c04c05,2020-07-01,1
de63a6a1101d,2020-08-12,1
2c995ce7abc0,2023-11-23,1
5f3114373ddd,2021-09-27,1
16131ed1d549,2021-02-15,1
94528084ca9d,2024-06-18,1
7ae7fc6d78d8,2020-09-01,1
f9b372db30ee,2020-06-28,1
f2532015594f,2020-09-07,1
6f8ecef212e8,2020-06-29,1
398c9bdd903e,2020-07-03,1
bae1d3a6b74a,2020-06-28,1
170026ea591e,2020-06-28,1
b9a932fc9aee,2023-06-06,1
3cd2420dabd4,2023-06-06,1
35e63e744c45,2024-04-25,1
1d92c3f04a69,2020-07-03,1
19484d4e3894,2021-01-18,1
38952101055c,2021-01-18,1
65df699019f9,2021-01-18,1
ab0d1213a756,2021-01-18,1
4df6e028129f,2021-01-18,1
643abf278f9d,2021-01-18,1
0a964a46f263,2021-01-18,1
40a6b314ec65,2021-01-18,1
bcc3252e1eeb,2021-01-18,1
5549ee6b92da,2021-01-18,1
a5a967fc8f2b,2021-01-18,1
4f939a816e3d,2021-01-18,1
0b4572f5bd08,2021-01-18,1
2cb4d949d5e5,2021-01-18,1
1851e9b4b170,2021-01-18,1
b9c2d49ebdbf,2021-01-18,1
3cb007ba71b9,2021-01-18,1
9cbea2247adf,2021-01-18,1
25fa20e8b352,2021-01-18,1
0477d0802d45,2021-01-18,1
e8f3f1d5546d,2021-01-18,1
8f7ec8a04d6c,2021-01-18,1
9f4f79fa1f5c,2021-01-18,1
ca2d0aca133d,2021-01-18,1
d7e01bde7252,2021-01-18,1
b0343f841960,2021-03-04,1
a235874d59d0,2023-04-27,1
acd635fb2bda,2020-07-03,1
8258af6b2b19,2020-07-03,1
7326a739546f,2020-07-03,1
add1b1b43829,2020-07-03,1
09f44d327571,2020-07-27,1
f1fa4eec4e38,2020-07-02,1
bfdddf99a5d4,2020-07-02,1
5fcf68738493,2020-07-02,1
dd12118060ca,2022-08-15,1
55dfd6963719,2024-08-01,1
6bf03363a634,2023-06-07,1
c0abffb7b886,2020-07-19,1
6734f278f64d,2020-11-12,1
2f49ff91ffbe,2024-06-21,1
9e3dd69e852b,2023-12-12,1
7970d43f42a9,2020-07-15,1
4c0e10a01f40,2020-07-15,1
96fb0c08b519,2020-07-15,1
fb1e7f90eb81,2021-09-20,1
d7e25d788dd2,2020-07-15,1
7bdda53d2661,2020-07-15,1
09c375b4e892,2020-08-18,1
cf8c74785482,2024-06-04,1
1402d25c21d6,2023-09-21,1
c0ea7a32a284,2023-09-21,1
3c848fb99709,2020-07-21,1
204efef80b53,2024-08-20,1
30405437b4ea,2020-07-23,1
d24c0c230852,2024-04-02,1
1b9b6b014511,2020-07-20,1
5cb50337b463,2021-08-05,1
78370eb71109,2020-07-22,1
c83a1d441b0f,2020-08-12,1
6c09f7b5f445,2020-08-12,1
e9952aa1d3fa,2020-07-28,1
faa8a4929637,2019-10-17,1
3c290955ce29,2020-07-30,1
d50d1fff8f3a,2020-07-30,1
a9c9465e1661,2020-09-14,1
2f0ab968441f,2020-10-26,1
1d26d84aa925,2020-07-30,1
f55bf58cf35b,2024-03-31,1
b10dff42fe4b,2022-02-15,1
c4d12bc7add6,2023-09-13,1
c94df568f36f,2024-06-19,1
7ff6528677e4,2020-08-10,1
cd920476490f,2022-04-26,1
d507caa827bb,2020-08-10,1
eb76258b69f8,2020-08-06,1
279601974e5e,2020-08-06,1
d34e1d1bc614,2020-08-06,1
2c2dbdb81689,2020-08-06,1
370aff0c5ce7,2020-08-10,1
a26fda49caea,2020-08-10,1
83bcfb0d62ae,2021-12-12,1
82bd50826e94,2021-09-27,1
ddac76c678a0,2021-11-02,1
3443fd5e22ff,2021-10-19,1
b6077dbbb65f,2021-11-01,1
f1bd61b8919e,2023-04-20,1
1bab4557766a,2024-08-13,1
7173c7c56221,2020-08-17,1
91f12a457c40,2020-09-29,1
fc93b62406d0,2020-08-24,1
110fd6f670f0,2024-09-24,1
7d5ce766c7d4,2022-08-24,1
d38a2a4e5976,2020-08-24,1
33303fcf5fa4,2020-12-24,1
58c74659c980,2021-07-19,1
6dfc1ece5c7f,2020-11-05,1
b188533e2b3a,2022-11-09,1
21f5cf33a680,2023-10-29,1
81dd5a9e1b5c,2020-08-10,1
9029a54a0683,2022-06-09,1
95125c0c1629,2021-03-26,1
b03b5cf44e87,2023-09-13,1
d8dc7e74f7cf,2021-02-15,1
45d19024774d,2020-08-17,1
c1b3cc50df86,2020-08-14,1
0eb2c4a9e34c,2023-06-13,1
e7f4abb40e02,2023-06-13,1
e5a9b6150a8e,2020-09-25,1
156617da100e,2020-09-22,1
e9764ceeaf32,2020-08-23,1
d67a0d66cde6,2023-02-07,1
ac89700d5fe0,2022-05-13,1
20ef2e189ffc,2020-09-17,1
9b9f2eb5def1,2021-04-20,1
760ba000d11c,2020-09-09,1
0a627d488d5f,2020-08-17,1
8db850cb9f41,2022-08-22,1
a632b4fbf9e3,2024-01-12,1
e7901b87566a,2020-08-30,1
d17432476eb7,2020-08-30,1
0e5d4219890d,2023-06-07,1
21cdcd66a264,2020-08-20,1
0ff2cd6cd7dd,2020-09-28,1
7dcce9e042b6,2021-03-25,1
090585612fff,2020-09-09,1
4aa0919cfdd9,2020-09-09,1
72c457a37134,2024-03-25,1
715bf38ccb39,2020-09-09,1
3a23db1a465b,2020-09-09,1
58cf843c7afc,2024-03-25,1
891f3780b229,2020-09-04,1
7b7d14e6cf64,2024-08-28,1
d25249447181,2020-09-06,1
c3aea09d59b0,2020-09-06,1
e1379a993eec,2020-09-06,1
83c35b62a4ef,2020-09-06,1
4b8132bd98b2,2020-09-06,1
fd72e0ad3262,2020-09-06,1
e52b9c908126,2020-09-06,1
5c01179ff9a3,2020-09-06,1
3cc22542f525,2020-08-24,1
5ed43be0f63e,2024-04-25,1
af8b11a15db1,2024-04-25,1
8d980e310c68,2024-04-25,1
46a902f087ab,2024-04-25,1
505452bbde7d,2022-12-29,1
51f56026c5bf,2022-12-29,1
36063bb37fa5,2022-12-29,1
7284438b3c0e,2022-12-29,1
4e1ecf1e2b26,2022-12-29,1
79c8034b06f9,2022-12-29,1
74c230b6a385,2020-09-07,1
811add884a1a,2024-07-09,1
abaa63d0641b,2022-07-03,1
0294c4bcd281,2020-09-02,1
be55b97fcda3,2023-12-19,1
97adf3885d48,2022-08-04,1
b02f028fa592,2021-02-26,1
8c66bb58de45,2021-04-20,1
da0692f41866,2023-09-13,1
ff8f767e4800,2023-06-26,1
29889479d596,2019-10-17,1
d126f166b92a,2024-09-03,1
d71b73564105,2020-09-28,1
0b05c4bec05c,2024-08-14,1
b504367b0ce9,2020-09-11,1
b50b79d0a0e7,2023-01-23,1
707aff3738d3,2020-09-10,1
7d47c0f2234a,2021-04-20,1
7106d83524a4,2022-04-11,1
982c7212a50b,2020-10-12,1
abaa7e9508a9,2024-08-19,1
c7b448822ffc,2024-02-06,1
bb8544268849,2023-06-07,1
bca955fb50e3,2023-09-13,1
2141b8388cab,2024-08-19,1
3e8db7e45e7b,2020-09-29,1
618d3433f173,2024-07-11,1
78532f6809af,2023-03-13,1
630343c2c0bc,2020-09-14,1
14643b879b5a,2020-09-14,1
03a49407f2e8,2020-09-14,1
e1fb3e82e070,2021-03-12,1
f451f8def3b0,2024-04-27,1
efbfcf1c20a7,2023-06-13,1
54df7fd92f7e,2019-10-17,1
ddc33ec661f6,2024-05-13,1
3c84de413dc1,2024-05-13,1
fb38d67bb760,2023-10-31,1
56a254c27103,2020-09-20,1
c81286865585,2020-09-20,1
bf8c494639fa,2020-09-20,1
420800680945,2020-09-20,1
cfc6857bcc30,2024-01-23,1
6e614604ff3b,2020-09-21,1
23829d7b9a33,2020-09-28,1
013ec8607a16,2024-03-22,1
47db8ba671d1,2024-02-15,1
c16432b9a1e9,2020-09-22,1
095a76cf01fc,2024-03-19,1
18371826f96a,2019-10-17,1
63480210b83e,2024-07-31,1
326b2cc60eac,2023-11-23,1
4755d8f845d3,2020-11-10,1
66e3f1bdfdbf,2023-10-23,1
dda295ad9b23,2021-02-10,1
633d21ce78be,2019-10-17,1
0e9b89fee2a1,2023-09-13,1
6fd53e4ccd68,2021-02-11,1
bde50ac94d41,2021-02-11,1
991837cefebc,2021-02-11,1
8a8bbdf5c251,2021-02-11,1
b2753ff9662b,2021-02-11,1
dab40327ac49,2021-02-11,1
2ba83fddc80e,2021-02-11,1
44d1f256c1bb,2021-02-11,1
db6ad4c5ab27,2021-02-11,1
33146632a2f6,2021-02-11,1
4a5e82701deb,2022-07-04,1
73764314f77d,2023-05-28,1
e87a2507a1be,2024-07-04,1
710d94d60250,2022-09-20,1
36b1cfb1a0c2,2023-11-29,1
c20e59b2ece7,2023-11-29,1
9e62e7719f41,2020-10-07,1
75b1f6511cc5,2023-03-16,1
d120337ab1d8,2022-08-14,1
c002d248ca11,2022-01-24,1
215b8b1d4335,2020-10-01,1
3b46351b60e1,2020-10-28,1
198ea34ad183,2021-01-26,1
17a5b102fcfb,2021-01-26,1
214d60cd0a2f,2020-10-05,1
8602bcfbf94f,2020-10-05,1
c0f576f1aa6e,2024-03-19,1
be25297c6787,2024-05-16,1
50b3322df51a,2024-08-12,1
ea4b955d476e,2022-08-25,1
c20dd1629152,2020-10-06,1
9a5e76f09ec9,2020-10-14,1
6a2c06e8fc05,2020-10-11,1
5b8eb8b79b76,2020-10-16,1
3317d3b7f5c2,2022-04-18,1
5492b5e40d3e,2023-04-27,1
c327e7d712ac,2023-04-27,1
e821fed34a2f,2023-04-11,1
79301a61e807,2020-10-19,1
dab9b95edd04,2023-05-19,1
583d2d41a653,2024-07-04,1
3bdc2a4998e2,2023-09-13,1
bc38e14960df,2024-09-02,1
a1958da0ab7b,2020-11-06,1
99fbc47a2133,2020-11-10,1
16bf1b535c8b,2020-11-10,1
89a9e1154d4b,2021-05-12,1
68242908b37f,2024-05-30,1
7050208eb1d9,2024-08-21,1
312f9585bb5b,2021-12-10,1
d4f53e235c59,2023-09-19,1
6b9f13274691,2024-09-19,1
d75b629aaaef,2021-02-26,1
f96708e23a7b,2020-10-29,1
61edf9c46945,2020-10-28,1
c7e1575163eb,2020-10-14,1
878ac60ef5ae,2020-10-29,1
ee1867cdb29b,2020-10-29,1
785d210c9b44,2020-10-29,1
107789eb1efa,2020-10-29,1
a1bfdaa9468e,2020-11-16,1
ff5bb6b4300c,2020-11-16,1
2719b2475fab,2020-11-16,1
5cb301722484,2020-11-16,1
e504906a6ffc,2021-04-19,1
5e11c30d588e,2024-05-28,1
3b2ec2799ace,2020-11-24,1
b5e6b49e7696,2020-11-24,1
78a561193a1d,2023-01-17,1
a7c59632ada2,2020-11-27,1
ec445956125e,2022-07-21,1
66af3f982691,2020-11-11,1
f06339206a4f,2024-02-26,1
3113548a6d54,2023-12-14,1
8c308c1953b0,2024-09-17,1
34e56061488a,2020-11-06,1
dc3f33c2ddab,2024-05-10,1
3030dcbb2d7e,2024-05-10,1
f1a31c28075e,2024-05-10,1
18875195ac1b,2022-03-15,1
dc66bd5a051b,2023-01-26,1
418c8757e8d4,2020-11-16,1
21dc0bb83e30,2020-11-16,1
f34b4198f4f7,2020-10-25,1
fa20d1cc8115,2020-10-25,1
b264849ef0ea,2022-07-20,1
cb608aaa8976,2020-11-05,1
e7bf48b49419,2022-10-18,1
c14830e14a80,2023-04-18,1
3c5e145ca0c7,2020-12-07,1
9c9b1521969c,2020-10-27,1
498728cb84b9,2021-09-23,1
79e5efb1fa51,2020-10-27,1
af00d4c4a5d6,2020-10-27,1
8f308285dcfb,2024-09-10,1
72712b35b4de,2020-11-19,1
d04bb6f9848e,2024-08-25,1
520ef99e7285,2020-11-09,1
3620da0d7597,2020-11-06,1
6e540f0abfcb,2021-10-11,1
e2e05bf0c662,2021-10-11,1
f4d377ed235d,2020-11-01,1
a1264f157102,2023-05-10,1
3841203cd0d9,2021-08-20,1
365ab2937dd0,2020-12-07,1
dccc34d70e8a,2023-09-22,1
e31c33fb4119,2020-11-23,1
79ff4d60e600,2021-05-29,1
355da60ff933,2021-06-22,1
ce0a210c414e,2021-06-22,1
13d6a1cd24bb,2020-12-29,1
211f4cf5809c,2024-07-03,1
318129e6732c,2024-01-24,1
f52981993967,2023-11-20,1
4715a160ca27,2024-01-24,1
49121d848dfd,2023-11-20,1
18c5986aac37,2023-11-20,1
4d25bb0b0511,2023-12-04,1
46eb2a4ce79c,2020-11-05,1
26780f604c9c,2020-11-05,1
26ed544cc3ba,2022-01-19,1
2feda69aee4a,2021-04-13,1
1f1371bfef59,2020-11-08,1
3864ffbdd007,2021-03-26,1
2fa8918431c6,2020-11-08,1
6a8cb0ca9e2b,2022-05-18,1
c0aca5a7e657,2023-10-17,1
fec0dd4dbb91,2021-02-11,1
7440d0c8fc6d,2023-11-29,1
80aa4dac9b6f,2023-11-07,1
8454a4d8ca6f,2023-11-16,1
5103030b2a77,2024-08-13,1
ec1ca152fd01,2019-10-17,1
8126a4f9b34e,2020-11-12,1
b23a2880aa25,2020-11-12,1
21b8dfbd361a,2020-11-12,1
81e546c3ac97,2020-11-12,1
ff740afd4dde,2022-09-07,1
b1fe86a36a26,2020-11-12,1
46b5a856aa4b,2024-08-22,1
bed49caa5656,2020-11-12,1
5b28acc700f2,2022-06-19,1
b09fbea6b94d,2020-11-16,1
ddf5b731bb1f,2020-11-12,1
ceb98776c397,2020-11-12,1
95f5228f35c6,2020-11-12,1
5d951a730b9a,2020-11-12,1
1b474f24e35b,2020-11-12,1
8d3c7074002e,2020-11-12,1
4a84d7a253e3,2020-11-12,1
a6c4680bd27d,2020-11-12,1
d101ce64aaed,2020-11-12,1
07eb2222d62e,2020-11-12,1
fe30e57afa4b,2020-11-13,1
d54c3c455c0f,2023-06-22,1
77ca0a803593,2024-08-13,1
9e74b0d086eb,2020-11-16,1
764cf257e49a,2024-05-14,1
d0415da83dd4,2021-02-16,1
3094cc3c9890,2021-11-17,1
e26eea2646a3,2021-03-19,1
25bcb0ee1559,2020-11-24,1
2a3b4423817b,2023-02-28,1
49cbf4a8dada,2021-05-05,1
e915a441af0b,2022-08-09,1
35bd118a18b4,2020-11-27,1
6c0abbd5a254,2020-11-20,1
4cf0bb777594,2022-10-18,1
d345e51155e0,2024-02-09,1
76236a6959eb,2020-11-27,1
be28ab85732e,2022-09-11,1
1c689e54c578,2022-09-11,1
c100c551f56c,2020-11-19,1
f6705cd92931,2023-02-14,1
7c1dc0b93f36,2023-05-03,1
909bd124b501,2023-05-23,1
2c5f6e3236e0,2024-03-04,1
ef2c75d03fb4,2020-11-30,1
3889078418c0,2020-12-01,1
e3db44bc8092,2020-11-30,1
f6607bc53b55,2020-12-01,1
44c88d4cb05a,2020-12-01,1
26411ac96085,2020-12-01,1
d664cb659bd3,2020-11-30,1
4f24f7655536,2020-12-01,1
eed29925d8b7,2020-12-01,1
f56a561c1576,2020-11-30,1
967e348f1935,2020-12-01,1
6a3b9c7c0464,2020-11-30,1
43061f24fbae,2020-12-01,1
245abe1b167b,2020-11-30,1
2e655e0b49ab,2021-02-17,1
17e147cd82ce,2021-03-24,1
02b084825609,2021-02-21,1
6f395b5d35d5,2021-07-08,1
116fc170f4d8,2020-11-25,1
46437029121c,2023-04-07,1
1963db4fccba,2020-12-04,1
29d5b40fc027,2020-12-04,1
5938c8dedd47,2020-12-04,1
d7b1203906af,2020-12-04,1
2fea483d3a5c,2020-12-04,1
f8db309f0a00,2020-12-04,1
755c2c81eb92,2020-12-04,1
79864f2fe3e6,2021-04-22,1
fe4a00653cbe,2024-05-03,1
7290d410e4aa,2020-11-25,1
338b54f8889f,2023-09-19,1
6b5a452dca99,2020-12-01,1
e18ee87d0281,2024-09-24,1
2948735c140e,2020-11-25,1
412a760870c1,2020-11-25,1
6f790765e831,2022-12-20,1
31477a1a2ae0,2022-12-20,1
521cb26d033d,2020-11-25,1
5dd81a6984b5,2021-01-19,1
783ed93af461,2020-12-11,1
b5fe52922727,2020-12-11,1
53373bd97638,2020-12-11,1
651c34ed4958,2020-12-11,1
43ad9440663f,2020-12-11,1
e8da9c15cfa4,2020-12-11,1
1f9489b9b591,2020-11-30,1
6664e1c90026,2022-04-21,1
3479885b10e8,2020-11-27,1
c33b78eecd6c,2020-11-27,1
75fe8dcd0c01,2021-03-15,1
20278fe88665,2020-12-01,1
5af1d0c5ffd3,2021-03-17,1
4594857f8f14,2020-12-03,1
ac82952e346d,2020-12-03,1
4a343afd2743,2020-12-02,1
de397a609453,2024-08-22,1
7e8ce790baa1,2021-02-05,1
10ac1a4c4692,2020-12-02,1
73a63cacb027,2021-03-19,1
d71e73615501,2021-03-19,1
03be80e23c37,2021-03-19,1
d5ad5e53e1d9,2023-06-02,1
73e861512f9a,2022-08-17,1
1451ae10d7bd,2020-12-16,1
9a2123994b37,2024-09-24,1
ea7e02a653a2,2024-09-10,1
c1d32f120260,2021-07-20,1
901f6e4153ff,2020-12-14,1
f82278aeb20b,2021-10-25,1
cc808b7b5a32,2024-03-04,1
b8829481ab3b,2023-06-27,1
d3670d7b9518,2020-12-11,1
59e84304b00a,2020-12-11,1
251123ed5355,2020-12-11,1
1943a8230377,2020-12-11,1
1625770f670d,2020-12-11,1
908281bfa372,2020-12-11,1
e2c27e7b24b7,2020-12-11,1
66296e20e15a,2020-12-11,1
c4d4bc23138a,2020-12-11,1
68248b45eb3f,2020-12-11,1
61b37f9a84a7,2020-12-11,1
0cfff7e4126c,2020-12-11,1
5863eb604221,2020-12-11,1
cdfcbd961ce1,2021-08-10,1
3c15aaa8adb4,2021-06-30,1
188dd906e477,2021-06-30,1
6f857619a3cb,2023-01-26,1
217afe5d5355,2023-01-26,1
d1376310dd91,2023-01-26,1
afc1a9fcbcd4,2023-01-26,1
31b89a976095,2023-01-26,1
71a11dc091a8,2023-01-26,1
68b1397119e1,2022-12-29,1
f3c06ac8099b,2022-12-29,1
8a544301b0b5,2022-12-29,1
f43bd6120082,2022-12-29,1
f202f07102b7,2022-12-29,1
9b9ae0e88f89,2022-12-29,1
935302893a8f,2022-12-29,1
0537c32120d2,2023-09-13,1
cf028051c66f,2023-09-13,1
a22c79c7ea5b,2020-12-21,1
1fc452e0a241,2023-09-13,1
1261efffc79c,2020-12-25,1
98e8e43c9ac6,2020-12-16,1
071783548796,2024-09-05,1
b734a3e408f5,2022-01-10,1
c6d4cbc4553c,2022-01-10,1
29a1ef2c3f0c,2021-01-14,1
6e23b34c7c22,2021-07-14,1
44207296e163,2020-12-18,1
c4682e2c619e,2021-07-14,1
618ac00db6e7,2021-01-27,1
c2cc2f798b70,2021-01-18,1
81272b29f3dc,2020-12-30,1
48f31ed7143e,2023-04-27,1
a37a72936265,2021-01-26,1
79fdc441b59f,2019-10-17,1
5ae004dd9ecf,2020-12-28,1
7e24e99a081a,2020-12-28,1
4b6895649d76,2020-12-28,1
3983eeec8388,2020-12-28,1
14a4a0156def,2020-12-28,1
2d1370da96ac,2020-12-28,1
a9ee9513cb2d,2020-12-28,1
47852a051a82,2023-09-13,1
842a4679d466,2020-12-28,1
f18b19c69d3b,2021-01-12,1
c31cc8538146,2022-08-03,1
f41ef4326bd1,2023-11-30,1
2120b4222687,2022-12-22,1
ec791f761664,2021-01-12,1
59883de014df,2023-11-30,1
77e8b1719e3d,2021-01-12,1
839834e49863,2020-12-30,1
46d902334b23,2020-12-30,1
bae85ca27f6a,2024-09-04,1
7c111ba4702f,2024-09-04,1
875117819b13,2024-09-04,1
a830921a7f5d,2022-12-21,1
c7a9f87cb05d,2022-12-21,1
f4f83c78380b,2024-01-18,1
2bae24dd77c6,2024-01-18,1
70236e5e28f3,2024-01-18,1
c5834d851275,2024-01-18,1
cf81428a820e,2024-05-22,1
b217079cca31,2023-05-04,1
7aee3d3baba3,2021-01-26,1
2352ecef1366,2023-09-13,1
cd8fdc376d11,2021-01-19,1
53ce1f66132f,2024-08-21,1
d3858db7de5d,2021-01-22,1
15c1967eba7d,2021-01-22,1
0972c87ddb1e,2021-01-22,1
3593f06f8116,2023-10-17,1
de8f2705a02b,2021-01-18,1
1368ed283192,2024-09-06,1
98f723419539,2021-02-08,1
1aa1247d717f,2023-09-17,1
868858d8400d,2023-09-17,1
b3606eafdc44,2021-01-19,1
7b9b180fb168,2023-10-30,1
007215fe206b,2024-07-24,1
b3909a49f141,2021-01-28,1
fb8e3f81b29f,2021-01-26,1
1ad0b0acfea1,2022-11-02,1
d668126a419f,2024-03-21,1
516e5d4b2798,2023-01-31,1
b7c95783f300,2024-05-17,1
d6a2343187f7,2021-02-04,1
8b6e5c8dfa55,2021-01-29,1
d2092ff65fda,2021-02-17,1
babec6e1886d,2021-01-28,1
353f645dd9eb,2023-11-14,1
74eaae24cea6,2021-02-11,1
827995539dbc,2022-06-26,1
6d057c969530,2022-06-26,1
8f668993a415,2021-02-07,1
a3d293c00f7e,2021-02-07,1
d58251c1e800,2021-02-15,1
baddb18933d5,2021-02-01,1
4932de2de13a,2021-02-02,1
9803c19facb3,2021-02-03,1
8cd4447db211,2019-10-17,1
c96ceedaf552,2021-02-04,1
1291f9a3211c,2024-02-15,1
b063ec5d3035,2021-02-03,1
d3c8b6581511,2024-09-16,1
28f7d6898238,2021-02-15,1
bee0b5f612e1,2022-05-22,1
169c12368d5e,2021-02-03,1
7cb1c4b9ad50,2021-09-27,1
16832a0d92dd,2021-02-07,1
a199da3b9fb9,2021-02-05,1
c918d1d6c13e,2021-03-25,1
5ffeca4fbd43,2021-03-04,1
ab15ad24d869,2024-09-19,1
30c20a1c56c5,2021-04-05,1
7a7e0b5b3fa7,2021-09-03,1
85702f162da8,2021-09-03,1
44c6687edd55,2023-04-13,1
77fce742ed9f,2023-11-02,1
060ebe19a5ec,2021-09-03,1
3db1bfb4c1b3,2022-09-01,1
c2279063aa25,2023-05-24,1
46ad88981d04,2021-02-26,1
7669696c8cc6,2023-09-13,1
98d67e0758ce,2021-03-18,1
d8df933168d8,2022-01-10,1
d3088c1e99b7,2023-09-13,1
b644ff02b2f8,2021-07-14,1
7b2dfcdbfe07,2021-02-15,1
2a716ec182e7,2021-02-15,1
5c853a2a7326,2021-02-15,1
d0c055300e70,2021-02-15,1
82dfa245dea2,2021-02-12,1
f784162eeefe,2021-02-16,1
9e37b78541c0,2020-08-23,1
a867ab016783,2021-06-25,1
1e957bde0855,2021-04-13,1
9c9b5ea8ccd6,2021-03-01,1
7cb73a7f2bed,2021-03-18,1
530695554687,2021-03-15,1
778863d9f66e,2022-11-15,1
c4b7d75e76a1,2021-09-16,1
943419961dcb,2021-04-20,1
72299f0def98,2022-09-15,1
8681b1ccca55,2021-04-20,1
1db8d809bfef,2021-03-11,1
bec4e76e54f5,2021-10-25,1
43956be3e9be,2021-03-11,1
ca19a1a86267,2023-02-10,1
8a160ed00300,2021-03-11,1
7018c2adbfff,2021-02-25,1
b095cc33f27f,2021-03-11,1
2874fb7169ab,2024-07-08,1
3918969c667c,2023-06-26,1
b2f35440e645,2024-03-04,1
0d6ea764935a,2021-02-28,1
58c76aa12bce,2021-02-28,1
4a5f04425f04,2021-03-04,1
80edbdf18119,2021-03-12,1
60a3cc755f27,2023-12-01,1
6cf70373488e,2023-12-01,1
c52135188aef,2021-09-27,1
418ea4045efb,2021-05-14,1
2b445c59e342,2022-01-05,1
69f61854a82e,2021-04-09,1
e5959358c327,2021-04-09,1
bd5013e8acfc,2021-04-09,1
173e59a5b435,2021-03-04,1
d59d1b5ea2e6,2021-03-04,1
0863f156d1ea,2022-05-19,1
374b3adcc564,2021-03-26,1
34a664d5ab47,2021-03-30,1
11415b397fdc,2021-03-30,1
f21d6d1e7f95,2021-03-30,1
7d3dce624663,2021-03-30,1
35c92067c1ca,2021-03-26,1
3f65ffbd3769,2021-03-26,1
5cf95bb82011,2021-03-26,1
611ce5751c97,2021-03-26,1
6d0bfbbffa60,2019-10-17,1
986dbd10687c,2021-03-18,1
7d00ac420f39,2023-11-23,1
cb54cff53dbb,2021-03-10,1
39c0e7b52fba,2021-03-10,1
81f7353cb18f,2021-03-10,1
0d25e3d95e0a,2021-03-10,1
942af80a5ff9,2023-11-22,1
db761b68c9d8,2021-03-14,1
afc41ef376cb,2021-03-14,1
292548b265c9,2021-03-14,1
45255a23bb6d,2023-09-13,1
86fcd85d765c,2021-03-22,1
bf9fa2249b9c,2021-03-30,1
694d41e46746,2021-03-26,1
9627de3d4f76,2021-03-26,1
a2cbb07f2e96,2021-03-15,1
4065068f5c3c,2021-03-15,1
147245b3fe87,2021-03-16,1
193cc1cb619e,2021-03-15,1
0dacb656f1f4,2024-07-19,1
c41a7f829411,2024-02-29,1
646ac7640195,2024-04-20,1
1b665865077b,2024-04-20,1
ec0742365629,2024-03-14,1
814f54cc8763,2021-03-11,1
e88b36c4ba34,2021-03-16,1
fca15d4f238a,2021-03-24,1
6af9fb1d6de9,2021-03-24,1
4a07d71154fc,2021-03-15,1
1037e1582ceb,2019-10-17,1
60cc10e70e89,2022-08-25,1
3159047d3ae7,2024-04-17,1
0dc5a5dbe3c1,2021-03-18,1
e9c0c5857350,2021-04-04,1
639a88508b9e,2021-06-17,1
6fa6d1d91adf,2021-07-12,1
851ac369566f,2021-04-02,1
9815b8c986e2,2021-06-17,1
61596dfefa9a,2021-04-02,1
75ea433a9763,2021-07-12,1
2c7fa86c1497,2021-04-12,1
810fcb0015ba,2021-04-12,1
7f27b43a7e3c,2021-04-12,1
bba465217aaa,2021-03-26,1
3d71794cbb48,2021-03-19,1
ec8a4cc372d3,2021-03-25,1
9ec2154f1315,2021-03-29,1
23eafe6a92c9,2024-06-03,1
e1ed0bbfbb67,2024-09-01,1
459ce4886ba8,2021-08-18,1
9394cb492ab6,2024-02-19,1
43747f98206b,2021-03-29,1
41848095c52a,2023-05-22,1
f85712f9ba82,2024-09-18,1
730e97936306,2024-06-28,1
21be4d8f09f6,2024-01-09,1
7ccd5dae0f26,2021-03-29,1
643bc34751a8,2023-05-22,1
4275422c3838,2024-06-28,1
b9002eab0ae5,2024-06-28,1
3b9c4115cd79,2024-06-28,1
b0b3a640ad9d,2023-12-14,1
2a588845a5b7,2021-06-01,1
eb1741affba4,2021-06-01,1
4559d426390e,2021-04-05,1
3173a45e3bca,2021-04-05,1
202e87846eff,2022-01-28,1
bfcac8bd0961,2021-03-26,1
652afe79b2ac,2021-05-04,1
8b0af3b967f9,2021-04-09,1
9941158b865f,2021-04-12,1
16a2324a43e8,2024-08-01,1
41e7f15539c4,2023-09-13,1
8c4f33a744b2,2023-09-13,1
1ca55c2c75f7,2024-09-04,1
8030e84b9df1,2024-03-25,1
5cfae385098e,2021-04-02,1
61899b88ebeb,2023-11-29,1
2e364a7e078b,2022-12-29,1
45af3a20fd84,2022-11-09,1
7877a586d36b,2022-11-09,1
c22cfcd42542,2024-08-06,1
163f1851a625,2024-08-06,1
d39a08cf0c47,2024-08-06,1
602dfc8fa7cd,2024-08-06,1
9652369b6360,2024-08-06,1
f5524522a9ae,2024-08-06,1
2f2e5c91c6d6,2021-04-16,1
b568135541ea,2022-10-30,1
7200105641ae,2022-11-01,1
ab9a368ea5af,2022-10-30,1
280e64353cfd,2022-10-30,1
91f7dc69401b,2024-03-10,1
a7da9fd8ea83,2024-03-19,1
bbb59dd0e0a0,2021-04-26,1
ea15e0964476,2024-09-12,1
08d07b4654b7,2021-04-22,1
0b211fdb94a9,2021-04-14,1
694e6be81eb6,2021-04-14,1
18b27fc79bf2,2022-03-28,1
034c867fcf82,2024-08-15,1
355a2ce0ee94,2022-07-15,1
dad90757bc62,2021-04-15,1
8ecbbbc42d62,2021-04-20,1
6225cd466bdd,2021-04-20,1
750d95737357,2021-04-20,1
edcec4195407,2021-04-20,1
e4607f88bf0a,2021-04-20,1
27f3cf710cb2,2021-04-20,1
21dacf400277,2021-04-20,1
2883307cceae,2022-09-22,1
d86a692f5524,2021-04-14,1
0f7628bde179,2021-04-19,1
26851adb1703,2021-04-19,1
8be84a86a284,2021-04-19,1
1e659588ccca,2021-06-18,1
315a0435dc94,2021-06-18,1
cebdaa379a6c,2021-04-27,1
2052459cc232,2021-04-27,1
65157fb403b3,2021-04-19,1
fbcad6b44832,2021-04-16,1
7636b638a18c,2021-04-22,1
3ef90df2c4d9,2021-04-22,1
309d5f8e6f7a,2021-04-21,1
d74d4a0844e9,2023-01-10,1
e090d8f594ae,2021-04-20,1
706c6a80b946,2021-04-20,1
f1c48736af2a,2021-04-20,1
9e91c75d4029,2022-08-28,1
8a47c42557f0,2022-04-29,1
8da0a08394e1,2021-05-24,1
6e084b503410,2024-06-06,1
3f122b4e990c,2021-04-28,1
5ada19122e86,2021-05-11,1
1b465c1bd2e6,2024-04-04,1
31eb0fec6164,2021-05-11,1
4e4eb60aa34c,2021-09-07,1
3bc9b90f419e,2022-11-07,1
5bbf7ca3747e,2022-03-14,1
955b6682cf46,2021-05-12,1
7f69f15de0d5,2023-06-26,1
8a437ce4364d,2024-04-14,1
babd35f90936,2021-05-17,1
66ec60988e8d,2024-03-10,1
55d7250bf206,2023-04-16,1
5f82ca26f59c,2021-05-03,1
8b2cdb7ac537,2024-01-18,1
ffc4b95bb3ee,2021-04-30,1
6ce1f44a1c9a,2021-04-30,1
6d688c2801ef,2021-05-05,1
d62bc1445fc5,2021-05-05,1
0c6f59174edd,2022-04-28,1
8541e8ec5aab,2022-04-28,1
c1243251268e,2021-05-13,1
e97c50ef192c,2021-05-13,1
fce754e47997,2024-03-07,1
4c0188692474,2021-05-12,1
f13a1a4b5e3c,2021-05-12,1
56719b4979f1,2021-05-12,1
d067619cdbd8,2023-02-02,1
a66153073ae5,2021-05-19,1
99de310cad9c,2021-05-19,1
c6c303bf206c,2021-05-23,1
6c7274fef14c,2021-05-23,1
c1ef3911503f,2021-05-23,1
4362c1ae805b,2021-05-25,1
f0aa6784d540,2021-05-12,1
e69c37bec6d4,2021-05-25,1
37457767fdea,2021-09-03,1
c523735141e7,2021-05-12,1
28fe8e7cda87,2021-09-03,1
74dac7c0963f,2022-07-12,1
2db416d0001d,2021-05-12,1
3d44be731749,2021-05-12,1
3e766cff4788,2021-05-12,1
c99440867554,2023-06-21,1
2e43a3188326,2021-05-31,1
490e2aa60867,2021-05-31,1
a6de9c117341,2022-09-09,1
b48bf5cd79ec,2021-05-26,1
5634ff5e6f57,2021-05-24,1
d5c5a671c30e,2021-05-18,1
e674fdfce6b7,2021-05-18,1
780ffad19831,2021-05-18,1
d5d19c29a6af,2024-04-27,1
813b2bfcc8ef,2021-05-19,1
2e07d50a2c43,2021-06-04,1
0a9493fdd71f,2021-05-18,1
d219369bd18d,2021-05-18,1
4232caa20b45,2021-05-18,1
fa8ea90f132a,2021-05-18,1
7b3a293d4ef1,2021-05-18,1
c5f38f353725,2021-05-18,1
0231e1e4d5ae,2024-05-19,1
e8b7993886db,2023-10-23,1
20775137bc92,2022-01-10,1
559966ae4367,2024-06-13,1
e2f2803bbdb3,2021-05-24,1
d6d7ccfadd43,2021-05-27,1
a7227c40ddc4,2021-05-31,1
e3d84ad38926,2021-05-24,1
bd5ea8afa75f,2021-05-27,1
7ca7c438c037,2023-05-14,1
6c4836a2b761,2024-05-21,1
17ff8425c310,2024-08-05,1
a5c98510b4b8,2024-05-05,1
eb4e98283fa2,2021-05-26,1
3d486c9d457e,2021-05-29,1
df6960aa0e55,2021-08-30,1
7aa3b2d44328,2021-06-03,1
1c7b50ce47c2,2021-06-03,1
8d1eccd5a41b,2021-05-30,1
b47c62436b38,2021-07-13,1
6201cc4b876a,2021-09-21,1
1bb270e169c7,2023-12-26,1
072d4213cdb3,2021-06-28,1
daa46ef49b7a,2021-06-02,1
067793ba4df5,2023-03-27,1
b09efffb8bb1,2023-03-27,1
a3b9bad81bf3,2021-07-13,1
77850d7186b5,2021-07-16,1
26546e33da50,2021-07-16,1
a23390b2308f,2021-06-09,1
d459c72def01,2023-09-13,1
c0e0a88d85a8,2021-06-07,1
45cdbca64f44,2021-06-09,1
b49919095c52,2021-06-15,1
96924412a926,2023-06-28,1
1db5c417b6ff,2023-10-19,1
8e15e8c27760,2021-06-10,1
4768bb16cafe,2021-06-10,1
3aa03b19bfae,2021-06-09,1
2f7b1e4b06dc,2021-07-26,1
9c51a3312781,2022-06-06,1
ac40eb42c3b0,2022-05-05,1
66d0b8ea1359,2021-06-15,1
63b70d15b716,2023-02-07,1
598d26e4c5d4,2023-02-07,1
59ab65651d00,2023-02-07,1
3a62d823cbf3,2021-08-31,1
4cf130c36544,2022-09-25,1
e1ad4d7633f0,2022-01-30,1
109bfc7510e8,2022-01-30,1
5b44fabd40e7,2023-09-13,1
d5d9d2536080,2023-06-26,1
624275180cce,2021-06-17,1
9e290e768ba4,2021-06-24,1
ca3f5ee7ab1c,2024-04-17,1
7092606a834c,2024-04-17,1
0105424d1eac,2023-06-21,1
d095b2ad3f85,2023-06-21,1
9007591885c7,2023-06-21,1
c6ba98412f41,2021-06-24,1
9ff26924e96f,2021-06-24,1
247c657bb66e,2024-04-25,1
82e5d1446493,2024-01-25,1
335bda062c12,2021-06-28,1
eb802b90190e,2021-07-02,1
5d4968499d8d,2021-10-15,1
d30901e4026a,2021-10-15,1
9572eebbe67a,2021-06-25,1
42baadcbfb08,2021-06-25,1
0512ff7a59b8,2021-06-30,1
627cd65e0374,2021-07-13,1
46483e2fb132,2021-07-13,1
ed4724c21a9a,2021-06-25,1
a1b14a7bcd8f,2023-05-17,1
ef2f4e8ea51f,2021-06-25,1
d9060dda26d0,2021-06-25,1
56940044747a,2024-02-13,1
7b44eb950158,2021-07-13,1
77ff94d879a7,2021-07-13,1
075ccd14b0d7,2021-07-13,1
b099ce175807,2021-07-28,1
9ab3f9f1ebff,2021-07-28,1
d36052274fcf,2021-07-28,1
56edb7bdecaf,2022-12-04,1
b816d6e57d97,2021-07-06,1
88c6e68e6b49,2021-07-06,1
c954a3a9fae4,2021-07-06,1
020a552cc4b1,2021-07-06,1
8bda984a9653,2021-07-14,1
79a0ef3405ee,2021-07-14,1
c47d407f1cf6,2021-07-14,1
69e542735cd2,2021-07-14,1
afd3bf9fe2bf,2023-03-30,1
260135f77173,2021-09-21,1
42b3dd5646ac,2024-08-28,1
4b4c11d5ce1d,2021-12-23,1
74b5870107ca,2021-12-29,1
6e8029bdc791,2022-04-11,1
ba1fc9590b44,2022-06-09,1
726b46e8f1b7,2022-05-26,1
a437dace575d,2023-06-26,1
83fc7ef9b415,2022-10-26,1
22869a1ef5f8,2024-09-05,1
1ef51e804054,2021-08-06,1
95a1ba1b6617,2019-10-17,1
36ae4ecf1c00,2023-09-26,1
37b96059be21,2022-12-04,1
b6272d576158,2022-06-06,1
1916feb4aac2,2021-10-06,1
74a28a4f63c6,2021-07-14,1
7a040ff65ca4,2021-11-10,1
ec721eaea352,2021-07-19,1
a659343ada4c,2024-08-05,1
c5a72bb3b030,2021-08-09,1
526d41f31cd6,2021-08-09,1
c49d296d203b,2021-08-09,1
e10772be984b,2021-07-08,1
5512e7a6a3ae,2023-06-07,1
e503cdcfd354,2023-06-07,1
e2bed9c9dc1a,2024-02-21,1
ec091429dad3,2021-07-19,1
e6686d990c5d,2021-07-19,1
7351e0bfdf67,2021-10-01,1
7e77d452ae90,2021-10-01,1
6b292f678986,2021-07-25,1
3c97571dcf73,2021-07-21,1
a2da304c3c79,2023-06-09,1
9c9221fd01bc,2023-06-09,1
558a01a8957b,2024-08-25,1
bf94c8fe0812,2024-08-25,1
721a448a410f,2021-08-10,1
2b11db8d9e34,2024-09-02,1
f1d2c45681c0,2021-08-18,1
bea58b6b4c21,2021-08-17,1
119a2272e9b4,2021-07-29,1
893762d0a544,2023-09-13,1
183e1c484862,2021-07-27,1
6cf4a083307d,2021-07-27,1
9f0ea9d15f2c,2024-03-15,1
d42eb3f46142,2024-09-23,1
a19da3458d33,2021-08-10,1
424154f5fc2b,2021-08-08,1
a2a0a273c2cb,2024-08-08,1
0217891abe14,2021-08-08,1
7244ffc2eca7,2021-08-13,1
8657458f84fa,2022-07-04,1
6aecf08bcd8c,2021-08-20,1
bef3bc94c55e,2021-07-30,1
c924f6b9fc86,2021-07-30,1
d645013e4e7e,2021-07-30,1
5bb41393d116,2021-07-30,1
500da7196bfa,2021-08-06,1
f7a9bfeee7cf,2021-08-06,1
f1888f86721c,2021-09-16,1
f61715cf299c,2021-08-10,1
4e6b3c70fe00,2021-08-10,1
3fc246d9bad4,2021-08-10,1
dc4d6c05d357,2021-08-15,1
5b0249b74d98,2021-08-15,1
ebae20c166a2,2021-08-15,1
a052744b77d3,2021-09-21,1
a18eb9c323ba,2021-09-16,1
f5fb1f4c5824,2024-07-22,1
f91e2957e6f4,2021-08-22,1
061aaa200336,2021-08-05,1
1fdbfb7fa177,2022-02-21,1
e30114c99ce6,2022-02-21,1
4261cbf1cb13,2022-02-21,1
3ae077561b63,2022-02-21,1
a0d95e96f681,2022-02-21,1
442c69de05de,2022-02-13,1
2db137f1059d,2023-09-14,1
645968f90cc8,2021-08-09,1
2b1d723644c6,2021-08-22,1
fa3177cfd23b,2021-08-06,1
2ad9920e7190,2021-08-06,1
5a71f41ed723,2021-08-06,1
a66fdf2c0ae7,2021-08-11,1
2848d834e4a2,2021-08-29,1
6bc399382ef9,2021-08-15,1
38b513776508,2021-08-15,1
17e034612739,2021-08-15,1
7cc784707a81,2021-08-15,1
d3deb022e0fa,2021-08-24,1
3f51ef38a9f1,2021-08-24,1
f6f3f60ba6bc,2021-08-24,1
1fbe6f22f916,2021-08-24,1
58be3caf1c38,2021-09-01,1
4b84c6d5b581,2021-08-23,1
179ec7e63372,2021-09-20,1
e81bcf25595e,2021-08-18,1
1be917d6f89e,2021-08-18,1
5967f8a7132a,2021-08-15,1
8ce033dce2e0,2024-07-29,1
aed73a0bcdcc,2023-06-26,1
8914bc2405e5,2024-08-12,1
30142c52c8b5,2021-08-24,1
70c6570e2588,2021-08-24,1
63da0a620724,2021-08-24,1
154ce462a303,2021-08-24,1
51672a773b04,2021-08-24,1
1ab309498535,2021-08-17,1
67f31dc5dca3,2021-10-06,1
6402808de4c8,2022-06-14,1
fab9be8fd2c0,2022-04-21,1
00727e9b17f7,2022-01-19,1
55242d4f9670,2022-01-19,1
8461b56a0858,2024-08-12,1
219cde81aa67,2021-08-20,1
0de5fe62590d,2021-08-20,1
947dc1d486a8,2021-08-30,1
bde833ebc430,2021-08-30,1
0d442dd33566,2021-08-30,1
6e0e63e5f04c,2021-08-29,1
5a7fde44da79,2021-08-24,1
316cabcb6044,2021-08-26,1
bd4e3027d1ed,2021-08-26,1
5109d4f5d8eb,2021-08-26,1
1752677f36c2,2021-08-26,1
7deae24e9bed,2021-08-26,1
a9f853f251a4,2021-08-26,1
b259c035c91f,2021-08-26,1
b94f496fd667,2021-08-26,1
81920c5cea2b,2021-09-09,1
d9390f60c958,2021-08-26,1
e91ec9e0bc5c,2021-08-26,1
aa64a4291b36,2024-06-10,1
f41069cdea91,2023-02-03,1
76025e875310,2021-09-23,1
eac23fad1c99,2021-09-17,1
285925f2590c,2024-05-15,1
abd1314c7aa5,2021-09-23,1
8d52d1d4b2c9,2021-10-04,1
107c1dccf94f,2022-04-14,1
301ab3da516b,2021-09-15,1
6eed523c5a67,2023-01-10,1
38d7124059c1,2022-05-13,1
4578719bd88b,2021-09-24,1
2e694483545f,2021-09-24,1
cbf93ec5240c,2023-01-10,1
c65bcef18785,2021-09-02,1
10c019e9f343,2021-09-08,1
40361e767d3b,2021-09-08,1
be8ea58e12c2,2021-09-08,1
cbda3739e241,2021-09-05,1
c512c7ec68bc,2021-09-20,1
35a32db460d5,2024-06-24,1
e8093ada4931,2021-09-20,1
4aaf78390456,2021-10-22,1
042fbdcf362b,2021-09-09,1
46100f222d10,2021-09-09,1
e3faf51fe9f7,2021-09-09,1
c55430541a3e,2023-05-10,1
196ad810836e,2021-09-20,1
d7afcfd7fafe,2021-09-20,1
29a66e626d9d,2021-10-22,1
f1ec25c27195,2021-09-13,1
7d17c643d6f6,2021-09-28,1
69a712615719,2021-09-28,1
c773b828528f,2024-03-04,1
04f6d16cd334,2021-10-14,1
755c32ac1ce5,2021-10-14,1
6196842759d7,2021-09-20,1
b889d72cfdb9,2021-09-20,1
667881276649,2021-11-29,1
cc8e5b900a64,2021-11-29,1
c38deb2bb656,2021-10-05,1
7f093ae1bf33,2023-03-27,1
6de8294ef49c,2024-09-26,1
39fb87e991be,2021-09-19,1
0d209673385f,2022-08-24,1
49a901590b85,2021-09-24,1
6fa8315c37c7,2024-08-28,1
034aa4d221bf,2021-10-06,1
02841a739364,2021-11-23,1
49b5a85e3b4c,2021-10-06,1
a5fe7de18f80,2021-09-29,1
f9f2e3c1bdc0,2021-09-30,1
518dfb371051,2021-09-30,1
e2c5e9332fbb,2021-09-30,1
66702d1cc894,2021-09-30,1
115cc8d2aeca,2021-09-30,1
8d0a2068aa75,2021-09-30,1
04ed92964b95,2021-09-30,1
ef15f30b1bfb,2021-09-30,1
ab27e5bd0857,2021-09-30,1
83dae0aa5d57,2021-09-30,1
ca0f4025a93b,2021-09-30,1
a0c96264aa6c,2021-09-30,1
b0872ca09eb1,2021-11-16,1
4018c7708a4e,2021-11-16,1
aedbe998fc6f,2021-11-16,1
a8cb976781ce,2021-11-16,1
f613ddf39ebf,2021-11-16,1
4bd11f8de719,2021-11-16,1
09311d792cc0,2021-09-30,1
6d7044105da4,2021-09-30,1
656ab65fb5e8,2021-09-30,1
247e724610f8,2019-10-17,1
74d7be1e856b,2024-06-18,1
96c7d39441ed,2023-09-13,1
3b4c8badda0c,2024-06-18,1
2d5ec0b21e4c,2024-03-19,1
8b67550de8dd,2023-04-02,1
11f7c85e75ed,2023-01-17,1
346f431d3a1b,2023-01-17,1
3ea923ec5cdc,2021-10-06,1
b9612144ee48,2021-10-06,1
034086cd6096,2021-10-06,1
e9b92813def5,2024-08-12,1
3bcf2a614d9f,2022-07-04,1
c2d027f3e327,2021-10-11,1
6fbe0aec7e1c,2022-10-28,1
15995916e845,2023-09-13,1
5dde513bdace,2023-09-13,1
4f93f80deb70,2023-03-21,1
124df924f69c,2021-10-27,1
ecfcd14b9b08,2023-03-21,1
7e84c1b79334,2021-10-27,1
00b50d9ec10d,2021-10-19,1
614aea1b9bb8,2021-10-19,1
128248ec9379,2021-10-10,1
ae2890f783b8,2022-02-08,1
92543c68fd9b,2022-02-08,1
d0d2ac309a39,2022-02-08,1
341c1c6a14c3,2022-02-08,1
de16503a8d18,2022-02-08,1
ab611c5cef62,2022-02-08,1
98c5dcdb9ee3,2022-02-08,1
71104b1b1170,2022-02-08,1
59e74245e91e,2022-02-08,1
f1ad124b3bd7,2022-02-08,1
792dbe99e23f,2022-08-18,1
aaf59c018712,2022-02-08,1
8ed1aaaf2503,2022-08-18,1
850d36ba819b,2022-02-08,1
be228a95a472,2022-02-08,1
7689c0271b6c,2022-02-08,1
e53af0890dad,2022-02-08,1
724163621c34,2022-02-08,1
8c7de1e5a7f4,2022-02-08,1
3a698cf234e0,2022-02-08,1
9480aa81ff6c,2023-02-07,1
3f4eeee144ca,2022-06-07,1
ac0c0b67f659,2021-11-24,1
6ee67bd237c9,2021-11-24,1
70653009263d,2021-10-11,1
92f125352de7,2021-10-14,1
ddd62b3e0f97,2021-10-15,1
179d16a31f90,2021-10-27,1
958e27a5816d,2021-10-27,1
1bb70292bd53,2021-10-27,1
36821ce2287c,2021-10-27,1
eb6ef7df698c,2021-10-27,1
627f6724c86a,2021-10-27,1
e61522240b9b,2019-10-17,1
fec08900d974,2023-11-03,1
25927b7ecba9,2022-09-22,1
fb597c14b1bc,2021-10-24,1
4404e7661b6e,2021-11-11,1
fd2c14c89c5b,2021-11-11,1
25d00adb27fd,2022-11-29,1
3f2edbca45ea,2021-11-21,1
2a8891a82021,2021-11-11,1
c54190bd94b0,2021-11-11,1
9db80103bc7a,2021-11-21,1
cf66b8247f73,2023-01-26,1
7de7563484af,2022-12-29,1
25582b2f902e,2022-12-29,1
2342f7e5beb4,2024-04-04,1
536734c74d1b,2021-10-26,1
ee7b9307813f,2021-10-24,1
f8f52d1a1cf0,2021-10-25,1
23385e916fa5,2021-10-25,1
858628f86fc3,2024-08-15,1
75996b6ef190,2021-12-23,1
a44c3ddd07e0,2021-11-01,1
a258e2c2c34a,2021-11-01,1
d2cce85a6e0e,2024-05-24,1
d06e91333045,2024-06-09,1
38828810e42a,2022-09-01,1
45a0c678258a,2023-11-07,1
ffeac00fb302,2023-11-07,1
16faf4a1d88a,2021-11-16,1
09f5999c99c1,2021-11-16,1
802654599bc5,2021-11-19,1
7baea7e8c171,2021-11-19,1
6254604c0c08,2024-03-31,1
ecafb8ae8bd0,2021-11-08,1
bca013a15ca2,2022-04-04,1
fa75be937439,2023-11-30,1
136395cf6eec,2021-12-08,1
6ea9f0f8c583,2021-11-30,1
696e22c48aa0,2021-11-30,1
0ab0e59b0736,2021-11-03,1
78e3d123d01c,2021-11-08,1
ec73c182f521,2021-11-08,1
4683d4361bdb,2021-11-08,1
42e0f5c44244,2021-11-08,1
b518a2a2010d,2021-11-12,1
14ba45ed1611,2022-02-08,1
1836fe5549b0,2024-01-23,1
406c4ce18c38,2024-01-23,1
16866a23098d,2021-12-20,1
45c1aa90ad09,2022-01-26,1
9baca7858bc6,2021-11-18,1
5aa015cfce4a,2021-12-08,1
b4361ed91d98,2021-11-18,1
d84a6da68e50,2021-11-18,1
4e14b230d997,2021-11-17,1
2f47c685ca5b,2021-11-17,1
0cac5effb2e4,2024-06-18,1
606593e15a9d,2024-09-18,1
a6b4eafa6a78,2024-09-18,1
eabfce10aeb2,2024-09-18,1
1dd063737b82,2024-09-18,1
3e6e29b5953c,2024-09-18,1
482ea44f1cec,2024-09-18,1
7ddd13acc3af,2024-06-10,1
bd30354d059e,2024-06-10,1
479421eb7226,2024-06-10,1
2e166d7f1479,2023-10-20,1
614f930aafe8,2023-10-20,1
bd3cf85df911,2024-08-27,1
f978571e05c3,2021-11-19,1
80c1e1cfdf46,2021-11-21,1
f3019dac45e1,2021-11-23,1
36acdf051d21,2021-11-23,1
ace595f4b268,2021-11-23,1
8e76b50122be,2023-06-01,1
64a5835fe5ed,2021-11-23,1
65d51a2f3efb,2022-02-24,1
dbb96bd9aa54,2024-01-23,1
fe9959833ff8,2021-11-25,1
10d53e8ea20a,2021-11-25,1
2f9ec130b509,2021-11-29,1
009e9405250a,2023-09-13,1
02dc863a2ac1,2024-03-04,1
c17b340a9ec9,2024-03-07,1
4c6621e9db12,2021-11-25,1
5c1e7a25bcf0,2021-12-03,1
873fb333f8ef,2024-04-17,1
d7e359bc7df4,2024-04-22,1
ea50af03a9ce,2024-09-05,1
60d5e5908c9e,2022-04-13,1
a85476b663bd,2021-12-01,1
8722a6868c40,2021-12-10,1
792aaa613e04,2021-12-10,1
5b41fd9ddf77,2021-12-10,1
945691b22dc4,2022-01-27,1
85b479e60be7,2021-11-30,1
dd12cf259bd3,2022-09-27,1
ee7a89b99c8e,2023-06-08,1
d570224e3506,2021-12-06,1
504a26186545,2021-12-06,1
ca24af617954,2021-12-06,1
9a02da64050e,2021-12-15,1
d3b0bd043cd6,2021-12-15,1
7f526dd448ad,2024-08-05,1
435d55413080,2023-10-03,1
af62a8403015,2023-10-03,1
9c0317dc1155,2021-12-13,1
e6204b66950b,2021-12-13,1
ea28ac1a0375,2024-09-08,1
aff65297051a,2022-08-11,1
6fb71bef7f08,2022-08-08,1
0a5d000cd803,2022-08-11,1
85d97d4fbd8d,2022-08-08,1
1dad7cd9cd26,2021-12-20,1
26dfb6d2c253,2021-12-12,1
78c0cf73dc15,2023-12-12,1
c8df3d12d1f9,2024-06-09,1
9d819d59f158,2021-12-07,1
e778032b1692,2023-11-13,1
227d443addb1,2021-12-09,1
06d74a9ab86a,2021-12-19,1
0b9af7ffbf54,2022-01-11,1
5a07b4f66db3,2022-01-11,1
65fdb63d47f4,2024-08-15,1
e779a467879c,2021-12-24,1
78d3b6977914,2021-12-28,1
a1e24636db37,2021-12-20,1
42116968c1af,2021-12-22,1
4c66d57853fa,2022-01-10,1
b162c8ba5b48,2023-04-03,1
ddfcf556aa21,2022-01-10,1
17460e91b617,2022-03-15,1
5c0242f5c553,2024-07-05,1
6b48dcb6b0b5,2023-09-21,1
dd996d6167ce,2022-03-08,1
22e2943768f5,2023-12-08,1
326e74ddcf15,2022-01-12,1
2a016ea9c7ae,2022-01-20,1
bb073e1d44cb,2022-01-18,1
47255ee1bce5,2022-01-18,1
33045abda64e,2022-01-20,1
17cffd3d0cec,2022-01-20,1
8d66e11e762c,2024-01-18,1
c1c646f61309,2022-01-27,1
4edb7b04c131,2022-01-27,1
7993a385a19a,2022-01-30,1
f70bc7220946,2022-02-04,1
ce69ae3b01ec,2022-02-13,1
876dab1525bc,2022-02-01,1
96827f16ecc6,2022-01-19,1
f17292932211,2022-02-01,1
a198f37c5833,2024-03-04,1
af26f14c0dc2,2022-02-10,1
65bf9d2a9d40,2022-02-10,1
4509dbb9b489,2022-01-26,1
ff31072ad2bc,2023-05-19,1
dbe7d34ad405,2022-01-21,1
50b9dc9b9b6d,2022-01-21,1
86b13f0705ab,2022-01-21,1
4b72939e05ed,2022-01-21,1
65e9b0ae3ab9,2022-01-21,1
b891ca878d3a,2023-09-13,1
4ffef3f3c45a,2022-01-21,1
6e854d35b54d,2023-02-07,1
4366d222cef6,2022-04-12,1
dd2a7d5369ef,2022-07-18,1
aa79dfcf5251,2022-02-02,1
3233cf5db497,2022-02-02,1
685a1ea695ae,2022-02-02,1
c8067b126f58,2022-01-24,1
bcc92bf3468c,2022-01-28,1
0fd2ea66fc97,2022-01-28,1
c5132d939dc5,2024-06-19,1
406b3109d59c,2023-11-29,1
dbfa51dc0b78,2022-02-03,1
3378eb23b704,2022-02-03,1
1e7234b451fa,2022-02-10,1
64f228656f89,2022-01-26,1
cbc0047b7ba6,2022-01-26,1
c9b5cd254fd0,2022-02-28,1
cdfb24359831,2022-01-31,1
ed6c5d033737,2022-01-31,1
d34ff3fc5149,2022-01-31,1
2457042ca256,2022-01-28,1
4bf82a36fb44,2024-07-08,1
f3b16898630b,2022-02-01,1
14f9bae8a217,2022-02-20,1
ebf06c0499e5,2022-02-15,1
276f08e461d5,2022-02-15,1
9d2a2a3c5c9e,2022-02-15,1
a6f4cfc745d7,2022-02-17,1
61c2ce5766b1,2022-02-17,1
0d42ded7560f,2022-03-22,1
3d194c8c2590,2022-02-08,1
8040134aa3e2,2022-02-14,1
9872042f2d2e,2022-02-14,1
f5b36b9daf40,2022-02-14,1
05c0595bb3fc,2024-07-28,1
6db176611074,2024-06-16,1
b05c9fd10dfd,2022-02-09,1
029f72f6913c,2022-02-08,1
39ea48f7a28a,2022-06-23,1
b7710e5fe075,2022-02-07,1
899caebab09e,2022-03-09,1
60292782a754,2022-02-14,1
94857ef47ce5,2022-02-23,1
df4dd163d2e8,2022-02-23,1
2a539f601d2f,2022-02-23,1
d4a77d22c45c,2022-02-15,1
49d1a0df565a,2022-02-14,1
78ec92704304,2023-06-26,1
e13e6c70d395,2022-11-15,1
f31b28d116be,2022-03-15,1
36f42322d789,2022-03-10,1
e8055962e456,2024-06-27,1
3649f8ddffb1,2022-04-07,1
b26e7aaf90e8,2022-04-07,1
401eb8d03f1a,2022-04-07,1
843c162d8f58,2022-04-07,1
9093caaf44ba,2022-03-28,1
4346ab99efcb,2022-08-16,1
7ead8b62b4bd,2022-02-15,1
839c44120aa4,2022-02-24,1
78c5d2539aa5,2022-03-01,1
e67e7f591741,2022-03-04,1
805e7e75ff0e,2022-03-10,1
85c0b1fa71fe,2022-03-06,1
5b088b3f8f48,2022-10-28,1
3962a65b3595,2022-03-13,1
9f022bbd7c90,2024-04-15,1
cd532805668f,2024-04-15,1
6bd670ca335e,2024-04-15,1
eb8aed708888,2022-03-24,1
1041d7b54476,2022-03-24,1
ef1ea9b852d0,2022-03-24,1
e9a9078df42c,2022-03-24,1
fc63899464fd,2022-03-24,1
1c4ea6094b62,2022-03-24,1
d4a7793fb4d0,2022-05-06,1
3a67e4696302,2024-05-27,1
01c1e9f5775d,2022-03-02,1
e666f86f8015,2022-03-02,1
8acf1d1a462d,2022-03-02,1
ed34d5cd8f52,2022-03-23,1
d7e740a0c98d,2022-09-09,1
ee4372f98e65,2023-09-13,1
0c177085dc7d,2023-09-13,1
82dfc429b8c5,2023-03-20,1
f4c60dd03376,2022-04-19,1
bb6b44d05ec4,2022-04-10,1
21ee94849da9,2022-03-21,1
8acff1efbe5e,2022-03-23,1
8b6a63f4eb18,2022-03-23,1
7dc258974aec,2022-03-23,1
52c55066b441,2022-03-09,1
2e54c50350a6,2022-03-21,1
6ee67f6c46f6,2022-03-21,1
14304f7ccd80,2022-03-24,1
d7b78b49bb3a,2023-05-23,1
1ced975517e0,2022-03-21,1
7ef01ef1c103,2022-03-21,1
b8987094f2de,2023-10-19,1
0a26152d7bc8,2022-03-21,1
0e451ccffdd7,2023-12-19,1
44ded38352b3,2022-04-21,1
69b1d494159d,2023-03-27,1
188bac9afa3b,2023-03-27,1
864ff1887916,2022-05-22,1
3d3078dd7ec2,2022-05-22,1
6468b4f3c353,2023-02-13,1
6035e78adee1,2023-02-13,1
25b0f4cc3a25,2022-03-29,1
db6a393329b3,2022-03-22,1
2e3096a6dd4d,2022-08-11,1
55396813af5f,2022-08-08,1
e9e769840e59,2024-06-06,1
f7a92531788d,2022-03-22,1
5522730ad180,2022-03-23,1
d49d796e0fcb,2022-03-22,1
7ec440faa0c2,2022-03-22,1
d61c252e95c5,2022-04-01,1
c24c1c6999bd,2022-04-04,1
90596a57d733,2022-04-04,1
7ba03004a6d6,2024-03-05,1
70c578e58b20,2022-04-05,1
82d1957211e8,2022-08-09,1
e26df5d6527b,2022-08-09,1
d225ae3e30c0,2022-04-05,1
f3425a688b62,2022-03-24,1
b7538db9c4be,2022-03-24,1
124746da60b8,2022-03-24,1
6658c54f0ddf,2022-03-25,1
77a6b5af4aa6,2022-03-25,1
dbbde03fec73,2022-03-24,1
fa0e1e860a52,2022-03-24,1
1199bbc5a89e,2022-03-24,1
0b7c0f21f11a,2023-06-28,1
3e67a4049c0c,2024-04-03,1
327ac8fdf7b6,2022-03-29,1
f3f5fafea94e,2022-03-29,1
4974e5bacc44,2022-03-29,1
b52229bc29e4,2023-09-13,1
77bb17096f87,2022-07-10,1
7e6b3af12f97,2022-04-14,1
5a3eba6fed1e,2022-04-17,1
faf93b897ffb,2022-04-11,1
c2c27b5d1d7f,2022-04-13,1
c44a6b311d75,2022-04-17,1
223e3ea1fda2,2022-04-26,1
82ae5bb61987,2022-04-18,1
fd724db16ab7,2024-05-15,1
f8caaaebfc67,2022-04-13,1
6123993062f5,2022-04-13,1
d73a14e8c385,2022-04-13,1
08d74472dfaf,2022-10-14,1
c61de8899e4a,2024-08-26,1
e57d25d6d6f8,2024-08-01,1
93ef0f20a237,2022-04-05,1
127a65ca73d1,2022-04-05,1
9b561ac30434,2022-04-05,1
45444b5df2d1,2022-04-05,1
24695ee127af,2024-08-25,1
3dd6b77c8dd3,2022-04-05,1
21c6a6c3f5e5,2022-04-05,1
8067b5e24e17,2023-11-16,1
c2e05e4b65de,2022-04-05,1
0b3aaacdab26,2022-04-05,1
ae376cd3dc07,2022-04-05,1
6386a1ea4b08,2022-04-05,1
2f58fbcba233,2022-04-28,1
4acb3be11f0b,2022-06-09,1
86ddd7c2fa53,2022-04-03,1
f8b2de4e65fe,2022-04-05,1
34d7a8a28004,2022-04-05,1
b4e0bac35005,2022-04-14,1
e3f5af31173d,2022-04-21,1
d489223074df,2022-04-05,1
0347aca2e961,2022-10-10,1
3d036dd629b5,2022-10-10,1
3a8d11d1b3ae,2024-01-30,1
531a9f5490e9,2022-10-10,1
223b5e819c74,2024-03-20,1
5e12c28911b9,2024-07-22,1
e3a8fc796af6,2022-04-06,1
8ab850c0c739,2022-04-18,1
1a0ced9f2aaa,2022-04-07,1
90fe0b3d20e8,2022-04-13,1
4b63435491de,2022-04-13,1
ff0d1d71a9cf,2024-09-25,1
3b5fc5b9ad20,2024-01-18,1
c85b4f0e069d,2024-01-18,1
d0bd6b744046,2022-04-19,1
978baf9e32a0,2024-08-14,1
09af0fa691eb,2023-06-22,1
d6c2f5dc59e6,2023-11-29,1
f0a2f7dc1a1b,2024-07-09,1
41bee3e52e74,2023-01-24,1
aa8c52737646,2022-10-04,1
1193f56a5939,2023-12-19,1
78cc1f9d883b,2022-10-04,1
18a3d4062bcd,2022-06-23,1
811a664f11e7,2022-04-29,1
c8e079024f9b,2022-04-29,1
26a2bef817b3,2022-04-12,1
35819460055b,2022-04-18,1
a2cfd8033c4c,2022-04-12,1
cd4bcb36ffd0,2022-04-14,1
f595d847fb63,2024-03-28,1
f0e14b304999,2023-01-10,1
4f3a6be8741b,2023-01-10,1
e8310f85339a,2024-03-28,1
f44a9427c2ae,2022-06-28,1
7c694f9aa4cf,2022-05-11,1
56e6a7edbcfe,2022-04-13,1
6e7d8672c410,2022-04-18,1
6b47bef576b2,2024-08-25,1
9750370b4212,2024-03-04,1
879bc16d9dba,2022-04-26,1
81a6ffef269a,2022-05-04,1
b85906815932,2022-09-07,1
fb5478f6e027,2022-09-07,1
1d761620e65c,2019-10-17,1
75023236f4aa,2024-09-17,1
db2d6ec41ae3,2024-06-17,1
8f628554c882,2022-04-18,1
309bf0c67192,2024-08-20,1
d20143cae948,2024-03-04,1
90d392c63de1,2024-08-20,1
acce086d161a,2024-08-20,1
023b5a32ff33,2022-04-21,1
cdfa942d9d66,2022-04-21,1
d2282562350d,2023-11-13,1
87c78d17be6c,2022-04-26,1
9dfe7718f44e,2022-04-26,1
a80d3c70c72c,2022-04-26,1
8596f58dee11,2023-03-29,1
3286efc669a3,2022-04-26,1
efc4841ea371,2022-04-26,1
2078668639b4,2022-06-22,1
6c0cf6930e6e,2022-04-21,1
9e3ec79ccc47,2023-04-04,1
4ba7bd3885d1,2022-04-27,1
0b1c42f51193,2022-04-27,1
e28c8ace7f20,2022-09-07,1
90278b3e7a6c,2022-06-08,1
4eed1c026457,2022-05-10,1
72214d6d57ef,2024-03-25,1
905571517567,2024-03-25,1
9070b50ee275,2024-03-25,1
b3487fcb4d6b,2024-03-25,1
51bac237fd61,2024-03-25,1
748f2fa3368c,2024-03-25,1
4a08154bf71c,2024-03-25,1
0c582b3fca24,2024-03-25,1
661595423131,2024-03-25,1
715a1f993cac,2024-03-25,1
94a53942676c,2022-05-18,1
ffea55e3589f,2022-05-18,1
ad0ad446497d,2022-05-25,1
82c28cd88552,2024-08-29,1
15cef788e297,2022-05-05,1
2da4798ca491,2022-05-04,1
d2b9233dfe53,2022-04-26,1
03ff8c59b1e7,2022-04-27,1
9ab41cddc163,2022-05-23,1
ecc94ab86025,2023-06-08,1
72f7e01f4b14,2022-04-27,1
3e00c3430223,2022-11-29,1
325e4690e97f,2022-09-11,1
bd48d93dbba9,2022-05-16,1
9a8300d8b274,2022-05-16,1
43ff89a5dd2f,2022-05-16,1
7e1d941338fb,2022-05-16,1
26a31fa17ceb,2022-06-14,1
22f95165db28,2022-06-14,1
7a2e7f1b8e6a,2022-06-14,1
8d8ecb700c59,2022-05-19,1
913592a8b1ce,2022-05-19,1
2a7a01eddabc,2022-05-05,1
9bca098b2182,2022-05-13,1
ecec2646e34e,2022-05-16,1
4d0b69febfe9,2022-05-26,1
7dab69bdbf45,2022-05-26,1
6a8257fb92d2,2022-05-31,1
6267174d47a3,2022-05-26,1
a33014bd248d,2022-05-13,1
2857a0472695,2022-12-08,1
e887737795ea,2024-09-23,1
212b2db2135e,2023-02-15,1
64a88152e23b,2022-05-17,1
3b0f124dd102,2022-05-17,1
b0c4159b0b91,2024-05-16,1
60aa6d693c35,2024-01-25,1
fe657c08fde6,2022-06-05,1
91f6ed7bd304,2022-06-05,1
ccfd31d86e41,2024-09-24,1
342aaca5e3ff,2022-07-20,1
46280d0244c6,2022-07-20,1
0b21ad5d1f8c,2022-07-20,1
8f7dc243b201,2022-07-20,1
6bbe6a2dce53,2022-05-23,1
0a14cfeacd70,2022-05-23,1
29359400b2dd,2024-07-31,1
a66335f73372,2022-05-18,1
f6e52e28f3bd,2022-05-18,1
f3f27a42216a,2022-05-18,1
d14cfbbe5dbd,2022-05-24,1
592586ffb6f9,2022-05-24,1
6e70a7dba7ec,2022-05-23,1
80ccc5fbf943,2022-05-23,1
c7f002cf76a2,2024-04-10,1
da3483eaa4f9,2022-05-19,1
f38a8c73816d,2024-07-16,1
6b9ed41cf366,2024-09-02,1
86a82fefdf90,2024-09-04,1
2720f43d4153,2022-05-22,1
4e7f2ad04a30,2022-05-19,1
a961a86ee168,2022-05-19,1
dd37871ad556,2022-05-19,1
c7c4a52e5429,2022-05-19,1
ac3b090ec2ae,2022-05-30,1
a0150a854b1e,2022-05-30,1
7a4d94b5071a,2022-05-30,1
864ace4747ea,2022-11-01,1
1a4eb5ec768a,2022-05-24,1
3cebf8f97774,2022-05-24,1
4a596e8ca3b1,2022-05-29,1
dc74f3c76f6b,2023-12-07,1
837b52a3d252,2022-06-29,1
02449bc5f33c,2022-06-29,1
e2849c4e84ed,2022-05-29,1
46475d5a8fad,2024-08-30,1
b821dce4c39e,2022-06-29,1
e4e7003adf55,2022-05-24,1
6264d42a73ed,2022-06-02,1
4339695d554c,2022-06-02,1
d888e0b31a4c,2022-06-02,1
f4b686a86b89,2022-06-02,1
009788312f95,2022-06-02,1
76aff419fd08,2022-05-26,1
eea3e063c5f4,2024-05-08,1
0d3780179766,2022-05-31,1
2ca32791f2d3,2022-06-07,1
fbf45cda17aa,2023-05-19,1
feb44a6f4d85,2022-06-07,1
3e6656484171,2022-11-06,1
dbef23286c00,2022-06-28,1
c6a978531e94,2022-06-28,1
baa7186803ed,2023-03-12,1
5fbe7f47cb73,2022-06-07,1
80b6f2721bab,2022-07-19,1
835db3e66acc,2022-07-19,1
5ea38d44be71,2022-07-19,1
545adeacab59,2022-05-29,1
2e1840b6ffd7,2022-05-29,1
150c4bf71dba,2024-03-20,1
574a7adb7508,2024-03-20,1
ef2bb1bfc792,2024-04-27,1
b9d7d6474c92,2022-06-06,1
3488785c9913,2022-06-06,1
03d7b7610940,2022-06-06,1
dc1cef40aa8d,2022-06-06,1
192e7ececc80,2022-11-07,1
7cd9b30d622e,2022-08-08,1
4b3c75af2377,2022-08-08,1
c9907d666332,2022-08-17,1
aec743d75d3a,2022-08-04,1
fe5bd7c56dda,2022-09-07,1
3e4fefdcb570,2022-06-10,1
5644d1b7a27f,2022-07-19,1
b9160c607257,2022-06-24,1
fefceb6ead52,2022-12-26,1
99998e3f3c0a,2022-09-11,1
a3c643e5c8dd,2022-06-06,1
8a92ed2f479e,2022-06-06,1
8baf67d0a597,2022-06-06,1
18c0da3a783a,2022-06-06,1
f845dfcf23ff,2022-06-06,1
182bea8bc23f,2022-06-06,1
a1670627844c,2022-06-06,1
0e3f7083083f,2022-06-06,1
49cd13320434,2023-10-23,1
4d0024c8181b,2022-10-09,1
67cc8e650251,2023-06-14,1
073c58faa774,2023-02-27,1
4df4caef9f5a,2023-02-27,1
0ac734e34a4e,2023-02-27,1
20c43a4c21bf,2022-07-28,1
9147a3890c8a,2022-06-03,1
a97d00c19903,2022-06-07,1
81860d4fad51,2022-06-21,1
e23cf99b58aa,2023-09-13,1
f9b93045f3b9,2022-06-07,1
be59c6e7c49b,2022-06-09,1
1c1a3875d08f,2022-07-05,1
5b1186e756b6,2022-06-09,1
5d955c696468,2022-06-17,1
e92906521fae,2023-06-22,1
dddd8bf82c77,2024-05-16,1
9eee87c046b1,2022-06-19,1
9ba28cece4c8,2022-06-14,1
c98a094c6c1d,2022-07-18,1
93c4a37aa3d8,2023-06-26,1
4ea5ec87544c,2022-06-14,1
4c47e52218ba,2024-07-15,1
aba9ac9e047a,2022-06-16,1
23f4e72a4e76,2022-06-09,1
5f48764c7713,2022-06-09,1
1eafd080636d,2022-06-09,1
20d4b66861b3,2022-06-09,1
aa2c464558bc,2022-06-17,1
37d7bc0f1520,2022-06-09,1
1010f553ba93,2022-09-18,1
35c524c7e3bc,2022-07-20,1
151de1465821,2022-07-20,1
fc92d8d3a29e,2022-06-15,1
844c20c395a6,2024-08-07,1
4e27ffa4a3dd,2024-04-10,1
597f6f52c7d2,2024-08-19,1
93d131eabb69,2022-07-06,1
59200a3ed23b,2022-07-06,1
0eb2fe8b345a,2022-07-06,1
028bcd046b01,2022-08-16,1
db8cd574beab,2022-06-19,1
531c9f8e9fcf,2022-08-10,1
c9170abffe3c,2023-06-26,1
e7822cafdaa0,2022-11-22,1
7149611b352c,2022-07-10,1
8cc0331e2f31,2022-07-10,1
87d56787dcfc,2022-07-10,1
7ab84cc41b37,2023-02-15,1
8985dd204493,2022-08-28,1
fd44a6d9fe3a,2022-07-10,1
1b997331fa34,2023-10-19,1
ad867ed10741,2022-08-09,1
e3fcfa6494f7,2022-08-09,1
5384532b1e4f,2022-10-06,1
af44f80a7a25,2022-12-06,1
f6304307ab65,2023-01-09,1
2a04a8340a60,2023-01-12,1
4caf6ee0b378,2022-11-16,1
bb71024009cb,2023-01-10,1
d1d6dcd6caf3,2022-10-04,1
48a9f56244b4,2023-01-09,1
fd9eef2eac96,2022-07-04,1
34b077353fd5,2022-09-26,1
d185794d2662,2022-07-17,1
e00e89fa3645,2023-10-12,1
ede00b831f86,2022-07-12,1
10e282b76f5d,2022-07-12,1
c2a030f2a9d8,2023-03-01,1
b2022d99615c,2022-08-11,1
9e6245a7ab2a,2022-07-12,1
2c21f0a27f0f,2023-10-30,1
ddbe186f70e9,2022-08-10,1
841a185cdd05,2022-08-11,1
cccc5c6ddb11,2022-08-10,1
3bc59e25c16f,2022-07-12,1
103d86ad7076,2022-08-23,1
44e980a5598d,2022-07-12,1
dd0298c72105,2022-08-08,1
d9363f0dbbfd,2022-08-11,1
5f0dc8862599,2022-08-10,1
c5fef89f7bde,2022-08-11,1
e3e2e0f1823b,2023-09-26,1
ecb19e53bb4b,2022-07-05,1
ef6aa2f4b0f9,2022-07-05,1
1385f9e88e3a,2022-07-04,1
625e4229f669,2022-07-04,1
e9ed79e86192,2022-08-28,1
6ac93a844945,2022-08-28,1
e24bb4b044ac,2022-10-20,1
ecee25481a28,2022-07-26,1
746d72ec7667,2022-07-26,1
d72dd27a8bf0,2022-07-26,1
8bc26bcf1c7a,2024-09-17,1
6a022825c6fe,2022-08-09,1
533bb53a9aef,2024-08-05,1
6bd4838a8624,2022-10-02,1
4f75857920a8,2022-10-02,1
a28cc2a36e08,2022-10-02,1
e02e93e179f3,2024-07-24,1
aac39e588ed9,2022-08-25,1
34651246c575,2022-08-25,1
a0698b379ae6,2022-06-27,1
e5b0b0a44168,2022-06-27,1
cc5afdd29169,2022-06-27,1
3fe69c3913fa,2024-08-19,1
020285b5870d,2022-10-24,1
021e0d49cd97,2022-07-05,1
097b13a17073,2022-07-07,1
47f993861d35,2022-07-07,1
ed6012815bfa,2022-07-05,1
1993ba73c7da,2024-03-05,1
a6e596517584,2022-07-18,1
5076d72e731e,2022-07-18,1
df574882023f,2022-06-29,1
1639b2d66dee,2022-06-29,1
4399ec9e2fd2,2022-07-04,1
5705de05d56d,2022-06-29,1
8527f4e6b640,2022-06-29,1
d6c21ae5f8a3,2022-06-29,1
57ebf70e3ffa,2022-06-30,1
14aa90a582ca,2022-06-30,1
860e63c5c21b,2022-08-10,1
d5a32a6c967f,2022-08-10,1
f07952906fa7,2022-08-10,1
3f8284f7debd,2022-08-10,1
888de39b2fb7,2022-08-10,1
1a58d556c08d,2022-08-10,1
66a6079f65cd,2022-06-30,1
3de40464b91d,2022-07-19,1
2450d48c8d19,2022-07-19,1
3bcea9a07b9a,2022-07-08,1
fab6a5ec7db8,2022-07-14,1
dece43d74171,2022-07-19,1
d5fba643aa87,2022-07-08,1
14b786f3be7b,2023-09-22,1
d2a3ac50ad87,2022-11-14,1
4ad057636a18,2023-11-21,1
3bd6a7161752,2023-11-21,1
e31ad227f0af,2022-07-10,1
d764ad12ee75,2022-07-10,1
07bba8b6424a,2022-07-10,1
690471953e75,2022-07-17,1
ab64106940ad,2022-07-20,1
a339cb144720,2022-07-20,1
58e3189bd162,2024-08-07,1
09d8bf445607,2022-07-20,1
7f2622543c60,2022-08-02,1
cead54e709ad,2022-07-19,1
5a934662a1f5,2022-07-12,1
db333b79df53,2022-07-18,1
f1262fdf27ed,2022-07-17,1
0f2c6163d589,2022-07-17,1
8fe612cc8e64,2022-07-17,1
ad761120493e,2022-07-17,1
2315aa52b0c4,2022-07-12,1
79fec7356f30,2023-09-13,1
04b51d577557,2023-09-13,1
ee1a1f305bc1,2023-09-13,1
99e04d254f81,2023-09-13,1
fb4cc0a01117,2022-12-27,1
fe341099b1fa,2022-07-21,1
365dfbdb495b,2022-07-21,1
804d8db4fdc6,2022-09-07,1
aa8c4fd7ff01,2023-02-16,1
d5e5c9321bd8,2022-07-12,1
c21a67db7236,2022-09-01,1
0c29c05e9a0d,2022-07-12,1
169d5efefac8,2023-09-13,1
4daec0c09a47,2022-07-12,1
bb1c4c69ecbf,2023-02-07,1
b6505b1fe64e,2022-08-08,1
f9d81ae680fd,2022-08-08,1
310328173cba,2022-08-14,1
03b8ac454295,2024-06-19,1
628e62975dc1,2024-06-19,1
6c2176986bd0,2022-07-25,1
2d48b35e9777,2022-07-19,1
7a52f469f315,2022-07-20,1
85ab0061cf26,2022-07-20,1
56382323ee15,2022-07-20,1
8c270c4efbfe,2022-07-13,1
c2d3d538f07b,2022-07-19,1
534465a0faf1,2022-07-17,1
9c6da3be909d,2022-07-17,1
e6bdb63cb7c5,2024-07-03,1
d379baf969d4,2024-07-03,1
b1a9754cdacf,2022-07-28,1
894a72fa3829,2022-07-28,1
cd33700389c7,2022-07-20,1
f54ea7cd9665,2022-07-20,1
21f6c36c15d0,2022-08-24,1
92bc0f97dc88,2022-07-20,1
0c1cd05c9bf0,2022-07-20,1
7e7e65a115dd,2022-07-21,1
5184000c9632,2022-08-09,1
2981a11a65f1,2022-09-15,1
35b7b4e51301,2024-07-14,1
d7bae62760d4,2022-07-24,1
ca50e3d87e08,2023-03-09,1
86c193a2862b,2022-09-27,1
8225b3485c42,2022-09-27,1
9d7e0cdc9264,2024-07-11,1
89162c184581,2022-07-28,1
bccf8b76ca42,2022-08-01,1
4dff43db8a5e,2022-08-01,1
f8d2bda8f045,2024-06-25,1
d3e30a181ea2,2022-08-10,1
604159f86dd2,2022-08-10,1
cdeed7b83f58,2022-08-04,1
26e717ee4103,2022-08-09,1
f3f0a853f61b,2022-08-14,1
7275b434335e,2022-08-14,1
59103e4b40f4,2022-08-14,1
2348ffdce8b3,2022-08-14,1
134ede126746,2022-08-16,1
7d62aa94502c,2022-08-04,1
4586b9f99126,2022-08-09,1
6d574d89ae2a,2022-09-15,1
29af17b25bd3,2022-08-26,1
38ce0d88b7b5,2022-08-23,1
3ca2d6b3d924,2022-07-31,1
6f4cdfcf78eb,2022-07-31,1
97c10026e886,2023-12-19,1
3bb46b1728cf,2024-04-26,1
5f95651e2d2e,2022-08-03,1
b79a396c36fb,2022-09-08,1
e186cdc7a9c9,2024-09-04,1
2298513539d5,2022-08-11,1
2380a7f6039e,2022-08-11,1
6863d0f6243a,2022-08-11,1
2de287e567a3,2022-08-11,1
3b63efabdb35,2022-08-22,1
7a14751ece01,2022-08-22,1
1962289c7626,2022-08-18,1
819b7948e314,2022-08-04,1
8f26acb91666,2023-06-26,1
e636e7a0ee4f,2023-06-26,1
6dc9c601fdd4,2023-06-26,1
a6502a7d1583,2022-08-09,1
c71d2182c2a4,2022-08-09,1
55f5d67f3885,2022-08-09,1
fd076e3edf43,2023-05-17,1
10930272a897,2022-08-16,1
43ec2d6d3df4,2023-05-17,1
0749d2094a16,2022-09-08,1
46d6de9f3377,2022-10-30,1
249764a0df1d,2024-09-03,1
b7c8d73deff0,2022-09-06,1
bcab6d206f55,2022-09-07,1
f538435134a3,2022-09-08,1
8a9c42077064,2022-09-29,1
6f7e464d6676,2024-05-13,1
0f21ad20ce21,2023-10-16,1
d8078419326d,2022-08-28,1
49db7042ba7c,2022-09-11,1
4a4aed496832,2022-08-16,1
a7156871c7a8,2022-08-16,1
1c4d38436922,2022-12-20,1
1fbdcac39fbb,2022-08-30,1
b0d6523c5f8a,2022-08-16,1
520ecf651aba,2022-08-10,1
2a3a5d1ad053,2022-12-12,1
e808dc937e33,2022-12-29,1
2da7d871a820,2022-08-12,1
c7487a7057fc,2022-08-08,1
4fed2ceb2e5e,2022-11-22,1
95f072e45063,2022-11-22,1
b3568c51f8ee,2022-12-08,1
42910fa6c44a,2022-08-09,1
6be04b512473,2022-08-09,1
f4c8ae815ea3,2024-03-22,1
6cbf95a764e0,2022-09-07,1
38c8e360a8e2,2022-09-07,1
d8fa49a594d8,2022-09-07,1
17d772b51e9d,2022-12-15,1
f6a2e81f6979,2022-08-11,1
eabcd9da5a8e,2022-08-11,1
bd8815665363,2022-08-11,1
499bf89b8d77,2022-12-01,1
2df1bce2dfb4,2023-09-13,1
47dea3d2ee9d,2022-08-10,1
8146bd6f47cd,2022-08-10,1
2d1ab7dba541,2022-08-21,1
d694b342319b,2022-08-15,1
02e60156871c,2022-11-01,1
7426849f1e1e,2023-02-01,1
3f321267786d,2023-02-01,1
5478a812aa24,2022-08-23,1
574a0ce6f467,2022-08-23,1
4b97624b11eb,2022-08-23,1
7c1069d722ce,2022-08-12,1
dde8b92d52e0,2022-08-12,1
a86616cb0e81,2022-08-30,1
82fb45065034,2022-08-30,1
c774a80c17a7,2024-05-20,1
4cd92f80f2da,2022-08-30,1
07a36b89d15a,2022-08-30,1
c84cbf601946,2022-08-30,1
601b36c51e30,2024-05-14,1
2ddab65d9ebf,2023-10-18,1
7bed8359e8de,2022-08-16,1
cd2380d9addd,2022-08-16,1
5bf9ede850df,2022-09-20,1
9f2c0dac6c86,2022-08-18,1
22db7a27d642,2022-08-18,1
9ab3c608a03b,2022-09-20,1
1fe12f2dcbfb,2024-05-13,1
57173178d4f4,2022-08-16,1
37faf08eed2b,2022-08-17,1
f920a7e18f2b,2022-11-24,1
e0bd11eb69dc,2022-10-25,1
d39c347f2fa8,2022-09-27,1
68ab8225eec0,2022-08-18,1
b1093ad12e96,2022-08-18,1
8bcfbb950bdb,2022-10-11,1
3a1dfb5dafff,2023-05-04,1
88b525dc46ed,2022-08-17,1
b049939727c5,2024-03-04,1
6af989645e55,2022-08-22,1
ec5f99c1f678,2022-08-22,1
1cf947508b37,2022-08-22,1
d4b9bea9ec66,2022-08-22,1
15bfb5c4a844,2022-08-22,1
46debf77da4f,2022-08-22,1
95416d766ab9,2022-08-18,1
b12655965a3e,2022-09-22,1
5bdbf2f3e5c4,2022-08-25,1
6311de0c588a,2022-08-23,1
0fdaa2bda7df,2022-08-21,1
3cd356f6471f,2024-05-14,1
bb8fb8a4acf5,2022-08-29,1
acd30b4aef14,2022-08-25,1
81dc7cda799a,2022-08-30,1
1cb272b22f87,2024-08-06,1
40a37abbb60d,2023-10-16,1
207a5f9e5c81,2024-09-19,1
460dab47c4cb,2022-08-25,1
8a8e14e9eeb9,2022-08-29,1
11fd01574db5,2022-08-29,1
668cf15bf4f7,2022-08-25,1
8a52d2bfcbc1,2022-08-25,1
cd1a37726116,2022-10-02,1
ea1227391f07,2022-08-25,1
b1c318abf902,2022-08-25,1
1cb452f6ab5a,2023-03-27,1
570f238f9421,2022-08-25,1
867dfacdd1a6,2022-12-06,1
01fecb3e94af,2022-08-28,1
7dea4e479585,2022-08-28,1
83a8ba75b7a6,2022-08-28,1
1be815adc64a,2022-08-28,1
6b2f7f9814d9,2022-09-07,1
eb31dfa10f9c,2022-09-07,1
17de349be4c1,2022-08-22,1
021e10e8cbf6,2022-08-23,1
98f11cf4104e,2022-08-23,1
d5daba80fedf,2022-09-01,1
6d05125287bd,2022-09-01,1
be7bd2f95367,2022-08-23,1
540cc1c69969,2022-10-02,1
42e8463c1b3a,2022-10-02,1
d84ed1cc60e9,2022-09-01,1
6e1677fad3af,2022-09-01,1
9fcdc9f82b0e,2022-09-08,1
1c75eb774774,2022-08-24,1
f7daccd5e243,2022-08-30,1
1358fb5a8709,2022-08-30,1
4efa0dd67782,2022-09-13,1
256b7aba2601,2022-08-31,1
751658f8ea7c,2022-08-24,1
12927f6ce6da,2022-09-09,1
edf5e92a6d0d,2022-09-09,1
82f76f2a34a9,2022-09-20,1
5b696fa0d7b0,2022-09-20,1
59700a600734,2022-09-21,1
c7bcbf571ecd,2022-08-25,1
f8706f548680,2022-08-25,1
d7c382064576,2022-08-31,1
d4f3ea585638,2024-06-24,1
d61154617ef2,2024-06-24,1
82c8de7b4626,2022-08-31,1
736bf26b1770,2022-09-08,1
95682d94fca7,2022-09-08,1
e71dac2d7dd1,2022-08-31,1
3bdca39c074e,2022-08-28,1
7e1031a9b986,2023-09-13,1
c5698938311d,2024-05-27,1
f6987afa29c5,2023-09-13,1
77b21c803efb,2022-09-08,1
5f54bd80af12,2023-09-13,1
97534cff09f3,2022-08-30,1
db79bbb13109,2024-07-05,1
d307c7bebbae,2022-09-04,1
3ac3260ad392,2022-09-07,1
c0b3fc243a39,2022-09-07,1
6612a829075a,2022-09-04,1
80faed14ab8c,2022-09-07,1
c15b750fb539,2022-09-07,1
17b5210d40b6,2022-09-04,1
23c0b757af54,2022-09-01,1
e8a31ed8ca10,2022-09-01,1
3fdf1ad91fd7,2022-08-31,1
f8b7dbe3d608,2022-09-01,1
6a88eaf949c3,2022-09-01,1
0f9464dbd0e6,2022-09-13,1
0735034613bc,2022-09-13,1
5ce299c0e260,2023-09-13,1
ce0f9b563da2,2023-09-13,1
0c4db811a02e,2022-09-13,1
7677d99fdec3,2022-09-13,1
bddfe84cfa22,2022-09-18,1
2fa971c5e2c0,2024-05-29,1
730ca39112f4,2022-09-01,1
902133940300,2022-09-07,1
e501397f660c,2022-09-21,1
0cdee18815d5,2022-09-21,1
d033262d60d2,2024-08-15,1
fdba6ef80c19,2022-09-08,1
60f47f1a6bd6,2022-09-08,1
dc7b42472271,2022-09-08,1
dfc29cf539c3,2022-09-08,1
c76cc4647d99,2022-09-12,1
544a3001175d,2022-09-12,1
ed4eb35a5239,2022-09-12,1
d9160be84d68,2022-09-11,1
8534715fe09c,2022-10-09,1
7c831bb6960a,2023-03-14,1
2a2401b53088,2022-09-08,1
0ece5959fe90,2023-03-14,1
6a93f2de2972,2023-03-14,1
cb2161ffeb37,2022-09-29,1
288edc3aaf7f,2024-08-28,1
ee7fdca638d1,2022-09-12,1
f138f087f6aa,2022-09-12,1
49903614eaee,2022-09-12,1
405149a6a30a,2022-09-12,1
5a43aef787d3,2022-09-22,1
a363d7ad666f,2024-09-23,1
540b7f9fded0,2024-09-23,1
b48c315157c9,2022-09-09,1
24c43c59c712,2024-06-27,1
db9a3a8d51a7,2024-02-06,1
60b219b77e9d,2024-01-31,1
edd984ebb2c3,2022-10-25,1
ca0f2458e167,2022-10-25,1
fd2a6fda5520,2022-10-25,1
3746055cc037,2024-06-24,1
2e2bf11033cd,2023-02-07,1
cdd3f6f94609,2022-09-30,1
4b7d059feee0,2024-07-11,1
37b7c297fba5,2024-07-11,1
583f450b1371,2022-09-30,1
950d0594584b,2022-10-10,1
62ee8ad9561a,2022-09-15,1
bf519321afd0,2022-09-15,1
ddd8c54ed70c,2022-09-15,1
40a6fc904f67,2023-10-22,1
43bf31f28bb0,2023-10-22,1
2fc222dd941b,2023-11-26,1
45f78059ef94,2022-09-15,1
1508e22e6712,2022-09-20,1
fd904ce00ab4,2023-09-17,1
aeb7aa5b7f10,2024-05-28,1
6798ebafdd93,2022-11-22,1
791711117260,2022-10-04,1
4a3eec4e62f3,2022-10-04,1
5afbfc85e4c3,2022-11-01,1
d93bea101f92,2022-09-27,1
4dda944dca92,2022-09-15,1
f5b589e17d3b,2022-09-19,1
64d71756ec63,2024-02-19,1
b2e8dc3ecc38,2022-09-19,1
599082659fc1,2024-02-19,1
4d9b790d051a,2022-09-21,1
eb2c803e8932,2022-09-25,1
312c1a120d1c,2022-09-25,1
ad57952b7b26,2022-11-01,1
13939303b8d6,2022-11-22,1
560c7ab9cd0a,2022-09-25,1
785ab4ad21fa,2022-11-22,1
9cb2c5b84625,2022-10-04,1
535cdfefb75b,2022-10-04,1
61789c67ebc6,2022-11-22,1
1b9d35f57773,2022-10-04,1
1a78d18d4881,2022-10-28,1
881614fc02ec,2022-09-25,1
e8ab4fce74c8,2022-10-04,1
040013416ae1,2023-02-16,1
f56fb27d38a1,2023-02-21,1
d42583f6a50e,2023-01-19,1
de733eaf655c,2022-11-24,1
ae3ab74c6e62,2022-09-27,1
3f02ac15c9fb,2022-09-25,1
9aaad7ed5188,2022-09-25,1
62b5b89868d3,2022-09-25,1
0d0af04a2544,2022-12-20,1
aa9b1d42c7d4,2023-03-20,1
4cf1e19b49c9,2022-10-06,1
a7540074b690,2022-10-30,1
b59ed83075ad,2023-06-26,1
4e1900abb923,2022-10-04,1
448675bb116f,2022-10-04,1
6f3e1430c9c1,2022-10-04,1
5e1feda99f5c,2022-09-26,1
a2b53b29fa44,2022-09-26,1
c5c0eee4b69a,2022-10-04,1
4c8d37ff5c23,2022-10-04,1
75e8d9cd829b,2022-10-04,1
c5521dd8cc81,2022-10-04,1
d4c033ffc75d,2022-11-03,1
c752b54d6937,2022-11-13,1
0bf1baddcf34,2022-11-03,1
b04d202ba55b,2022-10-04,1
cda38edf618f,2022-11-03,1
3d7eb6329e8c,2022-11-13,1
a1ee1b870049,2022-11-03,1
a88ce23d300f,2022-11-03,1
53774f35b377,2022-11-03,1
884d91b11b91,2022-11-13,1
0ee1d328f86f,2022-11-03,1
d9b8a718d3b6,2022-10-11,1
097c94091ea4,2022-10-11,1
eac4249745b6,2022-10-11,1
e9430e023164,2024-03-17,1
0e71cef8e293,2022-09-22,1
3a3a00061e41,2024-03-17,1
ae5ce065a3f3,2024-03-17,1
29c2052967eb,2022-09-28,1
ecbca064019f,2024-07-24,1
fcdebc67fd8b,2024-09-02,1
14038073c81d,2024-07-16,1
14f84bb6ce84,2022-10-18,1
10174d911901,2022-09-27,1
8ae4227ce1fb,2022-09-22,1
b8fe3d4e62cf,2023-09-13,1
7fcac15c07bb,2022-10-04,1
07f7d3fab058,2022-09-23,1
969e4f8ccbda,2023-04-10,1
ba7c2d59aa47,2024-09-04,1
c83e306afaab,2022-10-06,1
e2799a80e0ec,2022-12-05,1
f44020838901,2022-12-05,1
b303d75bc320,2022-10-02,1
ee05df774887,2022-09-28,1
4a42911804f6,2022-09-28,1
f1d3ba1c1338,2022-09-28,1
0262174beaaa,2022-10-04,1
22b01a3d8e05,2022-09-28,1
f9f509f7f8c6,2022-10-06,1
d9d680a0977a,2022-10-06,1
9db2eb1f6afb,2022-10-06,1
3ee54658ac68,2023-12-05,1
1c5fdf42e63f,2022-10-02,1
78619c37eb46,2023-12-07,1
35f5a6f2d129,2022-09-27,1
866d49331f5b,2022-10-20,1
07a2d1507ff3,2022-09-27,1
6b21c1039d5e,2022-10-02,1
0abea6bb9602,2022-10-02,1
60f200c70487,2022-10-02,1
1596e01d0a10,2022-10-02,1
21bb9a8533fb,2022-10-09,1
29f89a5e01ca,2022-10-09,1
914c1607f7c3,2022-10-09,1
542b30476a92,2022-09-29,1
46dbdddd19b5,2022-09-29,1
b4d3682a24a7,2022-09-27,1
e138eaf95c69,2022-09-27,1
f40cbe538217,2022-09-27,1
f97289838caf,2022-10-02,1
335a325b15bb,2022-10-02,1
d61fa4555b3e,2022-10-09,1
d90bc3ec7c6a,2022-10-09,1
ced83fc9e950,2022-10-09,1
2bfa8f4eb64a,2022-10-09,1
4623c37046c0,2022-09-29,1
2a1270a8dc84,2022-10-13,1
bdcc45b653f9,2022-10-13,1
86134211a14e,2022-10-04,1
c8ab741de3cd,2023-06-26,1
2761ee3cbfa6,2024-06-20,1
fcf17785d2b6,2022-10-06,1
bcf516006d1b,2022-10-10,1
c7f5c4c01dd9,2022-10-10,1
2a29a3333cf1,2022-10-10,1
5d0e8e074adf,2022-10-10,1
89a8ab9d9fb9,2022-12-20,1
50cb0f51328a,2022-12-20,1
297850b803e1,2022-10-17,1
815789dc7865,2022-11-17,1
376e184c94a6,2022-11-17,1
f27941045557,2022-11-17,1
49f201603846,2022-11-17,1
43c579ce2ecd,2022-11-02,1
42f50452f912,2023-09-13,1
420da3b25387,2023-04-28,1
10fe631f2fcd,2022-12-15,1
72f292774d18,2022-10-04,1
7a827094aba0,2023-02-01,1
66b66e1df3e0,2022-10-04,1
f59003e10b46,2022-10-18,1
c53be0978d25,2022-10-02,1
7d2073ffedcf,2022-10-04,1
a17fc56cc82a,2022-10-04,1
d01f5a9a52cb,2022-10-09,1
393689c97532,2022-10-04,1
3769fb1ffa72,2022-10-04,1
3a5404ac97d9,2022-10-04,1
5ce1f2691043,2022-10-04,1
6dfd5f29672b,2022-10-04,1
a629fb7d125c,2023-06-07,1
74e1f186ad8d,2023-06-07,1
4341eb9f6557,2022-10-20,1
dba14ac2cbec,2022-10-20,1
63281f3bdffb,2022-10-20,1
a7743ce1e189,2022-10-20,1
5837d7bb85fe,2023-06-21,1
1458c973da2f,2022-10-09,1
9543f7a95f32,2022-11-07,1
3d6a92d39bf7,2022-10-09,1
cc525bc8e6e5,2022-11-07,1
10f7aba6b60b,2022-11-07,1
a5099a80d541,2019-10-17,1
2f0f38c925a8,2023-06-07,1
5b7215a367d1,2022-10-13,1
f005d8223151,2022-10-25,1
25aa2a6fb0f9,2022-10-25,1
dbe9a2486a4f,2022-10-20,1
5361744b2971,2022-10-16,1
d0c9245beb0d,2022-10-12,1
758be0ddd2be,2022-10-12,1
93452f66499f,2022-10-12,1
730df1b5c76e,2022-10-11,1
cc3520129766,2022-11-10,1
39ae13400c7c,2022-10-10,1
9b3088ec8e04,2022-10-10,1
4c59fb0af6ea,2022-10-12,1
92d9fd26b273,2022-10-18,1
805dfabb385b,2022-11-10,1
9c2be41532eb,2022-10-10,1
9cd0daef0a30,2022-10-10,1
2e18f684ffa4,2022-10-10,1
8d18adc81472,2022-11-07,1
3645b493e766,2022-11-13,1
2963aa612ea6,2022-12-05,1
8be8644a1479,2022-10-16,1
95b2417763c3,2022-10-10,1
57aa5cbdd027,2022-10-10,1
2d4fa2c9c671,2022-10-10,1
f2120f1fa3b0,2023-09-13,1
b57ea3612d95,2024-02-01,1
57e7c896df6e,2022-11-08,1
459286a3e271,2022-11-08,1
2b2469c0ebef,2022-11-22,1
9d11302ed65a,2022-10-13,1
49413c094568,2022-10-17,1
b88f9d50009a,2022-10-17,1
3bbf680a8938,2022-10-17,1
d60e3e27dcde,2023-09-17,1
4441c7575221,2022-10-19,1
41799fef5bb7,2022-10-19,1
8d555291eb18,2022-10-19,1
1bd72c655c88,2022-10-19,1
4e5a77dcd678,2022-10-13,1
a8676611d8c8,2022-10-13,1
69da7e0dc56b,2022-10-13,1
1b54757444c5,2022-10-13,1
01681559b1bb,2022-10-13,1
dca9faa3d0f4,2022-11-20,1
5d8d9e702154,2022-10-12,1
5cd3da489951,2022-10-12,1
42974e8171ea,2022-10-13,1
aef9997fb0f0,2023-04-13,1
79f826c4ed4c,2024-07-01,1
2f08a777fa27,2024-07-02,1
07bc2f18546b,2024-08-15,1
d544af14b2d1,2022-11-13,1
f5111c21ec8b,2022-10-25,1
3b5bec5638c4,2022-10-24,1
1372dd1bc897,2022-10-24,1
113bb44169cb,2022-10-24,1
4637f749ec79,2022-10-24,1
3d9e211adb25,2024-09-12,1
79f6e4c97891,2022-10-24,1
e888a8d8a43c,2019-10-17,1
e0d252973490,2023-09-13,1
b5039ab1440d,2023-10-26,1
c7d8c0391342,2023-10-26,1
015c6eeee6e2,2022-10-19,1
7dc075fd863a,2022-10-18,1
ae7dfc7a8050,2022-10-25,1
06c07f200613,2022-10-23,1
80b270898121,2022-11-01,1
c626b92368aa,2022-10-23,1
b3db578e7002,2022-10-25,1
df048561ed85,2023-11-30,1
b5325a4108da,2022-10-31,1
0405e2d11700,2022-12-16,1
bf1250c398ab,2022-10-20,1
9dbc190356a7,2023-09-17,1
664c979b2d14,2022-10-18,1
828aab7b33e1,2022-12-20,1
8dfac24be9c6,2022-12-04,1
a279b7a48145,2022-12-04,1
bb1e8b238be9,2022-10-20,1
0d804a9080bf,2022-10-20,1
f946100e2a99,2022-10-20,1
82f4ea0ff289,2022-10-20,1
4a9961fb9a76,2022-10-24,1
2233129798da,2022-10-24,1
c804f94c3dbd,2022-10-24,1
200740faf724,2022-10-20,1
4cf8dc6e7c71,2022-10-20,1
a56d298cc7c1,2022-10-20,1
d4165e0dadea,2022-10-20,1
355f7e5a1505,2022-10-20,1
d092a84b314b,2022-10-20,1
efab6a1bfda6,2022-10-20,1
7468ff4ca75e,2022-10-20,1
a4785ffbd5ac,2022-10-20,1
f84f3a86dcd8,2022-10-26,1
63164c334007,2022-10-20,1
38ebab3d11f0,2022-10-20,1
f9d6eeea9ec1,2022-10-20,1
c21fda117e58,2022-10-20,1
33295f4f7d1a,2022-10-20,1
38505aa32e52,2022-10-20,1
adb2c6f64d50,2022-10-20,1
26130d3b955c,2022-10-20,1
202462d50539,2022-10-20,1
10336a114372,2022-10-20,1
b4039809a230,2022-10-20,1
1eed3a4782bf,2022-10-20,1
ab3b149209de,2022-10-20,1
44383c4c7926,2022-10-20,1
8477d49f0c7b,2022-10-20,1
233b810af973,2022-10-20,1
696da2be638e,2022-10-20,1
e51f91d79237,2022-10-20,1
d41e2280ebfd,2022-10-20,1
8f97a087d4bb,2022-10-20,1
b71af2fe00b2,2022-10-20,1
8370219a9e4c,2022-10-20,1
5971fa205ae2,2022-10-20,1
1661d6231d80,2022-10-20,1
0d46d5000d19,2022-10-20,1
03621872dcf3,2024-04-03,1
351bcdd0fe41,2023-10-06,1
6e193d92d7a3,2023-04-03,1
dbdbed2ea16e,2023-04-03,1
c216fd7aa07d,2022-10-26,1
4b7cd0a1de3f,2022-10-26,1
e085f86119a0,2022-10-23,1
691efe978da0,2022-11-01,1
f500a41ef425,2022-11-01,1
7f623aa17f3d,2022-10-21,1
981d36d7a5ab,2022-10-24,1
9252f9b85d72,2022-10-24,1
8b9cb9ba9ba1,2022-10-24,1
ba9fa5ee59a0,2022-10-24,1
44e593621c5e,2022-10-24,1
ea60987d4f61,2022-10-24,1
6dec223049c1,2022-10-24,1
194f1cb1cc47,2022-10-24,1
63b4109cca75,2022-10-31,1
8bde05c4283f,2022-11-02,1
f75107ff4f06,2022-11-02,1
fe0e2d6eba61,2022-11-02,1
2bb963781d0f,2022-10-27,1
771613cde733,2022-10-27,1
dd56fcadfb2c,2022-10-27,1
9b3ccc70045e,2022-11-02,1
e60d890f2812,2022-11-30,1
8da037cb0729,2022-10-30,1
916d961d0796,2022-10-30,1
ac412c2183b5,2022-10-30,1
3e25ad475f2a,2023-04-03,1
f8d32131c876,2024-04-25,1
63efdb31c0a2,2022-11-08,1
f1241d95e0ec,2022-10-27,1
a30f0a56c043,2022-10-27,1
787869cb6ed4,2022-11-08,1
1d5d90258e8c,2022-11-08,1
4e578278a78e,2022-11-08,1
b3d638907206,2024-05-13,1
bd2085584a25,2024-06-04,1
1b217ac3fdb8,2022-11-08,1
bdb3f501433b,2022-11-08,1
0ae7d73c3938,2022-11-08,1
6e5009f04946,2022-11-08,1
efae9c0e7ea7,2022-11-08,1
5792a62669cf,2022-11-08,1
b067c270d597,2022-10-28,1
631c0ed59495,2022-10-28,1
e1129e516ed5,2022-11-06,1
bda864825bfc,2024-03-04,1
d263f3cd29f9,2024-03-04,1
57f8e97a7834,2022-11-08,1
5c5775b8b118,2022-11-01,1
34afd24e157a,2022-11-14,1
f664c57f8a8d,2022-11-14,1
e493d62f18f9,2022-11-14,1
33269e61f481,2022-11-06,1
9761f9454331,2024-04-09,1
0cd18e6f89be,2022-11-01,1
ca3a7458bec2,2022-11-22,1
67132d498c73,2022-11-03,1
fec433a61154,2022-11-03,1
9aa30bd3ef34,2022-11-16,1
5bf89f0bac4f,2022-12-22,1
9142f09ac85e,2022-11-01,1
09caa1dc9ce2,2022-11-01,1
a4bad822db4e,2022-11-01,1
7490434982c8,2022-11-01,1
a90b74d0f2f8,2022-11-01,1
35b09e0bbdf8,2022-11-07,1
ae4cbf289a1b,2022-11-07,1
a415ec8d81cd,2022-11-13,1
1df52364e3fa,2022-11-13,1
8ac6fbb3dba9,2022-11-13,1
24716ee5f334,2022-11-13,1
5d331ae0f15e,2022-11-13,1
042a6ab1eea8,2022-11-03,1
0be7745fe91e,2022-11-28,1
132f37d3cd5e,2022-11-30,1
f4159feb168c,2022-11-30,1
edde6162a678,2022-11-28,1
4ce128edba6e,2022-11-30,1
4e87b0b616f1,2022-11-28,1
67ff1365cad6,2022-11-28,1
646fbe0a1b48,2022-11-28,1
247be0b11631,2022-11-30,1
9bd30dd0c4b6,2022-12-18,1
baa5b096539b,2022-12-18,1
97fc98e73b8c,2022-11-15,1
aee5945fb2de,2022-11-08,1
d8b672be7ddf,2022-11-08,1
7d9d441790ac,2022-11-08,1
30dbccabb75b,2022-11-08,1
33da55793acc,2022-11-15,1
9a535c3638b2,2022-11-08,1
255669429079,2022-11-08,1
e38a02835321,2022-11-08,1
8a6820c1828a,2022-11-08,1
efdba4087044,2022-11-08,1
2f791b5b9fb1,2023-06-01,1
4547eacc2360,2022-11-11,1
a62e76953a16,2022-11-11,1
f0fb740d8068,2022-11-29,1
9ad6978de70b,2022-11-29,1
5801b1b84783,2022-11-29,1
242295723f7e,2022-11-29,1
9bd3e40455c7,2022-11-29,1
1d4b3d81e1b5,2022-11-29,1
8a2cffdcd027,2022-11-20,1
d7d4b492bb69,2022-11-16,1
61696ca39349,2022-11-20,1
149d61229ca6,2022-11-20,1
59e3ff0eb197,2024-01-28,1
c1172bb7cb05,2024-03-20,1
c59e96168d92,2022-11-27,1
d387c81a4fe4,2022-11-10,1
564adb5b85e0,2022-11-10,1
01454183ddb5,2022-11-10,1
17c902e938cf,2022-11-14,1
66a006794527,2022-11-20,1
75cf12467ba4,2023-06-28,1
422b673d398f,2023-06-28,1
ddb03c985e05,2024-06-04,1
be725b417d06,2024-06-04,1
65fdc25715fe,2022-11-10,1
21a5e30cbc13,2022-11-10,1
175357ebaf48,2022-11-11,1
eb0cb1cc9879,2022-11-11,1
01f8a341fe43,2022-11-11,1
657c079f32be,2022-11-11,1
441f1957fd21,2022-11-11,1
8fb69c91c10b,2022-11-15,1
82e4394c5c78,2022-11-15,1
c80b62dce551,2023-06-21,1
25ba46e92452,2023-03-05,1
ea18eabbe185,2023-03-02,1
1667cdf37b96,2023-03-05,1
1d08bb39879d,2023-03-05,1
2e23d17b0f1d,2023-03-02,1
9dbfbe998d05,2023-03-05,1
716dda365ccd,2023-03-02,1
6d0f07566808,2022-11-15,1
f31603accf2a,2023-06-28,1
99650d611ad2,2024-07-02,1
7863fc493a80,2024-07-02,1
6f8b749ba527,2022-11-22,1
36a7220bf0a5,2022-11-22,1
c69f79d8a220,2024-02-19,1
4c07745b2b1b,2024-02-19,1
33acb610d055,2024-03-21,1
4ce0f6b0dbd6,2023-03-05,1
2eb2cdfd8e3b,2023-03-05,1
66f2de193117,2022-11-29,1
29f7c5e889da,2022-11-29,1
a803286d89ba,2023-05-30,1
baefa583feef,2022-11-28,1
4e4f7517c101,2023-05-17,1
7053e439869d,2023-03-26,1
96f743917aac,2024-06-13,1
9da375f2db46,2022-11-18,1
e3a3d2bee742,2022-11-18,1
60fc2bee0cd8,2023-11-28,1
acfc3bf984fc,2022-11-22,1
8826154a5d97,2022-12-08,1
b6cfd0dc3694,2022-12-08,1
75190fa1259b,2023-10-23,1
7eb0482d4685,2023-06-28,1
932d99d86281,2023-06-28,1
638a7d6ec56b,2022-11-18,1
ec8bc613207b,2022-11-17,1
33dbb6a11a0a,2022-11-16,1
3c9fbeb963b3,2022-12-01,1
10bd2c22a434,2022-12-01,1
9186f5b344bd,2022-11-27,1
781d7a25c220,2024-04-05,1
06677f4f1c9e,2022-12-20,1
06f0e037a8f0,2022-12-20,1
12b59856fdb2,2022-11-20,1
aaf169da967f,2022-11-24,1
5e277c843b0e,2022-11-22,1
b86615dff4ec,2024-04-21,1
d08aeaf80781,2022-11-20,1
cb8ccca5fef1,2022-11-22,1
ecfc53ddfcb6,2022-11-22,1
a1a85a5a80ac,2022-11-22,1
0be90ffa8607,2022-11-30,1
a5c3af1d8df3,2022-11-22,1
7f493dd5df42,2024-03-07,1
850954e619ab,2024-03-07,1
2fccf1d3d4df,2024-03-07,1
b817463d2e44,2024-03-07,1
1e999a52ba56,2022-12-01,1
3ba1b6e1bfa1,2024-09-16,1
ed555fc8be2c,2022-11-24,1
a603e5909f94,2022-11-22,1
f1b236ec1495,2022-11-22,1
0f536d4d0777,2022-11-22,1
5e44a1b56f3b,2022-12-01,1
5a17bd110f04,2022-12-01,1
af316ff8fa95,2022-12-06,1
8b74d1ae53e3,2024-08-13,1
3c315a875345,2024-09-02,1
673d3ab3fb27,2023-06-22,1
81ea560bc5bd,2022-12-01,1
29da20060e4c,2022-12-01,1
9c15fe76ccc6,2022-12-01,1
05729437de7a,2022-12-01,1
c20c875a82ba,2024-03-13,1
7547bc47440c,2024-03-13,1
dc4c17a9ece4,2023-02-16,1
feac414a79f1,2024-03-13,1
0d22155a7fed,2024-03-13,1
06959a67561e,2022-12-05,1
4b0c54b18dba,2022-12-15,1
e7bdc915cc59,2022-12-15,1
888501a4df0c,2022-12-15,1
5dae08338af5,2022-12-15,1
c2bfa29813a1,2022-12-15,1
da7a4cbad876,2022-12-04,1
147163cf2fe5,2023-01-29,1
2ac2913ee284,2023-02-20,1
1749a901cf31,2022-11-29,1
dee4ca05a147,2023-02-07,1
0c65e5f1af96,2023-02-07,1
fccac4a025f2,2022-12-04,1
5037cb4412d3,2022-12-04,1
731c538f9c55,2022-12-04,1
483041908ad6,2022-12-01,1
bc664f91a860,2022-12-06,1
4b8a15e928f8,2024-08-15,1
beff8209281a,2022-12-06,1
122285eb0f42,2022-12-09,1
f847f1a9b16c,2024-05-14,1
62febdc7ced7,2023-05-23,1
62e5d3dfa4c9,2022-12-12,1
e4f32d96adc7,2022-12-12,1
46198ed8977d,2022-12-12,1
f1b1bf0b44d1,2022-12-12,1
5ea0a7a09f24,2022-12-06,1
7ba8dba2f158,2023-03-01,1
d0cdb2216232,2022-12-12,1
8d9924c7cc57,2022-12-12,1
acf2f31a4a4d,2023-02-13,1
a4a92411128b,2023-03-02,1
7e95cfdcc61c,2024-08-27,1
c04f0e42a984,2022-12-08,1
cf1a5689eb9d,2022-12-14,1
89113edb0ac3,2022-12-22,1
fcb5ff148fd1,2022-12-20,1
49b258152510,2022-12-18,1
e98f6149840a,2022-12-19,1
c8b2c8c0b58b,2023-04-10,1
4bb24647e87c,2023-09-13,1
9a0dccc8df08,2022-12-11,1
f7c5619d922d,2023-02-13,1
a2d4793a7565,2022-12-19,1
f842c8d98ec0,2023-01-11,1
812790bd91d0,2022-12-12,1
d62ea8946316,2022-12-12,1
5da40a2dec7f,2022-12-12,1
80cf0fca9932,2023-09-13,1
cf798ca0719c,2022-12-15,1
86c76f40ffb9,2022-12-15,1
bb5e28b6d88f,2022-12-15,1
fbc35fe0e09d,2022-12-13,1
c746bf3bd61e,2022-12-20,1
51d1edf0d627,2022-12-20,1
d1729fcc73f2,2022-12-20,1
69ac90420afd,2022-12-23,1
bf7ae39ed214,2022-12-15,1
08a06d2cc7e0,2022-12-15,1
f7f7fc601d1f,2023-06-26,1
41c09bbaf978,2022-12-15,1
27b468d9f68c,2023-06-26,1
b2bed436d6c9,2023-06-26,1
e11040778c89,2023-02-13,1
e5193a925419,2023-09-13,1
e974f95ea27e,2023-01-30,1
d5443c567da6,2023-04-16,1
c91d8b9b1446,2023-01-15,1
0cb6590a931e,2022-12-19,1
89ef5526286f,2022-12-18,1
4c18a14c0e33,2022-12-18,1
9f5281011aa0,2023-01-10,1
02b9c32fb5bb,2023-01-09,1
94091497006a,2022-12-15,1
69abf6eebc76,2024-08-13,1
3fd47822d5fc,2023-01-03,1
64f611a05aa1,2023-11-26,1
b37bafbe2a36,2022-12-22,1
cc618b973ee2,2022-12-22,1
f54a7d2824ab,2023-01-23,1
b89be7d80ce6,2023-01-23,1
4a72f62c025d,2023-01-23,1
30c7b157be67,2022-12-25,1
dfc7335bdd02,2022-12-25,1
08f3d99efca1,2022-12-25,1
c6a0078338cb,2022-12-25,1
3e7a614bac45,2022-12-19,1
76930da661c7,2023-09-13,1
eba9bffa4e03,2023-02-06,1
90ebde586d3d,2023-03-13,1
5ad9e4fe2863,2024-05-13,1
b718310fd277,2023-01-11,1
29e5bbcd72d8,2023-02-12,1
356531fec992,2024-08-07,1
cfd7910b3251,2022-12-22,1
ddeff9fbbedf,2022-12-22,1
14f02ab36990,2022-12-25,1
8be1fd76faab,2022-12-25,1
b7a9d5bbc84a,2024-06-26,1
bc10f0cb89c5,2024-06-26,1
0ac62f1b1524,2024-06-26,1
ad8da25021c8,2023-04-20,1
b62e5b33e2d7,2023-01-12,1
1eb32aa99d3e,2023-04-20,1
a691b95d7dc6,2022-12-25,1
dcd2d36360a4,2022-12-25,1
442255b0595b,2022-12-25,1
eebc0aa5e2f5,2022-12-20,1
09e9486c64b6,2023-01-12,1
2e2679e7e5bf,2023-01-12,1
b60540832400,2024-03-26,1
56314dfefd6c,2024-03-26,1
bdaf6c9728e9,2022-12-25,1
324623c7fc7e,2022-12-25,1
3535063ceb42,2022-12-25,1
654388b53dd4,2022-12-25,1
56a2a2a0f2af,2022-12-25,1
5e707e071f92,2022-12-25,1
60f8929f38fc,2022-12-25,1
a26fff433b17,2022-12-25,1
e748c5a8b57b,2022-12-25,1
f04ecd4d1a67,2022-12-25,1
52c2c8e13326,2022-12-27,1
46ce4ce89f6b,2022-12-27,1
264ec4433b34,2022-12-27,1
9505ae829832,2022-12-27,1
0378668ef701,2022-12-27,1
f5cf9beddc1d,2022-12-27,1
2fbfc1595039,2022-12-25,1
a25ea5a18810,2022-12-27,1
d772be844448,2022-12-27,1
7564233ed28b,2022-12-27,1
84fbd1b92b61,2023-02-08,1
6b4cbf41da39,2022-12-26,1
180470efff12,2023-01-11,1
da5646be3ec3,2023-01-12,1
ec50f809fb60,2023-01-22,1
2b44ed7265a6,2022-12-29,1
207ec54aa5a4,2022-12-29,1
1cf5e05bfcfb,2023-01-18,1
90de9c45d8f4,2023-01-18,1
b2c9105715a8,2023-01-18,1
5820f64f224c,2023-01-11,1
b31ebd83a3f8,2023-01-11,1
426119980986,2023-01-11,1
e3b8d62f1d4c,2023-02-02,1
b20602f6c5bc,2023-02-02,1
843eaa321299,2023-01-19,1
fe867f0f5c2b,2024-04-08,1
d6cad2955771,2024-03-13,1
214abe4fe20a,2024-04-11,1
c19b83d45328,2024-05-08,1
a7fcf79a814f,2023-01-31,1
4906066d41e9,2023-01-26,1
cc6e75821bf5,2023-11-15,1
790f2bc2ab42,2019-10-17,1
57f6f314c80c,2023-01-29,1
8b6d77a72984,2023-01-29,1
648115e0fb11,2023-01-29,1
fdefd0745786,2023-01-19,1
e0ad825e8a2c,2023-01-19,1
e6e2ab7e485c,2023-01-17,1
aeb62b82a1fc,2023-01-19,1
133bfe5846f5,2023-01-17,1
edf209e93fcc,2023-01-17,1
d96ac446f791,2023-01-17,1
6108556af2da,2023-01-17,1
f4da151d1755,2023-01-17,1
5943b5766d2a,2023-01-17,1
eff0988cd252,2023-01-17,1
738a8b908f49,2023-01-17,1
25c1d8b2d6c6,2023-01-23,1
0c9ddc7dbe0a,2023-01-29,1
a82f8b0bc74d,2023-03-02,1
c994f76a7838,2023-01-22,1
646e3a1c32a4,2023-01-24,1
d9a2451e252b,2023-01-24,1
e51188d6e4cf,2023-01-24,1
1c6f2f46cddc,2023-01-26,1
55f4681a26ab,2023-01-26,1
0ee462969f7e,2023-01-26,1
4dd25512ed8e,2023-01-26,1
eac2f498bf31,2023-01-26,1
be102a18428e,2023-01-26,1
8f9233c4f689,2023-01-26,1
adec6c329672,2024-03-14,1
7a675a977b18,2023-01-29,1
f1042b5f3810,2023-02-01,1
7af4528ef282,2023-02-14,1
aa6ab317c1bc,2023-02-14,1
70704984d519,2023-02-14,1
ae41456d4f3d,2023-02-12,1
7dcdd27f2c29,2023-03-02,1
ba7bac17a13b,2023-02-07,1
1f5b96752e43,2023-02-07,1
480bd8ea305e,2023-02-07,1
e5d71836b2b8,2023-02-12,1
cd2ef7f49217,2023-02-19,1
371f171c6b31,2023-02-16,1
3026a39bd3a9,2023-02-16,1
38d8633f943c,2023-02-16,1
51d873e6aadb,2023-01-30,1
dc9e8a3e6567,2023-01-30,1
28e5e4b4031d,2023-01-30,1
c53f487beefc,2024-09-13,1
812cd86bf8a7,2023-01-31,1
a5aebf13b209,2023-02-01,1
5cb53f6b911d,2024-03-26,1
53153160b3fa,2024-03-26,1
73472a26df27,2023-03-01,1
c282f628be86,2023-02-12,1
15fb2b73ec2a,2023-03-02,1
b5597b848f2b,2023-02-09,1
6c50abea0b83,2023-06-01,1
9e3448088962,2023-02-08,1
dc4ea624e7d1,2023-02-08,1
95da83ab8f75,2023-02-12,1
343f2620a965,2023-02-19,1
323273240e77,2023-02-19,1
b5910cb10472,2024-09-23,1
24dc788e8838,2023-02-16,1
8c082b1eb3bf,2023-02-16,1
3ae3647ddfae,2023-02-08,1
4aa625381d82,2024-04-14,1
3687d56c00e2,2023-02-08,1
e4a9bf8b57f6,2023-02-19,1
25b7f7bdb615,2023-02-28,1
60b93eda822a,2024-09-23,1
90d19d0fb2b2,2023-02-23,1
b5f26c669614,2023-02-08,1
95c6556e0d99,2024-09-05,1
b7b19e9a8719,2023-02-13,1
7080a38c0f96,2023-02-26,1
54b358086882,2023-02-26,1
7f894237889a,2023-02-26,1
e6f7be50079b,2023-02-26,1
5455800b6232,2023-02-26,1
8f313ba42f9b,2023-02-26,1
2315a265f21b,2023-02-21,1
14eb2fb2a102,2023-04-27,1
6e017e0bdd3e,2024-07-23,1
96b65cfa0cee,2023-02-13,1
60eb89c5c9ab,2023-03-02,1
a1720cb28b22,2023-03-02,1
c0c30941107e,2023-03-02,1
6036be914389,2023-03-02,1
7e044a2e909c,2024-09-25,1
8b39462e321a,2024-09-25,1
0aaed68d3e0d,2024-09-25,1
63d1d3c50701,2023-03-02,1
1080105bc6a9,2023-11-17,1
953f6f4f821c,2023-03-02,1
d751cba9911d,2023-03-02,1
3ff9dbd5c564,2023-02-20,1
b82a1a8de316,2023-03-13,1
be2f9a99f304,2023-03-19,1
0ec064cfad8c,2023-04-16,1
7bb51e7ea3d7,2024-04-11,1
1de3283c5a12,2023-02-28,1
192e0540adaa,2023-02-27,1
9c8f5155b2b3,2023-02-22,1
488ddff6cdd6,2023-02-20,1
c6772fe4e509,2023-02-22,1
7390a33d7f34,2023-02-21,1
fe178cb6850f,2023-02-16,1
c18431a5a0ed,2024-05-05,1
49eb48c187e1,2023-02-21,1
4a850f3ec0dc,2023-02-19,1
07fd314b1668,2023-02-19,1
1afe839dd9c3,2023-02-19,1
67f670b61e9e,2023-02-19,1
dfd6089bddd7,2023-02-19,1
3f89e56da9ff,2023-02-19,1
9f5700d50404,2024-09-25,1
886eed139491,2023-02-19,1
105dc9741851,2023-02-19,1
8fc9d6fa2785,2023-02-19,1
994eca495f7f,2023-02-27,1
12aaf219fe6b,2024-07-16,1
4eb078d1aadb,2023-03-13,1
713201765889,2023-02-20,1
c639eb2c67fa,2023-02-26,1
a091d58cbe4c,2023-02-26,1
0bd1c4214eb8,2024-04-20,1
960d59933601,2023-03-07,1
e2cdd178ba96,2023-02-22,1
1786d8b61d0e,2023-02-22,1
acd0f3b088e6,2023-02-28,1
f42fa257a98a,2023-03-16,1
85537c0fec5e,2023-03-16,1
489b8fc1e99c,2024-09-06,1
c8868966f595,2024-09-06,1
00a2fd4d1f78,2023-03-16,1
9a95efc2a689,2024-09-12,1
2db9bd44b526,2023-02-28,1
9d59cee931e4,2023-03-20,1
ec457f328311,2023-03-16,1
3a845446579b,2023-02-27,1
d8885fa38f58,2024-03-28,1
ba560ca4ea32,2023-03-08,1
d6fdfea77110,2023-03-05,1
6dabe25f8d9f,2023-03-05,1
bccdf54c5e35,2023-03-05,1
e3bb18398626,2024-09-26,1
d897180012c7,2023-03-05,1
162665c6cd0f,2024-01-11,1
4bd3e741ee8b,2023-03-07,1
01e6b8e05725,2023-02-28,1
234e581eca1e,2023-03-06,1
32733e9be932,2023-03-06,1
e2bfca1ce834,2024-05-06,1
dc98a8766d95,2024-06-09,1
52aab26bb3f2,2023-03-02,1
a6c47c6539de,2023-03-02,1
08c8e0aa396c,2024-02-27,1
d20bf30688e7,2024-03-28,1
7030e7b1b1a1,2023-03-02,1
405cef53d704,2023-03-16,1
45cd78a384ca,2023-03-21,1
cb9e8b3b3636,2023-03-21,1
73bc708d6310,2023-03-09,1
e2a7baf372f8,2023-03-09,1
8527eed4df3d,2024-03-22,1
7824013519b9,2024-03-22,1
a196086cd03c,2023-03-06,1
badb5d267d60,2023-03-07,1
c081a1b24715,2023-03-07,1
a29a0901af38,2023-03-17,1
a8f371f697cc,2023-03-26,1
f42d014dd6e1,2023-03-07,1
c8b1d6f9121f,2023-03-07,1
db3011c2fb25,2023-03-20,1
d8528f0fbb7a,2023-03-20,1
ebfd2786bbcf,2023-03-20,1
db6fc56d7612,2023-03-20,1
5e43622e76ae,2023-03-13,1
3a0ff8fd35b9,2023-03-12,1
2f23c9778b82,2023-03-12,1
b67ca79bac7e,2023-03-16,1
ac86039f1a6f,2023-03-16,1
a78a1605755b,2023-03-20,1
418d3757e0c5,2023-03-20,1
93117d2ca760,2023-03-21,1
bb9851927d25,2023-03-20,1
2a51a8123cf7,2023-04-05,1
f7e2fe13cef2,2023-04-05,1
757b871b8dbe,2023-04-05,1
1237b40e6fd0,2023-05-11,1
dad2d9867ac8,2023-04-09,1
d35f93ada059,2023-05-03,1
c02c84ba50f0,2023-05-25,1
ac903e3c89da,2023-05-25,1
82a9f8fbdb8c,2019-10-17,1
09e78a45c7be,2023-03-21,1
441a5ddc136c,2023-05-30,1
c7387c6ec660,2023-05-30,1
b21fe81b3181,2023-03-19,1
51f52b0e2e5d,2023-03-26,1
352ff71c422b,2023-03-19,1
65ecbd4ee5c6,2023-05-11,1
7c9ad6fd5146,2023-05-11,1
f52c8a9fb12e,2023-05-11,1
f3311be9a7ad,2023-03-29,1
447ea62af391,2023-04-13,1
c98e5fb82d2a,2023-03-29,1
419803fe825b,2023-03-29,1
6cafc2bd1271,2023-04-10,1
7e5c5052f82b,2023-04-10,1
ef5c77d4ad2f,2023-04-04,1
54b5071f03e3,2023-03-27,1
4f4f2915eed3,2023-03-20,1
058d14cc6032,2023-03-20,1
45b0d46a9045,2023-03-28,1
741902719a81,2023-03-22,1
4e986226d40b,2023-03-26,1
8ff0896f83fc,2023-03-26,1
4851e1ea41fa,2023-03-26,1
f08fd5363a68,2023-03-26,1
885f2c036559,2023-03-26,1
e23f07c8b2ba,2023-04-10,1
f2f8c057f2f0,2023-09-13,1
97a4b405358d,2023-03-28,1
b9724a235e4f,2023-03-28,1
fbd671288071,2023-03-28,1
93bcab7c17bf,2023-04-09,1
d630e89a72af,2023-03-21,1
40d94301a196,2024-04-05,1
5f4c7b4bf284,2024-07-09,1
ad69b26b166d,2023-04-10,1
0bc7d64b7fab,2023-04-02,1
6b59522f4cb1,2023-04-10,1
81086b0ec00e,2023-03-28,1
35df5820ab10,2023-03-28,1
704beb682999,2023-03-29,1
567d86a10520,2023-03-28,1
26de7003dc05,2024-09-26,1
1b78a586a7ff,2023-03-29,1
b3971aca8660,2024-09-26,1
8723bfee4bb6,2024-09-26,1
596f9a9a9267,2023-03-31,1
d6f3efac6825,2023-03-31,1
72f0eb724922,2023-03-31,1
8f035ef6c311,2023-04-16,1
19af4085461e,2023-04-16,1
f39743072074,2023-04-16,1
0e91b28e7045,2023-04-16,1
5633f47224cc,2023-04-16,1
5aa9bbb068d0,2023-04-16,1
be3ff7269088,2023-04-16,1
23e021a71a0f,2023-04-16,1
9821424fb474,2023-03-27,1
337497fbe475,2023-04-05,1
a6a4ffc83dd3,2023-12-17,1
d726009ff53f,2023-12-05,1
2f7f318b86cd,2023-12-19,1
1b680aaee45b,2024-09-09,1
a9b2034bc5b5,2023-03-27,1
e2522c8c0503,2023-03-28,1
3d86e6829ee5,2023-03-28,1
449a56d51a5c,2023-04-13,1
e8b0c5c3d475,2023-04-03,1
0cc9e31ff2d9,2024-03-26,1
ef2ba95a3ef9,2023-05-28,1
381d2f3ed89a,2023-09-13,1
5f2e31ea2bbe,2023-04-09,1
1703c51d72cf,2023-04-09,1
bb71cd415e48,2023-04-04,1
4a6684dd99ec,2023-03-27,1
1b25f6dd7409,2023-03-27,1
42cc77c2d30b,2024-04-12,1
02dfee9cab88,2024-04-12,1
7ec2657cd2e7,2023-03-30,1
042eb9c29e10,2023-03-30,1
2ff026c8a304,2024-08-22,1
38783f97aa05,2023-04-03,1
105254f63a26,2023-04-03,1
77ebcc86dab2,2023-04-03,1
6e35f789737f,2023-04-06,1
710a49e0bc4e,2023-04-06,1
971750af54e3,2023-04-06,1
d446bc35401e,2023-04-06,1
92bb9f126cf6,2023-04-06,1
e32502f7036f,2023-04-06,1
3bbd69b74aaf,2023-04-06,1
dfad1fe74002,2023-04-06,1
8ebbb694f4fd,2023-04-06,1
d27403fbb099,2023-04-06,1
7ae629b22cc0,2023-04-06,1
9518f1c4c1db,2023-04-06,1
5f5fcc143a9f,2024-03-18,1
eae8759efcac,2023-04-02,1
ce42cab5654e,2023-12-01,1
49033242eb93,2023-04-06,1
c4c8f6b410a7,2023-04-06,1
78384b5b4540,2023-12-10,1
7a86e6ad04f5,2023-04-13,1
afe101033c11,2023-09-13,1
880b39cd31de,2024-04-14,1
b0aea401859d,2023-03-30,1
bb9cd6be6401,2023-04-09,1
d0d823d8a1b6,2024-08-07,1
c209ed82d791,2023-09-13,1
3b842c3c84d7,2023-04-25,1
1f6055c86674,2023-04-04,1
73a3faa36c23,2023-04-06,1
ee50f4db7a26,2023-04-06,1
b709d9e48c87,2023-04-12,1
eab440e47065,2023-04-12,1
5cc7c0bcc9fd,2023-04-16,1
dabbfc7a5398,2023-04-16,1
630cb1d623af,2024-05-16,1
338ad3c75e45,2024-05-24,1
6e778b7819d5,2023-05-31,1
c90cbd2aaa76,2024-05-14,1
8e9d4de02c1a,2023-04-17,1
83646a74184d,2023-04-17,1
ac308a9142be,2023-04-13,1
a4bb78c67c1a,2023-04-13,1
1b66559875e1,2023-04-13,1
72b515d1df03,2023-04-13,1
5457074961e9,2024-09-26,1
54aaca676837,2024-03-27,1
cc292ab8a6b0,2023-04-09,1
918615beda34,2023-05-03,1
701bdab97c52,2023-04-09,1
66a9f49d9a60,2023-04-09,1
37430e7e9b6d,2023-04-09,1
d09081ef13a2,2024-06-13,1
31cf07a5f75e,2023-05-25,1
b7d104b5edb6,2023-05-25,1
d0a331909419,2023-04-10,1
8a9591596ed6,2023-04-07,1
f136b155e5b2,2023-04-07,1
933d32624d93,2024-01-25,1
268d95a2344e,2024-01-25,1
2ed442e5d3a9,2023-04-10,1
bf213ecb51be,2023-04-17,1
2541ae355e93,2023-04-17,1
b8198fb00848,2023-04-19,1
b51f231275f8,2023-04-27,1
59a94719f1b0,2023-04-14,1
308fc0e950a1,2023-04-14,1
bdf19c5b5155,2023-04-14,1
b8f0e33e0819,2023-04-19,1
303d4032e8b6,2023-04-19,1
c6a8b9d6fa2d,2023-04-17,1
37609b43aa0c,2024-05-15,1
465de923b115,2023-04-10,1
f2fd851c016e,2023-05-03,1
3d1643414523,2023-05-03,1
2f9b083f86d3,2023-04-10,1
1f5b93302326,2023-04-10,1
ba3271337fb5,2023-06-15,1
beefda9a98c4,2023-04-23,1
8f6d5186cd61,2023-06-02,1
051ff37442a6,2023-04-23,1
3f1387a6db1f,2023-06-02,1
0306e09d928c,2023-04-12,1
9d85d3f34486,2023-06-02,1
60a2dfba1e4b,2023-04-12,1
9454fb3e603d,2023-04-23,1
0f94fc92fd3e,2023-04-23,1
bf4ba6f27347,2023-04-12,1
cdfc8b5fb303,2023-04-12,1
8a1557a51ce1,2023-04-12,1
0ecebe594928,2024-09-02,1
ebccc860f037,2023-04-18,1
e6f7fa3039f7,2023-04-17,1
ccb3b46ae931,2023-09-13,1
9c795aea6172,2024-03-20,1
60170adc3b5d,2024-03-25,1
dd94e2bc5601,2023-04-20,1
78cba9948657,2023-04-23,1
a789575c555f,2023-04-19,1
278d9b7ff05a,2023-04-19,1
293677d959c4,2023-04-19,1
f355ae18f06c,2023-06-14,1
6261bbfede9b,2023-04-23,1
296b38a1a0ce,2023-04-18,1
110a47e1ac6f,2023-04-20,1
616549e58f6f,2023-04-25,1
43d92eb4a393,2023-04-25,1
557d9a93d1d5,2023-04-25,1
faa491a38d36,2023-06-13,1
49c3577bb08b,2024-01-31,1
931a8a90483a,2023-04-17,1
7060e9e731ee,2023-04-27,1
5e24a6b9922e,2023-04-17,1
90e9e72b4985,2023-04-27,1
31e756c280aa,2023-04-20,1
6744bcd5b596,2023-04-27,1
a4577d85d50b,2023-04-19,1
3c9eaf4966a5,2023-04-19,1
bb03eab17568,2023-04-28,1
de542bad9d8a,2023-04-28,1
89578ee831fa,2023-04-18,1
2412baae74da,2023-04-18,1
9f972f27a1a4,2024-06-24,1
35f346986cc2,2023-05-30,1
ea062c37babd,2023-05-30,1
a6c26a5deeb7,2023-05-30,1
0449cbeaf64f,2023-05-30,1
6138709790a5,2024-03-11,1
a58abda6d5b4,2023-04-25,1
29f84af8899b,2023-04-25,1
2a402d9df35d,2023-04-25,1
f787aa01904c,2023-09-13,1
b02008cffa52,2024-09-26,1
6a36bad625b6,2023-05-30,1
bf3f95a89a97,2023-05-10,1
ccdcd398fd2e,2023-04-26,1
cf37d671b004,2023-04-26,1
ac2e71039d9a,2024-02-13,1
d804be762da0,2023-09-13,1
f78e9d3e7f60,2023-09-13,1
d84f9d182062,2023-09-13,1
7dec09c6f50f,2023-09-13,1
5aac65c2b5c0,2023-04-26,1
2269cada2a79,2023-04-26,1
2259e131a783,2023-06-01,1
7ceb1de7750a,2023-06-16,1
822b9c993b3b,2023-12-12,1
ff77967e2e85,2023-06-16,1
52abdcb8c903,2023-06-16,1
435ac158ee29,2023-06-16,1
5c67c95d8581,2023-06-16,1
83f80155e787,2023-05-04,1
b1efc37b829f,2024-09-09,1
e8805a3cdfd6,2024-07-23,1
362b2ecbbe37,2024-06-27,1
adba492dcc51,2023-05-15,1
f348a526fc48,2023-05-15,1
4e5af75e7197,2024-08-13,1
a4c69f849377,2023-09-13,1
02f169ca1bf5,2024-01-23,1
3cc6174447c6,2024-01-23,1
a055b8c09a20,2024-01-23,1
28443b5c53d6,2024-01-23,1
5acd62b71e82,2023-05-03,1
cd16be8b397f,2023-05-03,1
ca15372278fe,2023-04-28,1
70c915168a2d,2023-04-28,1
1376ef82d0e5,2023-05-19,1
77528aacdb54,2023-06-15,1
d9a0a98deb79,2023-06-15,1
f26048e91252,2023-06-15,1
dc2dfd450a6f,2023-06-15,1
f9cd86bccdf0,2023-05-24,1
3f9696c4e34f,2023-05-10,1
144a0f3bac0c,2023-04-26,1
0f39c6d9e909,2023-06-15,1
42f77f284eed,2023-06-15,1
3f71a8c79684,2023-05-30,1
8511a8c44107,2024-01-23,1
c144dae8a201,2023-06-05,1
ea928fe95b37,2023-05-03,1
8cb8cb580113,2023-05-18,1
acda0f0aa547,2024-03-29,1
65711947cf0b,2023-05-18,1
fc4d63f3c53a,2023-09-13,1
ac81eba36b70,2024-09-18,1
8aa2905cea03,2024-01-29,1
e76b68e33835,2023-05-30,1
ac21eb4876c4,2023-04-28,1
89470919bd5e,2023-06-08,1
f1ba30d53940,2023-05-03,1
cf5578c84c5f,2023-11-06,1
4f185c82f351,2024-08-13,1
0df99cfa432d,2023-11-01,1
8f937aeb4df8,2023-05-03,1
ed451809f6e7,2023-11-01,1
6fb72e5f6cdf,2023-05-11,1
93d5e3a3dc14,2023-12-12,1
d268c8d814f3,2023-05-11,1
3697afecd785,2023-05-11,1
bdb13aa4491c,2023-05-11,1
622f259f5c7f,2023-05-18,1
f6eaf64bbae2,2023-05-11,1
c138d1de3a7a,2023-10-22,1
14b4233d2639,2024-09-05,1
be27b937ffe8,2023-06-14,1
e89b84e389a8,2023-11-12,1
c8dd8a7220c8,2023-05-09,1
4d14ef3bbff9,2023-05-16,1
9e1acdf0024f,2023-05-16,1
47c2cd2da8c9,2023-05-22,1
1b9a4af306ed,2023-05-17,1
da7988442580,2023-05-24,1
e87d8f2511d9,2023-05-17,1
d864668a8dda,2023-05-22,1
2280ece1b0f3,2023-05-22,1
7d94abeab65c,2023-05-22,1
8687e05c1b7d,2023-05-22,1
48f21b0c5624,2023-05-22,1
1fe0ed4befd8,2023-05-11,1
3847046ed1cb,2023-05-21,1
b3cb4a4853fa,2024-09-15,1
438e89b47287,2024-09-15,1
1b662a0662df,2023-05-17,1
e90ee02a15a1,2023-10-06,1
d3431d4afd59,2023-06-02,1
8addd8419e37,2023-06-05,1
827557cb9c3a,2024-07-19,1
d62d8a0a6503,2023-05-18,1
9a03d7ff3010,2023-05-18,1
6b0ebfc1d51f,2024-08-29,1
c156f13eaa60,2024-03-27,1
6ad880628d60,2023-06-13,1
649da4b36071,2023-05-23,1
6520e5116b79,2023-06-13,1
c86e015ba19c,2023-06-19,1
d55041a570ba,2023-06-13,1
bbc1e9e6455f,2023-06-06,1
718a44e29d19,2023-05-31,1
bd4dfd0eaf0f,2024-09-02,1
cb0e6c11f9ce,2023-05-26,1
3217e8bb400f,2023-05-19,1
010c999f1acf,2023-10-03,1
82f6bb11e36a,2024-09-16,1
5c3eeb7aecab,2024-09-16,1
70c94597c71d,2024-09-16,1
1a2bbef23c1d,2024-09-16,1
0fcc57edcb9b,2024-09-16,1
32d776589444,2024-09-16,1
63c68ba5ca80,2023-06-08,1
495385f4b6bc,2024-03-14,1
c5b811e400cc,2024-03-19,1
0d8859923544,2023-05-24,1
6a049ba54866,2023-05-31,1
f78cb1bd4abb,2023-05-31,1
a7cfa16d4da9,2023-06-13,1
ab152a11c412,2023-06-06,1
c5ac7252f110,2023-06-06,1
54acf007ec70,2023-06-06,1
13f20cf6471e,2023-06-06,1
9be92bc17cc6,2023-06-06,1
2f5a824c0583,2023-05-30,1
17db969af01e,2023-05-30,1
7aee5430e38d,2023-05-30,1
8351d6626fab,2023-05-23,1
4e5a01309827,2023-05-23,1
255b1811a9e5,2023-12-05,1
467aada297e3,2023-06-04,1
092bc755c94c,2023-06-08,1
69188a107409,2023-06-08,1
e6001574ce29,2023-05-31,1
9dbda3ef49cd,2023-05-30,1
32e76800fd74,2023-06-08,1
7d9f6b401993,2023-06-08,1
dd19733625ab,2023-06-08,1
acf1ad038682,2023-06-06,1
6284a701fd4f,2023-06-06,1
1de3874f4887,2023-06-06,1
4849204b00e1,2023-05-30,1
2f4ebcbe1361,2023-06-14,1
a39bdc6317eb,2023-06-14,1
89e8c0f75bb5,2023-06-14,1
8edf3674a72f,2023-06-14,1
7f2d858415ba,2023-06-22,1
80c37b559c88,2023-09-13,1
095432f54022,2023-09-29,1
b7a57d260d83,2023-06-08,1
6402e77c9d78,2023-06-08,1
5dd7b32c1b74,2023-06-08,1
57cb5e6c2983,2023-06-20,1
46ed82474304,2023-05-30,1
e328f835c803,2024-04-10,1
78528cabbfc0,2023-06-13,1
3f7db576c655,2023-06-06,1
f56f0f815337,2024-06-10,1
47c9a0f71927,2024-08-07,1
92cbf69d4531,2023-06-07,1
6efbe5a2b956,2024-07-03,1
92926709c95c,2024-02-27,1
db9b56387c87,2023-12-15,1
d1a33e60025f,2023-12-15,1
d5c30a05e87b,2023-06-13,1
244c554344cb,2023-12-15,1
52b833a8eeaf,2024-06-28,1
fb4c6511597e,2023-06-04,1
7ef3bb3eb2f8,2023-06-23,1
3a5b578fa513,2023-06-23,1
884f81426245,2023-06-23,1
89754919c607,2023-06-16,1
932e57f5d15e,2023-06-08,1
7e99fdedc784,2024-06-12,1
2d8d31eb7dce,2023-06-13,1
ad04856a1777,2023-06-13,1
5d68efaa353e,2023-06-26,1
a2820d39e7b7,2023-06-09,1
899328e2a815,2023-06-09,1
0362eba4dbff,2023-06-09,1
09d4a5cf9d67,2023-06-09,1
1e999ee4bc41,2023-06-09,1
cea5aa10f240,2023-06-09,1
4c8cd25cb0b5,2023-09-13,1
22641349f269,2023-06-26,1
a7adfb9a08e2,2023-06-11,1
e3300820812c,2023-06-11,1
1a43423056c4,2024-08-05,1
4b4ec00ac868,2023-06-08,1
6917b505f2eb,2023-06-08,1
cb6a857d11d0,2023-06-08,1
eed7aec6f4eb,2023-06-08,1
a825b30b08a6,2023-06-08,1
7713b50a2dd9,2023-06-08,1
a956fc43c8cd,2023-09-13,1
dece0a555ee5,2023-06-09,1
2264f1a90d98,2024-05-28,1
67a01259982c,2023-06-27,1
e27371827bd7,2023-06-15,1
0b31a265d43e,2023-06-15,1
667d35363326,2024-06-23,1
f5819a3a2b74,2023-06-15,1
a1c37aafa942,2023-06-21,1
61fa7343ef56,2023-06-21,1
6160a05b9ddd,2023-06-16,1
a4628c88f90c,2023-06-16,1
66dfd9bccc3a,2023-06-16,1
3643d01270ce,2023-06-16,1
de649107f718,2023-06-15,1
71ab8b24484a,2023-06-13,1
f10000b4a926,2023-06-13,1
c42e98bb6b47,2023-06-13,1
ef1a93ee6773,2023-06-13,1
5aabf4a5c958,2023-06-13,1
9fd7dbfc626d,2023-06-20,1
0758ed35fb76,2023-06-13,1
2445c6ba805d,2023-09-13,1
63b1b81734e0,2023-06-21,1
127b4e9dceed,2023-09-22,1
856b6db33b39,2023-06-14,1
8e76f40dd2cc,2023-06-14,1
4db57350fddb,2023-06-14,1
b0ea19adbd90,2023-06-14,1
39d69b2a624e,2023-06-14,1
0724c80e49db,2023-06-14,1
252d099b47ba,2023-06-22,1
72abdde0572f,2023-06-21,1
152bfba4ad8a,2023-06-21,1
01a9b1ad0c23,2023-06-21,1
a11e992fa1a2,2023-06-21,1
b4b638d9c86f,2023-06-21,1
fb68e2a4d2bb,2023-06-25,1
0e1d68e128f5,2023-09-13,1
124eeffd1e5e,2023-11-09,1
28accd10b692,2023-11-09,1
81848ebb8769,2023-11-09,1
e09f9a9509bc,2023-09-13,1
0c9df677a6fe,2023-09-13,1
586fcc3d4086,2023-09-13,1
caf4efd33bdf,2023-06-26,1
7bdb57d111b7,2023-09-13,1
30d801c343b1,2024-03-14,1
a1f7bae225ff,2023-09-13,1
0a1f23cd4049,2023-09-13,1
cc5234a783f9,2023-09-13,1
9dfc021842a9,2023-06-23,1
b9c36f855227,2023-09-13,1
57c363541ec8,2023-06-23,1
1432096255b8,2023-06-23,1
2fb00dbd6313,2023-06-23,1
6bd6a2924953,2024-03-27,1
536358b416e7,2024-03-27,1
8520fd9472b0,2024-03-27,1
375c3dbd2406,2024-03-27,1
1c774f21ec76,2023-06-26,1
beca5f75be5d,2023-06-26,1
a2da057c2f32,2024-03-27,1
25cf88bde035,2023-06-26,1
c24cf7a9e809,2023-09-13,1
d34b4961f795,2023-09-13,1
b6b8ea5284f2,2023-12-01,1
ab1a1bde995f,2024-08-27,1
5e79a0a557c4,2023-09-13,1
cb067a392101,2023-09-13,1
001b302a9387,2023-09-13,1
527828bee7f1,2023-09-13,1
d479d6857d38,2023-09-13,1
be21a6610261,2024-05-14,1
540649a647ae,2023-12-19,1
30f48a9890c9,2023-09-13,1
a67ec504f555,2023-09-13,1
717cbc7304d0,2023-06-27,1
5a3cb05762dc,2023-09-13,1
2715d77c7430,2023-09-13,1
192874de6326,2023-09-13,1
c84d20570863,2023-09-13,1
a0178f1b8034,2023-09-13,1
d880477500a5,2023-09-13,1
51c995e30209,2023-09-13,1
a2992068471b,2023-09-13,1
19180067ab90,2023-09-13,1
1e31d240c983,2023-09-13,1
aa9e0a151bed,2023-09-13,1
a01b345c5f9e,2023-09-13,1
571b5eedb726,2023-09-13,1
139610b8dbcb,2023-09-13,1
ccdce0ef16f9,2023-09-13,1
6731bc9c4d52,2023-09-13,1
a9c6c01a0472,2024-02-12,1
39af17954180,2024-02-12,1
8f0496342c70,2024-02-12,1
5bad3a28e954,2024-02-12,1
f0f46bfe5859,2024-02-12,1
e5767691918c,2023-09-13,1
ef591b37d578,2023-09-13,1
2ce644e89802,2023-09-13,1
2709ec5407ca,2024-05-27,1
1879955401c6,2023-09-13,1
3572316f3342,2023-09-13,1
7636a6cf74ac,2023-09-13,1
04de332291e2,2023-09-13,1
520087954bf2,2023-09-13,1
6073375fecdd,2023-09-13,1
ab4544e5cbfb,2023-09-13,1
745a75a9ffbc,2023-09-13,1
0297f8f65b3c,2023-09-13,1
8b232afaf9ea,2023-09-13,1
cb28bfe50d42,2023-09-13,1
23eb68910f53,2023-09-13,1
17591fe99c00,2023-09-13,1
ed6ffea1e9cb,2023-09-13,1
2754aded4a57,2023-09-13,1
b6f4b4015e56,2023-09-13,1
1185a88b9437,2023-09-13,1
6d76b779664e,2023-09-13,1
4fe360518bd2,2023-09-13,1
a62e2b03bf00,2023-09-13,1
2fd91a9fc88d,2023-09-13,1
ce793cc9ec9d,2023-09-13,1
cbb35adc5914,2023-09-13,1
d03941a74f5c,2023-09-13,1
56b00bc1f2a5,2023-09-13,1
2ff550136647,2023-09-13,1
72db6d48c5ee,2023-09-13,1
c41ef839acda,2023-09-13,1
fc072998e9cd,2023-09-13,1
71b21569271d,2023-09-13,1
66d8c84e3559,2023-09-13,1
a8e7c53c46d5,2023-09-13,1
0fc00443f763,2024-02-25,1
1a3575595d58,2023-09-13,1
e516f5320697,2023-09-13,1
260afda7fccb,2024-04-11,1
e4e089c5c61d,2023-09-13,1
55c0195a98a4,2023-09-13,1
117b9986cbe0,2023-09-13,1
4cd7d53c56f4,2023-09-13,1
41c1a5bffb3a,2024-09-23,1
615eb129ddad,2023-09-13,1
4051e9304fdc,2023-09-13,1
7eab22bba8fe,2023-09-13,1
339ca0bb0d8f,2023-09-13,1
a27c10507bc5,2024-01-24,1
933e75ae22d1,2023-09-13,1
6f1b1a8007e5,2023-09-13,1
80f785b95f44,2023-09-13,1
e57f094d7a7e,2023-09-13,1
e4bebba07f34,2023-09-13,1
d3fe921cd1ec,2023-09-13,1
589a6420d2cc,2023-06-27,1
7295bd933fc0,2023-09-13,1
474b311c6d83,2023-09-13,1
efb2f591327d,2023-09-13,1
8b16286ed46e,2023-09-13,1
cbda2004bbae,2023-09-13,1
e9ac8ac096f2,2023-09-13,1
70aa992ec5d5,2023-09-13,1
c99ae3b4cfbd,2023-09-13,1
9e2471059282,2023-09-13,1
9ef7943ccb14,2023-09-13,1
f06d4ff74a97,2023-09-13,1
d54043732b76,2024-02-21,1
ce5a66032311,2023-12-04,1
06ea3437093a,2023-09-13,1
3e183bf9d1d0,2023-09-13,1
04a8ac87c582,2023-09-13,1
445a7d4b2bd2,2023-09-13,1
96d5f4f0d83b,2023-09-13,1
16bc4dc071c3,2023-09-13,1
577bf288a097,2023-09-13,1
158ead82922a,2023-09-13,1
2efe9376e139,2023-09-13,1
34ce9f8b1d81,2023-09-13,1
55c1c6600185,2023-09-13,1
487f05fd842b,2023-09-13,1
e6bdde6ebb32,2023-09-13,1
753fa15635d8,2023-09-13,1
2a9ccf0d8301,2023-09-13,1
2770501d47cb,2023-09-13,1
2725f1ee8f7c,2023-09-13,1
6de73b072f00,2023-09-13,1
bde9be57bc50,2023-09-13,1
88aaa06184ab,2023-09-13,1
0a732090805d,2023-09-13,1
6d362b38a36e,2023-09-13,1
d4fa35f95993,2023-09-29,1
1c03ec3025be,2023-09-29,1
48fe9763f4e0,2023-09-13,1
72389c210ac4,2023-09-13,1
8cf0511f6bc1,2023-09-13,1
fa427a1f6d5a,2023-09-26,1
64717ddf3012,2023-09-13,1
0f880dd21743,2023-09-13,1
48611825ffa1,2023-11-29,1
ec5efa8dbe11,2024-01-10,1
e8e593666ce0,2023-09-13,1
d04509bc7385,2023-09-13,1
c82b08df4f42,2023-09-13,1
0991f14f2757,2023-09-13,1
778d5fb06335,2023-11-15,1
541246a55acd,2023-09-13,1
59b00033b09c,2023-09-13,1
5f4f182029d9,2023-09-13,1
6e00840b35cb,2023-09-13,1
3a93491ce7ff,2023-09-13,1
8eb48f02419e,2023-09-13,1
61eb1e1ed365,2023-09-13,1
b54be40c080f,2023-09-13,1
6c097c06d3c5,2023-09-13,1
898784f37ee7,2023-09-13,1
03d42ffb79fe,2023-09-13,1
8e57e4bea706,2024-09-11,1
be2494c31154,2023-09-13,1
04fb09e68d5d,2023-09-13,1
c398310b39e5,2023-11-06,1
35a22015c4ef,2024-03-20,1
225b1b30545a,2023-09-13,1
228f6c3b003a,2023-09-13,1
d5990f9de183,2023-09-13,1
4533e44da510,2023-09-13,1
3c0bd8376034,2023-09-13,1
c68a6596d94e,2023-09-13,1
c735232a01ad,2023-09-13,1
ffec7b3c43a8,2023-09-13,1
824098fc3753,2023-09-13,1
98dfab42dd8c,2023-09-13,1
51d403b6f0f6,2023-09-13,1
7384fc7cb4bf,2023-09-13,1
31e39b6fd025,2023-09-21,1
0acd0f939b1b,2023-09-13,1
a2660d1c7ebc,2023-09-13,1
e1c5162660f1,2023-09-13,1
8d908e699588,2023-09-13,1
623b55c169b4,2023-09-18,1
832ce8e8005f,2023-09-18,1
58c16b30d3bb,2023-09-18,1
8c50f4609046,2023-09-18,1
4f2372f34223,2023-09-18,1
1a3f380b0205,2023-09-18,1
193a7a8cc22e,2023-09-18,1
d8ac8f9f4470,2024-09-23,1
7e6675a67d79,2023-09-13,1
879e5ca8d613,2023-09-13,1
96e017c253bb,2024-05-31,1
b3effb0baa57,2023-11-15,1
20d067064d00,2023-09-13,1
4bc7e846e7e0,2023-11-22,1
04ce045ea3be,2023-09-13,1
5720c32f541e,2023-09-13,1
225fba3b108d,2023-09-13,1
d8c2a7492a4c,2023-09-13,1
daa0375e3342,2023-09-13,1
8d9f7a708d21,2023-09-13,1
965685261ce9,2023-09-13,1
8fc555f5e0d5,2023-09-13,1
e15dee87bdbd,2023-09-13,1
854d274bf438,2023-09-13,1
873014d1fbb7,2023-09-13,1
693340bdf51a,2023-09-13,1
4427b7c8492e,2023-09-13,1
0b25a908475f,2023-10-06,1
89fe07c83157,2023-10-06,1
010731812ffe,2023-10-06,1
13bfb00957c4,2023-10-06,1
bef038e73377,2023-09-13,1
7b4a805304db,2023-09-20,1
6cd60927180a,2024-09-04,1
96b2a622d9ff,2023-09-13,1
2001f015cbca,2023-09-13,1
0d1a602fa11e,2023-09-13,1
17b48474f832,2023-12-04,1
4835e4217dde,2023-09-13,1
a7320a7fa007,2023-09-13,1
8fec5b292138,2023-09-13,1
4197a38f5dcb,2023-09-13,1
1d0ab1c3b236,2023-09-13,1
550fddf13a7d,2023-09-13,1
091f9ee2a06e,2023-09-20,1
b7004b3fc8d1,2023-09-13,1
397115d624d7,2023-09-13,1
fe5adb60259e,2024-02-08,1
171758e879c3,2024-02-08,1
761e243ad182,2023-09-21,1
5fe76094d3f5,2023-10-12,1
627049246710,2023-09-13,1
8c48fcd56bdf,2023-09-27,1
77d12d88c66e,2023-09-27,1
a4c4484ba38d,2023-09-27,1
8c854fc32850,2023-09-13,1
de38741520b6,2023-09-13,1
4b0109242d62,2023-09-18,1
0e248c4f0003,2023-09-18,1
79bc4dd7009b,2023-12-07,1
aaeb534f0eea,2023-12-07,1
d6ace9dffc8f,2023-12-07,1
ea66f2c6667b,2023-12-07,1
b510ba7b9ecb,2023-12-07,1
e4c0a00828c0,2023-12-26,1
1e0d704c725d,2023-12-26,1
42af4b1cbb2d,2023-12-28,1
12e97713f2be,2023-12-26,1
22835dff660f,2023-09-13,1
23b2c33128c7,2023-09-13,1
be3634ead058,2023-09-19,1
5db44abdaf42,2023-09-13,1
666fbbbc0204,2023-09-13,1
c88242834536,2023-10-23,1
49bf895dece9,2023-09-20,1
66e6f31aa9ba,2023-09-20,1
b29871e9bc35,2023-09-20,1
4c6d273c9191,2023-09-20,1
679781fdb737,2023-09-20,1
fb620ef6bf44,2023-09-20,1
68a293a44202,2023-09-20,1
2811c2123f03,2023-09-20,1
d67c7788a979,2023-09-20,1
3c5e2131c728,2023-09-20,1
9cfd0d8099c3,2023-09-20,1
0fc000333fdd,2023-09-20,1
7c7f7670cdc1,2023-09-20,1
447d1d540274,2023-09-20,1
d6aa7d570dbe,2023-09-20,1
490f43d6414d,2023-09-13,1
fc23ff127fc0,2023-09-18,1
85b96839453a,2023-09-26,1
e5e7c9dbcd0b,2023-10-06,1
a7bc8686e9b0,2023-10-06,1
d80a7bf3f675,2023-10-06,1
b28bbd587ef5,2023-10-06,1
2833d55d84a7,2023-09-26,1
9de1ae0053ac,2023-09-26,1
d7d6fd27dd52,2023-10-18,1
218bf4442fd2,2023-10-18,1
fabdf58b0097,2023-11-21,1
28a26947d2b4,2023-10-18,1
ee03fe95d244,2023-10-18,1
4a5b78538e95,2023-10-18,1
751a230c5806,2023-09-13,1
61127adc4aad,2023-09-18,1
ac8354ceb089,2023-11-22,1
5faa2783c450,2023-09-17,1
a6b6bfbc73b9,2024-04-15,1
b4de2094f5a8,2023-09-20,1
590f8f5a8bce,2023-09-20,1
b2f6651a396c,2023-10-31,1
587776f6b525,2024-09-24,1
36cbd6c1b8f4,2024-09-24,1
09b509528a05,2023-09-14,1
7669161d19f7,2024-09-23,1
213e329fe1cb,2023-09-21,1
cd7f2151e4ae,2023-09-26,1
efe7e9e9c125,2024-01-18,1
9689654e4165,2024-01-18,1
455dc98003dc,2023-11-02,1
761882ecfd90,2024-06-27,1
8be64671fa62,2023-09-17,1
c7510ce91db5,2023-09-26,1
ffd99b59b861,2023-09-18,1
cfa7842e0a9a,2023-10-23,1
a1b2661570aa,2023-09-19,1
40e1942e8d68,2023-12-27,1
1d9db0b02009,2023-10-12,1
ef73231093a2,2023-10-12,1
ea2178218581,2023-10-12,1
cd77744b83e1,2023-10-12,1
bcf54c2dfe82,2023-10-19,1
be95f1762553,2023-09-28,1
1650ba7b7fe4,2024-02-11,1
7dfd30939d26,2023-09-28,1
ffe6a5137dc3,2023-09-20,1
31dd192d0d0b,2023-10-18,1
84834f362c83,2023-11-13,1
c344a7874a14,2023-10-06,1
b3233b05a62a,2023-10-06,1
f0c97818113e,2023-10-06,1
de99a3a11b6f,2023-10-06,1
440a6b87ac2c,2023-10-06,1
a2c3a2086b01,2023-10-06,1
1fad7c0981e0,2023-10-06,1
4add8bd36943,2023-11-03,1
f0652291f610,2023-11-03,1
94693c24c7c8,2023-11-03,1
bd4a86b240c0,2024-01-04,1
86f7d7edca79,2024-01-04,1
dcc678e825de,2023-12-18,1
6c56e33321e6,2023-12-18,1
ddc7d471379e,2023-09-26,1
73ef9d1c927f,2024-06-18,1
3580c9cb7e13,2024-06-18,1
93d3ddd08144,2024-09-24,1
eb40e7d6f632,2024-09-24,1
eaaef6554443,2024-09-24,1
c2e8a242d440,2023-10-11,1
82069544b9f3,2023-09-26,1
991f2f94c08b,2024-07-17,1
78696b09c1e3,2023-10-18,1
233319273495,2023-10-09,1
bc33ac0b3012,2023-10-08,1
a1173b322682,2023-10-09,1
63eaf29e7f3d,2023-09-21,1
d07441f6ca15,2023-10-03,1
d37db3e3f2de,2023-10-27,1
57c35af4bfa9,2023-09-21,1
1c5e04b2f570,2023-09-22,1
ad0e036c30af,2024-09-13,1
e8dcef415e86,2023-09-22,1
bf7b5a134842,2023-09-22,1
f7b93534ae80,2023-09-28,1
f4fbeea6b9d2,2023-09-26,1
ddea7fbc133b,2024-05-14,1
654481912de3,2023-10-03,1
d295e31430a9,2023-10-03,1
796a61a73be2,2023-10-06,1
c80899d35e40,2023-10-06,1
79ff891b53b3,2023-10-06,1
6ea59b603961,2023-10-06,1
027d4f8d7ac0,2023-10-30,1
010e12e54155,2023-10-30,1
cfcb9a088510,2023-10-06,1
08b6a5c7d07f,2023-10-09,1
0886051ce2f4,2023-10-09,1
caa1dac1279d,2023-10-10,1
7460cdf36221,2023-10-09,1
5691c0a687fe,2023-10-09,1
f4af39abd49a,2023-09-29,1
ad3012eacfa0,2023-09-29,1
9c5e06c0726d,2023-09-29,1
d9510bcd0f86,2023-09-29,1
0aaf423be888,2023-09-29,1
5f39b3d64816,2023-09-29,1
4ddb19c19430,2023-10-16,1
c6fd1b441140,2024-09-05,1
216b81f5c0c1,2023-10-09,1
da840b06edf8,2023-10-09,1
1e7bf13c52e5,2023-10-09,1
fd55619b0c57,2024-09-16,1
b837820369ee,2023-10-10,1
8e89bd507c08,2023-10-10,1
6f71f9d5d10d,2023-10-10,1
ccd11300248e,2023-10-10,1
1e6329aeb704,2024-09-05,1
d151492a6d3a,2023-10-10,1
ee2f14e4be0c,2023-10-15,1
7a0b7554477a,2023-10-10,1
122585089304,2023-10-10,1
16128a8bcda1,2023-10-10,1
844ebc8a1c63,2023-10-10,1
224d92c6720b,2023-10-10,1
50d81403e8da,2024-08-30,1
59cea14bc6c8,2023-10-15,1
6e6fafdc2600,2023-10-16,1
44a182e46e49,2023-10-15,1
946da04a04cd,2023-10-16,1
826bf330bdeb,2023-10-16,1
a8b499778c6c,2023-10-10,1
f12f60b23645,2023-10-06,1
b156a8f2d795,2023-10-06,1
a6b686d12499,2023-10-09,1
d71c71345958,2023-10-16,1
ec06b1e90b65,2023-10-16,1
10d5a6a782d1,2023-10-16,1
44aa328ebce7,2023-10-19,1
c2b05dd1af42,2023-10-19,1
4a7fd008f8bf,2023-10-19,1
c693ded9082a,2023-10-18,1
877952dbc72a,2023-10-18,1
537f8f8c7d2a,2023-10-12,1
541253794477,2023-11-30,1
1f8cebafb87b,2023-10-06,1
cccce94f0652,2023-10-06,1
74a1270eb166,2023-10-10,1
bd79537c60cb,2024-07-17,1
f7ed2650960d,2023-10-10,1
fe7d98ec073a,2024-03-26,1
716131f35bc7,2023-10-10,1
4aeb5cc49422,2023-10-10,1
0704878c802c,2023-10-09,1
515786cae4f9,2024-02-01,1
4d836d3eb3b5,2024-02-01,1
c647de0770b4,2024-02-01,1
e07edb848d8a,2023-10-18,1
b4f792a6490f,2023-10-09,1
ad23a7f09015,2023-10-09,1
99f577a2ed90,2023-10-09,1
72620ed80eb6,2023-12-18,1
9ee5eded00cf,2023-10-09,1
67322261c73c,2023-10-09,1
d59a03027436,2024-09-24,1
4cdd57e9bd16,2024-06-18,1
a083c6381f50,2024-02-08,1
7b6b44ac82d3,2024-02-08,1
531286ab843f,2024-02-08,1
004f5402c1d9,2023-10-18,1
85e3efa0da1a,2023-10-18,1
2a3ca92e4f09,2023-10-18,1
683f97bb6daf,2024-03-21,1
e6f31fffcd3f,2023-10-25,1
08c647818940,2023-10-10,1
ff449b6efa52,2023-11-11,1
33f914d4d3d4,2023-11-11,1
53fbfb531671,2023-11-11,1
deac06c86e5e,2023-11-11,1
dbe59590b50f,2023-10-31,1
bdd4009fe629,2024-02-13,1
05d998ab7501,2023-10-31,1
722688259fd3,2023-10-31,1
1b2438a7664b,2023-10-31,1
e0753d4ab22d,2023-10-31,1
29ca68ba9504,2024-01-30,1
08c1f1ff7424,2024-02-13,1
e8f40a4825d3,2023-10-31,1
4e6256833a4d,2023-10-31,1
a744e66501b9,2023-10-31,1
a4ccec3dbd4e,2024-01-15,1
bf00a9d93d26,2024-02-01,1
ef4fcbaddf3d,2024-07-22,1
9ea023f42ddd,2024-09-01,1
04e8226fcc07,2023-10-21,1
569750c6fb35,2024-09-20,1
3c6319c4eb04,2023-10-16,1
7fd7e9961d35,2024-08-22,1
479c3405f689,2024-03-13,1
acbc6b7923d7,2024-09-05,1
1a6785b6f6f4,2023-10-22,1
2330b789cb2a,2023-10-22,1
657a72af2548,2024-03-25,1
8b4cc0bc9b20,2024-03-25,1
8aea44f0b5b0,2024-03-25,1
b3c70c779ee9,2024-03-25,1
ecbebf0c2cd8,2023-11-12,1
e2296f53502e,2023-10-23,1
781463c44616,2023-10-30,1
d1793fec3471,2023-10-30,1
67f15eadc15c,2024-07-10,1
2e888ceae0fc,2024-07-10,1
2960ea1ff6c8,2023-11-01,1
0e99d6d0b3fe,2023-11-01,1
cca35334b7fa,2023-11-14,1
b5f88f58d7d2,2023-11-03,1
77b84a84134d,2023-11-07,1
3604b49c88d9,2023-11-07,1
d6804828ee01,2023-11-01,1
7e80b3813cfb,2023-11-14,1
23917e48e6a1,2023-11-14,1
36de0f413491,2023-11-01,1
3cf59b769b53,2023-11-19,1
63c6c65ec6d2,2023-10-19,1
f6065b7f2e5c,2023-10-19,1
b41f016869d8,2023-10-31,1
282afd8930ca,2023-12-03,1
6d9d81d73a13,2024-05-21,1
3ce7dd5ca6ac,2024-03-01,1
5ec8eafeb7ce,2023-11-09,1
f11e4509597c,2023-12-12,1
5fe14c55a596,2023-11-01,1
e569fec02e53,2023-11-01,1
7b6dd7d08fbd,2024-09-04,1
200e0fe564e2,2023-10-31,1
59a5c3b7699c,2023-11-14,1
824c05f63c3d,2023-11-14,1
22d4f576d27d,2023-12-10,1
be85e3b7ed78,2024-09-09,1
47f8da44055a,2023-10-27,1
2a5eb0a207ac,2023-11-02,1
b9f635dc9e7f,2023-11-02,1
186d2e760acc,2023-10-31,1
985317775ffe,2023-10-31,1
56a85ccaad0e,2023-11-12,1
889a9cd2e289,2023-12-18,1
18d554c7ae89,2023-10-26,1
441faf6052b5,2024-01-09,1
030a4c2ceaf3,2023-11-11,1
c5ed3fb28979,2023-11-11,1
da87a2062973,2023-11-11,1
b573f07e2114,2023-11-07,1
2e889ce177eb,2023-11-07,1
066864356081,2023-11-07,1
efc01909a13a,2023-11-02,1
c396b2ad2b54,2023-11-02,1
e32b402adbdd,2023-11-02,1
e196a0bfbebe,2024-01-09,1
ef4686a45aea,2024-01-09,1
43122ab4d690,2023-11-06,1
e532b58868d0,2023-10-31,1
17098065598a,2023-10-31,1
dc38b1c96fb6,2023-10-26,1
e82cd1e3aeba,2023-10-29,1
ae603d58f530,2023-11-08,1
e6d82d48ff8a,2023-11-08,1
3d2390e12a75,2023-10-30,1
42e48d7fd023,2023-10-30,1
6554c47ff021,2023-11-01,1
6b7545f55390,2024-02-26,1
e532ab2bcc68,2023-10-31,1
ee5d24da97a3,2023-10-31,1
8139270b4684,2023-11-20,1
b229e2aed3f4,2023-10-31,1
82b3d58a8be4,2023-11-02,1
dd421990fa3a,2023-12-22,1
a6efd3b0a8b5,2023-11-12,1
eaf56e09b1cf,2023-12-05,1
5c62e79a9862,2024-08-06,1
4c09a12676f0,2023-11-17,1
27d12fd9f94f,2023-11-12,1
8aa3bf9a8efb,2023-11-12,1
8485c7606193,2023-11-08,1
ab2d81ed3432,2023-12-03,1
5c87c163a27e,2023-12-03,1
f73bb77c0eeb,2023-12-03,1
b842ede159f8,2023-11-16,1
ea4b109bd74f,2024-08-06,1
aed1ad8c7e00,2023-11-14,1
676cdc9b1900,2023-11-27,1
77ac652245d3,2023-11-15,1
0062dbaa1e6e,2023-11-28,1
b9da1dff9f52,2023-11-28,1
02b2386f0764,2024-05-02,1
143af502f80e,2024-01-24,1
947406fcafdb,2023-11-11,1
03f91b4c71ea,2023-11-20,1
20b66e661aa1,2024-09-10,1
dcee7c877e6d,2023-11-23,1
9d444f3d45f4,2023-11-14,1
e480981177ec,2023-11-14,1
e1fa0409d1ed,2023-11-13,1
aec9880ce210,2023-11-27,1
18d7b67e2293,2023-11-21,1
33bdad0723fc,2023-11-21,1
b991d12f385e,2023-11-21,1
82bc2bebdae3,2023-11-27,1
ac98814e50c5,2023-11-27,1
8e6496706dcd,2023-11-27,1
7f4179cd7446,2023-11-27,1
e2463c021b59,2024-09-11,1
3d79ccc418fd,2024-06-26,1
d5397e23e237,2023-11-20,1
aa1b14929db4,2023-12-04,1
235298cbe7fb,2023-12-06,1
30666f2b8c5a,2023-12-06,1
0b483dd9ace2,2023-11-15,1
e0c776c294a3,2023-11-28,1
ca23eef638cd,2023-11-20,1
bc83daae4cde,2023-11-22,1
1c67e46ba115,2023-11-22,1
97605c9f6e5b,2023-12-11,1
1400e76bd2fb,2024-08-06,1
3446f2d7d55a,2024-08-06,1
b43e583d6534,2024-08-06,1
33d93daae37c,2023-11-30,1
41d08f90fbce,2023-11-28,1
d57bb35e683b,2023-11-23,1
4f7f6f67dd79,2023-11-22,1
ef8633549c3d,2023-11-22,1
9d7c0b5559e4,2023-11-22,1
31a2d05958a1,2023-12-04,1
65d6e5eef6cf,2023-12-08,1
0dfc7133cc04,2023-12-08,1
0da8d526490d,2023-12-08,1
5fa24ccc0043,2023-12-12,1
46a4484895c5,2023-12-12,1
c7c753549dfe,2024-09-11,1
fea96fd3996f,2023-12-01,1
18bdb769bc2e,2023-12-01,1
9d3203523cc7,2023-12-01,1
e84ed83314d6,2023-11-21,1
fbcab4330e54,2023-11-21,1
eba9a5fc2bd2,2023-11-21,1
45910cf1e3ed,2024-02-26,1
e61f8b031708,2024-07-21,1
6162385264d0,2023-11-24,1
ab51a7d1971a,2023-11-24,1
670a256dc16a,2023-11-24,1
36467c6f408a,2023-11-24,1
bf4dfa2336fa,2023-11-24,1
4f2398686b46,2023-12-04,1
fa0c79e36486,2023-12-04,1
21a870255fc5,2023-12-04,1
f0aa7fb33c84,2023-12-04,1
515546513dcf,2023-12-13,1
47b77b9793e0,2023-12-04,1
0ffa3df7548c,2023-12-04,1
48553334352f,2023-12-15,1
52085ad69c85,2023-12-18,1
118398273aa8,2023-12-18,1
34af0ef77df6,2023-11-28,1
8afa4d95a8ef,2023-11-26,1
3541ee2378a3,2023-11-26,1
d71e1bb31807,2023-12-01,1
71cbd3f9e9a9,2023-12-26,1
5725137435be,2023-12-26,1
96695eb614c7,2023-12-12,1
4af7e8c6fb7d,2023-12-01,1
e1f07ea905f6,2024-01-15,1
b688beb1a1cb,2023-12-03,1
23de75fb9090,2023-12-26,1
e8252ae2284a,2023-12-26,1
7c824fd38ec1,2023-12-26,1
0e0b8598963f,2023-12-01,1
04e1acdb272b,2023-12-01,1
a0a99549e7de,2023-12-01,1
76f99376ccf6,2023-12-26,1
77f09d82f5a5,2023-11-28,1
0d4db96f9f63,2023-12-04,1
65ada3034957,2024-05-23,1
725cb9a98968,2023-12-28,1
2fc35da0e260,2023-12-13,1
bd330edf4749,2023-12-13,1
1260f89d74e4,2023-11-29,1
ce3e43bed004,2023-12-22,1
7ad150ce2773,2024-08-05,1
e4998267d33f,2024-09-24,1
8a8f896fedd4,2023-12-04,1
37de09c0ed30,2023-12-04,1
577bff687af7,2023-12-05,1
4517cdeded34,2023-12-27,1
32f20fe71123,2023-11-30,1
f4f907cc6f19,2023-11-30,1
8c3410e9ee8e,2023-11-30,1
630a5da6b196,2023-11-30,1
26fbb8192ebb,2023-11-29,1
99d799f96069,2023-12-05,1
9d12851f6153,2023-12-05,1
aab3ef8fa84e,2023-12-05,1
86dc73e65c13,2023-11-30,1
526437234455,2023-12-04,1
8a294072cd77,2023-12-06,1
a6e5a35742cf,2023-12-18,1
1f630310e27a,2023-12-18,1
52c96efbb7ba,2024-01-15,1
1b5040fb36db,2024-01-15,1
4ed6dfeedf75,2024-01-15,1
14dc207f7337,2024-01-15,1
fa4c5f3e03c8,2024-01-15,1
183406b0d299,2024-02-08,1
f8ebdc295042,2024-06-20,1
58be768cbede,2023-12-18,1
5c15a8ff1d5a,2024-03-07,1
82fe4491f665,2024-03-07,1
393fe092764e,2023-12-06,1
a5a506c33825,2023-12-20,1
89cebe0b8c5b,2024-01-29,1
72d35a887a20,2024-08-27,1
4d763d03b812,2023-12-12,1
187885f2682b,2023-12-12,1
5569c35c3917,2023-12-12,1
6017f065e3c8,2023-12-12,1
342cef176ca7,2023-12-12,1
8c25d4cd72cc,2023-12-13,1
abb2184b51a6,2023-12-24,1
54ed85db31b1,2023-12-24,1
18276c5a6b61,2023-12-12,1
b4d5b8bc914f,2023-12-12,1
3bec740a2b9b,2023-12-12,1
11afbd162909,2023-12-12,1
5a800300bd90,2023-12-06,1
7e521468b65c,2023-12-06,1
1c7309b65e82,2023-12-06,1
ac212513ae03,2024-01-28,1
6a27fea1b8fc,2023-12-14,1
e13726a1ed6f,2023-12-12,1
9a12edeb07d7,2024-05-12,1
a68110d6a75b,2024-02-21,1
f0e3e3fcdb30,2023-12-18,1
52f3ee4c62db,2023-12-25,1
7093e06a2171,2023-12-25,1
f5bfb2d9cfc1,2023-12-12,1
f97d5773afa4,2023-12-12,1
63dfabbe9c15,2023-12-18,1
906a5403b50a,2023-12-15,1
2c6bbfcbe475,2023-12-13,1
0f783a465d9f,2023-12-15,1
70d4d1a41573,2023-12-15,1
5321efa07ac0,2023-12-18,1
3c7c3aedf7c6,2023-12-14,1
809a59e2627f,2024-07-12,1
63f6001c15ee,2023-12-10,1
86c637355cb2,2023-12-12,1
5d4920f5b1a0,2023-12-12,1
fa81a6397b60,2023-12-12,1
604dac81499b,2024-07-08,1
fb7c291fae63,2023-12-20,1
175e08408dbb,2023-12-18,1
cc4fe24321a6,2023-12-20,1
e6b88e3ad07c,2023-12-14,1
4f94d79e5692,2023-12-13,1
5ab4abb40943,2023-12-15,1
cb26f06e7b72,2023-12-14,1
ab72b0e92cc5,2023-12-26,1
01f71119db72,2023-12-13,1
c7c15895b5ca,2023-12-13,1
63b67bd6a628,2024-07-11,1
32d37eb91fd6,2023-12-21,1
0543c94a5e26,2024-09-16,1
c99bd3941ba0,2024-01-24,1
7d03c6d93c3d,2024-03-05,1
3405b4b45bed,2024-03-05,1
438af0b02b72,2023-12-13,1
c900dd9f6b6d,2023-12-13,1
d3cf5877a55b,2023-12-13,1
a5b0e1724f21,2023-12-13,1
1b4b08b0db60,2023-12-13,1
39e8ba9802af,2023-12-19,1
fd778846c94a,2023-12-19,1
c3be7cf2d14e,2024-08-16,1
851410d2704b,2024-03-12,1
ecc762bd7a4f,2024-03-13,1
c2b0d35c83c4,2023-12-21,1
d3093a850b96,2024-01-23,1
209f6aca3737,2024-08-23,1
a8584a2f4299,2024-07-08,1
d893ed486e7b,2024-07-08,1
c126d80edeb7,2024-02-02,1
ea03f4dc3fb7,2024-01-24,1
c81e6900576f,2023-12-26,1
6445e078b375,2023-12-25,1
3de9be22790f,2023-12-22,1
29e78411b0b0,2023-12-22,1
2c61936074db,2023-12-22,1
c5ac96aa5cbf,2024-08-16,1
d1ce7d255075,2024-01-25,1
32a43166b1db,2024-08-16,1
78c623580009,2024-01-09,1
bd50ad7c8d46,2024-01-09,1
d3bbad8f2aca,2024-01-09,1
db3de263811c,2023-12-27,1
03ef5c04552d,2023-12-27,1
fd9c69e6e8f3,2024-02-13,1
4774d4d37278,2023-12-27,1
61a269da7857,2023-12-27,1
15409d398779,2023-12-18,1
847329f055ae,2023-12-18,1
ae2e0ebf1390,2024-02-26,1
ba69d59dab45,2024-02-26,1
08aa6767d4bb,2023-12-19,1
e84ea86e3b05,2023-12-25,1
dae29fdb8177,2019-10-17,1
06600c2a2ec8,2023-12-25,1
8c17a2b26d8c,2023-12-25,1
f86bfb6b39fd,2023-12-24,1
df47e9d66d15,2023-12-24,1
982d06c5828e,2023-12-22,1
02e79cd6a484,2023-12-19,1
1d79f367c4c5,2023-12-27,1
ef40f54dfdbb,2023-12-27,1
827472ee708c,2023-12-27,1
a56f6b81ba5e,2023-12-27,1
47f28493635a,2023-12-27,1
f63ff847298f,2023-12-27,1
24233bb47470,2024-02-01,1
f3d5957a0683,2024-02-06,1
45a8ebd75525,2023-12-27,1
70b64a2f60f0,2023-12-27,1
bd677a56a4f2,2024-09-24,1
721b5fc17667,2024-09-05,1
50bf3eb1edb2,2024-01-24,1
dcf92c6da826,2024-01-25,1
689ad829ca98,2023-12-25,1
ba89b330cbad,2024-04-01,1
5e82df5d2534,2024-02-26,1
3ffcf2684ebe,2024-02-26,1
d8166c6ca64e,2023-12-26,1
769507f6f391,2023-12-26,1
52922f38b251,2023-12-26,1
3d8abde91f52,2023-12-26,1
f80467c42a76,2023-12-26,1
661390bf0170,2023-12-26,1
75246a8d52b4,2023-12-26,1
b5bbdcefa506,2023-12-26,1
db29cf5bcaca,2023-12-26,1
1c4036eabbd0,2023-12-26,1
351f87732d16,2023-12-26,1
9dcbb817e3e6,2023-12-26,1
1c877315e107,2024-01-14,1
8cbbc4622d4b,2024-01-14,1
a98e214c27be,2024-01-14,1
8db495174cfc,2024-01-15,1
32b8198f7f8c,2024-07-30,1
b920f5b91b76,2024-01-11,1
9c365d7d9ed9,2023-12-29,1
a65711d382fd,2024-01-28,1
133c987636e4,2024-01-28,1
027a847a5c97,2023-12-25,1
947358a84027,2023-12-26,1
ed57da741022,2024-01-15,1
1a6673c70dba,2023-12-29,1
4fba567b7a6d,2023-12-22,1
8555f5d8267d,2024-08-09,1
418692abc7df,2023-12-24,1
ce9649d114b1,2024-08-01,1
bc68c9aacce0,2024-09-09,1
dea7011bb43a,2024-03-06,1
d91e6f2a0e5c,2024-06-04,1
223909e6184d,2024-06-04,1
9b5e79ebd130,2024-06-04,1
1bf3a2658771,2024-02-12,1
e9c6cb1b5c54,2023-12-27,1
404d1744daab,2024-02-13,1
14ac225dc9f2,2024-02-14,1
e57a3469febd,2023-12-29,1
c06ca63a3a3d,2024-01-21,1
002555e3c4fa,2024-01-10,1
ef03c3ae4cb1,2024-01-10,1
24d7a42d4323,2024-08-05,1
82d2d7c67282,2024-01-22,1
2d97d984b0e5,2024-04-07,1
ca5657d10659,2024-01-14,1
231d006ebb20,2024-01-17,1
b7eae31be79f,2024-01-11,1
f0219de08a03,2024-01-11,1
40d3d6a8b73f,2024-01-18,1
9379ae32e3d2,2024-01-18,1
358605812be5,2024-01-18,1
ea3c338a0548,2024-02-08,1
598f3c4a2976,2024-01-16,1
8b513b933912,2024-01-18,1
2182169d5feb,2024-01-07,1
e62ea264741d,2024-02-01,1
0ed759ab067d,2024-07-17,1
b6f6fcf36c66,2024-01-09,1
1bbc3092dc7f,2024-01-10,1
3cc09e4dff6a,2024-01-10,1
60065c837c56,2024-01-10,1
f5dd5397304d,2024-01-10,1
bc931ca8d788,2024-01-26,1
0aae57d47782,2024-01-26,1
9c1fe7a12efa,2024-01-15,1
6b88f2f5b5ba,2024-01-15,1
11d054607db6,2024-01-15,1
1e1d6a17017c,2024-01-09,1
1176da3b0b06,2024-01-09,1
d4bcb8d6cc1f,2024-01-09,1
f7bad2cb8b02,2024-01-09,1
750c82027f13,2024-01-09,1
6411b4dea374,2024-01-09,1
4155d86f0d0f,2024-01-09,1
d36f145a9638,2024-01-09,1
827d23688dbd,2024-01-09,1
994c8e39533b,2024-01-09,1
8f4107c5f18c,2024-01-12,1
76ec38272f43,2024-02-25,1
a6958f980640,2024-02-15,1
cb1e5cf28320,2024-01-23,1
fe137a69f38f,2024-02-06,1
f92463369375,2024-01-19,1
82eb22786dc3,2024-01-19,1
a68c6af8f4a0,2024-01-19,1
45476ac2bc25,2024-09-05,1
3f72d0c3c5db,2024-01-19,1
27152da956d4,2024-01-19,1
a17ccd3d863d,2024-06-07,1
92a1e6070b9d,2024-01-24,1
721828427ecc,2024-01-24,1
8b3c1e5a8177,2024-01-24,1
09a73dd409b7,2024-01-21,1
9e39c9b5b0a6,2024-06-18,1
6bd8baa15c87,2024-01-24,1
a7382388cb88,2024-09-17,1
536da7fdf0fa,2024-06-14,1
e0ceeca9c9cc,2024-01-18,1
78be48205cfc,2024-01-18,1
b5875a93380c,2024-01-22,1
dc89a3652965,2024-01-17,1
8a033ccf55a6,2024-09-24,1
e8ce527bc8ad,2024-01-23,1
d90498542de4,2024-01-23,1
16c7734140be,2024-01-23,1
c8d74a044a21,2024-01-23,1
87bcba341246,2024-01-23,1
f38eb9a24235,2024-01-23,1
367ade44c168,2024-01-23,1
e8dd7e5173ac,2024-01-23,1
af4a7cdfc6aa,2024-01-23,1
0ea52050198d,2024-01-23,1
c22182ff43cf,2024-01-23,1
73b2a5becfa4,2024-01-23,1
15ae2e00c827,2024-01-23,1
e4123caec23d,2024-01-23,1
68e43906bad7,2024-01-17,1
041dccfd281e,2024-01-18,1
f1a7368d628b,2024-01-18,1
15771332ab8e,2024-01-18,1
eec28cafde61,2024-02-06,1
785ad43d8fd6,2024-01-19,1
4e3cbc960029,2024-01-19,1
523d99a2f3b4,2024-04-02,1
4e3ced6f94be,2024-04-02,1
fd5cd37dcfb9,2024-08-23,1
c8d25addc2fa,2024-01-21,1
73e10b52843d,2024-08-30,1
b433bee2ecb3,2024-08-27,1
df67ce95f8f2,2024-01-24,1
f1fcfc4f9d16,2024-01-22,1
58919eb3e6d0,2024-01-22,1
7474669fc455,2024-01-22,1
09596b9b9eaf,2024-01-25,1
22e35ca622d9,2024-01-25,1
095ec7747f2e,2024-02-06,1
74585652f729,2024-02-06,1
bb6945a957a8,2024-02-06,1
5801cf9196f9,2024-01-24,1
978f4d606166,2024-09-06,1
cd95bd78b47d,2024-01-24,1
a755fc06d8c7,2024-01-25,1
bc34b36ed8d8,2024-01-28,1
be665d1dd802,2024-06-30,1
18f12d5a0431,2024-06-30,1
26e1d9664449,2024-06-30,1
d5e3c5792120,2024-01-26,1
5a99ebe581ad,2024-01-26,1
24554154784b,2024-04-04,1
10a620ce0408,2024-04-04,1
5f89c86339b8,2024-04-04,1
c820d78ddd0d,2024-02-02,1
737a9795b2fc,2024-02-02,1
f89f6f806c8c,2024-02-02,1
7ab0fe125557,2024-02-02,1
f92f8512cf70,2024-02-02,1
27e829943d66,2024-02-02,1
606c2ad50ab1,2024-02-02,1
fbfa472e5a66,2024-02-02,1
147a182c641b,2024-01-25,1
1098277dcb4d,2024-02-02,1
088f0cdd1922,2024-01-28,1
2f7526352720,2024-02-12,1
b81205988c45,2024-04-23,1
fae31938026b,2024-02-26,1
fc50e33791be,2024-01-28,1
47ad02559e22,2024-01-26,1
e2410ae45f38,2024-02-29,1
3c2748f9252e,2024-02-13,1
ccc1d739eb10,2024-02-12,1
7e3c52dcba03,2024-02-05,1
a221aa4c06c9,2024-02-05,1
0010323c7e62,2024-07-24,1
bf7100fba312,2024-01-29,1
6da112d7e744,2024-02-05,1
8003b2addfd4,2024-02-05,1
5eec8c9bb94f,2024-02-04,1
cfab49c60729,2024-02-04,1
ac675af6b6e1,2024-02-05,1
6640f2eacac3,2024-05-20,1
e25e042506d7,2024-01-25,1
0e7d16d0a0d7,2024-01-28,1
9dffe738cd68,2024-02-13,1
bd03b5aa50fd,2024-02-20,1
b648855a46f6,2024-09-24,1
4252b5d0c2e7,2024-02-12,1
ef0196f6042a,2024-07-01,1
bc3fe95dc02e,2024-02-01,1
47deb9b397b1,2024-09-19,1
ca799db64829,2024-09-19,1
232219e702b0,2024-02-05,1
f35fc0b9cc0c,2024-02-05,1
c3a9157924a3,2024-02-05,1
5555a46c22a2,2024-02-11,1
9eced0c971b2,2024-02-04,1
eec6e181cc09,2024-02-04,1
a9843122da26,2024-02-05,1
806e5e209454,2024-02-18,1
f41a05082de3,2024-03-11,1
416a0b6381a5,2024-03-11,1
51d3225799a3,2024-02-21,1
d21283f6a6c1,2024-02-07,1
ed0ec53c1034,2024-02-02,1
06db3bd82a09,2024-02-02,1
d2d66c734112,2024-02-02,1
f2dd83613a1b,2024-02-01,1
17bb02038daa,2024-02-11,1
5a6e5ae14cf5,2024-02-02,1
29aa33048f37,2024-02-02,1
466a82f83d4f,2024-02-02,1
fe8f7a42b8cc,2024-02-02,1
144c32881579,2024-02-02,1
b16dad791f8a,2024-02-02,1
d7d9fdfd2fda,2024-02-02,1
4f0855b6885c,2024-02-02,1
156cec10481c,2024-02-02,1
a5a6e10b7914,2024-02-02,1
36bbb0d9c276,2024-02-02,1
ca3f345f9c3f,2024-02-02,1
a7e2f94f1b8f,2024-02-02,1
7f4b152d9cda,2024-02-02,1
c21748bce07d,2024-02-02,1
ced5cfb8d6d1,2024-02-02,1
494aa02036ed,2024-02-13,1
bed752896019,2024-02-02,1
ffb8e8f147da,2024-04-04,1
e0213d84cd29,2024-04-04,1
f8fb4ff1adc1,2024-04-04,1
1893848684a5,2024-02-13,1
7e517df953ad,2024-03-24,1
8b54ee971b44,2024-03-24,1
5fd99df9c1c9,2024-02-13,1
fc3697939a8a,2024-02-21,1
28d089a2f0d5,2024-06-02,1
13481c339d5b,2024-02-20,1
24d5f5d65139,2024-03-05,1
ad467dce6d85,2024-03-05,1
eac8882f70ce,2024-03-05,1
412cfa3d99af,2024-03-05,1
1cc0475984b1,2024-02-20,1
01688308168b,2024-02-20,1
3ea93af8b51a,2024-03-04,1
4078dd632431,2024-02-21,1
1997a4e223fe,2024-02-14,1
70f8568a1ea5,2024-02-12,1
39bfd57bb89d,2024-08-21,1
991e9586aceb,2024-02-13,1
ac814c38fdfb,2024-02-13,1
9e731e8592c5,2024-02-22,1
b0a2fa90eeb6,2024-03-11,1
0e9d91807cad,2024-03-11,1
b5dae565dbf0,2024-04-24,1
cf98adca7fb1,2024-03-07,1
d20a6f6dd0ab,2024-02-08,1
a6a184d53e1e,2024-02-08,1
d4b26b234146,2024-02-08,1
c27174919fd4,2024-02-08,1
b788883dde29,2024-02-08,1
b88c2fc04831,2024-02-08,1
4ea30e75c907,2024-02-08,1
31458e256bef,2024-02-08,1
d86e69a26f0c,2024-02-08,1
ec7ed48d7955,2024-02-08,1
dc76444479b2,2024-02-08,1
9f52b8b9e070,2024-02-08,1
5e4b5e33644d,2024-02-08,1
12612cf7d8ad,2024-02-08,1
e5c4c6fed80b,2024-02-08,1
5e3f3d7f3362,2024-02-08,1
3888c9547e70,2024-02-08,1
0973df3ff57f,2019-10-17,1
289245549e37,2024-02-08,1
e19fcdec0c78,2024-02-08,1
3ed7587fa182,2024-02-08,1
91fef6e52062,2024-02-08,1
f3a9fe74f871,2024-02-08,1
05f24f2f76ad,2024-02-08,1
def8019e13e8,2024-02-08,1
a49d9469520f,2024-02-08,1
2df3255a44c6,2024-02-08,1
a58401c8a166,2024-02-08,1
796ca2779c9d,2024-02-08,1
bc2da40426a4,2024-02-08,1
62db25d3132f,2024-02-08,1
c0fd969b2abd,2024-02-08,1
51c1c39d0426,2024-02-08,1
382f81e024ea,2024-02-08,1
9d46f26091fe,2024-02-08,1
6b009865c3e9,2024-02-08,1
e0f5ffc03c77,2024-02-08,1
a23256237747,2024-02-08,1
42083fc398df,2024-02-08,1
ac3655bb924d,2024-02-08,1
a8bd1b931cb9,2024-02-08,1
1b1c5ae2bdf0,2024-02-08,1
a9a9520a33bc,2024-02-08,1
07c9b72420b5,2024-02-08,1
4e9467cdaaf6,2024-02-08,1
99f45abbad2e,2024-02-08,1
6bf9f107cedf,2024-02-08,1
ca99a610fed2,2024-02-08,1
91b95a0c74b6,2024-02-08,1
f7a45a4b499c,2024-02-08,1
b1a3794fa74c,2024-02-08,1
bc54b12e0d56,2024-02-08,1
85febbe54cf2,2024-02-08,1
01bf10ca0c31,2024-02-08,1
e006171c6b8b,2024-02-08,1
60856275035d,2024-02-08,1
0619a05c6ed0,2024-02-08,1
9a3842420040,2024-02-08,1
a941f4e2585d,2024-02-08,1
b17db722c61e,2024-02-08,1
a1af0bc892cd,2024-02-08,1
105bb1001e95,2024-02-08,1
c716fb18fda4,2024-02-08,1
f114efbaad35,2024-02-08,1
25ee71e06b7d,2024-02-08,1
756823657776,2024-02-08,1
ee0f1e42902d,2024-02-08,1
ef7acc679d76,2024-02-08,1
3300a9ccbfbe,2024-02-08,1
921dcffa7f83,2024-02-08,1
356af1deaa81,2024-02-08,1
476bf2177fda,2024-02-08,1
36d2cb661c31,2024-02-08,1
2c84f530c85b,2024-02-08,1
87f3b45940dc,2024-02-08,1
e1a9eb4adb93,2024-02-08,1
d6de21f7087f,2024-03-19,1
d61cd6d58921,2024-02-14,1
34949b6268ae,2024-02-08,1
f44cd0160b15,2024-02-08,1
fe88141754e8,2024-04-09,1
2904920b98e6,2024-02-27,1
702bf8fa7950,2024-02-26,1
51eb7fea0c02,2024-03-03,1
4824b0bc09f9,2024-09-18,1
bff1c9dd0d84,2024-03-04,1
950248b4c7af,2024-02-27,1
b9388151d490,2024-02-28,1
e63997cce7f9,2024-03-19,1
1d50b1f60947,2024-06-09,1
eacb50096ddb,2024-02-13,1
6788e52abe5d,2024-02-19,1
42d490607f0f,2024-02-26,1
a023e43685b7,2024-02-26,1
bf84191cd072,2024-02-26,1
85bf93093799,2024-02-26,1
89025811689c,2024-09-02,1
ce2657e7a95d,2024-02-20,1
9c18b90300ee,2024-02-20,1
51b698b89c7b,2024-02-20,1
ef64120702ce,2024-03-26,1
70e9f5980bf6,2024-02-19,1
eacf532160a2,2024-03-14,1
e6efdc280334,2024-09-23,1
a6027b42f558,2024-03-05,1
0c28c21df854,2024-04-04,1
446a433d646a,2024-03-21,1
48b68da34591,2024-02-22,1
37632b90d820,2024-02-19,1
4135676c4283,2024-02-26,1
adb82f22f325,2024-03-03,1
6a5b17a2fd57,2024-02-27,1
3460f346e8d6,2024-02-27,1
badd34eb7017,2024-03-13,1
d8a7e8db8ccd,2024-02-15,1
4ba24735ced3,2024-02-15,1
82b2be61a8f2,2024-02-16,1
c9b3f875fd37,2024-02-16,1
5d84823cd6f8,2024-02-16,1
a9c980fb8421,2024-02-16,1
b8532601bcca,2024-03-20,1
207ce3443501,2024-02-26,1
90644100303a,2024-02-26,1
d1843e17e495,2024-02-26,1
0f2a0921f307,2024-02-26,1
81ec5bf78aaa,2024-02-26,1
7eb11b0c37a0,2024-02-26,1
9d55a7d37972,2024-02-26,1
1842f51e068f,2024-02-27,1
4b0752a23026,2024-02-29,1
c55f4c7e9264,2024-02-29,1
98250cd64709,2024-02-29,1
cb8220854261,2024-02-29,1
64c1232b5455,2019-10-17,1
01f6eaea616b,2024-02-26,1
e4506b517bc9,2024-02-15,1
5e6f6e486f63,2024-02-27,1
c2a85c99f9c9,2024-02-19,1
be8d532e1454,2024-02-16,1
14c95ac0c502,2024-02-16,1
44d205934132,2024-02-25,1
be3117942d4b,2024-02-22,1
ab2a6060d5b9,2024-02-22,1
8a0ffbba3ea6,2024-02-29,1
8515f375f5db,2024-02-29,1
e270536c878a,2024-03-06,1
87dfa0f11195,2024-03-06,1
6fb35250b053,2024-03-06,1
86a43d7421b4,2024-02-22,1
4a16081b5891,2024-02-26,1
d441a51894d3,2024-02-21,1
881550c9fc9a,2024-03-20,1
e82614d1cc33,2024-02-20,1
a143ea3d5e95,2024-02-21,1
a4b6b5f4058e,2024-02-21,1
4d59f849cdd5,2024-02-21,1
b4f43c361b93,2019-10-17,1
f052f1f9da7c,2024-02-21,1
6f014ebc6b4d,2024-02-21,1
ac5128b244ba,2024-02-21,1
bddf272c4c5a,2024-02-21,1
8e345e0b8976,2024-02-21,1
90c5dc8d4204,2024-02-27,1
397c810d580f,2024-02-27,1
11000d93e03c,2024-02-29,1
9e7fdc2857c9,2024-02-29,1
e803fb1b0311,2024-02-29,1
4afdce458b1c,2024-02-29,1
c3fd984910bb,2024-02-25,1
769e0d740b53,2024-02-25,1
7fb21b1aa40a,2024-03-25,1
c20f0d5de1a7,2024-04-08,1
40d3fbfb5826,2024-03-20,1
4c1ffb72f9d3,2024-04-21,1
1042afc426b4,2024-03-03,1
0c3491aa3422,2024-03-03,1
3fcec291e441,2024-02-22,1
bae6efdc0742,2024-03-11,1
6418f881895e,2024-04-16,1
84cd20000db8,2024-03-11,1
8e8667be0d77,2024-03-11,1
fe3e5c5e5ba0,2024-02-29,1
3b7b8cce9f2b,2024-02-26,1
8ab8f084ae33,2024-08-05,1
bd1843210498,2024-03-04,1
0d2a9b694643,2024-03-11,1
75b783bd8c36,2024-03-11,1
23a74fd329cf,2024-04-08,1
0c65f0ad08bb,2024-04-08,1
a69b1232c088,2024-04-08,1
64e2eb9f8680,2024-02-25,1
189cc66ceb06,2024-03-04,1
ce1da0a4f9dd,2024-03-04,1
dba4a849c797,2024-03-04,1
4e057ea2d689,2024-03-04,1
cc54adf6d05a,2024-03-05,1
0f9f024c6351,2024-03-18,1
339baf9ef75b,2024-03-18,1
0ae0a1448a94,2024-03-03,1
14c1c5af2539,2024-02-27,1
8260357aeba2,2024-08-29,1
3dd011ff1900,2024-03-04,1
85edd20d97a2,2024-03-04,1
a42701a4b30a,2024-02-27,1
1472e1a16ea4,2024-02-27,1
3822e008d5e7,2024-03-07,1
854a9adff2f5,2024-03-07,1
d47828808ce2,2024-03-07,1
4e9eb4a16398,2024-03-07,1
ae79ce729d15,2024-03-07,1
2fdd028b66b4,2024-03-07,1
1b57d0308369,2024-02-29,1
30bcbb1fb7be,2024-02-29,1
926ab4a1b016,2024-02-29,1
0e6f8c6c147d,2024-03-07,1
abcbae87c3d9,2024-03-11,1
412e64a6edbf,2024-03-07,1
97dab4670896,2024-03-07,1
05441c6fadf5,2024-08-19,1
f6a86c1b9ea6,2024-08-19,1
5429b8b8b52b,2024-03-26,1
355ac19533c2,2024-02-28,1
1c7a5d18553a,2024-02-28,1
cf1636849dbc,2024-02-28,1
4ac059926829,2024-03-04,1
582abf566bfa,2024-03-14,1
7c955040f58d,2024-03-14,1
33e77fed01f6,2024-03-14,1
79154c076165,2024-03-14,1
d186d24b45b7,2024-04-20,1
8d3a4bf618ff,2024-04-16,1
25d992654097,2024-04-15,1
ca96679b97e9,2024-04-27,1
6d19f3da5c4f,2024-03-05,1
86fe10946971,2024-03-05,1
235a0ab8b793,2024-04-07,1
5920e7f5fc92,2024-04-07,1
e866bad08b17,2024-07-15,1
1be5d2025c7d,2024-07-02,1
23a2f909cfc5,2024-03-14,1
7d674eb2d76c,2024-04-11,1
b4f4565c9f55,2024-03-26,1
f954212c5fec,2024-04-07,1
6ba4201677ed,2024-08-14,1
49cb4f7c2089,2024-05-21,1
deb01b4fd382,2024-03-29,1
9cb07dfdbed8,2024-03-29,1
eed365b1c92a,2024-07-01,1
19b61577c4ad,2024-03-29,1
8107b5900f2c,2024-03-11,1
26cbe27e481e,2024-03-10,1
71ff57d3c336,2024-03-12,1
b01fb50ffe08,2024-03-12,1
3f1293d96c41,2024-09-11,1
01ee8ce4e3c3,2024-05-23,1
cfdd11a7c84f,2024-05-23,1
99ed7fe5f356,2024-03-10,1
440a88d259a4,2024-03-10,1
147e42316175,2024-03-10,1
043555498780,2024-03-10,1
75efe906676d,2024-03-12,1
2a4355eded20,2024-03-12,1
129dd217860b,2024-03-12,1
8c1929241f98,2024-03-11,1
427ec42880e1,2024-03-24,1
45147bcacc53,2024-03-07,1
e8810ccddb38,2024-03-24,1
8022e019e91c,2024-07-29,1
d0e0aa485ae1,2024-03-26,1
2b0aff707618,2024-09-04,1
7c43a1448819,2024-03-14,1
aca89ecb3651,2024-03-29,1
0d6eb78200b4,2024-03-29,1
6845c7976760,2024-03-11,1
a170fdece0a6,2024-03-11,1
fa32f52faa93,2024-07-16,1
61a064e1ce7a,2024-03-10,1
1e716b1a6572,2024-03-10,1
4e0fcee55750,2024-03-10,1
60cce8e7b6ba,2024-03-20,1
c4b42719cdb5,2024-03-20,1
ae86fc05523e,2024-03-18,1
d1dcaf67812f,2024-03-20,1
10c40598bfa5,2024-03-20,1
96f8f8d05928,2024-03-20,1
79de952930da,2024-03-11,1
9ce23d43b59d,2024-03-11,1
c5d1f634dca4,2024-04-01,1
57fa3742695d,2024-09-26,1
3d05e474e473,2024-03-20,1
6dafbb572ef0,2024-04-04,1
4a6ce93e4953,2024-04-04,1
1e2c2b075780,2024-03-20,1
03a9ed0275b7,2024-03-13,1
727cb50d06df,2024-03-26,1
be1f08723403,2024-03-20,1
ade9954ed519,2024-03-20,1
bd02ae70eb82,2024-03-14,1
4d8ab60aee8a,2024-06-06,1
898db2a7869b,2024-03-19,1
9ff818a14d5f,2024-03-19,1
156f5c1f13ad,2024-03-19,1
6143cdc68d75,2024-09-02,1
a2b631cc383b,2024-03-19,1
fa39781f48f4,2024-03-19,1
f883c745575f,2024-08-01,1
19bcee388600,2024-08-30,1
dca7b93e4dff,2024-03-19,1
f0a5f11951d1,2024-03-19,1
721d4b335ea7,2024-07-19,1
1c049a7bdbda,2024-03-19,1
ec61e2e350da,2024-07-29,1
376c672dada5,2024-03-14,1
08dd0f9853c5,2024-03-18,1
b54de5496f2a,2024-03-18,1
5453327b7178,2024-03-18,1
4db692d6195b,2024-05-08,1
7882093ba544,2024-04-08,1
2f4d415c1452,2024-04-21,1
0c3371e75edb,2024-03-26,1
1fcddbc8a419,2024-03-25,1
00773a26d0f6,2024-03-18,1
e22338bbee1d,2024-03-18,1
52f35807e168,2024-03-18,1
52da095fd214,2024-03-21,1
752e7574a57f,2024-03-20,1
9515c689d64f,2024-04-11,1
bb470dee73d1,2024-07-22,1
4bd01bec3d50,2024-08-20,1
41c603d74244,2024-07-22,1
ff1a539e4128,2024-07-22,1
69344b19f099,2024-04-08,1
204d96b4fbb7,2024-04-08,1
239e8deb87c3,2024-04-01,1
c4102aa7cef6,2024-03-19,1
18d31224bc8a,2024-03-29,1
c6d58db0e944,2024-03-26,1
0d98ae2eb474,2024-03-26,1
28c579af2989,2024-03-31,1
cc14c96804b4,2024-04-08,1
fb044a2d3fa8,2024-04-08,1
4c6c7c66c949,2024-04-08,1
e6301b7d32cf,2024-03-25,1
acab151d692f,2024-04-11,1
2e0f1419bdf5,2024-04-08,1
468455f49cea,2024-03-25,1
7df0c3832b38,2024-04-25,1
0bdc38718184,2024-09-23,1
d6595b4666e1,2024-03-19,1
6b5eaf5e3f4b,2024-03-21,1
a00b0b5891d2,2024-03-29,1
01e7b53ac963,2024-03-26,1
205b5d77030a,2024-03-26,1
56bc210e8502,2024-03-27,1
0f5c9fb36fde,2024-03-27,1
06ede7263108,2024-03-27,1
b1f4704c0791,2024-03-26,1
c6ea823dff31,2024-03-26,1
a5cc71453b41,2024-03-26,1
580f3abd06e3,2024-03-26,1
37eb65bd1de3,2024-04-02,1
0834d54523ae,2024-04-02,1
114f67f5788c,2024-04-02,1
7c0accefef7f,2024-03-20,1
a2a78ba174e7,2024-03-20,1
a008eff591fb,2024-04-04,1
62683304f562,2024-03-22,1
1329e1b320b7,2024-05-03,1
e5bc24b3e3b7,2024-05-03,1
3520e60fb2ce,2024-05-06,1
13c8fefbee0d,2024-03-25,1
3f2919b56f2b,2024-06-19,1
d8bc44b516b9,2024-03-31,1
8f02b6856dfb,2024-03-31,1
a2041da6ce2e,2024-04-02,1
55b70c98eac2,2024-04-02,1
b2c4ad0fabb7,2024-04-02,1
1f5e50a767c0,2024-03-25,1
876849be35cd,2024-03-25,1
4d7f48ea4ba9,2024-03-25,1
42ce76c14ea4,2024-03-25,1
85e2a395db5d,2024-03-25,1
cc4b383242ba,2024-03-25,1
22ccb90e0222,2024-03-25,1
59bc611ea9de,2024-03-25,1
241b9256eca2,2024-03-25,1
6f5341d7af5e,2024-03-26,1
bc1a0e57abc1,2024-04-23,1
7e21c3090e95,2024-04-23,1
ce9a2b1faf2d,2024-04-20,1
b96ac293f0ab,2024-04-20,1
af9d5bb2a868,2024-04-04,1
f74daf2c9530,2024-05-14,1
9a2c89d849a3,2024-05-14,1
c1f945be35d6,2024-05-20,1
10700b1195cc,2024-07-15,1
1fc897eb2881,2024-04-03,1
e23bdcc05ec4,2024-04-03,1
532e1c1d9778,2024-03-26,1
e1765be8c3e6,2024-03-29,1
45b43830761c,2024-04-01,1
e02796987b0e,2024-08-08,1
afdfd757bdc7,2024-04-05,1
083299d499c1,2024-04-05,1
4a200365fbab,2024-04-05,1
42e334755eb3,2024-04-02,1
d36b3ecd0d28,2024-05-19,1
96a446484dbe,2024-03-27,1
b4818d2b6b03,2024-04-03,1
988e4a3f3584,2024-03-29,1
087a08961764,2024-03-29,1
0c5fade5eeb6,2024-03-29,1
ed00771fbe05,2024-03-31,1
42bff60b6363,2024-03-27,1
a0f42a077c5c,2024-03-31,1
d2cba0387ceb,2024-03-31,1
2354a92f01d3,2024-04-03,1
f5be4078eb17,2024-04-05,1
3393b92fec90,2024-04-05,1
d3fb83ca7212,2024-04-05,1
00da1772d972,2024-04-05,1
01b4bbd6cefc,2024-04-05,1
73169d3e4fb2,2024-04-05,1
8f147bbb83c4,2024-04-05,1
7b46f62ceb6b,2024-04-08,1
dced9e3d5c32,2024-04-03,1
b58a40cba43d,2024-04-02,1
3a94862fb43c,2024-04-02,1
59f63c844749,2024-04-02,1
e027fc8c8b86,2024-04-16,1
d0eb81aae491,2024-04-16,1
51c6e5894ab3,2024-04-10,1
f0112df10982,2024-04-04,1
6d4f1937faed,2024-08-06,1
3cf9f445d540,2024-04-03,1
33d5a48d4910,2024-04-04,1
9565e8623ec6,2024-04-04,1
a20dcf13fca6,2024-04-04,1
170dd3803616,2024-04-11,1
2aec24fd59b7,2024-05-06,1
90592e330fe6,2024-05-06,1
554124f2aebd,2024-05-14,1
d9f2032d50af,2024-04-09,1
ac605b33a26f,2024-04-10,1
47a2376ae3c2,2024-04-10,1
57e275de7f3b,2024-04-07,1
6fcd0edc27d9,2024-04-07,1
f0a68c43c701,2024-04-07,1
bee9d622144e,2024-04-09,1
f92328b885b8,2024-03-29,1
4633b35a36fa,2024-03-29,1
1f7eaa93a5c9,2024-03-29,1
70e2aaa11cd4,2024-03-29,1
8c2c1bf7d28c,2024-03-29,1
2c98e28d4161,2024-04-10,1
780bbbe53dc8,2024-04-22,1
602f06cdf339,2024-07-25,1
23c985b75e8e,2024-09-12,1
735f6c47003f,2024-04-21,1
63a1ea95e729,2024-04-04,1
3ad6d175e924,2024-04-24,1
e57fa07b392f,2024-03-29,1
780d73a2b4f6,2024-03-29,1
39122a4270d5,2024-03-29,1
13a55de3c6df,2024-03-29,1
4efcc8ca8ad3,2024-04-20,1
b163f394fe80,2024-04-01,1
b5e37f4ebf88,2024-04-04,1
a467ff7f2e27,2024-04-24,1
f00136054cc8,2024-04-26,1
cd42013f7f61,2024-04-23,1
65bf90daaa34,2024-04-10,1
1b240e56c0ea,2024-04-05,1
c21de539e19d,2024-04-10,1
1b74bf38058a,2024-04-10,1
a1e7d7900cb3,2024-04-02,1
5ba4ea213c54,2024-04-05,1
c8041a81d82e,2024-04-05,1
407b186f9359,2024-04-02,1
5321878ab42c,2024-04-09,1
13eff1a38e4c,2024-04-09,1
0dfd10c164ed,2024-04-09,1
fecf22b72390,2024-04-09,1
643e90f13f6c,2019-10-17,1
605225ac5eeb,2024-04-05,1
7d591ab3a67b,2024-04-08,1
26923fe598f3,2024-04-05,1
4531d8b9891f,2024-04-09,1
cf0b76b533d4,2024-04-02,1
1d3c8e7630a1,2024-04-02,1
ee38572a5a52,2024-05-31,1
f3894c8f1474,2024-04-03,1
93d76989442d,2024-04-23,1
82cb614aab52,2024-04-20,1
5726371d844a,2024-04-05,1
4a1c173462fe,2024-04-11,1
ea79193ad785,2024-04-04,1
68b67960d2cb,2024-05-27,1
606cd325b66f,2024-05-27,1
c0cdbf650a93,2024-04-16,1
bea315ed4e00,2024-04-10,1
31500344e240,2024-04-10,1
390d0062f79f,2024-04-10,1
35a822019fe7,2024-08-13,1
eefdf4fe0d0d,2024-05-20,1
210c69d031d8,2024-04-23,1
d7d1af90c095,2024-05-05,1
eebd2ab3a57b,2024-04-10,1
940449a3c855,2024-04-22,1
41fd54f72263,2024-04-22,1
122926322aca,2024-04-22,1
9817cafcc66f,2024-04-09,1
766fb3492872,2024-04-11,1
a275737de87e,2024-04-11,1
69f25f35ac53,2024-04-16,1
93cccfd66943,2024-04-14,1
efaf2b95110d,2024-04-11,1
94ff0e2a2f3b,2024-04-11,1
51c311d6f37c,2024-04-11,1
5f9751aebb6a,2024-04-07,1
ddeac529b302,2024-06-04,1
f1b459cf775f,2024-06-17,1
745771ba4f41,2024-04-26,1
1d7045f8500e,2024-04-09,1
04f6121cddc4,2024-04-09,1
ec0162e9efd1,2024-04-23,1
0a782f898134,2024-04-23,1
00c76368f791,2024-04-25,1
2ab59c601e6f,2024-04-25,1
51a3ddc1ce72,2024-04-25,1
4a56a6f7f81e,2024-06-06,1
1e855b06652e,2024-04-08,1
05867a371364,2024-07-09,1
81bbdfecb2f6,2024-04-09,1
2e4aa2688c0a,2024-04-09,1
014b7344e6bc,2024-04-09,1
dc356abe0bbb,2024-09-25,1
faf21ce6b90c,2024-05-08,1
769a7eec09e4,2024-05-28,1
2df14f9d3011,2024-08-06,1
096d64a2b874,2024-05-13,1
8b13c586b461,2024-04-20,1
f189b05f7f7c,2024-04-20,1
6f930186b41b,2024-04-20,1
ec5cd4587935,2024-04-20,1
0c49f3408a26,2024-04-16,1
4926e95d53c2,2024-04-14,1
c6d3e42c666d,2024-04-14,1
dd50659937ab,2024-04-14,1
d7b46af9d584,2024-04-11,1
1fab12690529,2024-04-20,1
fce12fe56424,2024-04-20,1
317151ed27ce,2024-04-20,1
9c6460db5e08,2024-04-20,1
2b8f287677f2,2024-04-20,1
11370fe1a34f,2024-06-11,1
e9a687140fea,2024-05-06,1
51554497a0ea,2024-05-06,1
b0d221e022af,2024-04-22,1
12d6ca232717,2024-04-22,1
163a57c5673d,2024-04-22,1
e3049304d957,2024-04-15,1
cacd11dcbe7f,2024-04-16,1
eac137bc2899,2024-04-16,1
9fb602494909,2024-07-17,1
d03a316f4a2c,2024-09-11,1
a33c18b2a1b3,2024-04-12,1
33b3bf663516,2024-05-28,1
0d20ae20ec25,2024-04-16,1
aae8e9666d35,2024-04-20,1
44094376ec09,2024-04-20,1
907adfd4ff1f,2024-04-26,1
2d8c4f8e1a7a,2024-04-26,1
bb0ac750ea1a,2024-04-26,1
5df0114a2229,2024-09-16,1
0c6d26eec0c0,2024-07-31,1
aa3320af6504,2024-04-20,1
462c71915996,2024-04-20,1
a95fdf14e278,2024-04-20,1
b90bedb5161f,2024-04-20,1
ec37597fb168,2024-04-20,1
b6f8f177d912,2024-05-29,1
d437855a8a30,2024-04-22,1
c58d247b8787,2024-04-20,1
598cb7953f67,2024-04-23,1
ccb66ce806c7,2024-04-23,1
bd89cab9ceb1,2024-04-23,1
ab16e6d6b71d,2024-04-23,1
41face1751a4,2024-04-23,1
977cb1ae746b,2024-04-23,1
4a846342620c,2024-04-23,1
e6cb172fce1c,2024-04-23,1
ac4c0360dc92,2024-04-23,1
6e41b2808b68,2024-04-23,1
881a6985543a,2024-04-23,1
b4912e8de0d9,2024-05-14,1
c352d5026c24,2024-04-23,1
10cb40cdebe9,2024-05-19,1
b919ed7f6275,2024-09-23,1
9f8a9b088f12,2024-04-24,1
bbe417e3a4e8,2024-04-24,1
5343a31c26f8,2024-05-02,1
ea00cfb22503,2024-05-02,1
2a2303cbc4b5,2024-05-02,1
475c9c4d07d2,2024-05-08,1
66c56696bb46,2024-05-08,1
513215706b8a,2024-05-17,1
7dd23a3c8ec4,2024-05-03,1
f66b2c71f16f,2024-05-28,1
34f588d0f241,2024-09-15,1
701dad22644f,2024-04-20,1
4d5ce883916d,2024-04-20,1
c459038a2549,2024-04-20,1
bad5bcbb664b,2024-04-16,1
a2cb3670c5bd,2024-04-16,1
b465620cfda3,2024-04-22,1
06f66dc4cc87,2024-04-17,1
c08c8286f836,2024-04-20,1
3066d89f91e9,2024-06-06,1
c39a05a9566b,2024-04-24,1
7257ea43fb01,2024-09-04,1
05a40b477442,2024-04-16,1
8175a71335bb,2024-04-16,1
5fdff071647b,2024-04-16,1
5119b0b39832,2024-09-11,1
eaac46e71b78,2024-04-17,1
c5e7c0262936,2024-07-07,1
2a8956dc7b41,2024-07-07,1
4d88bfdeb02e,2024-09-23,1
3051dd6bd77e,2024-06-04,1
e319a7c87c23,2024-04-21,1
2147809d51a4,2024-04-22,1
36d7db2bd304,2024-04-20,1
8e7c8d499503,2024-04-16,1
2ba339f716f5,2024-09-25,1
ecf224845a68,2024-04-26,1
2d4946ab3d61,2024-04-17,1
c18a23aa6c3f,2024-04-16,1
61ffa22143de,2024-06-17,1
72c26fb310d1,2024-04-26,1
0cb8ed59d528,2024-04-26,1
ed4549b70b20,2024-04-26,1
db8fa7f27147,2024-04-26,1
e6e4eea71423,2024-04-26,1
0fa1c3e3299c,2024-04-26,1
a693277cf080,2024-04-26,1
358ed00c69fe,2024-04-26,1
3f7b6f2f0b24,2024-04-26,1
109d26b64260,2024-04-26,1
e71e612ad573,2024-04-26,1
c077b0586501,2024-04-26,1
fdad26a47a23,2024-04-26,1
8b9c07fe913d,2024-04-26,1
ad1806eb7703,2024-04-17,1
14e76d7b94a1,2024-04-20,1
10657766816b,2024-05-02,1
11537456b2ed,2024-05-26,1
84eab90dd2d7,2024-04-24,1
d619109e21e8,2024-04-22,1
ffbc629ed498,2024-08-08,1
5542203fa4b8,2024-06-19,1
756ce9bbff2c,2024-06-19,1
63b11245a9f6,2024-06-19,1
586faf01d265,2024-04-25,1
748e516be6ee,2024-04-24,1
73ccf4385331,2024-04-24,1
d00e7e4bf7dd,2024-08-19,1
53f1e06189a3,2024-08-28,1
74b138f7ff0a,2024-04-20,1
ae7668f95339,2024-04-20,1
c3ec1ca4968d,2024-04-20,1
7a8bbbb559c4,2024-05-06,1
7b7220491287,2024-04-22,1
1f2a5a24761d,2024-04-22,1
887f8d6b0734,2024-04-22,1
b25099b818cb,2024-04-20,1
193f2d585e2d,2024-04-20,1
ef4d90119401,2024-04-20,1
d2aceb340285,2024-04-20,1
1f159bf8e2d1,2024-05-02,1
a5cbda414086,2024-04-23,1
5f5e6e68c83c,2024-04-25,1
676d5a42e151,2024-09-23,1
dc61a579d453,2024-05-06,1
3287a0f720e4,2024-04-25,1
41749cf742df,2024-04-25,1
fe90d623b60d,2024-04-25,1
87a74f2451c2,2024-04-25,1
a3fa6cd68120,2024-06-27,1
208fb22fefcb,2024-05-17,1
a44b07a0fece,2024-04-25,1
155cc2f16182,2024-04-25,1
614f31d01713,2024-04-23,1
d56fd6622764,2024-05-05,1
057cb12637ff,2024-04-23,1
f879c42b86a4,2024-04-24,1
355121fe9ff8,2024-04-24,1
88159fd93476,2024-05-02,1
709e6f130159,2024-05-17,1
6afd16a236b3,2024-09-24,1
16cf3faaa41f,2024-09-23,1
c794a7a246ac,2024-05-22,1
90371baa5fd6,2024-05-22,1
c6284238439a,2024-05-06,1
2514acf2a756,2024-06-07,1
47424acffc25,2024-04-25,1
2db029526d73,2024-04-25,1
1448634c6f18,2024-04-25,1
77e94e4f8f28,2024-04-25,1
1d0a9604bada,2024-04-25,1
ecdc76cb5add,2024-06-13,1
7e5968279d7e,2024-05-16,1
1e2a19273048,2024-06-06,1
01b92c4fddb6,2024-06-19,1
a4e2f4e60476,2024-05-16,1
8ea327bc93fd,2024-05-19,1
fbebd739cc09,2024-05-19,1
22a56b3e299c,2024-05-19,1
83a36d648e52,2024-05-19,1
3d269a37e168,2024-08-20,1
eab06776c685,2024-05-19,1
24076a5bb24c,2024-04-26,1
1697419d1708,2024-04-26,1
e854d89ac3a9,2024-05-05,1
2e2dabc764b5,2024-05-05,1
1e355f534ff3,2024-05-05,1
eb5dad2091ce,2024-04-26,1
34cce01f8112,2024-04-26,1
e3456f8a94d4,2024-04-26,1
8d3612f6bb6c,2024-04-26,1
6e898c8cd02d,2024-04-26,1
ee9f627e1394,2024-05-20,1
d2e694e6aa28,2024-04-25,1
f79b0c49f512,2024-09-18,1
119235508406,2024-05-01,1
479a20c58818,2024-04-26,1
de952be70a22,2024-04-26,1
595130242ff8,2024-04-26,1
31a6fc4694aa,2024-05-08,1
d2d2a5085b77,2024-05-19,1
59f0b69e7316,2024-05-19,1
8627103d2434,2024-04-26,1
4a8b64cddccb,2024-08-12,1
de37bf79e24e,2024-06-21,1
3cfcb562217b,2024-04-27,1
57baac1e692e,2024-04-27,1
d75a92fa459e,2024-05-15,1
a162df3be29c,2019-10-17,1
722eef359f05,2024-07-23,1
15a5468fa05b,2024-05-05,1
750ea6b49b82,2024-06-09,1
1b2dc72a5cfe,2024-05-05,1
049978167354,2024-05-05,1
6fbb741991d1,2024-05-06,1
2e51f741fdb9,2024-05-05,1
50e7e61be7e1,2024-05-05,1
a903983e985e,2024-05-05,1
bb7da89247e1,2024-05-05,1
5ff3cb65d201,2024-05-05,1
3504b592a363,2024-06-09,1
f8417972d52d,2024-06-09,1
f0f379624e18,2024-05-08,1
775b84d23093,2024-05-08,1
86c64962dc61,2024-05-03,1
90257c0d5637,2024-05-03,1
8b30c4a3980f,2024-05-06,1
7c19fbe50b75,2024-06-28,1
28f9fdba7716,2024-05-20,1
d8ecfa029673,2024-05-20,1
42fca24b26ae,2024-05-06,1
f03b9c5b6b58,2024-05-06,1
4e2690c52f78,2024-05-06,1
22a03aa474db,2024-05-06,1
3995e6879cc3,2024-06-30,1
f5b4ad25fc26,2024-06-30,1
5b0e536a5d9b,2024-05-20,1
8dd81ab74228,2024-05-26,1
6b31db8e21c5,2024-05-08,1
9f78c82bd2cf,2024-05-08,1
57eea903e79d,2024-05-28,1
e59995cd0b5a,2024-05-30,1
6efd84dfff67,2024-05-13,1
e1144cc2f102,2024-09-04,1
cdfafe3feadd,2024-05-08,1
eecaf9e03d88,2024-05-05,1
bcd6718d353d,2024-05-05,1
35e59028aba8,2024-05-22,1
a00830ff52ac,2024-05-08,1
59f20a3c76bc,2024-05-20,1
52549c5a9fcb,2024-05-20,1
b68018f6e7ba,2024-05-20,1
c3d08d28204d,2024-05-20,1
0b2d3fb9cb1e,2024-05-20,1
3f4e9fafe6e0,2024-05-20,1
e1c75a2c986b,2024-05-20,1
d5a74ec51fe9,2024-06-25,1
6588438ea7fc,2024-05-26,1
52bdcb50035c,2024-05-14,1
1fe35ab67f6a,2024-05-20,1
e664c697d1c9,2024-05-13,1
d415e7d31c90,2024-05-16,1
f61b43f32b31,2024-05-16,1
6f9a8816e170,2024-05-13,1
3403de2874c5,2024-05-13,1
c07e57e0a701,2024-09-08,1
5222c528294d,2024-09-08,1
267ecc3f8677,2024-05-13,1
29f7ae3a88d0,2024-05-13,1
f6ba25a3079d,2024-05-22,1
713ddb572ca9,2024-05-22,1
dccd70018fd3,2024-05-22,1
301a7569ad62,2024-05-22,1
854973460b57,2024-09-18,1
72d09511b8b2,2024-08-21,1
ee9daf06240b,2024-08-25,1
4add870509af,2024-05-23,1
dff7b8de47e5,2024-05-20,1
5ded30f9dd8f,2024-05-13,1
ff98ba8bebb4,2019-10-17,1
25235fded851,2024-05-13,1
db32587e3546,2024-05-13,1
879f5945f089,2024-05-27,1
65b161c78ac5,2024-05-27,1
7f5498e6e8d6,2024-05-28,1
382de37c68e5,2024-05-15,1
766afcce8f2d,2024-05-31,1
594b9c6c6fa3,2024-05-21,1
246f5d1badbc,2024-06-09,1
5fa545606434,2024-06-09,1
a578d252892e,2024-06-24,1
fb3cf2e9b434,2024-05-20,1
6b8f0c4f7537,2024-05-20,1
060068fabc72,2024-05-24,1
5434e7199b97,2024-06-21,1
dbf0b3565490,2024-06-24,1
679acbb425fd,2024-06-24,1
f3b425323192,2024-05-08,1
aa9abafe908d,2024-05-08,1
f9cd6d9c9e19,2024-05-08,1
294b3b0d69c6,2024-05-17,1
6dcb6e2da42d,2024-05-21,1
c068b6c598f0,2024-05-21,1
cebe4b0c4449,2024-05-15,1
1b41c62c356d,2024-05-23,1
44e70f9eeb1e,2024-05-27,1
2de4de9da628,2024-06-23,1
e572d98cb665,2024-05-31,1
e5e92719f8f2,2024-05-20,1
986f5573a03d,2024-05-20,1
79836d07b33d,2024-05-20,1
f80f111487ba,2024-05-20,1
b6b07db30585,2024-05-20,1
5f8b3e439073,2024-06-24,1
9020105ae640,2024-06-21,1
87bd50aa8402,2024-06-16,1
b8d6008a81cc,2024-05-29,1
e1bf79d8e8f5,2024-05-29,1
c0cabc02a4d2,2024-06-04,1
d12ea84f0aaf,2024-06-16,1
546d7a33d23e,2024-05-13,1
f4cc1c5f5050,2024-05-13,1
7d42afab8229,2024-05-13,1
d9008cc4d83f,2024-08-01,1
66020652e141,2024-07-30,1
845c65cd5c4c,2024-05-23,1
4deb14ffee19,2024-05-21,1
14216c47dcc1,2024-05-21,1
febb6d82feb0,2024-07-03,1
f17f90e8e659,2024-07-03,1
199c2e03ddc2,2024-05-30,1
6cd7b0cee1d5,2024-05-30,1
84d79482b121,2024-06-30,1
87190f90c6c0,2024-05-15,1
69585cb8c9a1,2024-05-23,1
ef1f529b15f2,2024-05-16,1
5f78ffc09dc3,2024-06-03,1
e60e82ea3e5d,2024-05-22,1
58add1af4b56,2024-05-22,1
f37325c456b5,2024-05-22,1
7ba7b7c30a11,2024-05-14,1
a361dede26fd,2024-05-14,1
e83cbafa2039,2024-05-22,1
ac38ace181c4,2024-05-14,1
28d3fab53af9,2024-06-20,1
0df4b2ac1449,2024-05-28,1
fc19fc331aa3,2024-06-23,1
0ffe791eb352,2024-05-28,1
890f293b098c,2024-05-20,1
75d8aa1c1be5,2024-06-07,1
0ce9b85eed79,2024-05-28,1
245f12ecbf47,2024-06-07,1
c19659910391,2024-06-13,1
ddd1c95a6e75,2024-05-23,1
95e30757e36b,2024-05-28,1
eceef79bb523,2024-05-28,1
7214401fa9ed,2024-06-25,1
558226fb31d9,2024-05-17,1
4750f765f3ac,2024-05-17,1
c5475394f0f2,2024-06-24,1
f07bd96c9fdb,2024-07-02,1
f4b50afda438,2024-05-26,1
a2cc48e87dd0,2024-06-18,1
84a281139d35,2024-07-03,1
48fa973c884a,2024-05-24,1
b696d0254b96,2024-05-24,1
08fa810d7326,2024-05-24,1
f95f71cb7ff9,2024-05-24,1
7096642b37e9,2024-05-24,1
d7c0c8f02b37,2024-05-24,1
72ab818a61f7,2024-05-20,1
1726a5ee31fe,2024-05-20,1
b3dc96093e6b,2024-05-20,1
e9e7783dadfb,2024-05-20,1
54373e647e43,2024-05-20,1
a751502fb394,2024-05-20,1
27678366f11a,2024-05-20,1
fa7871e3db44,2024-05-20,1
e02df631e5e8,2024-05-30,1
931236f7c5d2,2024-05-23,1
b53520bdd560,2024-05-23,1
681e308516ac,2024-06-10,1
be69354a47bd,2024-06-10,1
671c5c7139b8,2024-06-10,1
5cb3f3933f73,2024-05-29,1
3e620ca4d45f,2024-09-05,1
55ac29857334,2024-05-22,1
d733cdb7edf3,2024-05-22,1
a66d04df0f84,2024-05-22,1
f49c09a50419,2024-05-22,1
12fda8c2752a,2024-05-22,1
be7b073d218d,2024-05-27,1
760e50da1dab,2024-06-20,1
66e1450f1abc,2024-05-26,1
681b2e508dd5,2024-08-19,1
ad620586023b,2024-05-27,1
90800151fc4d,2024-05-23,1
cc42b5ae206c,2024-05-23,1
60697d8d2bdd,2024-05-23,1
4e1e9c97bacf,2024-05-28,1
b44922bae5ab,2024-05-28,1
8b32dda0e778,2024-05-28,1
c80586d704b3,2024-05-28,1
e207f60c3d80,2024-05-28,1
9adc0fd5e6ee,2024-05-28,1
6d81f7a4f191,2024-05-28,1
d3caca6f3cfb,2024-05-24,1
8cfd49a9a5c4,2024-05-27,1
cbca65a69d86,2024-05-27,1
809771396c86,2024-05-27,1
2b731939f784,2024-09-17,1
96e1b93e472e,2024-05-28,1
3c2ba8284b73,2024-05-24,1
a632c9447fbc,2024-05-28,1
a8a2c9c27623,2024-05-28,1
533d74d8eab4,2024-05-23,1
ed7f98c9e849,2024-05-29,1
448b0bc8cbe9,2024-05-29,1
0d8f9ee076e2,2024-05-24,1
0decd375c116,2024-06-07,1
c20f29c4e6b4,2024-06-07,1
3ede35c6c366,2024-05-30,1
7031b524e88b,2024-06-06,1
690e306b75b8,2024-06-24,1
8dd6434e9c62,2024-06-24,1
932423243f83,2024-06-13,1
5d9616d8baa1,2024-06-13,1
60e4d7b565de,2024-05-30,1
2cbe817f6c0c,2024-06-04,1
092a2dad2a61,2024-05-29,1
a031a94fb7dc,2024-05-29,1
2e6ab27e22ab,2024-04-05,1
7a5426ca81fd,2024-05-28,1
374be166768f,2024-05-28,1
c6462fa4f562,2024-05-28,1
e7888bd919e8,2024-05-28,1
9ca26f05bfa3,2024-05-27,1
188c40b7e0d2,2024-05-27,1
9fc25eeb8a22,2024-05-29,1
4c75fad3b4e7,2024-05-29,1
80ac522f891f,2024-05-29,1
c08917b9c755,2024-06-09,1
705bb66706be,2024-06-09,1
71a41c7a6dee,2024-06-09,1
e23c8297fff4,2024-05-27,1
29f13cb75659,2024-06-09,1
4dedfe3022d3,2024-06-27,1
e209700af863,2024-06-02,1
14f39e9a6f52,2024-07-30,1
3839d5605680,2024-08-01,1
8ca85ec98137,2024-05-31,1
841af59c944e,2024-05-29,1
db46335b9c46,2024-05-30,1
68f3ae728cab,2024-05-29,1
99b8e4cc9240,2024-06-06,1
a4f9c35ccd5b,2024-07-16,1
10becf4c1c5f,2024-06-17,1
30567ed97b4b,2024-06-17,1
165bf8fbb883,2024-06-17,1
ccc1a449c507,2024-06-17,1
53981d434322,2024-05-28,1
bb47c3bfda5d,2024-05-28,1
3e4162538b62,2024-05-28,1
a1bc7a00fb7e,2024-09-23,1
01a230c82f38,2024-07-23,1
e140c472a84d,2024-07-23,1
394e18b82297,2024-08-20,1
34b980561bc5,2024-06-28,1
9fa051048620,2024-06-28,1
cc4fb78d2ddf,2024-07-23,1
b61138e0da1a,2024-07-23,1
65732fb0649b,2024-07-23,1
4f2a0dad16f4,2024-08-07,1
ca8704f5ef28,2024-06-04,1
573aa86dbfe6,2024-09-18,1
84dada633d58,2024-06-06,1
4cec4f664be9,2024-05-31,1
e2ceb7ea9c35,2024-05-31,1
7ecd090db343,2024-06-17,1
9de6fc25644f,2024-07-22,1
3a18bac43160,2024-05-30,1
d833fefc1d7d,2024-06-06,1
885c6e2933dc,2024-05-30,1
f6f5e39ea06c,2024-06-07,1
28aa45a0b5c3,2024-06-07,1
84317f7dc8f0,2024-07-10,1
2cb3eca4a0ad,2024-08-20,1
75a38067ea5e,2024-07-10,1
0226b11d6269,2024-06-07,1
3b86d37ba922,2024-06-07,1
e35fc3d7ad7a,2024-06-07,1
44538de8073f,2024-06-03,1
ff99614dc482,2024-06-07,1
c6fd0692911d,2024-09-05,1
7c4eb5bd779c,2024-07-28,1
6946c35bcba1,2024-07-28,1
7fe0f763adf6,2024-06-20,1
e9ce90a2da1f,2024-06-20,1
608a9719d398,2024-07-09,1
b687e9287b2b,2024-07-09,1
65093e8d67e6,2024-07-09,1
5651ad8af728,2024-07-09,1
982db940665e,2024-07-09,1
b85618ffc6de,2024-09-14,1
0e66abdb8eee,2024-06-03,1
5014a8b2e84d,2024-06-10,1
ef9ff98cdf11,2024-06-07,1
12e5c9dc42d2,2024-06-04,1
5b69e06d1a1f,2024-06-13,1
d636f34e5d2e,2024-06-13,1
ae30f97983bf,2024-06-13,1
910c7a7306ce,2024-06-04,1
7b3cbb151bf0,2024-06-04,1
4a6bdf3b4ba4,2024-06-04,1
eddfe3eb07a3,2024-06-04,1
06af095e3b00,2024-06-04,1
ca67abf5fdce,2024-06-05,1
cfc816636473,2024-06-04,1
99b94cfe878d,2024-06-13,1
43b7da0a908d,2024-06-13,1
b3e1c4b4f7aa,2024-06-25,1
33d436e6e5b8,2024-06-25,1
a5cce474e167,2024-06-05,1
d6b662796835,2024-06-12,1
b3398413d0c7,2024-07-30,1
1adba9bc6528,2024-06-06,1
dd4123f9557b,2024-06-06,1
712f17f1fac5,2024-07-28,1
651555fc920d,2024-08-20,1
8275b7178e7d,2024-06-13,1
214bca846061,2024-06-21,1
56034ddae955,2024-06-18,1
c0529bdee710,2024-06-17,1
5f43ee4a5553,2024-06-18,1
b3c55b3692e3,2024-06-17,1
d2e99609b4a9,2024-06-06,1
e64ea276fe2c,2024-06-06,1
01c5132661ff,2024-06-06,1
dcbac45856a8,2024-06-06,1
14fccab42b2e,2024-06-06,1
a6843ce6d64e,2024-06-20,1
f864ead0439e,2024-07-03,1
7cbcd420e718,2024-06-06,1
dc1487b4acd5,2024-06-19,1
91f50abbc22d,2024-06-07,1
17b6e61f346f,2024-08-06,1
027ecfe1e69f,2024-06-19,1
0cb73eae1ab5,2024-06-19,1
dc7fd3d072e0,2024-06-24,1
94663c215462,2024-06-24,1
76e726fdc048,2024-06-30,1
ea50a2aa767b,2024-06-24,1
2f877bf1ffa0,2024-06-07,1
5a1e839b2f5c,2024-06-07,1
1e2b920d453d,2024-06-09,1
1609062257a6,2024-06-09,1
2255bdfe8baa,2024-06-25,1
66b7bc5fdf1e,2024-06-25,1
41f3521424dd,2024-06-25,1
26d065c2f6ac,2024-06-25,1
babb14807265,2024-07-01,1
40dd21d55585,2024-06-07,1
19b34c992eea,2024-06-13,1
60edf6cee43d,2024-06-13,1
57d3409af8a8,2024-06-13,1
f5bc09615375,2024-06-13,1
86e73707bcb6,2024-06-13,1
2c0ee693bfc0,2024-06-16,1
c9ebbacc0dcf,2024-06-16,1
69147a350421,2024-06-11,1
a41c99a09a9c,2024-06-19,1
a15981f511a2,2024-06-16,1
a82ed88355f1,2024-06-16,1
a5d0ce7949ae,2024-08-24,1
6ebb0f83e059,2024-08-23,1
d494430f53c8,2024-08-02,1
9ffdf8084db0,2024-06-18,1
43c20eb5bcec,2024-06-18,1
8cd555f12ee6,2024-07-31,1
46201f7b5f88,2024-07-31,1
f49f5c589192,2024-06-13,1
f47cb98cb710,2024-08-04,1
666c29ad90c7,2024-08-04,1
1036d21aef00,2024-07-31,1
78fde8c7cb44,2024-06-25,1
0ef3956ed9ce,2024-06-25,1
d7cf597b46fd,2024-06-12,1
6680f6e3f024,2024-06-24,1
b7506d4d2561,2024-06-24,1
f86397455855,2024-06-24,1
874934841828,2024-06-24,1
ecb5160615f0,2024-06-24,1
c15faef62dfc,2022-12-18,1
020b151fb4fd,2024-06-24,1
460e5a81577b,2024-06-24,1
27c8027fbee9,2024-06-24,1
d759540eb6a0,2024-06-24,1
bf793a22c078,2024-06-24,1
a02d80cf2172,2024-06-24,1
14f511ca6a1f,2024-06-24,1
1ae80d4eb3e6,2024-06-24,1
7245ede3cd0f,2024-06-24,1
baed59a15369,2024-06-24,1
83d2364a9807,2024-06-24,1
3a45016aa18f,2024-06-24,1
2e63744edc3a,2024-06-24,1
8ae2753438fd,2024-06-24,1
8fedf7e70e2b,2024-06-24,1
ccd35a258d18,2024-06-24,1
27de5d57ef35,2024-06-20,1
e409f9e9fa48,2024-06-18,1
d3665412b683,2024-06-14,1
0c781dbf4cae,2024-07-29,1
408ed8f594bf,2024-08-26,1
f186cfe813da,2024-06-18,1
0508ac7ac335,2024-06-18,1
0b18d41bb672,2024-06-18,1
7fd723f25e6f,2024-06-18,1
dde88cacd2e8,2024-06-26,1
2354dddd1907,2024-06-26,1
34e13b0830a0,2024-06-13,1
b6d5ba19cf3c,2024-06-13,1
7248ced62b97,2024-09-02,1
0b066b470171,2024-06-18,1
45a4f641a163,2024-06-18,1
f1688f8d5d39,2024-06-18,1
9d25800af87e,2024-06-18,1
a5c343fdf1a3,2024-07-10,1
08b09abacd67,2024-06-20,1
8a91edf83010,2024-07-02,1
210861e7059a,2024-06-17,1
5647eac5b8b3,2024-06-20,1
43a0969a1996,2024-07-02,1
7892bb5d5380,2024-07-14,1
28bf57f74b28,2024-06-20,1
2e30212dec04,2024-07-23,1
296ae59e87cf,2024-09-23,1
168f638eac1f,2024-07-02,1
52887f8b1a99,2024-06-20,1
39d4be64cf33,2024-07-02,1
bbff9fe7cb5d,2024-07-01,1
eca16a6d83e6,2024-06-24,1
44e498d527c7,2024-06-24,1
ecf13390d7f0,2024-06-18,1
fae86fb0a04c,2024-06-24,1
50c3337bb679,2024-06-24,1
34aefe530f80,2024-06-26,1
51ca3a154c52,2024-06-26,1
30cd126a1bac,2024-06-26,1
ae31964dffd9,2024-06-26,1
09154af4629b,2024-06-26,1
22d9595327ca,2024-06-26,1
191993b7a575,2024-06-20,1
9b5b3037ff88,2024-08-20,1
c82f45648a78,2024-06-28,1
7cc1af06b9a1,2022-03-18,1
00ea542a41f8,2024-06-26,1
347c1afbd696,2024-06-27,1
83b92f0b216e,2024-06-28,1
c269b3a869c6,2024-06-27,1
22f614dd6895,2024-06-27,1
3329853cbef9,2024-06-27,1
d7f869d1d4a9,2024-06-26,1
1964883d0cc1,2024-06-26,1
e90600ddb7ed,2024-06-20,1
a1c9edbe2ce6,2024-06-26,1
9d5077f4b4c8,2024-06-26,1
2515c29d4ba9,2024-07-01,1
20ecabfb62da,2024-06-19,1
c9f889a38a42,2024-06-25,1
d4550e9900bc,2024-06-19,1
d6fb71c92465,2024-08-02,1
19c940d83bd3,2024-08-02,1
b496817cd3f0,2024-08-02,1
fd0f73c6bb7f,2024-07-02,1
969f2470501f,2024-09-04,1
1c26a7403f40,2024-07-12,1
e760c62e9033,2024-06-23,1
dd8cd9f387d7,2024-06-23,1
abf915d49e69,2024-06-23,1
5149ad206c49,2024-07-10,1
3e54fe0a6f75,2024-07-15,1
b1d011bf2ffc,2024-07-15,1
1c42357f3c38,2024-06-20,1
62083f1f5fa8,2024-06-20,1
d30518951685,2024-06-20,1
959a7d1eec03,2024-07-02,1
1847db75d6cb,2024-07-02,1
4ea45fe1c467,2024-06-25,1
080c9fa62ce3,2024-07-02,1
a234ad7ad906,2024-07-08,1
33ab7786e2af,2024-06-21,1
7a49e5d74e9e,2024-06-21,1
3ba3cb0b908c,2024-07-23,1
dcc5b63bac3c,2024-07-23,1
f3717d056385,2024-07-14,1
ffc55dddb629,2024-06-28,1
08a3cff9ee88,2024-06-28,1
d21af5f91f34,2024-06-28,1
86330b7bfcca,2024-06-28,1
d492da1b16a6,2024-06-28,1
10fa64997c3c,2024-06-28,1
2cd600606de2,2024-06-28,1
10abdc86dbcc,2024-06-25,1
0b9f0746c995,2024-06-24,1
833059b43427,2024-09-11,1
f44e2098484f,2024-06-25,1
261f299185d2,2024-06-25,1
5236ab3b81f8,2024-06-23,1
23e282a8189c,2024-06-23,1
e1568ff4eb31,2024-06-28,1
8da85b576086,2024-06-28,1
c469c9cc5fd5,2024-06-28,1
cb26f427f855,2024-08-24,1
ec093f47e07b,2024-07-31,1
93aa3b569dcd,2024-06-26,1
1629833b491b,2024-07-03,1
28b4c8899ef1,2024-07-07,1
e4ba8ad4f9db,2024-07-31,1
d851b0b929c2,2022-03-18,1
ae5ac604644f,2024-07-31,1
efbe672f2a3b,2024-07-31,1
9a0430074c47,2024-09-02,1
0cfcf1d96531,2024-06-25,1
c9472285e9e7,2024-06-26,1
92c6038bc05a,2024-07-08,1
8f6cbd489b6f,2024-06-28,1
1de29e4d7c6f,2024-07-09,1
8d20185399b4,2024-07-02,1
e7e0bf0cc949,2024-07-02,1
2dabcae02bdb,2024-07-02,1
96629aba7363,2024-07-02,1
98457c3addf8,2024-07-31,1
20338f1aa639,2024-07-31,1
71059c40c4e0,2024-08-21,1
88d5eb194e3d,2024-08-21,1
4f9155bdcc5b,2024-08-21,1
66646f483d14,2024-08-21,1
a89ce3ad8668,2024-08-21,1
0e0fd26e1c51,2024-06-27,1
035522477957,2024-07-04,1
7d852e2e5dfe,2024-06-27,1
139439461cb7,2024-06-25,1
a42472bc7861,2024-06-27,1
b6a51011fb00,2024-06-25,1
dabc9ee4de4c,2024-07-01,1
f864861ae9c9,2024-07-28,1
b21560b007dd,2024-07-03,1
ccc261088009,2024-07-03,1
c322ebe816e9,2024-07-03,1
93d77524ca4e,2024-07-09,1
dfd6644e4bd0,2024-07-11,1
29873a3239d5,2024-07-23,1
c6b5ea92fa14,2024-07-03,1
9a9b74d5cf4d,2024-07-23,1
82f49bb5e63d,2024-07-08,1
1544fb4ec582,2024-06-26,1
4b67a8fdd412,2024-07-03,1
77829a446449,2024-07-15,1
31dff1417699,2024-07-15,1
aac48c77d9b3,2024-07-15,1
985d0a03b8a0,2024-06-30,1
d572edece57a,2024-08-07,1
35cc35af352e,2024-06-28,1
92ba06f3d28e,2024-06-28,1
ba516d9a12dd,2024-06-28,1
080513c61660,2024-06-28,1
7fa1d496898c,2024-06-28,1
7ac21ab0ba5b,2024-08-05,1
358ebe5f929c,2024-08-02,1
95524790876f,2024-08-05,1
0e5ca8d963a1,2024-07-10,1
2e23779dff93,2019-10-17,1
9bc08c412cff,2024-06-28,1
c3815f12e3d5,2024-06-28,1
96ff2f6a20d8,2024-06-28,1
6b9348214216,2024-07-03,1
df04ea0ad507,2024-07-03,1
3764d32b7d8e,2024-07-03,1
22e4387e1604,2024-08-26,1
05736813ad4c,2024-07-02,1
0d5cee0bf05b,2024-07-02,1
c8dd2dbf5691,2024-07-02,1
9f80e37e3832,2024-07-02,1
9b3cd1fc5e6c,2024-07-02,1
0cbabafd8abf,2024-07-02,1
a690832ba29c,2024-07-02,1
34afb9e6bb4f,2024-07-02,1
6f6b866b64dc,2024-07-21,1
7e366a173ace,2024-07-21,1
18289f348ba3,2024-08-05,1
0ac44558c1de,2024-06-28,1
a881cbc73bca,2024-07-02,1
afac54220850,2024-07-02,1
4524650ddd7b,2024-07-11,1
145fdff65849,2024-07-11,1
3437b693b61d,2024-07-09,1
409de6911726,2024-07-09,1
0d5529bcb376,2024-07-09,1
7d25119a52d2,2024-07-09,1
5712eb2893fe,2024-07-09,1
cbfce8ee85be,2024-07-09,1
de249b867646,2024-07-11,1
c69a173164a6,2024-07-11,1
6c493a3f87d0,2024-07-09,1
0073355d1f47,2024-07-11,1
02ea58a3f68e,2024-07-11,1
7fab236313cc,2024-07-11,1
a748ae09eea2,2024-07-02,1
59282765c3a5,2024-07-05,1
bc474bf77a66,2024-07-05,1
ab29f2035ff5,2024-08-06,1
9d720b6df94e,2024-07-09,1
e0de93ab86e8,2024-09-26,1
1adb71082e12,2024-08-06,1
da08340346a0,2024-08-06,1
12c8b2ae2977,2024-06-28,1
f247a1747f58,2024-06-28,1
afc771bf926f,2024-06-28,1
b0fc4a9a185d,2024-06-28,1
a6da2b514d4f,2024-06-28,1
5274f6cd7f2e,2024-06-28,1
ccf5264bcb20,2024-06-28,1
8bc293ef4c46,2024-06-28,1
dda6df172a25,2024-06-28,1
66c0da19bf80,2024-06-28,1
2ab6ac7b2d5a,2024-06-28,1
703714f687a7,2024-06-28,1
0d20fe0ef40c,2024-06-28,1
02a988d98762,2024-06-28,1
193d9ad3836c,2024-06-28,1
e8c4967ce7f9,2024-06-28,1
d9c1f7eab7db,2024-06-28,1
1cda9e3c5278,2024-06-28,1
fdbcf2c93ba6,2024-06-28,1
933939e9301e,2024-06-28,1
cc64b8fa6e18,2024-06-28,1
2634e20f82ae,2024-06-28,1
37c97563aeb2,2024-06-28,1
621814383e5f,2024-06-28,1
f471a5a93b3f,2024-06-28,1
35a610f10f7a,2024-06-28,1
713bf6edcba8,2024-06-28,1
5cf8152f48ce,2024-06-28,1
e45050dd11df,2024-06-28,1
95389e8369fd,2024-06-28,1
0a31912bba1a,2024-06-28,1
d94ee842e2fc,2024-06-28,1
8c54b300bc0e,2024-07-01,1
fcdf9628f446,2024-07-01,1
b02ff41f8197,2024-07-01,1
264b12c980bb,2024-07-05,1
b4c1d6889faa,2024-07-28,1
e46bc1b03a18,2024-07-28,1
aa2e2d1fb8b9,2024-07-03,1
211ed4900d29,2024-07-03,1
5bcffa8950b1,2024-09-23,1
302e891b30c6,2024-07-08,1
2642f16e78c5,2024-07-08,1
3b408aadae27,2024-08-20,1
b3c02c978217,2024-08-20,1
dd162370531f,2024-08-20,1
d60184cf6ca5,2024-07-10,1
292a6ddc0013,2024-07-01,1
07e6bac465a9,2024-07-01,1
7c1f5bc15548,2024-07-01,1
5df7afbe1b0b,2024-07-01,1
23c6ef81deb4,2024-07-01,1
3b78912759f0,2024-07-04,1
940db02ae910,2024-07-04,1
bb26125957a1,2024-07-04,1
4bede1549d18,2024-07-03,1
8c9fef832e24,2024-07-03,1
5f38578cea39,2024-07-11,1
d7c4ccc9210d,2024-08-28,1
277c96b00d0c,2024-08-28,1
2c69d5c39928,2024-08-13,1
5944b681182b,2024-08-09,1
7a6f2d6df987,2024-08-09,1
e15902ac5e4b,2024-07-04,1
ca3f18ab49f7,2024-07-04,1
014edb36bd44,2024-07-04,1
eb546e47658c,2024-08-02,1
17e54978dddc,2024-07-29,1
6016e0bb0f3f,2024-07-29,1
2aaba1167953,2024-07-29,1
0cdce4c9c7e7,2024-07-09,1
cd931b6cc495,2024-07-08,1
43d783d5794a,2024-07-08,1
f3fcf2825adc,2024-07-09,1
599cbb657680,2024-07-29,1
2e9c5b52fda0,2024-07-12,1
fc0b67f72133,2024-07-14,1
dde716af79c2,2024-07-14,1
80f6f220e86b,2024-07-14,1
b3f30f2699e6,2024-07-08,1
e3a1fb85b5bd,2024-07-05,1
b0e1e120a096,2024-07-05,1
7ddd0fa865f7,2024-07-08,1
560ce3cec77f,2024-07-12,1
fb032c68d4f8,2024-07-05,1
bec1858fe15a,2024-07-05,1
f002823eba72,2024-07-05,1
7008f18e28de,2024-07-05,1
f378fb879243,2024-07-05,1
6f91d2c32531,2024-07-05,1
0f466d0e4b6a,2024-07-05,1
c28e87229279,2024-07-18,1
10a3166d7a3c,2024-07-18,1
27fdcb90fcb8,2024-07-18,1
627321d7e8f7,2024-07-08,1
19ceef9ddefc,2024-07-30,1
44aa665ca270,2024-07-30,1
fb5271014128,2024-07-12,1
b409920817b9,2024-07-18,1
f5527d01ba0b,2024-07-12,1
6a16aaa9c149,2024-07-14,1
bc6d72eee9ae,2024-08-01,1
82cbb76ed2c5,2024-07-16,1
981f27753a23,2024-07-16,1
9c742cf5bd08,2024-07-16,1
108a27419eb1,2024-07-08,1
f9d0bc7b1fee,2024-07-09,1
caf1e1bff5a1,2024-07-09,1
562de59cc5a0,2024-07-24,1
a46c4c7ab34c,2024-07-11,1
78e3fb186ddb,2024-08-21,1
b798b4b12402,2024-08-13,1
f8d39e1114c5,2024-08-16,1
3883fc2de648,2024-07-19,1
3ad4e4fd873d,2024-07-19,1
f7b4ce189382,2024-07-15,1
5def7d122612,2024-07-16,1
2f39c023ce64,2024-07-15,1
480a518e5373,2024-07-14,1
d47bc196e23d,2024-08-07,1
b5adeef1f1dc,2024-07-10,1
dbd155d79bc4,2024-07-10,1
68e534a67068,2024-07-10,1
5d367d516602,2024-07-10,1
d650ef6cd748,2024-07-10,1
7871e080ab37,2024-07-10,1
e59560d6deda,2024-07-16,1
6067ee9bf834,2024-07-16,1
cfcf5221d644,2024-08-13,1
23960f441fb8,2024-07-25,1
6e352260aa96,2024-07-16,1
9258db160396,2024-07-16,1
a71202990954,2024-07-11,1
8ed74a675227,2024-08-08,1
79cd27e940f2,2024-08-08,1
fc6a487b5cb5,2024-07-16,1
3c794395f544,2024-07-16,1
6e203e7a4180,2024-07-16,1
6d5b4a7b85d5,2024-07-16,1
ef1f8586bf70,2024-07-10,1
03bf672b182e,2024-07-30,1
69d841a89f29,2024-07-30,1
2a85e737bcbd,2024-08-21,1
609e9b734cbb,2024-09-23,1
59541dc4af68,2024-09-06,1
07605df7333f,2024-07-18,1
719ffe88f049,2024-08-16,1
d854ee9a30d9,2024-08-16,1
ad1cb2530cd5,2024-08-16,1
001a4fbee4ce,2024-08-16,1
53ca70c459db,2024-08-16,1
acdf09a8e62f,2024-07-14,1
4232400e1633,2024-08-08,1
ac291858c6f8,2024-07-14,1
62c1fd79ad56,2024-08-27,1
e8245d39f54e,2024-08-27,1
e8497d55b0ac,2024-07-30,1
16174a465ef1,2024-07-12,1
ce0babf9d23f,2024-07-12,1
cd558a73672a,2024-07-19,1
0a6a95ee4828,2024-07-14,1
2dd098cf3ae1,2024-08-29,1
c897c5d56f85,2024-07-21,1
203b55e4ac60,2024-07-21,1
30e31680fec8,2024-09-10,1
490be8eb6091,2024-09-10,1
18397c1374be,2024-09-12,1
e6dfe2708312,2024-07-17,1
78adfbcb3b73,2024-07-25,1
560925d4d11f,2024-07-17,1
ba2134376128,2024-07-21,1
64dd1a3bce69,2024-07-21,1
69074fb75ec8,2024-07-21,1
0d2e7466a364,2024-07-29,1
eb161098a508,2024-07-29,1
3814b670df6a,2024-07-21,1
b863a370ba64,2024-07-23,1
45c48bf39a9b,2024-07-23,1
7e01a50757ee,2024-07-23,1
b1136354bcd9,2024-07-23,1
30c782c830dc,2024-08-01,1
e57e2b802f30,2024-07-25,1
b71c3d9ffd4e,2024-07-14,1
c60c84f2b4eb,2024-07-14,1
e5e531a85039,2024-07-14,1
c892ec106aa5,2024-07-14,1
02d28ae995d8,2024-08-06,1
72d7de7d317d,2024-08-16,1
e852484eb242,2024-08-16,1
8fc4a1b08985,2024-07-29,1
271dba0919ef,2024-08-14,1
ba43f46de2cc,2024-07-17,1
c2d34df4e323,2024-07-17,1
075f6cd34d4b,2024-07-19,1
2f76553f53fb,2024-08-18,1
fdca473820c5,2024-08-01,1
a08556e77d2d,2024-07-16,1
6fa36235831f,2024-07-19,1
01cc87d728b0,2024-07-18,1
069294dee4e3,2024-07-17,1
61f123d42ee5,2024-07-22,1
844d8394d645,2024-07-22,1
01308b300317,2024-07-22,1
7ae089409558,2024-07-22,1
e59b8e97b472,2024-07-22,1
aab67ba91f69,2024-07-21,1
6410dbb30c90,2024-07-21,1
bab52af4e7de,2024-07-21,1
14c861664da4,2024-07-18,1
ee1745d0e321,2024-07-28,1
1e455cfaf76f,2024-07-19,1
24f6ee234bce,2024-07-21,1
fdbfd128d62a,2024-07-26,1
763489586188,2024-07-24,1
88f5ae62ea17,2024-07-24,1
74e5d05c28ab,2024-07-24,1
b90b6c06b229,2024-07-24,1
0c4e403a0da3,2024-08-07,1
966a82865f57,2024-07-29,1
d6ca612db339,2024-07-22,1
06b4898bf25c,2024-07-21,1
f0192d8ca3cd,2024-07-18,1
bc41cc8b9a73,2024-08-02,1
dceda5854cb5,2024-08-02,1
67ad286c862d,2024-08-02,1
321a59f67ddd,2024-08-02,1
6c84ffb377a3,2024-08-02,1
4d4004cba7b3,2024-08-02,1
da94de0ba43b,2024-08-02,1
230ed6ffdea0,2024-08-02,1
975ebc345a49,2024-08-02,1
7e03b7b579b0,2024-08-02,1
8b5b793418da,2024-08-02,1
5d7f6443ad33,2024-08-02,1
7506c92b3493,2024-08-02,1
3001334601c1,2024-08-02,1
6abfb5468e43,2024-08-02,1
3673f1cbe648,2024-08-02,1
c0f3cc6cf380,2024-08-02,1
915b5a5a84b9,2024-08-02,1
1d033c9ae81e,2024-08-02,1
ccb870dfea1a,2024-08-02,1
4595b1a743b7,2024-07-25,1
bd81ac59e7d3,2024-07-26,1
925ed7ab61ab,2024-07-18,1
8c1fe2628a50,2024-08-02,1
e9e77e28523d,2024-08-02,1
f06a9cb517e6,2024-08-07,1
faeeec0f3c52,2024-08-07,1
047ef6842dd4,2024-08-07,1
0853274770ca,2024-07-30,1
a6c62ea0d1f7,2024-07-28,1
1059c1164762,2024-07-30,1
eca3ec3afd8f,2024-07-30,1
b92e97559789,2024-07-23,1
3c551fac80b1,2024-07-31,1
d077e23e632e,2024-07-31,1
e796aa6db6ef,2024-07-25,1
5142d5ef59a4,2024-07-25,1
4e7f8ea26660,2024-07-25,1
07c522ce4c1a,2024-07-25,1
926f713ec1e2,2024-07-25,1
b8679d92014b,2024-07-25,1
00e42e092ba1,2024-07-25,1
0448ace60293,2024-07-25,1
0a0810b29bd6,2024-07-25,1
f80cae2ce2f2,2024-07-25,1
fedf5078eb50,2024-07-25,1
5e63e4d5dc61,2024-07-25,1
4c16328de2d3,2024-07-25,1
35d4dc0bedcc,2024-07-25,1
24b0d076f17f,2024-07-23,1
2721960382ec,2024-07-25,1
31a4542a894d,2024-08-19,1
67f4c07467a0,2024-07-26,1
c4bbfd50feb6,2024-07-25,1
499742c4b569,2024-07-24,1
5afddefbfd45,2024-07-29,1
070866d5bc17,2024-07-30,1
d06d32df0906,2024-07-30,1
9dbebce22c90,2024-08-25,1
e520548c9bdb,2024-07-30,1
8ac8e85e5678,2024-08-05,1
e961d1fb8373,2024-07-29,1
7725c1e68efc,2024-07-26,1
e0ec20071ce6,2024-07-26,1
823b570dd28b,2024-07-26,1
1227db88bca5,2024-08-29,1
527ae9d59bd5,2024-09-02,1
d7b3f34032f6,2024-08-20,1
7fd1857e62ee,2024-08-21,1
4fba0f165746,2024-07-30,1
083e8a5647ff,2024-07-30,1
22e4eb80d418,2024-07-30,1
b79609a8c609,2024-07-30,1
0d77a4049f65,2024-08-21,1
3c0c443c7d12,2024-08-21,1
51a344080b0e,2024-08-21,1
97f01a68c52d,2024-07-31,1
95fde13da162,2024-07-30,1
4d96800ea1e7,2024-07-31,1
fc7d2f2dabed,2024-07-31,1
714bc18809e6,2024-07-29,1
24751db008b0,2024-08-18,1
253f88b8991a,2024-08-19,1
f59f5e2a9245,2024-07-29,1
b276c67d8a26,2024-07-29,1
6573860d9caf,2024-07-29,1
ba5311e2e0fd,2024-07-29,1
5bc301af5b0f,2024-07-29,1
ec42a51b5261,2024-07-29,1
e35f0201fc8c,2024-08-01,1
27019f07813a,2024-08-01,1
cc9eb22be6ce,2024-08-01,1
1c3e9efc1ba9,2024-08-01,1
aae91a3cf5b7,2024-08-01,1
66c1e3cc402f,2024-08-01,1
3436f408301a,2024-08-07,1
935e7f29ae31,2024-08-07,1
fbe732a6f59c,2024-07-31,1
2348b7ad6faf,2024-08-07,1
da51ab788d66,2024-08-19,1
f4ec9cac6681,2024-08-13,1
a21d8839d93d,2024-08-12,1
f50503efc7d8,2024-08-12,1
62edc4057765,2024-08-12,1
149862e42119,2024-08-06,1
bb5833f227e1,2024-08-07,1
57864e1f6f47,2024-08-07,1
553758e1d6e3,2024-08-07,1
d1c7fec561fa,2024-08-19,1
d01e5b0e50a7,2024-08-06,1
b474aa596ce3,2024-08-27,1
883b9a840156,2024-07-31,1
1e105513f4f6,2024-07-31,1
b46d534b4787,2024-08-07,1
ddfc3970a219,2024-08-07,1
11de831116a6,2024-08-07,1
a52ae8774074,2024-08-19,1
97447fbdc839,2024-08-14,1
68ac6c07410c,2024-08-28,1
2699244cdc26,2024-08-28,1
e6cb3450af63,2024-09-15,1
e581ef7008ae,2024-09-15,1
996bdbe69e4e,2024-07-31,1
f273683590f6,2024-07-31,1
0fdcca91e81b,2024-07-31,1
db7dc35335d8,2024-08-11,1
5b0c346ca1f8,2024-08-11,1
09a285d07ccc,2024-08-11,1
3cab2fe27a40,2024-08-11,1
108124f74c3d,2024-08-11,1
22012455fccb,2024-08-11,1
dd6db6625bda,2024-08-11,1
2f5ffc793915,2024-08-11,1
0b22d3bcdf26,2024-08-11,1
8b0fba1a440f,2024-08-05,1
eadefe09bbba,2024-08-09,1
bb961171e76b,2024-08-05,1
e782f3fa3905,2024-08-05,1
bcbc4a45be84,2024-08-04,1
5fce12fb3ed8,2024-08-04,1
b115c2a42f39,2024-08-04,1
ae189025f78f,2024-08-04,1
96f9f1085371,2024-08-04,1
c10885389795,2024-08-04,1
be432e336e51,2024-08-04,1
47c4ddfd7423,2024-08-02,1
fbfb22b687cd,2024-08-12,1
39197c4bc230,2024-08-06,1
9a9ec50a653c,2024-08-29,1
249f73546846,2024-08-12,1
6b5267f0192f,2024-08-06,1
e99b926e0966,2024-08-06,1
ca903a47c373,2024-08-06,1
ad212833da62,2024-08-06,1
19f1f34999ed,2024-08-06,1
87354aae9b50,2024-08-12,1
dae29d6e70cf,2024-08-12,1
b369aefe42a3,2024-08-12,1
627f9ed6879c,2024-08-06,1
d17d82de1805,2024-08-09,1
fe17fcf0fef2,2024-08-09,1
dd7f9a81b673,2024-08-09,1
9529489b0b28,2024-08-08,1
fb7014e988d9,2024-08-08,1
9fec3018fc02,2024-08-08,1
a34a2aefd4d8,2024-08-01,1
66a351b7f025,2024-08-08,1
8b3a9c3af311,2024-08-13,1
0a36ee938714,2024-08-13,1
1d7b9e7e53f7,2024-08-05,1
fe3736c9161a,2024-08-05,1
aeb742a98913,2024-08-05,1
ce364545e320,2024-08-02,1
98df0b774688,2024-08-03,1
a9feb4ca2145,2024-08-29,1
08cf361b41d7,2024-08-13,1
3ea2953056e7,2024-08-13,1
2c4e9948a5c6,2024-08-13,1
14556336ed57,2024-08-13,1
f3ab44441764,2024-08-13,1
943298e1cdf9,2024-08-29,1
6c5df2a567d1,2024-08-13,1
86a16f635d5b,2024-08-13,1
780cb3ca5b43,2024-08-06,1
de7d9a9f1fef,2024-08-06,1
5438830b4928,2024-08-06,1
19286aaa7b8f,2024-08-06,1
4bd463fd3ef2,2024-08-09,1
f57aad5d4d49,2024-08-09,1
5711286a19c4,2024-08-09,1
0664c62b079a,2024-08-09,1
9e3e08bf5d7f,2024-08-09,1
1550108ace02,2024-08-06,1
a5f791359610,2024-08-19,1
5ce7cfcb86c2,2024-08-26,1
0ea7480cfb04,2024-08-05,1
b87e48804247,2024-08-08,1
29ff33f0c371,2024-08-05,1
56226638d4df,2024-08-12,1
074ce947a78f,2024-08-05,1
412b543d4d73,2024-08-12,1
6f474ecbbedb,2024-08-12,1
4f8e340370ad,2024-08-12,1
9d10007f1601,2024-08-12,1
b85660da0b6b,2024-08-27,1
973d2d8de44d,2024-08-12,1
106909cf76a3,2024-08-12,1
22db02ac9a79,2024-08-12,1
3180bc0ec29a,2024-08-13,1
a0808e60bab1,2024-08-09,1
feba46755fd8,2024-08-27,1
1680efab9d5b,2024-08-27,1
71a9f1fbe421,2024-08-09,1
2ed1d9ddee1f,2024-08-06,1
8adae0d95771,2024-08-07,1
60fc09557bab,2024-08-12,1
49aa6601c48a,2024-08-08,1
3cbd6bd74bb3,2024-08-20,1
a366312b1013,2024-08-20,1
d90d052f65a0,2024-09-09,1
86b1cd2b11e1,2024-09-09,1
2a3c272936bb,2024-08-12,1
81058ea27e77,2024-08-09,1
4269bfa4596a,2024-08-18,1
f49f5becf247,2024-08-12,1
985270290450,2024-08-09,1
f823330a02da,2024-08-09,1
37e0a3849fdf,2024-08-09,1
36fdc019f9bd,2024-08-19,1
8a0618cf7f31,2024-08-19,1
a3f715c6a5db,2024-08-25,1
667ba987df36,2024-08-25,1
dd64065d92da,2024-08-12,1
5fde63d55cb6,2024-08-19,1
9f6f69d1a049,2024-08-19,1
775e79eec6ed,2024-08-19,1
9b970ba205d6,2024-08-19,1
1662701a0f4a,2024-08-19,1
5f626943a96a,2024-08-19,1
18130aa85308,2024-08-21,1
977dd3f30735,2024-08-16,1
75980fba2f3d,2024-08-28,1
24ad24c4d90e,2024-09-22,1
a475ca050ad8,2024-09-05,1
087eaaf61822,2024-08-18,1
e1f45d872e37,2024-08-20,1
edb91448eaa7,2024-08-20,1
396e7bcc979d,2024-08-20,1
b9deb92324a0,2024-08-16,1
d13b7894f8ed,2024-08-16,1
4448a758ad54,2024-08-16,1
f47013578558,2024-08-16,1
48e36a818c73,2024-08-26,1
c8733df7a22a,2024-08-14,1
892dd06507bf,2024-08-14,1
2c9a51c0dba0,2024-08-16,1
6b331bf2021b,2024-08-16,1
1724653136b0,2024-08-16,1
7e5d3855f3ba,2024-08-19,1
e338ec39a43c,2024-08-15,1
6dde2e2a304b,2024-08-13,1
70d25ec4218b,2024-08-20,1
327c5bc1e583,2024-08-20,1
9ceb793c6d06,2024-09-09,1
397eabefc4dc,2024-08-15,1
5fec7f83be20,2024-09-05,1
44e5be984717,2024-08-30,1
03717482013f,2024-08-19,1
dade477f6693,2024-08-20,1
7a0dfc879922,2024-08-15,1
0c0c474926dd,2024-08-26,1
87de545c8bc0,2024-08-29,1
f087c97d3203,2024-08-15,1
66100ed013ac,2024-08-29,1
1c89e0a20674,2024-08-29,1
e42a50941bef,2024-08-29,1
8361cdaa3d31,2024-09-23,1
3415cbde1fe6,2024-08-19,1
ff95b690b798,2024-08-18,1
0768022d6b46,2024-08-18,1
82cdb3403fca,2024-08-29,1
5c2ef900d032,2024-08-29,1
135af24bb446,2024-09-01,1
d75b328183d3,2024-08-16,1
d3a5ca132272,2024-08-16,1
ea7cc5a853cf,2024-08-16,1
680874736e50,2024-08-16,1
5f097fde52c3,2024-08-16,1
5779de6c128e,2024-08-30,1
b38a36e1bfee,2024-08-26,1
0b944e436608,2024-08-28,1
4be8929eb184,2024-08-28,1
4c7127babbed,2024-08-28,1
64903f631586,2024-08-22,1
4626cea528c6,2024-08-22,1
2c9a8fa01489,2024-08-19,1
add802e52e1f,2024-08-25,1
99c050dd6f7b,2024-08-25,1
dda952eeb828,2024-09-23,1
7696d51ba4f7,2024-08-19,1
b146bf44a97d,2024-08-19,1
bcdc3ddfd77f,2024-09-05,1
cbbb91e43215,2024-09-06,1
3deb59ba6fb8,2024-09-05,1
506049100b4e,2024-09-06,1
7f2f315869c6,2024-08-26,1
cbdec33bbe20,2024-08-16,1
cf3b063ede40,2024-09-15,1
07269b861a74,2024-09-15,1
90127a80f2f6,2024-08-28,1
88a4a1759d09,2024-09-15,1
d2cc9aad3ab5,2024-09-09,1
7d707d850f25,2024-08-25,1
01759562004f,2024-09-09,1
8915d1c33f0b,2024-08-26,1
e3ff12d93d87,2024-08-26,1
6dbf4f78feac,2024-08-26,1
acc003d901a2,2024-08-26,1
2538c122c95f,2024-08-22,1
3d1271a30d3a,2024-08-30,1
2932829de1d9,2024-08-27,1
87432ad1df72,2024-08-29,1
a29ab38495d0,2024-08-29,1
706343235199,2024-08-25,1
e26abf883523,2024-08-22,1
9d23e26e5c66,2024-08-22,1
8a16983fc252,2024-08-22,1
126a3f99c7f0,2024-09-03,1
fb282818b8eb,2024-09-03,1
a014b306ed67,2024-08-29,1
2026739a30ab,2024-08-28,1
a6e2080a8d2e,2024-08-30,1
6a74dd1805bf,2024-08-30,1
a9bdc2ce0892,2024-09-03,1
f4fb18fe230d,2024-09-03,1
3399f17409a9,2024-09-03,1
bf9a0c807da2,2024-09-03,1
de5a25b303b6,2024-09-03,1
a75c48884f57,2024-09-03,1
49ce816f02a1,2024-09-03,1
1e6ea7fffdcc,2024-09-03,1
2dfd44f0f2dc,2024-09-03,1
868c6789c000,2024-08-30,1
eb520a47f363,2024-08-30,1
a77c38f5a061,2024-08-30,1
fdf9b6ef8bf9,2024-08-30,1
435fc1f24c54,2024-09-11,1
e0aeb127e18d,2024-09-11,1
09c203c413d4,2024-09-12,1
a265c8a25a73,2024-09-03,1
99e617eb034c,2024-08-30,1
5b665763739f,2024-09-08,1
f41fa4c9a013,2024-09-22,1
9e1cba14a305,2024-09-02,1
b0900be2e50b,2024-09-02,1
fd3680727913,2024-09-03,1
bf5d3e52bb78,2024-09-03,1
44f5af3cd662,2024-09-08,1
0f15aea758df,2024-09-06,1
bdd60776acb7,2024-09-06,1
0959ab0b3fc4,2024-09-06,1
fa7b3a71a3f4,2024-09-06,1
80d7af30ca99,2024-09-06,1
b3ce42210e29,2024-09-06,1
1c098bc1dce0,2024-09-06,1
6379c385c443,2024-09-06,1
c526afd947b1,2024-09-06,1
43675ab8ee3c,2024-09-06,1
e58019da3cb1,2024-09-06,1
2cec8048e1bb,2024-09-06,1
5edbfae94937,2024-09-06,1
e6bfdef853ab,2024-09-06,1
0351d1d7d162,2024-09-04,1
58edb0a0b61c,2024-09-04,1
217b48a2a055,2024-09-10,1
694d268529ec,2024-09-10,1
78ef2f279ef3,2024-09-03,1
da84e09604fd,2024-09-12,1
0cb8675afc24,2024-09-17,1
77187ec842a4,2024-09-06,1
e53b4a267226,2024-09-02,1
311d282dc529,2024-09-11,1
865664ed3dcb,2024-09-11,1
8b5eacb9fbb5,2024-09-02,1
d07c42ab030a,2024-08-28,1
a61328977914,2024-09-03,1
fc6323dc51af,2024-09-09,1
6574c253ab06,2024-09-04,1
0b985dd96520,2024-08-29,1
a97dd4e2ea0b,2024-09-01,1
2be41703ab6d,2024-09-01,1
e839daecd22e,2024-09-01,1
40fbfc84f2b6,2024-09-01,1
a92dc1d126ae,2024-09-05,1
6fbcf8b05aba,2024-09-05,1
97d04915e78d,2024-09-09,1
e448294772ef,2024-09-26,1
1cb8c7a9b98a,2024-09-01,1
b8e18e9fc9e6,2024-09-26,1
ff6c8c652f14,2024-09-11,1
d05880561329,2024-09-11,1
468b13d10e55,2024-09-11,1
c5728d246f82,2024-09-11,1
95a7e7d0dcca,2024-09-04,1
b0fd3b58abd0,2024-09-04,1
587a95d1eb82,2024-08-29,1
86e1f519b1b7,2024-09-10,1
f4e9a48be4ed,2024-09-10,1
9e0169ce2075,2024-09-10,1
86365c12d1e1,2024-09-10,1
e168cc2db271,2024-09-03,1
0982b221d231,2024-08-28,1
99c580e96068,2024-08-29,1
420fa9059b5f,2024-09-24,1
8aa16b9042aa,2024-09-03,1
60ffbc93dd32,2024-09-03,1
086320994e02,2024-09-06,1
060f6634e0df,2024-09-03,1
151f3742b340,2024-09-03,1
e046c9fc00e6,2024-09-02,1
861d6ea2e8b5,2024-09-06,1
533cf6e82386,2024-09-06,1
89327176720e,2024-09-18,1
1405fca49984,2024-09-05,1
d19a396bdccf,2024-09-05,1
d4245ad12dbb,2024-09-05,1
54eba81bdd15,2024-09-08,1
e734ff182f29,2024-09-19,1
2b3e4946cd0a,2024-09-19,1
ad8bc9bbb9f6,2024-09-03,1
2fb3099d8438,2024-09-18,1
0e473911dd91,2024-09-18,1
f55608c9a8cc,2024-09-10,1
3e7192439b61,2024-09-10,1
f4d9c9609eaf,2024-09-10,1
8d10dfd140cf,2024-09-18,1
78784d3d360e,2024-09-01,1
ed48480cfc4e,2024-09-10,1
6e11e8162d5e,2024-09-10,1
cfee15f85b37,2024-09-10,1
5c95ad609472,2024-09-10,1
e454410488ea,2024-09-04,1
49e632cacd66,2024-09-24,1
c966426629a0,2024-09-23,1
14d656f85e17,2024-09-06,1
9a5c78f11ee9,2024-09-04,1
547df709eef2,2024-09-11,1
6e014aa86cc8,2024-09-08,1
83932c71b0d5,2024-09-16,1
0f879b23efce,2024-09-04,1
cb8208f1e93f,2024-09-06,1
db570ff3b004,2024-09-09,1
8e7a627a555f,2024-09-23,1
5a308fd7f2a2,2024-09-05,1
eded094d6a6b,2024-09-06,1
2c579576c4ab,2024-09-16,1
3a48236b8ebe,2024-09-16,1
ffb9caa4e767,2024-09-16,1
ba2c67b8e236,2024-09-16,1
fd614b159d6e,2024-09-16,1
0e7b04ecdd59,2024-09-10,1
c682b5dd70f5,2024-09-06,1
d70f3cd1bf04,2024-09-08,1
946aebbc34ac,2024-09-09,1
41072e810522,2024-09-13,1
9b5d09ac76e0,2024-09-09,1
30e5cce0e051,2024-09-06,1
d925bb22160a,2024-09-11,1
cab8a9b12129,2024-09-18,1
c9dd1b5e7ca8,2024-09-20,1
606af56cd0dc,2024-09-18,1
5cc50c771c76,2024-09-18,1
d4388bade4c1,2024-09-18,1
55210305ab79,2024-09-18,1
34ab47d13659,2024-09-18,1
1a6e0b63e922,2024-09-18,1
304e23673325,2024-09-18,1
ccf90d2445cb,2024-09-20,1
d2af30ab48f6,2024-09-19,1
a3c5d4516606,2024-09-23,1
456c4d194f4f,2024-09-23,1
366619e8f445,2024-09-23,1
fb82b04bac3d,2024-09-23,1
e568c2a9906c,2024-09-10,1
9dc5fc0d7573,2019-10-17,1
ef4d54ae8f8b,2024-09-10,1
cf3f739e67b1,2024-09-24,1
fd0a244c7fbd,2024-09-24,1
6de120c4df99,2024-09-24,1
56e23df5b39d,2024-09-16,1
6667d49c0e05,2024-09-13,1
c5227912ad9b,2024-09-19,1
e2cc1d6435a4,2024-09-17,1
81d21ce73929,2024-09-18,1
13ddfe9c1ee1,2024-09-18,1
b8c610b24aca,2024-09-22,1
6177e25df7ff,2024-09-22,1
75d187938cb8,2024-09-19,1
ee484f50b91a,2024-09-19,1
6f4aa60a8e19,2024-09-19,1
2b897fabe50a,2024-09-19,1
831a12cc0d14,2024-09-19,1
79c4b56aee94,2024-09-16,1
9ef3ec0b0bd9,2024-09-16,1
1107468c51ed,2024-09-18,1
71b354508f86,2024-09-17,1
b616dac62061,2024-09-17,1
f0bc37baa7ba,2024-09-11,1
c5adf612783c,2024-09-11,1
db57e99325c2,2024-09-17,1
cb764866b02d,2024-09-22,1
d6b9ba584c93,2024-09-25,1
7d73d828e53f,2024-09-20,1
c8d6d76bcdcc,2024-09-18,1
86b8ce886ec0,2024-09-13,1
b607b6b01a7d,2024-09-16,1
4f8ef1eeef95,2024-09-16,1
073b40ac6edc,2024-09-26,1
cce051d88d65,2024-09-24,1
4dd8dfc83768,2024-09-24,1
0ed043f5c8d9,2024-09-24,1
6427eb77d7e4,2024-09-24,1
54f2b148737f,2024-09-24,1
78c43e284bfa,2024-09-24,1
bec72b0eab18,2024-09-18,1
a73792fb3b46,2024-09-18,1
285ef5db7406,2024-09-25,1
411a33d6d56f,2024-09-25,1
ed728c821b0a,2024-09-26,1
7d3cffc2f5ed,2024-09-23,1
6b0497a62839,2024-09-24,1
93ed35703d45,2024-09-23,1
8caba51315eb,2024-09-24,1
f6d04a754b1f,2024-09-26,1
aa6d86c5cfec,2024-09-20,1
da6a01a30501,2024-09-20,1
e2545f208af9,2024-09-20,1
7afdbc9a7846,2024-09-20,1
a7a4a6c91ada,2024-09-23,1
29369a358a74,2024-09-26,1
f0eafda32e58,2024-09-26,1
db6a2de0b5c5,2024-09-26,1
c7d98f966b33,2024-09-17,1
ef7703aec4aa,2024-09-24,1
91501cba62a3,2024-09-24,1
89fb4969d0e5,2024-09-24,1
f0e5b1f68c50,2024-09-24,1
b2d80b069944,2024-09-24,1
a43f1f4adf19,2024-09-19,1
404c8112bc69,2024-09-18,1
dd60fae13d06,2024-09-18,1
c0cde23c537e,2024-09-26,1
aac6cedf9d44,2024-09-20,1
913afe717a0f,2024-09-26,1
384426716ab6,2024-09-20,1
e9f3df2edba8,2024-09-25,1
2080d4e6fae7,2024-09-25,1
48d167348379,2024-09-25,1
662d3bee803d,2024-09-25,1
6110c2db08b7,2024-09-25,1
3e57fe695bec,2024-09-25,1
3d82b30de9ee,2024-09-25,1
0811a9c86eba,2024-09-25,1
ac1abe3ea745,2024-09-25,1
82c08fa90ea6,2019-10-17,1
2c3cac176943,2024-09-26,1
2452fcd2be77,2024-09-26,1
3cc90834c8df,2024-09-26,1
8c960a9f3747,2024-09-24,1
66c8a268e27d,2024-09-24,1
13360528e4b4,2024-09-25,1
7408e4a8a7e9,2024-09-25,1
efe37b7f9a32,2024-09-25,1
bedb4a9e48cc,2024-09-25,1
d4c0b15b8528,2024-09-26,1
30a46b32ce0e,2024-09-26,1
4a7a5db6a141,2024-09-26,1
ca0b6248d0db,2024-09-25,1
348e96430d27,2019-10-17,1
5793fa635300,2019-10-17,1
ef49c16a26c5,2019-10-17,1
0ba82b2066e3,2019-10-17,1
b8773c1a0e35,2024-07-23,1
49ba2aae6213,2019-10-17,1
3114ed774245,2020-08-31,1
de1546150b43,2019-10-17,1
076703972fdf,2019-10-17,1
3f90a867eaec,2019-10-17,1
7ef8626d2f20,2019-10-17,1
4d6bc4192078,2019-10-17,1
b1472c53e967,2019-10-17,1
2087f8a5f16a,2019-10-17,1
4b2b8ba52bf2,2019-10-17,1
9b0b4ca0f415,2019-10-17,1
0a014f8113a7,2019-10-17,1
810529e83c5c,2019-10-17,1
8c80fb36b20b,2020-02-10,1
42db2cbbab81,2024-04-07,1
d33bec2f4ae3,2019-10-17,1
ac5046a2b0f2,2022-10-18,1
9f36ebdbd206,2019-10-17,1
77460807acc2,2019-10-17,1
0c1d554eb242,2019-10-17,1
7f646b4a2b96,2019-10-17,1
5bb03bfe09ad,2021-08-22,1
e82d19e93f5c,2021-08-05,1
9bd41852f999,2019-10-17,1
a84cb40a8327,2019-10-17,1
db82ae0655b8,2019-10-17,1
8fdf576aab70,2019-10-17,1
e8227eaaeeec,2019-10-17,1
03f3249d8701,2019-10-17,1
c9b719e13071,2019-10-17,1
8f6dcc329a9b,2019-10-17,1
109b9135280d,2019-10-17,1
bc594c09b37f,2019-10-17,1
90d345fbc7c6,2020-05-21,1
2f244e3cfc89,2019-10-17,1
e5fca55c0462,2023-03-07,1
167021fc039c,2019-10-17,1
ae4e079d9728,2022-08-09,1
7639169edc10,2022-07-29,1
385e7d3e4a37,2019-10-17,1
801c5f8d10b5,2024-06-30,1
e951c8f3d0d3,2019-10-17,1
36943b37c9f9,2019-10-17,1
a7962abafdf5,2019-10-17,1
f860bd81eacd,2019-10-17,1
1e72694324d9,2023-02-08,1
b47a4a24fde3,2019-10-17,1
1044ce5b1817,2019-10-17,1
02a3d8f23f6e,2019-10-17,1
62ff8bf6493d,2022-11-06,1
2e94f61c8b62,2022-08-25,1
04dfafac8d8d,2019-10-17,1
cc271045f3fb,2022-06-20,1
a1666ddd7c29,2022-07-22,1
63e4bb745cc8,2019-10-17,1
e8ea17916bee,2019-10-17,1
790e018e1926,2021-04-14,1
d772c64ed223,2019-10-17,1
e3873623fda6,2019-10-17,1
d0fe3516b2ff,2023-11-21,1
cb98ce73c343,2022-12-11,1
ed1af44c6451,2023-09-13,1
7ac5533be841,2019-10-17,1
aa1181a1d4f3,2023-03-28,1
2c0db659f927,2022-08-14,1
879079ce619b,2024-01-25,1
cc7277e38ef8,2019-10-17,1
630f1fd1c826,2019-10-17,1
084e6e43d803,2019-10-17,1
41c744d821a1,2019-10-17,1
c036bc421af1,2019-10-17,1
ed491493ec20,2023-09-13,1
02cf83838620,2024-09-25,1
a1ad1c2db61e,2019-10-17,1
0673fe6760b2,2019-10-17,1
eec585396b5d,2019-10-17,1
4d262b40b35e,2019-10-17,1
002e65c645a8,2023-04-10,1
8db934757d71,2021-01-28,1
01cef05eaf52,2019-10-17,1
88d75d2565cb,2019-10-17,1
5c353e746132,2024-03-18,1
3e93cab4da8e,2024-09-21,1
67acac446d96,2022-05-04,1
010f5a916784,2024-06-28,1
7237809b75ae,2024-07-31,1
6b6ba622256b,2023-09-13,1
c3b001340440,2019-10-17,1
5f539bb4afb7,2019-10-17,1
c48fa6f4966a,2019-10-17,1
f1bfb1ef214c,2023-12-01,1
978b55be604e,2019-10-17,1
2d1a3f2a82f6,2019-10-17,1
65a1a36eeceb,2019-10-17,1
e1796b8de5d5,2019-10-17,1
b5ddadcdd98d,2024-09-19,1
6b0cb1066f94,2022-03-18,1
eae4b63ce8c8,2019-10-17,1
faeb40103c98,2024-06-06,1
6db73c4d371b,2024-07-10,1
60df1fefffb6,2019-10-17,1
997353bdad5a,2023-09-13,1
726e26d706f5,2019-10-17,1
c8ed4b65f530,2019-10-17,1
ce0a99c21dff,2022-11-01,1
62c1eb52aae8,2019-10-17,1
618d83b899cb,2024-07-02,1
64bf5e4459fc,2023-02-01,1
8b6edc51b4c0,2019-10-17,1
c504c2a50742,2019-10-17,1
6d415acd6c59,2022-10-30,1
ca0538b49dd2,2019-10-17,1
3e0db77f4df1,2024-04-14,1
8433128b0e5e,2022-10-19,1
67fde626a3df,2024-07-12,1
f77981108a95,2019-10-17,1
62b067320a0c,2019-10-17,1
f6f7e1871bc1,2019-10-17,1
d9ca6e73fa4e,2022-09-29,1
d1cf8a621960,2019-10-17,1
20bf7b042147,2024-06-27,1
d77776154d7d,2019-10-17,1
ee4343cc7dcc,2019-10-17,1
12fa2a3a09a6,2019-10-17,1
1ed212e40e16,2024-04-12,1
55a96d3183af,2022-09-01,1
a69b3ae91801,2022-06-26,1
f066807a5ad3,2019-10-17,1
e977d05f3f28,2024-04-25,1
59773cc757bc,2022-03-17,1
1f9b1ea5b2e2,2019-10-17,1
9b1458ac8d59,2019-10-17,1
b6235e4e83e9,2021-07-28,1
0d963324c8eb,2019-10-17,1
890742cfada5,2019-10-17,1
befde5dba129,2019-10-17,1
778ec4c9c46a,2022-06-08,1
25e8ff04683f,2019-10-17,1
e8e543e97e8d,2019-10-17,1
0dd41ea09ab4,2019-10-17,1
cc94b0f964b8,2019-10-17,1
596a870ec9e2,2019-10-17,1
22c2e7dfe183,2022-05-04,1
ae7f51846d65,2022-09-12,1
cce02261ba02,2019-10-17,1
4f0bb8e3a34f,2019-10-17,1
4afc83b73922,2019-10-17,1
9be8d5cfea6b,2019-10-17,1
eb225272114f,2019-10-17,1
0c52e8897e4e,2021-12-23,1
aab0987c5987,2022-09-12,1
c5458670a371,2019-10-17,1
1d62749ef51c,2019-10-17,1
97bda00e2dbb,2019-10-17,1
6ad8c6a0c2d6,2019-10-17,1
485afeff976a,2019-10-17,1
158701ec775a,2019-10-17,1
8335023067fc,2019-10-17,1
23bc9ad4620f,2019-10-17,1
7ae5f651ff5e,2019-10-17,1
5e26db881988,2019-10-17,1
bda5b157e737,2019-10-17,1
184e00b709c0,2019-10-17,1
2870ba23ee4d,2022-12-06,1
055c740a4c62,2023-05-10,1
ebe52372e66f,2019-10-17,1
6d03566f7b8d,2019-10-17,1
163b18f140d8,2019-10-17,1
714fb980d919,2019-10-17,1
d20ff8429167,2019-10-17,1
aa063252dfbc,2019-10-17,1
6dbb43cff46d,2019-10-17,1
5308ba6a2adf,2021-03-17,1
d9e63af044c7,2019-10-17,1
9521de02ec36,2020-01-15,1
aaf19b40baf8,2019-10-17,1
ffc6200feffd,2022-11-14,1
707726412a03,2022-03-10,1
902a9e764503,2019-10-17,1
ab28aecea3ff,2019-10-17,1
107523b1a252,2019-10-17,1
584262eb0c20,2024-06-09,1
81f01b7ad685,2023-09-13,1
40164682463f,2024-07-24,1
2c6c49ae17f9,2019-10-17,1
7437baf34132,2024-01-30,1
7f349f3fddf4,2019-10-17,1
3537201d9484,2024-03-27,1
31f24a5d9692,2019-10-17,1
27112cf9f567,2019-10-17,1
256c0db4f6b9,2019-10-17,1
9861dfa557fd,2023-09-13,1
8b8490b26391,2020-04-15,1
629c8c68e300,2019-10-17,1
01574a57789e,2019-10-17,1
0df3892888c9,2019-11-24,1
7ea6f36f2119,2019-10-17,1
05527180ad74,2019-10-17,1
0f97f38616f2,2022-01-26,1
65dc62bb548e,2019-10-17,1
588871004d5f,2024-05-27,1
e23e189afd20,2019-10-17,1
19cbd20aa3a0,2020-11-12,1
e6bb5d4bc66d,2019-10-17,1
6048b60bbea7,2019-10-17,1
563a45e16d46,2019-10-17,1
a8564f5aa125,2019-10-17,1
0db19f1ed71d,2019-10-17,1
f6828df97313,2019-10-17,1
5531f0437885,2019-10-17,1
fda3a6af3b30,2019-10-17,1
f8dfd981da69,2019-10-17,1
1a579187d268,2020-11-05,1
1118b806091b,2019-10-17,1
671c75e77935,2019-10-17,1
a17c717cf82c,2019-10-17,1
d70bf62c16bc,2019-10-17,1
f50a5e1ff5a6,2023-10-20,1
d5f7a39f6491,2019-10-17,1
78d2e61b9fdc,2024-03-12,1
a2d871968596,2019-10-17,1
e70aa6a4b8df,2019-10-17,1
6662ef8ec5cd,2020-11-05,1
e087cdd0c51c,2020-07-14,1
94ef8cbd2d0f,2020-05-13,1
81c5d54c336b,2024-03-12,1
54109d60ef4e,2024-07-08,1
e8cd42957fdf,2019-10-17,1
6e61091703e7,2019-10-17,1
55308d86a1b9,2023-10-31,1
aa93e7fba073,2022-11-22,1
c7836d6a9b1e,2019-10-17,1
978989f72bf5,2019-10-17,1
4bd7c3497491,2019-10-17,1
4ea8e56099f8,2021-11-30,1
8d763f53f095,2024-01-23,1
5ed621a0b303,2024-04-23,1
4fcd3a81acbc,2019-10-17,1
f0309b5a974b,2019-10-17,1
ec53ba072cfb,2019-10-17,1
809280f77ac5,2021-03-04,1
7bafe3f10d28,2019-10-17,1
ad8e44617193,2019-10-17,1
f1d469ebacfa,2019-10-17,1
f3bb072177cf,2023-12-11,1
8b40261336d6,2019-10-17,1
97d3bcbead2a,2019-10-17,1
3f6f5041a76f,2019-10-17,1
105b9ee965b6,2019-10-17,1
770484d0a6fb,2019-10-17,1
2655b76df4f5,2023-03-16,1
b06d334b0ca1,2019-10-17,1
fc15b03ffa80,2019-10-17,1
8fb29561f683,2019-10-17,1
ba5089e4c415,2019-10-17,1
a9d3594115c9,2023-06-26,1
f262bff72304,2019-10-17,1
eeddffd7fbe3,2023-05-30,1
1040d3459a78,2019-10-17,1
a9f82a15fd76,2019-10-17,1
e3c7fb6549f8,2019-10-17,1
20bac4255fe6,2022-12-05,1
6fb95c05f728,2019-10-17,1
6a5d9edb6ff2,2021-12-09,1
99ad3b99c3ed,2021-10-13,1
5d03f75223ba,2024-07-31,1
74b2431d8f53,2020-01-20,1
872a8f5e178e,2019-10-17,1
3c8f081cbde7,2019-10-17,1
6765363e5c6e,2023-04-19,1
4a95d21c0909,2019-10-17,1
b4621bc06db0,2019-10-17,1
8206d5f944ee,2019-10-17,1
e616c715ad80,2023-01-17,1
e98902c63c9a,2024-09-11,1
60f4ebc0be77,2019-10-17,1
2fe789fee61f,2019-11-29,1
4f0980b79acb,2024-05-06,1
82223a8d405f,2024-02-29,1
8df4fba6d441,2024-07-26,1
e282d5c29b42,2019-10-17,1
4f2db5c52520,2024-07-19,1
10b69ef96782,2019-10-17,1
bd5c8418d122,2019-10-17,1
bce42829c39d,2019-10-17,1
3c0110061037,2019-10-17,1
ff620a370aee,2019-10-17,1
3277c6889565,2021-06-23,1
4e543638b6e1,2021-06-23,1
85740666f7c2,2019-10-17,1
06c5f7da162f,2022-06-27,1
a92d086510cc,2019-10-17,1
6eded94a25de,2021-06-23,1
810421f8cfc5,2019-10-17,1
998e7fe2185e,2019-10-17,1
6e15aa682f99,2022-06-27,1
4653d60f6e4e,2020-10-15,1
5fd732596f5c,2019-10-17,1
51b6517151c2,2019-10-17,1
14a6e6191552,2024-08-21,1
768ebb7e086d,2019-10-17,1
8dbc3969cfc8,2019-10-17,1
195260d84847,2021-06-30,1
f6c36b8b3e2f,2024-02-04,1
de3ef7647727,2019-10-17,1
43a2d340e3b9,2019-10-17,1
3ce535736401,2019-10-17,1
6cb23f0e52bd,2024-05-12,1
de6cb1fdaf02,2022-06-01,1
5bcc26df1d0c,2019-10-17,1
a5e1d099df79,2023-03-20,1
5e4c40a1f18d,2024-02-14,1
fee521eec807,2019-10-17,1
6bc792bfa91b,2019-10-17,1
6203a7ebf161,2022-11-01,1
2005bef52b4f,2019-10-17,1
6d6553d92428,2019-10-17,1
f14469cb14dc,2019-10-17,1
8f5d777e9bb5,2022-06-27,1
1c08ca053044,2019-10-17,1
fd56968e2afa,2019-10-17,1
ddf11dee4a96,2019-10-17,1
fe2a7c311414,2019-10-17,1
eba14c4a124d,2019-10-17,1
7224887c4f49,2019-10-17,1
8883893d26e9,2019-10-17,1
583674c36f2f,2019-10-17,1
36cb02f8209c,2023-12-01,1
5b8e114fdf6f,2024-01-10,1
03c4f51a4886,2019-10-17,1
68348aae54c8,2024-04-17,1
1709cbde59aa,2019-10-17,1
493274e6ce28,2019-10-17,1
b3d2b3545607,2024-06-24,1
8bfdaf21d0cf,2024-02-26,1
a70a0bb98a55,2024-07-02,1
8fadb1f755a0,2019-10-17,1
698c68feaabf,2019-10-17,1
78480d6102f9,2019-10-17,1
197d166eb4e0,2023-12-18,1
c51ab785c175,2019-10-17,1
dd2973ba5632,2019-10-17,1
69dfdedd10af,2019-10-17,1
cc70804d96f0,2019-10-17,1
be9d91735879,2019-10-17,1
72689a6a0409,2019-10-17,1
88218763ed07,2019-10-17,1
6c438652e521,2019-10-17,1
dbeba650eacc,2019-10-17,1
938ff3a69173,2019-10-17,1
fb242864402d,2021-12-24,1
c6a235e0d6d9,2024-06-21,1
76c5faa32471,2019-10-17,1
bcca0533bfe2,2019-10-17,1
964ea1b92c9e,2019-10-17,1
e69e3846ad1b,2024-03-03,1
6e2fbdd15a3a,2024-01-25,1
6ff57947cda4,2019-10-17,1
84fdc144ee7d,2019-10-17,1
146fec140871,2019-10-17,1
9824ebd45cf2,2019-10-17,1
5986bb9789c1,2019-10-17,1
1c237e3d81b3,2019-10-17,1
da8d1c525bf4,2019-10-17,1
ccaa73380cd0,2019-10-17,1
f19c859a6e64,2019-10-17,1
f910e958fbbd,2019-10-17,1
a1c1cebf7806,2019-10-17,1
79b152373c20,2019-10-17,1
6681dcf95681,2019-10-17,1
f9eaf0294aed,2023-09-17,1
fbbeb5154250,2019-10-17,1
ca5a8ba93704,2019-10-17,1
a14102a048d8,2024-04-14,1
40ac57b71a17,2020-06-28,1
1191bfb8635e,2019-10-17,1
b6a353b80eb6,2019-10-17,1
38467cb3b9d2,2019-10-17,1
589c20a5107c,2022-09-15,1
646dc31a00f1,2019-10-17,1
9293cf64e00d,2019-10-17,1
eba27eb5c40a,2019-10-17,1
a6bc8c63439b,2019-10-17,1
ade8aceff42a,2024-08-19,1
95c880de312c,2019-10-17,1
5ee00301b100,2019-10-17,1
57549fb2bac4,2019-10-17,1
2fc15af5522a,2019-10-17,1
5fa0bebd779f,2019-10-17,1
9c61b74d6be1,2020-11-29,1
1c4b6cebb194,2019-10-17,1
b9f2ebee6bd5,2019-10-17,1
22f40690f9a0,2019-10-17,1
64bcd9052ab4,2019-10-17,1
ac9e3c47204d,2019-10-17,1
543425aac37b,2019-10-17,1
86a99633da0f,2019-10-17,1
c320dc74d0b6,2019-10-17,1
4cd1151cdc6c,2019-10-17,1
b198814b022d,2019-10-17,1
631a1fd2acae,2019-10-17,1
f2d06cffdf19,2019-10-17,1
7bb75a6ed0d0,2019-10-17,1
71958e21c078,2019-10-17,1
688308d7e779,2022-12-01,1
0333190872b0,2019-10-17,1
5850ec892839,2019-10-17,1
134fb35cd563,2019-10-17,1
a2cbd4d3ed2f,2019-10-17,1
927aab2c721b,2023-10-06,1
1673af63a69c,2024-05-08,1
2eb785ed4be3,2023-09-13,1
b7989fae82a8,2020-05-20,1
c27c97c8773c,2022-10-13,1
538975cc8f4b,2024-01-23,1
5fd9787ddfe6,2019-10-17,1
3534e7f1a513,2019-10-17,1
3721372767b4,2020-02-10,1
9de699242793,2019-10-17,1
6e483c76cdec,2019-10-17,1
90ef87ab5a9e,2024-09-10,1
fb73ec7630f0,2019-10-17,1
5ca6bea0954c,2019-10-17,1
311054a4a36b,2023-10-31,1
390ef8226a5d,2019-10-17,1
cdfe30fcf9e4,2019-10-17,1
ca07abe8ebf7,2022-12-20,1
2b973dc39fc3,2020-07-06,1
7ff486487cdd,2023-03-09,1
f80ec002aa0e,2019-10-17,1
27b9af38e967,2019-10-17,1
cfa23f3b1fc6,2020-06-02,1
d74ea218dbd2,2019-10-17,1
c8665a312620,2023-03-21,1
326f1279a7f3,2023-06-06,1
a9da5dd75508,2019-10-17,1
e40f62d5719e,2019-10-17,1
fc4893529cb8,2019-10-17,1
b95af9a1499f,2019-10-17,1
6aa2bc1947b3,2024-04-20,1
d56cd25db6e1,2024-04-20,1
a5b58969d752,2024-04-11,1
ad769fe26e9b,2019-10-17,1
9052a5d5cf85,2019-10-17,1
fe077cd1c80b,2022-09-15,1
eca5285caaf9,2019-10-17,1
ca1ec5e5e362,2023-09-15,1
f079669f59cb,2024-07-10,1
4cee74b5a76d,2019-10-17,1
02dc341be1d6,2022-06-30,1
3b517e5f9c88,2019-10-17,1
b85a83e059de,2019-10-17,1
75f67c922f3c,2019-10-17,1
58b36b4cc6bc,2019-10-17,1
da64c242d3be,2019-10-17,1
70c99fb607ce,2023-01-09,1
362f77a87eb8,2023-03-20,1
928354d3eb50,2019-10-17,1
ef98b37ac335,2019-10-17,1
a5480b6eef18,2019-10-17,1
53be7d336f14,2019-10-17,1
44c26f5d33f4,2024-04-22,1
779be1af4e34,2019-10-17,1
b46683c5cc9a,2019-10-17,1
ce78820a2951,2019-10-17,1
ff0a02225d1a,2019-10-17,1
89264c1d60a4,2019-10-17,1
54dc150dcf98,2019-10-17,1
d40bb60d50f9,2019-10-17,1
bc0acbfc2f1c,2019-10-17,1
a18a9989b6b4,2019-10-17,1
783e83adcaa8,2022-08-23,1
9a1b3a1f6326,2021-10-06,1
18d734b10c99,2024-01-25,1
22f0ce2866b4,2019-10-17,1
ba79d9e7fbf7,2019-10-17,1
eedbe8a31c28,2019-10-17,1
aaa43cec257b,2023-11-08,1
ce8420642cc1,2019-10-17,1
11820d97eb79,2020-09-01,1
505a75cfea9a,2019-10-17,1
c632b76e62d0,2019-10-17,1
b280371b2f57,2019-10-17,1
20a66a0f21d1,2019-10-17,1
a650000d2d3c,2019-10-17,1
06d99aaebd2f,2019-11-01,1
2686d33dfc85,2020-12-07,1
4cf3633f183a,2019-10-17,1
479cf158f9a3,2023-09-21,1
cdc8f10cdca3,2019-10-17,1
30b838c148a3,2019-10-17,1
5e8c41cc9783,2022-10-27,1
1b42d618e455,2021-08-26,1
f7e39319f95d,2019-11-26,1
e5ce781d6c07,2019-10-17,1
fa04acd64005,2019-10-17,1
a2f3b57b4862,2022-10-30,1
65fac9abe01d,2024-05-31,1
ba35cc5a3cc2,2024-07-02,1
39a819c6c466,2022-08-25,1
4a8042b9fc84,2024-09-24,1
435cba328bce,2023-06-27,1
52fce2816490,2022-10-30,1
e13a41b511ca,2019-10-17,1
16c30682193b,2019-10-17,1
72bb3744b628,2019-10-17,1
4137fd974927,2019-10-17,1
886f1e058fd0,2019-10-17,1
86e05df1ed4d,2024-03-22,1
e31cabac26f5,2019-10-17,1
f53ca0b49d8d,2022-10-30,1
673d3cbea40c,2024-01-18,1
e621af44fd81,2019-10-17,1
95bef200a54f,2019-10-17,1
2e4367a26bb0,2023-04-03,1
e1a9ae626618,2020-11-10,1
c5e13f2c725c,2024-07-29,1
d47dd6279265,2022-12-02,1
4aec406b290b,2021-03-18,1
7c3d4da7e4de,2019-10-17,1
e350b131d4e3,2019-10-17,1
63cb19517b7d,2019-10-17,1
7e580c12dbee,2019-10-17,1
94126ad0705f,2019-10-17,1
f855a9426495,2019-10-17,1
4355ff7a3cee,2019-10-17,1
d3fa81630cf4,2019-10-17,1
8ea40919a72d,2019-10-17,1
a245e25de798,2019-10-17,1
22226e3b0d26,2021-11-02,1
873d2d217501,2021-06-24,1
c0756642bcc3,2023-10-26,1
351836bbe743,2019-10-17,1
19d98f35e98d,2019-10-17,1
59a9442d508a,2019-10-17,1
b3b0fbcbfe49,2019-10-17,1
e8ab91dde1d0,2019-10-17,1
b228965296c7,2019-10-17,1
09cc4f397c1d,2019-10-17,1
bd63212facf1,2019-10-17,1
e90563181b01,2019-10-17,1
fdadaa7880f3,2019-10-17,1
44be5c84a7d8,2019-10-17,1
881042c45c55,2019-10-17,1
14f84e963873,2019-10-17,1
7d99569242ae,2019-10-17,1
d0a1be487636,2022-06-20,1
194a26f1baa2,2019-10-17,1
92fc9dedc509,2024-01-18,1
7c39216e2f57,2019-10-17,1
56a5d7a09e68,2019-10-17,1
63c57c69a0dd,2019-10-17,1
cfb5ae158e96,2019-10-17,1
6d30109fb585,2022-10-30,1
fe8fbc89e028,2024-06-19,1
0cc727fd3195,2019-10-17,1
4326c1e6ddb8,2019-10-17,1
bf2bf8e0f4dc,2019-10-17,1
7383d0def823,2019-10-17,1
23c9898a25ce,2021-05-25,1
45cbb189687c,2024-05-16,1
0814c1ea8eae,2019-10-17,1
4da5748667ae,2019-10-17,1
123f146c89ec,2019-10-17,1
68fe85b3df9b,2019-10-17,1
289c7e19f6aa,2019-10-17,1
70f587ee20c6,2019-10-17,1
54f4f37f1896,2019-10-17,1
fffb04d8e873,2019-10-17,1
2e259db78611,2019-10-17,1
49d2165be031,2019-10-17,1
9ed32bd58dd9,2019-10-17,1
d2b5884eab09,2019-10-17,1
90304fef41d9,2024-03-20,1
1166b7e8aa73,2024-08-21,1
b05c7bf837da,2019-10-17,1
9bb88563bb18,2024-03-31,1
a90f64eda63d,2024-07-31,1
5fc961e54039,2023-09-13,1
1e3fd47c3ed9,2023-09-13,1
7df0c844b634,2019-10-17,1
a821b34e9932,2019-10-17,1
8ab1c6c51a15,2019-10-17,1
e4d6dab92acb,2022-10-10,1
d344050f26e4,2023-06-16,1
9bea27b157d4,2019-10-17,1
65b7cbb2736c,2019-10-17,1
83378a543692,2019-10-17,1
68077892793b,2019-10-17,1
fc38e9004997,2019-10-17,1
918c7098b4c4,2019-10-17,1
1821e0895c82,2019-10-17,1
19ade080b547,2019-10-17,1
7a969be490ee,2019-10-17,1
81215901ee2f,2019-10-17,1
145d9d276efb,2019-10-17,1
7f5d82787880,2019-10-17,1
e8b045313802,2019-10-17,1
dc35b42a0fd2,2019-10-17,1
52738439ad17,2019-10-17,1
bd1251f87fb7,2024-04-01,1
b5dcb0b88c19,2019-10-17,1
6d69a7833046,2019-10-17,1
f931ff9adb5b,2019-10-17,1
ea06678d6c8b,2019-10-17,1
b9bc06839b79,2022-06-29,1
7b6b4cdf22e9,2021-04-27,1
3cb456b3c212,2019-10-17,1
229dff9de2f2,2019-10-17,1
0d138f3bf2dc,2019-10-17,1
eb3e1c2e43eb,2019-10-17,1
81e141878e2b,2019-10-17,1
cb1f6e2e21d2,2019-10-17,1
5afa3e082f74,2019-10-17,1
ba3a78b8b3e8,2024-01-24,1
19bd618a7638,2019-10-17,1
8dedfdcd9c60,2019-10-17,1
94cdf336c0bb,2019-10-17,1
20417b20b208,2019-10-17,1
3e6ed7e670fd,2019-10-17,1
393a6fabdb9a,2023-09-15,1
5dcc43e0d99f,2019-10-17,1
72ef569ef56c,2019-10-17,1
6fb2bb9a4442,2019-10-17,1
ead7dbf9f788,2019-10-17,1
8d494586a1bc,2020-07-03,1
2d151d771d2f,2019-10-17,1
df1d3e51668a,2022-04-21,1
a2bd8ba522a2,2019-10-17,1
04ba0b8f5d1f,2019-10-17,1
7329ad990253,2019-10-17,1
5caba973144e,2019-10-17,1
bcef500acbc1,2019-10-17,1
d31758b2c8ce,2019-10-17,1
568c075c9e9e,2019-10-17,1
5e15a74d3bb6,2023-06-26,1
a0cafafc34ca,2024-04-17,1
7dd52610f797,2019-10-17,1
59ed0d1f809c,2019-10-17,1
543fc6dd2a05,2024-04-03,1
d62a6186b4f3,2023-09-13,1
5c31b39b85bc,2019-10-17,1
08980b947611,2019-10-17,1
73000ed247c2,2019-10-17,1
81725a4f3578,2023-09-13,1
7ceaf1f5a003,2019-10-17,1
a875b12c21df,2023-09-13,1
239dec5dadaa,2019-10-17,1
c84810833830,2022-02-22,1
a107b5eeb7d6,2023-09-13,1
6d284b4e9982,2019-10-17,1
0d95aeffdeab,2024-02-18,1
55d25b10684a,2023-09-13,1
c8e8a0f5aace,2024-03-12,1
2c5153c9ad20,2020-01-24,1
07a326aa527e,2022-11-13,1
9577a2bc6d96,2023-09-13,1
d66e3cdf6fae,2023-09-13,1
27a847c07dca,2023-09-13,1
c5d980efaddd,2023-09-13,1
cdc02be382d1,2023-09-13,1
fe8449f16860,2023-09-13,1
40f2cdc35fbe,2023-09-13,1
df4d00234ba0,2024-08-22,1
cf2a009561d8,2024-06-03,1
8d17d04cc2c0,2023-09-13,1
d209488c81d5,2019-10-17,1
93bb9e567f5f,2019-10-17,1
997567b8770e,2019-10-17,1
98230fc5cafe,2019-10-17,1
eced4408238d,2023-11-09,1
c011527e2f92,2024-07-29,1
ece6d94f25cb,2022-10-25,1
e06e892f2d7e,2019-10-17,1
946ed7ce2a39,2023-09-13,1
e0d81f181765,2019-10-17,1
84367bfa7ca9,2019-10-17,1
25d1f8f2839d,2019-10-17,1
fe9604789793,2019-10-17,1
e14541977c90,2024-07-05,1
1ddfdec0956c,2020-03-26,1
7d5fea9e1d20,2023-09-13,1
9073616e7aa1,2023-09-13,1
f1078934b68f,2023-09-13,1
9176d53ceaee,2019-10-17,1
06cd4fc68154,2019-10-17,1
de4c299a06bc,2019-10-17,1
c8d70424725a,2023-06-08,1
0ef12e1f6f84,2024-08-28,1
1d140786192c,2019-10-17,1
3da8a49f3cab,2024-09-03,1
2dd47980958f,2022-12-20,1
c2e5c66859d5,2019-10-17,1
b555ff8a2c67,2022-10-10,1
bba6f7ee0b65,2019-10-17,1
4ebc64c9b9d4,2019-10-17,1
06764e1f6627,2019-10-17,1
77ce2c866c69,2024-08-22,1
e2eda4d885c8,2019-10-17,1
bdc72fc0cc7d,2023-03-28,1
d0e9197fe9da,2019-10-17,1
1269deabc54e,2021-01-22,1
f5bd94640b5d,2019-10-17,1
42627a578a0f,2022-10-30,1
974b5c5de10e,2022-10-30,1
8984ce17feca,2019-10-17,1
693c2927af0c,2024-05-26,1
10aad3b45d1b,2023-09-13,1
2b120dd4e037,2019-10-17,1
9b03af1b348f,2019-10-17,1
ca56ad1eeb54,2024-08-22,1
5e71da0b099f,2019-10-17,1
14a545c674be,2019-10-17,1
065b43e8e173,2019-10-17,1
ea7419939258,2023-10-13,1
7aacefa655b4,2023-09-13,1
f97e09465bd9,2023-09-13,1
cd819c425e82,2019-10-17,1
91657fd8415b,2024-05-23,1
d53744a9a47c,2019-10-17,1
e34b5836d69f,2022-11-13,1
5792fe06b4eb,2019-10-17,1
eca10a3dcdaf,2023-06-02,1
e9536bc27a77,2023-10-25,1
0c513a77a6b0,2019-10-17,1
277464775c82,2019-10-17,1
93e7c198d8c5,2019-10-17,1
8741631e694d,2024-04-01,1
033d36f47617,2019-10-17,1
efb43554af10,2023-01-30,1
aca0b158aa4f,2019-10-17,1
c40bd92ea857,2024-03-07,1
9bdb91d7b308,2019-10-17,1
d156750230af,2022-04-14,1
93a55ee9aafb,2022-10-09,1
e20fc9783345,2019-10-17,1
aec36be7deb5,2019-10-17,1
16eefdb2a3e0,2023-10-14,1
820d76eda1e8,2019-10-17,1
4c718022913e,2019-10-17,1
84eae800463c,2021-02-12,1
a82bc201818f,2023-09-13,1
e91a9b9ad35d,2023-11-14,1
0c0010463f4b,2019-10-17,1
5858b9c8b15a,2022-01-17,1
3b2970e82aaf,2024-04-23,1
b245a1e50f96,2019-10-17,1
adbb0332d923,2019-10-17,1
687c4f0465e4,2019-10-17,1
df29e62cd3da,2019-10-17,1
2310f068af26,2023-06-09,1
978527e010fb,2019-10-17,1
127b81b96f0f,2019-10-17,1
cc35111022ef,2019-10-17,1
081d82ba517f,2022-11-01,1
30a0a511fb00,2023-06-23,1
b6b6f0ce8c37,2022-06-30,1
81feedeadab5,2024-03-13,1
34bb44e73457,2024-09-24,1
b7216904c048,2024-09-24,1
66496d40e7b9,2021-10-18,1
e00c3715a114,2022-09-18,1
50b51846c3d7,2024-04-08,1
ca084e986974,2019-10-17,1
0d4e8add6693,2019-10-17,1
3e7078e022f0,2019-10-17,1
a324f8cb8cb4,2022-11-22,1
140601f6e20d,2019-10-17,1
7f92db996138,2019-10-17,1
b902f1cfe523,2024-07-16,1
b5a43e8c2cd6,2019-10-17,1
08a7bde3cf6a,2019-10-17,1
c0bfedb4453a,2024-09-04,1
0d46a8a34089,2023-09-13,1
65036d0aa337,2019-10-17,1
e01dbc690c37,2023-12-14,1
6f3f17a59bf7,2019-10-17,1
b554045e5fc0,2022-07-31,1
4aa1d102de96,2019-10-17,1
43ce2760ed0a,2019-10-17,1
455b07efe3a4,2019-10-17,1
be7e3c1c2133,2019-10-17,1
bdb2ae469a55,2020-11-27,1
0ff318c02c96,2020-11-27,1
a26ae9808219,2023-12-15,1
2fbcbfe11e29,2024-07-09,1
54749abb34ea,2019-10-17,1
315b9c076ce0,2022-04-13,1
cbd4e396f52f,2019-10-17,1
370ac3975bac,2019-10-17,1
8757aa7881be,2019-10-17,1
3f38e86d7ee9,2019-10-17,1
d6488146e082,2019-10-17,1
0a6392bfd540,2024-04-09,1
8f5b5103a034,2023-06-26,1
9e11f797d4f1,2020-03-15,1
332317260988,2019-10-17,1
e2f350465186,2024-01-29,1
9ec027fc6002,2024-09-25,1
20961228c5ee,2023-10-17,1
c1c44c34bbc5,2019-10-17,1
5b04f6a48f1f,2019-10-17,1
5fd907f64737,2023-11-20,1
a530560bd6d2,2019-10-17,1
320355f86abe,2019-10-17,1
f8fd6e540c9f,2019-10-17,1
65b2584794da,2019-10-17,1
7f7f587312fc,2019-10-17,1
5cabda5361d9,2024-08-02,1
14204482310f,2023-06-13,1
7c9cb8e0c5d4,2019-10-17,1
8d64c4c7ead7,2019-10-17,1
fbc24e98a14e,2022-11-24,1
522c62311f69,2019-10-17,1
707f4954a4e8,2019-10-17,1
eb2904be41ca,2019-10-17,1
380c8446b5fa,2019-10-17,1
f84193f47369,2019-10-17,1
a083f067292e,2024-06-04,1
37ff0e4ab70f,2023-09-13,1
5ea8d02ea444,2019-10-17,1
8644fb818518,2019-10-17,1
ac6653304021,2021-08-24,1
73167c406ca5,2019-10-17,1
2f2e751f10ec,2024-05-02,1
2c9ebe8d1eb4,2020-03-25,1
057fe7133a0f,2019-10-17,1
ecb35f945a5a,2023-12-14,1
acee3fad47ef,2024-03-17,1
1f93c0276195,2019-10-17,1
7f2c436f4c19,2019-10-17,1
ad468459fb1e,2019-10-17,1
ab4a60bd4788,2019-10-17,1
e948b006e4f3,2019-10-17,1
83f9818f6ba0,2019-10-17,1
6bdcf2e001ac,2023-12-21,1
f94afe694ef2,2019-10-17,1
87f40f20401e,2019-10-17,1
f33462924d33,2019-10-17,1
44543436333f,2019-10-17,1
d80bad4d2422,2019-10-21,1
de9ad383ee3e,2019-10-17,1
f942e04493a8,2019-10-17,1
f0587308bcf3,2019-10-17,1
96d7c2ca7257,2019-10-17,1
94375515f3ca,2019-10-17,1
56056e6485f6,2021-11-03,1
cdea8660f720,2019-10-17,1
1a9791b625ce,2019-10-17,1
a0e67be1d9d2,2024-03-11,1
63be1ac0c4b4,2022-03-28,1
7d98e36b7c1b,2019-10-17,1
8c9690406436,2019-10-17,1
9ad12353ab03,2019-10-17,1
2fd5cb343d27,2019-10-17,1
aa9679edf310,2019-10-17,1
b67750a78d3b,2019-10-17,1
6ff5f931e8d9,2019-10-17,1
5cb6241d4109,2021-08-25,1
42c70e00b43c,2024-08-05,1
aa6d09435319,2024-08-05,1
2ea27684a5ef,2019-10-17,1
42b047996e44,2019-10-17,1
c664b4afda0a,2022-10-12,1
f834b03f37b3,2019-10-17,1
38fe1f54f6f7,2019-10-17,1
cbf52a4c2e9f,2019-10-17,1
060bd1aee084,2019-10-17,1
59d011eb0c09,2019-10-17,1
aea9e5a279bd,2024-04-26,1
6b688f167437,2019-10-17,1
e49cb2fb953d,2020-07-06,1
db7329586344,2019-10-17,1
1ef877c7b665,2019-10-23,1
ad481c330a98,2019-10-17,1
891d72c26d77,2023-11-27,1
d124d7365a90,2019-10-17,1
aed2ffd9dad9,2024-07-03,1
bef8dc79f08b,2021-03-23,1
46b5cd80d653,2021-11-02,1
f742250dc621,2019-10-17,1
574a33026881,2024-03-01,1
8b6bd90241e4,2019-10-17,1
9e55ce04100f,2019-10-17,1
94d6933ef685,2019-10-17,1
5271b53065f7,2019-10-17,1
633af61ea556,2019-10-17,1
de3d4576b13b,2019-10-17,1
b1b22a670c70,2019-10-17,1
bc0687298465,2019-11-22,1
d7ebf9908f83,2019-10-17,1
28db3dd29fd9,2019-10-17,1
7574dd0f3d89,2019-10-17,1
cce1a79a3a56,2019-10-17,1
f257fffdbcd7,2019-10-17,1
74033a02b553,2019-10-17,1
7fdc84db9f99,2019-10-17,1
1e74f7fe23f7,2019-10-17,1
24c2debace15,2019-10-17,1
427620307c31,2020-08-31,1
47a49b36b510,2019-10-17,1
80bae4a0feb4,2019-10-17,1
4c5441f25f24,2019-10-17,1
5fbb2590c8b6,2019-10-17,1
c2120e24aea3,2019-10-17,1
f665ca2a3a08,2019-10-17,1
9f55bb32df20,2019-10-17,1
32159023b636,2019-10-17,1
253ab68ae78c,2019-10-17,1
7428830d55b6,2019-10-17,1
188143f77568,2019-10-17,1
983194a6c68b,2019-10-17,1
28f6697c2024,2019-10-17,1
ef33acbd4fa0,2019-10-17,1
ee10681b61dd,2019-10-17,1
fa1c0ece7e1e,2019-10-17,1
760020c9a42c,2019-10-17,1
aff1191a9db4,2020-03-12,1
61cb159b05df,2020-07-03,1
c08b1c38c736,2019-10-17,1
146b01126e49,2019-10-17,1
c1ed9abddcf9,2019-10-17,1
e3845ed4d9e5,2019-11-22,1
8b3df2402567,2019-11-22,1
3fead88c9530,2019-10-17,1
b8702a70f71a,2019-10-17,1
a5ad53fa22c6,2019-10-17,1
06e92a0c5486,2019-10-17,1
74e52a7dd94e,2019-10-17,1
b8ff4c353351,2019-10-17,1
6dc9f0a7d341,2021-11-23,1
ff697a58535d,2019-10-17,1
723037bdb49e,2019-10-17,1
618a0837e888,2024-02-28,1
2fda45d4fb50,2024-05-20,1
7f8b47ebc550,2019-10-17,1
9bdf6cb19267,2019-10-17,1
ce6ce679ff14,2019-10-17,1
719ae5c2336b,2019-10-17,1
a5f0d206b254,2019-10-17,1
f2788d90c1a5,2019-10-17,1
1b17deb5ce00,2019-10-17,1
421de91418bb,2019-10-17,1
c312c4b72041,2019-10-17,1
671d5034f414,2019-10-17,1
d493f4423a4a,2019-10-17,1
a1f58a628e88,2019-10-17,1
13f04c4cf5e4,2019-10-17,1
d96ed8281113,2019-10-17,1
26b0444b58a9,2019-10-17,1
6d09a07dac9a,2019-10-17,1
23988d444a7b,2019-10-17,1
ef67bd2d27a1,2019-10-17,1
ba29dfc9975e,2019-10-17,1
e917d10e4b5e,2019-10-17,1
5eab69a51f28,2019-10-17,1
0b2855de384c,2019-10-17,1
be3a9f6d55c1,2019-10-17,1
78b8473b1431,2019-10-17,1
f46f52c86437,2019-10-17,1
daa93ef07045,2019-10-17,1
f86d05099950,2019-10-17,1
802bf472eeea,2019-10-17,1
f1c124cf6cca,2019-10-17,1
8da8087f2cdb,2019-10-17,1
6a53885cab18,2024-05-23,1
3902ee346892,2019-10-17,1
5db76c712a5f,2024-07-02,1
735a85eaf78f,2019-10-17,1
3a6c35f62a1c,2024-09-24,1
aa10f767c5a7,2019-10-17,1
b1c7d2c0678f,2020-03-25,1
4eb2b3604e5c,2022-11-22,1
e2c0ba75ff6c,2023-09-13,1
76e63890bf58,2024-02-09,1
693baa89bc27,2024-02-09,1
851ceba9ebb0,2022-11-22,1
0cdb4ead15ff,2019-10-17,1
dbd03e521863,2019-10-17,1
1b021be54e05,2023-10-15,1
d56e9826b28f,2023-06-26,1
dc96277bd547,2019-10-17,1
02a09f916d46,2024-05-06,1
2a155cf835af,2019-10-17,1
f210c1710716,2024-07-08,1
5ad137978590,2019-10-17,1
b050634d458c,2019-10-17,1
36fc15bd2c1e,2019-10-17,1
c31d46b06c20,2019-10-17,1
238335ca11f5,2023-12-27,1
930bf9e05d33,2019-10-17,1
67fb932c6eac,2019-10-17,1
f3b09aad7f80,2019-10-17,1
1dbc6de59910,2024-06-28,1
5c4ea607a302,2019-10-17,1
1785229c00cc,2019-10-17,1
7b4a190ed6b9,2023-03-12,1
a99f6d92f001,2024-03-19,1
6f8a5145bc75,2019-10-17,1
09e17b6d3e0d,2022-10-23,1
3cc9a40e561b,2019-10-17,1
c40d1fa5024f,2019-10-17,1
9a74a676d4f7,2020-11-10,1
272fd2ce2ff0,2019-11-22,1
5db5beedb035,2019-11-22,1
8b9e12c441a8,2021-06-10,1
5f423b630b23,2019-11-22,1
1e12dc378b82,2020-06-11,1
ff378353a76e,2019-10-17,1
1421105c8141,2023-12-28,1
ca9333c9568d,2019-10-17,1
11b629866615,2019-10-17,1
7e275b056207,2019-10-17,1
fa3fb504e6f3,2024-06-06,1
02f10ffbebf8,2024-04-12,1
8d8d3fdee7df,2019-10-17,1
9ba1f38d4941,2023-11-22,1
ffd810b2897d,2019-10-17,1
6dc7e772ce54,2019-11-22,1
5879ed009378,2023-09-13,1
eaeeea146434,2023-09-13,1
ee0d80a140ad,2019-10-17,1
e0daffd26aed,2019-10-17,1
3eda42d2c258,2023-11-24,1
a535a6359e50,2019-10-17,1
e0a06ad61ca4,2024-09-11,1
f2db8426e5e0,2019-10-17,1
e2735ca43df4,2019-10-17,1
1b9e512f9262,2019-10-17,1
022092f304ba,2023-04-17,1
6ae0c469351e,2020-04-16,1
eccd121eb60b,2021-04-16,1
254f6c5e844d,2021-04-14,1
fb49b72e2b84,2022-12-18,1
e3a0043105a2,2019-10-17,1
55b8d358d840,2019-10-17,1
fd30307df8a2,2024-03-28,1
85bcaf2f454a,2021-03-23,1
dcc46026c07a,2019-10-17,1
8ac803f30132,2019-10-17,1
1f45e1da4270,2019-10-17,1
6ddc4f880b78,2019-10-17,1
74e1f890b3d3,2023-09-13,1
39948707b909,2019-10-17,1
eb2476638ac2,2019-11-22,1
36760896eba9,2019-10-17,1
d777c42e9c69,2021-06-29,1
01968e75eec9,2020-07-27,1
b3ca845a4367,2019-10-17,1
05725fd2e5e0,2023-05-30,1
648e2b0760e3,2019-10-17,1
03e5c512a17d,2019-10-17,1
57f83b0c8474,2019-10-17,1
0dcd051d96f0,2019-10-17,1
75ffdaca65c4,2019-10-17,1
5be223bc36cd,2019-10-17,1
619c6dd45d3c,2019-10-17,1
cafb3bc04735,2024-09-05,1
ebb4e2f89656,2019-11-01,1
24dcc9ce17aa,2019-11-22,1
dbedc65be2f4,2019-10-25,1
906b5ee87bee,2019-11-22,1
c08f676c7e6a,2019-10-17,1
930a48b25625,2024-03-19,1
cef1ea846ed7,2019-10-17,1
898c2f9f5c5d,2024-06-16,1
8e2bbb5aee68,2019-10-17,1
2e9caf8c4182,2020-07-17,1
b7b959ba652b,2023-11-19,1
7df139d33686,2019-10-17,1
6e1856bd23c7,2024-09-15,1
3a8f25ee2592,2019-10-17,1
65ca8b2fe34a,2019-10-17,1
fd60d49a3686,2019-10-17,1
9330fc4ee561,2019-10-17,1
9a6d9617ab16,2019-10-17,1
7debc2c9943e,2024-01-23,1
158a934cea5a,2023-09-13,1
2bf5a78f21d9,2023-06-14,1
336a8f5d9e5b,2019-10-17,1
cda9a3e5445b,2019-10-17,1
96d000c91511,2022-03-06,1
4631e38ada02,2019-10-17,1
ecc492fadbb0,2019-10-17,1
d3c20dc671e4,2019-10-17,1
7503e13c34b5,2019-10-17,1
4ab7f62fa879,2019-10-17,1
3c492524d350,2019-10-17,1
c885a7604ac8,2021-05-19,1
2880725411a7,2019-10-17,1
f9ba4a8d8047,2023-12-12,1
120ff765eba2,2019-10-17,1
8848277f04ff,2019-10-17,1
45218ac0de7d,2019-10-17,1
c4b1cf0a78e3,2019-10-17,1
f2b5f012a850,2019-10-17,1
6006bed1dc3a,2022-09-14,1
f79db4d2bed7,2019-10-17,1
1db3c3e189af,2023-09-17,1
8857de992822,2020-06-26,1
bd72da005873,2023-12-12,1
21043b99c79e,2023-09-17,1
9d5d223df168,2020-04-14,1
1703533041dd,2019-10-17,1
f1de64f55852,2019-11-01,1
3c0b7ea09ac9,2019-10-17,1
4e187e5ac5ef,2023-10-11,1
3dbd4f280cf7,2019-10-17,1
de9d51a6818b,2019-10-17,1
eb017517a097,2024-05-02,1
839320304737,2019-10-17,1
a09835ff1eb3,2019-10-17,1
03b818edf7e7,2019-10-17,1
0f87c2f99533,2019-10-17,1
2e002b83a795,2023-12-07,1
8b70d1433ac6,2019-10-17,1
6e354bdc8635,2019-10-17,1
cff35404fd80,2023-03-27,1
2fa30591e096,2023-03-27,1
bb3841836293,2023-09-13,1
d610de4043fc,2020-08-14,1
0e599507d333,2024-03-21,1
f934528c9755,2019-10-17,1
ba60ef413323,2019-10-17,1
16335c873ed4,2019-10-17,1
964f6927a8cf,2019-10-17,1
efc10edd69d0,2019-10-17,1
7a3cc5d8059d,2019-10-17,1
ba1dccdaff89,2024-03-04,1
2aa5386ea0c8,2019-10-17,1
35d07179f02b,2019-10-17,1
8250099a8aff,2019-10-17,1
23b18d1f7da9,2019-10-17,1
e5b2b6f57ea7,2019-10-17,1
2c007023f650,2019-10-17,1
b875df4d0382,2021-08-26,1
b2eba3cb86a9,2019-10-17,1
73eaa5c9f7c4,2019-10-17,1
14a102221719,2019-10-17,1
6f4750318279,2019-10-17,1
18c3a41e4dfe,2019-10-17,1
ba27d1f9fa5d,2022-11-02,1
84e74faed7ec,2019-10-17,1
5ac0b2bf150d,2019-10-17,1
02edc05ec984,2021-03-22,1
7522aa7caddb,2021-05-11,1
a608ac3ed831,2019-11-01,1
df377ab6a7f4,2019-10-17,1
f0f5c70444fd,2022-08-07,1
e7dff98e7e83,2019-10-17,1
fbab063f18de,2019-10-17,1
651146abca45,2023-01-11,1
1906a43f0ad9,2019-10-29,1
46bf72bc1179,2019-10-17,1
6ff392ec980a,2020-01-30,1
05dd93719e3d,2024-05-23,1
6d14a546d9ea,2023-11-26,1
b52787067421,2023-11-26,1
647b4f3cb466,2024-09-19,1
da9879095858,2019-10-17,1
0aea75dd69fa,2019-10-17,1
f04ee1bb0904,2019-10-17,1
3768beac61bf,2019-10-17,1
81f44874b2f1,2019-10-17,1
aff88330bbc4,2021-08-20,1
8365512e59be,2020-07-02,1
42cb9929c9c6,2020-11-25,1
24c7360866fa,2019-10-17,1
97b4c28c0a80,2019-10-17,1
8e07267a102b,2021-03-31,1
61c801654b3f,2019-10-17,1
f32526f9e7f3,2023-11-27,1
7b035275b139,2019-10-17,1
a280f60040ae,2019-10-17,1
4a340479fdef,2019-10-17,1
433a8672cc17,2019-10-17,1
2ddbfabbc6db,2019-10-17,1
005dae645588,2019-10-17,1
af64304f9dff,2019-10-17,1
df9e744b844c,2019-10-17,1
e94769df8961,2019-10-17,1
7d0200579f8e,2019-10-17,1
d679271b5628,2019-10-17,1
c15b1a4a9b04,2019-10-17,1
a3043ab00b65,2024-09-03,1
1b1f5000fa46,2020-02-12,1
65a99c721e97,2019-10-17,1
ddb97adeaa0f,2019-10-17,1
8dffe008bf82,2019-10-17,1
922a1d6695dc,2019-10-17,1
c06cbdeb2229,2019-10-17,1
9cf73302a293,2019-10-17,1
3e260aaa52be,2024-04-09,1
25cde20c890f,2024-07-31,1
ef05405eadfa,2024-09-02,1
b28d706463be,2019-10-17,1
a2ff97a6654b,2019-10-17,1
76c9aeea2083,2019-10-17,1
27bf6c04b90b,2024-04-20,1
69eaadc80ab5,2019-10-17,1
cb0d2008890b,2019-10-17,1
e47bd466c38f,2019-10-17,1
bb9e467d406b,2022-10-30,1
c2a015a98e19,2019-10-17,1
820c47cef5aa,2019-12-18,1
871a62b64771,2019-10-17,1
dc501dc1724d,2019-10-17,1
3d9bb94d4fb7,2019-10-17,1
07cb06842209,2023-06-26,1
e327483d3b98,2019-10-17,1
05cef0786e6a,2019-10-17,1
6493addc79f6,2019-10-17,1
4136e4372b1e,2019-10-17,1
c0610f7b2a1d,2019-10-17,1
97779d5f1f4e,2019-10-17,1
68347a6e7af6,2024-09-26,1
e058fb4b8741,2019-10-17,1
76fdd1ee5f47,2024-08-16,1
bb36790781a6,2023-09-13,1
4acc64a506f2,2019-10-17,1
e8c1e5ef5288,2019-10-17,1
6b0dcfd2bcd3,2019-10-17,1
90af51623f66,2019-10-17,1
7b4e2fdeb81e,2019-10-17,1
3341c89df1f5,2024-03-22,1
7c4c789082a3,2022-03-24,1
69f554ac2919,2019-10-17,1
14115307ac40,2019-10-17,1
eb0d313d072e,2019-10-17,1
525086b9c9e0,2019-10-17,1
596325c02280,2019-10-17,1
8c8c8d6d029e,2019-10-17,1
618895e3151f,2019-10-17,1
d50be1362ae7,2019-10-17,1
3157cae346d5,2019-10-17,1
e54d8c364a35,2019-11-05,1
a59a66abe2c3,2023-05-30,1
53daeda069c8,2019-11-05,1
913e3847fb11,2019-10-17,1
35a2416a190d,2019-10-17,1
0e10953962ff,2019-10-17,1
c39dcd8dfb4c,2019-10-17,1
c308ecf205eb,2019-11-18,1
1113e2d572de,2019-10-17,1
b579c35925fa,2019-10-17,1
7a19d9487f00,2019-10-17,1
396b14ae7d81,2019-10-17,1
6988f68503c2,2019-10-17,1
0c6f8d9fd621,2019-10-17,1
745cb0b98f70,2019-10-17,1
69b7c6fe64ac,2022-08-25,1
185984ae0d20,2024-05-16,1
f728323183f9,2024-05-13,1
0819c650ab84,2023-05-10,1
04fa5f24367a,2023-05-10,1
b03d059b7375,2023-05-10,1
3a614050b843,2023-09-13,1
63d4e6a0a81e,2023-09-13,1
30b6efe2433d,2019-10-17,1
6147091aef59,2019-10-17,1
ae0d3c95bd5e,2019-10-17,1
7f8a119d829f,2019-10-17,1
9c4f36c270e8,2019-10-17,1
380a2786b78d,2024-09-05,1
4fcf68e637e0,2019-10-17,1
665acd37ae0d,2020-05-29,1
4c5e454c6d6d,2023-06-26,1
5aeff8a62b19,2023-09-13,1
83dac98e6341,2023-12-05,1
e62a5efcb6ec,2019-10-17,1
51b3330dc55f,2024-09-03,1
24b2a86d97f5,2019-10-17,1
d148d26c4557,2019-10-17,1
8009f808b7cf,2019-10-17,1
c6a30dfad63a,2023-06-28,1
a4960b6bcbf6,2020-07-03,1
2e73d7e69822,2019-10-17,1
62cff12439ea,2019-10-17,1
f66351a3af67,2022-07-20,1
dfe5781756b3,2022-10-23,1
b23cc6a167f1,2022-06-27,1
cabf5e477757,2019-10-17,1
8f9e544d98b8,2019-10-22,1
b3ab3c51db15,2020-12-13,1
300f9f3696a2,2022-03-11,1
fef6f698638c,2023-01-09,1
142610e713d0,2019-10-17,1
8c80f701dcf5,2023-09-13,1
3397ca7ab5f5,2022-09-27,1
35b8c4fe7783,2019-10-17,1
7fee29b0a107,2023-09-13,1
73735300006a,2019-10-17,1
c6fbf172a461,2019-10-17,1
0235e9b39818,2023-09-13,1
1705093edf46,2019-10-17,1
5b0bee8da340,2019-10-17,1
380c5f5245d8,2019-10-17,1
8bd2bbd68482,2022-10-30,1
08eae0ac1892,2019-10-17,1
813f83e7361f,2019-10-17,1
a3ad4ca4b421,2019-10-17,1
4f65c5b5e3a5,2022-11-22,1
4add662be81a,2022-11-22,1
02018797e2ca,2022-12-02,1
ce6717053cef,2024-05-17,1
de6b0ddfad2b,2019-10-17,1
de61244fcc91,2019-10-17,1
ee10b86ba378,2019-10-17,1
38f1e8cf1b3d,2019-10-17,1
47ba99fafc78,2024-05-06,1
9aa0da7c25f4,2019-10-17,1
bef5c70a66a0,2019-10-17,1
5fc1c624be5e,2022-12-15,1
c2cf6dbb726b,2023-02-06,1
05e40b3a9c84,2019-10-17,1
2ea9f623ce22,2019-10-17,1
98dab2874a4b,2024-07-02,1
eef7dcab241e,2019-10-17,1
737ab3d93cce,2023-12-12,1
01a24f279601,2022-10-30,1
b8fe68c4fc64,2022-11-06,1
1468cb155c0d,2019-10-17,1
55701a5d29af,2019-10-17,1
c3f46cfcb119,2019-10-17,1
456390787028,2019-10-17,1
39ffd982df8a,2019-10-17,1
0b8ba97fbcd9,2019-10-17,1
641f76f1d709,2019-10-17,1
ad5239463b05,2019-10-17,1
bed418683a65,2019-12-22,1
79a884cc80c5,2019-12-22,1
55eb405a63a2,2022-06-06,1
8f234f75cfdf,2019-10-17,1
eab14d24244e,2019-10-17,1
b45827a09195,2019-10-17,1
147c0debe85e,2024-04-01,1
788b2c8b9f51,2024-08-05,1
7189734436d6,2019-10-17,1
ae0e1187b3ed,2019-10-17,1
00aa2e81eb9a,2023-09-13,1
b18a29ff75aa,2023-09-13,1
7fb0602f0e19,2019-10-17,1
d6a2d61b1a7e,2019-10-17,1
c2948faa5257,2019-10-17,1
c7560ce09cc0,2024-08-23,1
7620fce978d3,2019-10-17,1
6558c5acd6ef,2024-07-31,1
18fef8c381e3,2019-10-17,1
7b299a46829c,2024-08-05,1
2c67f166e70c,2019-10-17,1
369e11620e49,2019-10-17,1
354ebf4d51f9,2022-08-17,1
cf2aac989dc7,2019-10-17,1
1aab07a2a659,2019-10-17,1
ee8e1e538135,2019-10-17,1
417d9adac451,2020-06-15,1
157c91ffc484,2020-06-18,1
2cc291558545,2023-11-11,1
15d1216ac73b,2023-11-11,1
264117fee81f,2019-10-17,1
5eba1f092b96,2019-10-17,1
311ebe554099,2019-10-17,1
cd8faae44664,2019-10-17,1
a1f11f1aeef7,2019-10-17,1
581d50bf0c38,2022-03-09,1
ebdac33c23e7,2019-10-17,1
2ac2bb350c5f,2019-10-17,1
10ed4311cf23,2019-10-17,1
bceed735a045,2019-10-17,1
be46b3a9e59b,2019-10-17,1
f2729ed08cbe,2019-10-17,1
5075c16a6562,2019-10-17,1
a1e750fb3737,2023-02-12,1
61e68458617f,2019-10-17,1
a0e3d1c46466,2019-10-17,1
976f4f3aded1,2022-11-10,1
9613d8dc10ae,2024-08-22,1
124bfab82b7d,2023-06-13,1
97a74d21bdbd,2019-10-17,1
2727a1eddb36,2019-10-17,1
4ef5e0d05f96,2019-10-17,1
0fd970747792,2021-09-06,1
0ebeccb9c31c,2023-11-20,1
9b88bbb090bc,2019-10-17,1
e3a39352cc8e,2022-06-06,1
669de354fe52,2019-12-22,1
a78068a6cb90,2022-06-06,1
3b6ca890efb6,2019-10-17,1
0c7a6d4d8007,2019-10-17,1
ae6844818366,2019-10-17,1
a8e709b5cf48,2024-01-18,1
d0b14c096ebc,2019-10-17,1
373fc7de8b34,2022-02-22,1
a9a99a9f6d83,2019-11-08,1
a812494037bd,2019-10-17,1
253931d2c20c,2021-09-29,1
64cb5e3a3775,2019-10-17,1
94bdd35c12a1,2019-10-17,1
be8264724882,2019-10-17,1
b21c57eafd58,2019-10-17,1
075077d57e50,2019-10-17,1
e3fd82159103,2024-04-20,1
bf89b8927575,2019-10-17,1
2fe5f576b74f,2023-10-13,1
32e7b4393c7d,2019-10-17,1
43a10d46f45f,2019-11-22,1
3f5021c576a9,2024-03-19,1
07bf0189e782,2019-10-17,1
6379c75d4681,2019-10-17,1
5c1b0088821d,2021-09-21,1
41dff250820f,2021-10-07,1
38bf313fecfe,2024-05-14,1
fd5c1fc61fd7,2023-09-13,1
7e1556e81dd4,2019-10-17,1
b10b72e723c3,2024-02-16,1
eadb40b65904,2024-03-19,1
3fd75cb83a43,2020-06-18,1
b1691cb6c027,2019-10-17,1
273abcf11080,2019-10-17,1
a19c24fc2cb4,2019-10-17,1
3d4f07251fb8,2019-11-22,1
894bd9f71729,2019-11-01,1
5253fe4f949c,2021-08-20,1
28889d611200,2021-10-07,1
e95138eaef53,2019-10-17,1
d68265ff2ef9,2019-10-17,1
0780b159bd55,2023-06-26,1
860fd87ec504,2019-10-17,1
06dd1d34c6c1,2019-10-17,1
54f41a184d56,2024-03-29,1
cbe8d776f46e,2021-03-18,1
106465dc78df,2024-03-29,1
7afd614c98f0,2023-09-13,1
457195e36c4e,2019-11-22,1
a1d5b5dfa27a,2019-10-17,1
6147decf9318,2019-11-22,1
4df964f6c448,2019-10-17,1
b01aa567453e,2023-09-13,1
d0b856d7775d,2019-10-17,1
9aa9fd90b692,2021-10-07,1
6a9292250ee8,2019-11-22,1
36224255131e,2019-10-17,1
2b928ae1eb77,2022-06-06,1
a2065059cff7,2023-09-13,1
c33089576c1d,2024-07-10,1
fa803559a78a,2023-09-13,1
578f1f93de89,2024-08-27,1
c10e40ee0533,2024-08-23,1
46e99a26545f,2024-08-30,1
425640f28d66,2023-12-18,1
7be3e7a5dd82,2024-08-30,1
08f5e29bdcb3,2019-10-17,1
196b2fafc812,2023-09-13,1
5ca4b454ce7b,2019-11-08,1
c3b664e394ed,2019-11-22,1
900b8eb2d0e4,2019-10-17,1
05a44606fdbc,2019-10-17,1
1001403ce627,2019-10-17,1
380affd3b3c6,2019-11-05,1
2e88a8c458b7,2019-10-17,1
aad0e45151b9,2019-11-19,1
d44f9fed4254,2023-10-03,1
c5ed325fd679,2019-10-17,1
627283d65e00,2023-09-13,1
dc1fdaa5edff,2019-10-17,1
55439897605d,2019-10-17,1
4cac46d82770,2022-03-30,1
06f449289b1c,2024-05-24,1
535ddd1c54e5,2024-03-29,1
26cd364488a3,2024-03-29,1
71e035d93ca3,2019-10-17,1
c3714f580072,2024-02-12,1
b7fcc8eb46a8,2019-10-17,1
096de7df1355,2019-10-17,1
1bffd28a8295,2019-10-17,1
204d3b831f74,2019-11-18,1
60a4cc0dfc7a,2019-10-17,1
afc341256df5,2019-10-17,1
7df7927573f4,2019-10-17,1
1c8e727f4928,2019-10-17,1
de99d13de490,2019-10-17,1
af21c2ef1244,2020-04-28,1
20230e5899c3,2023-05-23,1
fb146cec0486,2023-05-23,1
ddf05f62d1f7,2020-04-28,1
bac362bb9880,2019-10-17,1
8c601ec8d33b,2019-10-17,1
7514c9134adf,2019-10-17,1
2e2ce1e8958d,2022-06-03,1
3b71ec78d056,2024-07-12,1
961831a9e6f6,2020-04-28,1
deb321069d05,2019-10-17,1
8344851823d6,2019-10-17,1
1c05aca464a3,2019-10-17,1
54de207c4add,2024-02-09,1
d53bc41b69f6,2024-07-26,1
037590f53dcb,2023-09-13,1
fab825e44a0b,2019-10-17,1
939dd2e25b82,2019-12-23,1
4bfc9343aa71,2021-03-17,1
d000b4273e9b,2022-05-23,1
ccccb497a520,2019-10-17,1
87b73cfc8ae8,2019-10-17,1
61f424a77490,2024-09-13,1
7254a727809e,2019-10-17,1
0eebce1bd099,2019-10-17,1
2551cbe4475a,2019-10-17,1
20b2dc3b0bb0,2019-10-17,1
53e71047efc7,2019-10-17,1
89cd6ac05140,2019-10-17,1
def52bfc9d74,2020-11-16,1
b2d081636e40,2019-10-17,1
def12d1c5faf,2019-10-17,1
cf5c301264d7,2019-10-17,1
e93d7ea58ac7,2019-10-17,1
08361ad128cb,2024-03-05,1
7a08ba97e25e,2019-10-17,1
17e05f32291a,2019-10-17,1
a815fa2795b1,2019-10-17,1
3df78b40475c,2019-10-17,1
1f097141dba0,2019-10-17,1
0af8073e6362,2020-03-25,1
132da85db5e8,2019-10-17,1
afc93f51b195,2019-10-17,1
516a15f548fa,2019-10-17,1
83d6d91620e7,2019-10-17,1
ea71b04f7534,2019-10-17,1
cb4d19e3647c,2019-10-17,1
4a8230d1f3a5,2019-10-17,1
cee96fa0714b,2024-08-26,1
9177ec28402e,2023-12-25,1
4471b6d4f3f1,2024-02-06,1
8814160d4908,2021-09-29,1
e35cb149f016,2019-10-17,1
dc5d6629e3e3,2023-03-16,1
d6cf1cf66d90,2019-10-17,1
ddae1bf96dde,2019-10-17,1
7c95a5770e81,2019-10-17,1
5e7a89e2512f,2019-10-17,1
1ccdc8416ef3,2019-10-17,1
8a21e5122bd8,2019-10-17,1
942f1f2b60ea,2019-10-17,1
9bc48f2e9c2f,2019-10-17,1
1174c9bfd034,2019-11-22,1
9c41430a3118,2019-10-17,1
093409705fda,2024-09-26,1
6d3c9094e20b,2024-01-04,1
fd62b991e36d,2019-10-17,1
a98164d0da3b,2019-10-17,1
c9bd2cd8ed33,2019-10-17,1
ae73f2ff6bf4,2019-10-17,1
6efa300401b1,2023-09-13,1
461a8e2b14f8,2024-01-25,1
8c3a86a453e4,2020-06-28,1
ee6b635c0e62,2019-10-17,1
54d0ec62d3e4,2024-01-28,1
e4f6ba21da56,2024-09-23,1
51ef7f6a0f68,2019-10-17,1
9d351c3d2156,2019-10-17,1
03f4ea52c8e9,2019-10-17,1
e314c3d83ee9,2019-10-17,1
fd6c1734dfcf,2019-10-17,1
28165bde8adc,2019-10-17,1
a6fec605887e,2023-09-13,1
d7111ffb5a24,2019-10-17,1
b8d0a7a69796,2024-03-25,1
791d26975178,2024-03-25,1
e6579c993ebc,2019-10-17,1
bf875510b3b9,2019-10-17,1
1de18c13710d,2019-10-17,1
645f94a90143,2019-10-17,1
adc4f892a569,2019-10-17,1
827ee4403af4,2019-10-17,1
fbc5940ed04d,2019-10-17,1
5e6afab27f8a,2023-09-13,1
8ab81c4230ce,2019-10-17,1
e21e4034c185,2019-10-17,1
c3e78d7557a6,2020-11-09,1
339069ccf03e,2021-08-12,1
6176e6f93cc7,2019-10-17,1
183b1e0acc40,2019-10-17,1
722d35db8e67,2023-09-13,1
b1fd2fdc2778,2019-10-17,1
e36b9ce3fc24,2023-10-18,1
4a25fb123a1e,2023-01-29,1
802bb09ff3bc,2020-03-05,1
17b2c9ec7d15,2019-10-17,1
d2dadb4cc035,2019-10-17,1
f045f626c390,2019-10-17,1
801bf33e83eb,2024-03-13,1
25b90ccff724,2019-10-17,1
78d90f6caf01,2019-10-17,1
4529cab60840,2021-09-28,1
5a2dc6f2855e,2019-10-17,1
d5be0065e15d,2023-12-05,1
0db28277558e,2019-10-17,1
6d14d65157ec,2023-10-26,1
7e01f5ad8a16,2023-10-26,1
dc1b2b2599f1,2019-10-17,1
958c4892f70c,2019-10-17,1
5be8130f5437,2019-10-17,1
d36edcf0307f,2019-10-17,1
0b62336db275,2019-10-17,1
d00d099afbf5,2019-10-17,1
fa628f97f75d,2019-10-17,1
ec1135348193,2019-10-17,1
d15cfb9a02c8,2019-10-17,1
933211ecd6d1,2019-10-17,1
8e63bddd2588,2023-06-07,1
edbebb7521f9,2024-01-22,1
79003770e55b,2019-10-17,1
5f80a6efd0c5,2019-11-29,1
7399ce1777fc,2019-10-17,1
d22fd5adf125,2024-03-04,1
7db608a6ec11,2019-10-17,1
05f7be3f5b3b,2019-10-17,1
0374e021f1ad,2019-10-17,1
d696e12617c8,2019-10-17,1
486be8c826b5,2019-10-17,1
69f1b4ae32e4,2019-10-17,1
99fd3412346e,2019-10-17,1
b3aa8e64e541,2022-10-30,1
1b008dee97d2,2019-10-17,1
d1455400a8fc,2019-10-17,1
785e29671ede,2021-09-22,1
ea3267db95e2,2019-10-17,1
6bf35c345d16,2023-12-20,1
cb9c7cf5d2de,2022-09-01,1
32381b4157b7,2019-10-17,1
437974e9d324,2020-01-30,1
71d3c8ee9b79,2019-10-17,1
0fc865b332ad,2019-10-17,1
bd44d0be4827,2023-10-03,1
268b6263a70e,2019-10-17,1
746c23e9d208,2021-10-25,1
6b15169830fd,2021-10-18,1
950496af75c8,2019-10-17,1
ece36ceca9ad,2019-10-17,1
09d0604ad9bd,2019-10-17,1
7691144aa2d6,2023-01-30,1
776e43f3c2d3,2019-10-17,1
76ad74eb6daa,2019-10-17,1
2f711bc12b15,2019-10-17,1
e2aded14b1d3,2019-10-17,1
ec0f7d3d9b53,2019-10-17,1
7c4fd59917e9,2019-10-17,1
94bfdce908b0,2019-10-17,1
f1eb9c33424e,2019-10-17,1
e9c03d5aeed9,2019-10-17,1
d9f5cbd8e676,2019-10-17,1
68be511fb53e,2023-10-20,1
b1c06304df55,2024-01-24,1
9f716dce9a57,2019-10-17,1
b889c3521163,2019-10-17,1
7a705afbc20b,2019-10-17,1
b28042fe6f4f,2019-10-17,1
1269790d41ec,2019-10-17,1
1bf8c0bc492b,2019-10-17,1
54ec7c8dc176,2024-03-17,1
90b1624dda9b,2019-10-17,1
8e5118cf34a2,2022-11-01,1
d010599a929f,2019-10-17,1
6a52da64d634,2019-10-17,1
80dfa048f0e7,2022-12-18,1
823f41b03e80,2019-10-17,1
5ee1252cb557,2022-02-20,1
61e276d5dc9e,2022-08-25,1
fddddb814792,2019-10-17,1
2a04e399547e,2023-12-27,1
3bb90f6b955c,2019-10-17,1
35d472659432,2019-10-17,1
45ec31162fbd,2019-10-17,1
926e9ded2445,2020-03-16,1
f4607b8d03f3,2021-06-15,1
39966659ddc0,2019-10-17,1
559447760c64,2019-10-17,1
72d52ac7f38d,2019-10-17,1
42329fdaf1e2,2019-10-17,1
22b87c1e806e,2019-10-17,1
0d49de8d291a,2019-10-17,1
98d3b7a3930a,2019-10-17,1
a7778529bdef,2019-10-17,1
a30df505e986,2019-10-17,1
039823e72e87,2019-10-17,1
6bfd2d5b5591,2019-10-17,1
ce1b67b81599,2020-08-03,1
7fd220a217c2,2019-10-17,1
44dbeba70827,2022-11-30,1
5c6cc02fa922,2019-10-17,1
907f637b989a,2022-12-06,1
f5217e9462a7,2021-12-19,1
a99bc1ab10f4,2019-10-17,1
2b1952980df8,2019-10-17,1
443dc40f11fb,2023-09-13,1
da3eb29bb1c4,2023-09-13,1
5a676718916e,2019-10-17,1
16024763e70f,2024-08-08,1
c017b9238f7a,2019-10-17,1
419b4ffe7be6,2021-09-20,1
b5040a2a60a8,2019-10-17,1
440643adee3c,2023-09-13,1
275e69f3ad10,2023-09-13,1
b0a855914be8,2021-02-16,1
bde04b7ac609,2019-10-17,1
d0bf6b804b1b,2019-10-17,1
e0e23b5afbfc,2019-10-17,1
4bd86aa59f02,2019-10-17,1
d1245fd3a701,2019-10-17,1
7bead6babf61,2019-10-17,1
7e37003dfeb0,2019-10-17,1
7bdb24257a1c,2024-07-18,1
b4cb27b29c89,2019-10-17,1
4f180d004000,2024-08-27,1
d90483f20999,2022-10-30,1
e7c0464ccaa7,2019-10-17,1
1239da0bd6bd,2019-10-17,1
90495266536f,2019-10-17,1
58577cbae8a8,2019-10-17,1
a80816455744,2019-10-17,1
e58323144ed8,2022-09-11,1
37c7b2165a37,2024-08-07,1
db531041e83b,2024-02-09,1
75a31f21d116,2019-10-17,1
8e64645d12da,2023-09-13,1
ca4a83d9827f,2022-10-13,1
616fb087b31b,2019-11-24,1
1c2795940ebf,2024-06-06,1
e7fbdb42c076,2019-10-17,1
acb0e8558662,2022-08-02,1
96e355f20315,2022-04-21,1
b5744fa160b8,2019-10-17,1
8cc3b7a1c955,2024-08-26,1
f900a5e8410a,2019-10-17,1
b514f9478e10,2019-10-17,1
a2550070325b,2019-10-17,1
9977989653cd,2023-12-26,1
b2b40c28d8cd,2019-10-17,1
dad4df42a187,2019-10-17,1
25c90d03628c,2022-10-13,1
aaf6dd2a140f,2024-06-07,1
00fcde74daa6,2019-10-17,1
f93f46181259,2023-01-31,1
c662c8a18dad,2019-10-17,1
d30205f7e0d4,2019-10-17,1
45290ad3b062,2019-10-17,1
67af6809a672,2023-03-21,1
9843f88702b6,2022-02-27,1
19f2510e776d,2019-10-17,1
ed2d5c78450e,2019-10-22,1
ddfa863b0e10,2023-12-18,1
473039c62bd9,2019-10-17,1
d0ba40dc6090,2019-10-17,1
43fbf97e609f,2019-10-17,1
99578f118bab,2019-10-17,1
62f1dfbe9d80,2019-10-17,1
43b7447a6e9b,2019-10-17,1
ed63fc21ac73,2019-10-17,1
6987b3eee8e2,2019-10-17,1
10d9355ce0ba,2019-10-17,1
20294905c9d5,2019-10-17,1
245ed5c0d5af,2019-10-17,1
b22f3ff5da3d,2022-06-03,1
19d65a23a43e,2020-05-26,1
968c8a434652,2019-10-17,1
a1596ac26972,2019-10-17,1
42078afc7b09,2019-10-17,1
392e21adc74e,2019-10-17,1
3ef825757935,2019-10-17,1
5812dc6e1e1a,2023-11-17,1
21a89776cab9,2019-10-17,1
f62029b9b1bf,2019-10-17,1
c6e7441a207a,2019-10-17,1
2ea15331b89e,2019-10-17,1
097a9804d14b,2019-10-17,1
d0eda6783e38,2024-03-28,1
d62806349db8,2019-10-17,1
b9f3d4c7f38b,2020-10-07,1
f5f3a9575d31,2019-10-17,1
b61d1642d143,2022-08-14,1
4cbf87ee0e29,2019-10-17,1
ed8fd765a734,2019-10-17,1
5168b360a2ce,2019-10-17,1
7e4ba29de3ff,2019-10-17,1
58d40693b577,2019-10-17,1
11b3d68030cf,2019-10-17,1
e7496fc8e20a,2019-10-17,1
bad916835070,2019-10-17,1
e0a7aafd3870,2021-04-27,1
1349ce333a18,2019-10-17,1
d1e0ce609dc1,2022-10-30,1
bb5082c505f5,2022-10-30,1
7a8da530ebbd,2024-08-05,1
46aa62f5b28e,2019-10-17,1
75432769717c,2023-09-13,1
0cbe2b8149bc,2021-09-20,1
ee55ba6bdc3a,2019-10-17,1
f67cf43efe93,2023-11-20,1
04d9bc3df5e4,2024-03-26,1
03edeeba2ce2,2019-10-17,1
a2f40f35c475,2019-10-17,1
c4bf3dd42c4d,2019-10-17,1
eaeceaeaf311,2019-10-17,1
91a1f10125f3,2022-10-12,1
79414004c5df,2019-10-17,1
a30f085646b6,2024-03-11,1
9fb64cd80a25,2024-09-02,1
f42ab260c307,2019-10-17,1
52bddd15f6d8,2024-09-12,1
3fda23a187dd,2024-05-08,1
f605f5cb2dbc,2019-10-17,1
effbc48d6a0c,2020-10-08,1
9e5ce6d73080,2021-12-06,1
35721dc94dcb,2019-10-17,1
c5567c23c750,2019-10-17,1
3a659f0c0927,2019-10-17,1
5c5299bb5688,2022-11-27,1
3826a44013ab,2019-10-17,1
fa25c9418cf7,2022-06-22,1
b30e7bbda3b5,2019-10-17,1
be50afde2169,2019-10-17,1
f9c17e268048,2019-10-17,1
15ede13edd61,2019-10-17,1
78e509903195,2019-10-17,1
47715034cad3,2021-05-31,1
8f3931ca2faa,2019-10-17,1
c998bd010dce,2019-10-17,1
a0de40fcb388,2019-10-17,1
26f66a386a45,2019-10-17,1
800e685550a7,2019-10-17,1
34786cfa3e7a,2019-10-17,1
576343825cc5,2019-10-17,1
946d8d1b6f7d,2019-10-17,1
d4de6c3576b6,2019-10-17,1
193e75cb1057,2019-10-17,1
5b7d3c1220de,2019-10-17,1
4873bdc0d5c5,2019-10-17,1
c35c5550e953,2019-10-17,1
c0c0837d4f83,2019-10-17,1
19c110a2922d,2019-10-17,1
cde2a453130b,2019-10-17,1
42a8b395848e,2019-10-17,1
89498431e058,2019-10-17,1
05d1c9f7d39f,2019-11-25,1
47f4e0f0e132,2021-08-19,1
cbb43114b7d0,2019-10-17,1
d584bfa3da52,2019-10-17,1
080e2b207f75,2019-10-17,1
d7b30a1548d8,2023-10-06,1
f4ae0645d952,2019-10-17,1
115f680ed3db,2022-04-21,1
150f72d6d314,2019-10-17,1
b4cdaf6cc2d0,2019-10-17,1
d0e1ebebe202,2019-10-17,1
f25bc163397d,2019-10-17,1
505a8f40a85d,2019-10-17,1
8e0e17581cf9,2019-10-17,1
9a5916f36766,2019-10-17,1
3f6c74603181,2024-07-09,1
716e6af4afd4,2019-10-17,1
88020da4729f,2019-10-17,1
8e603a5bc189,2019-10-17,1
5a0679d34a17,2023-12-28,1
fc8cb75615c4,2023-01-10,1
bebe7a5e3888,2019-10-17,1
3dbd97eee94f,2019-10-17,1
f3452ebfdce8,2024-02-19,1
ab8e54e4b685,2024-02-19,1
f4964faaf298,2019-10-17,1
5644bab6de1a,2019-10-17,1
6d2a1db6995e,2019-10-17,1
d6bd8f49a576,2019-10-17,1
0b448e895a11,2019-10-17,1
ec78dd9d6768,2019-10-17,1
b34963b5287f,2019-10-17,1
ec042cc18789,2019-10-17,1
8f0a0b9b532a,2019-10-17,1
22290d0813fc,2019-10-17,1
1dc82fecd5a4,2019-10-17,1
2a27b2f499ef,2019-10-17,1
120a95e0651e,2020-08-04,1
78f56d81c9b1,2019-10-17,1
de839c978243,2019-10-17,1
661b4f56e625,2019-10-17,1
df39d658d795,2019-10-17,1
b3b15cebaae6,2023-02-07,1
3e50ef530cc1,2019-10-17,1
be40e09a7621,2019-10-17,1
9219403e3c44,2019-10-17,1
6b42f32e7341,2019-10-17,1
7191bbe5b54e,2019-10-17,1
3b09822444ba,2019-10-17,1
30204f754c9f,2019-10-17,1
3b4176fdd8ef,2019-10-17,1
8fb208c799ca,2019-10-17,1
3625990a8f9c,2019-10-17,1
fc0861467a1b,2019-10-17,1
acae98b5bd69,2023-04-04,1
2176cca87d77,2019-10-17,1
31fa52076cce,2019-10-17,1
99d9e5ae9fb2,2019-10-17,1
124225daed83,2019-10-17,1
8746d806aee3,2019-10-17,1
aca266735e7b,2019-10-17,1
31a72fac200c,2019-10-17,1
0494697a9b6c,2019-10-17,1
c3c2e523ec5f,2019-10-17,1
04cce05f495a,2019-10-17,1
1c1b303808d7,2020-10-23,1
5b569b6d76a1,2019-10-17,1
926dc68b1399,2019-10-17,1
f1ca5fb66936,2024-01-15,1
a87e6007a0e6,2023-04-06,1
836bf8db7254,2019-10-17,1
1954aa94dab6,2023-12-25,1
c864bd598d22,2019-10-17,1
b2388dac1aa7,2019-10-17,1
f8063f7fa660,2019-10-17,1
83c7001dde5e,2019-10-17,1
7d22711efd37,2019-10-17,1
1350844eb971,2019-10-17,1
4b6127d1c09a,2024-08-20,1
d1912ff68796,2019-10-17,1
d8855f312172,2019-10-17,1
ebdb82ec39c5,2019-10-17,1
5353764779a6,2019-10-17,1
cc0627f3c208,2019-10-17,1
88011c2a271b,2019-10-17,1
e0987db0b217,2019-10-17,1
639cd51c0de6,2019-10-17,1
9037c008fa5e,2019-10-17,1
a5d418bb558f,2019-10-17,1
3bc4b7ba6ca9,2019-10-17,1
234fa9dede53,2019-10-17,1
96237fe8e0d4,2019-10-17,1
60b4c682dad1,2019-10-17,1
eab9afcab60f,2019-10-17,1
b5a10d19b1e5,2019-10-17,1
b6e84b66bf0c,2020-04-01,1
06fc74a7564f,2024-08-14,1
e40715c163ee,2019-10-17,1
f32fc9c894a5,2019-10-17,1
176d745bc402,2024-03-22,1
f58eef4b79bb,2019-10-17,1
741a8e38039d,2019-10-17,1
23667cd13e70,2024-08-27,1
407bbbc3290a,2019-10-17,1
267beb21cbf3,2019-10-17,1
33dd4df7022d,2023-12-25,1
903ef18436fc,2023-04-03,1
05ef70bbb318,2022-10-30,1
6c004875e797,2022-10-30,1
b44ed2218d77,2022-10-30,1
b6aec67d3b96,2022-10-30,1
6603cbe32e5e,2022-10-30,1
ea5f51fbb180,2022-10-30,1
adb04c398a89,2019-10-17,1
28db72c0ffcd,2019-10-17,1
19ad8556e770,2019-10-17,1
f8edcd8b5aad,2019-10-17,1
1dc20c4f962f,2024-07-12,1
d385438bf404,2019-10-17,1
c782f506d83c,2019-10-17,1
e7f0e9898ee1,2019-10-17,1
38394a62441e,2022-11-03,1
c603f579762b,2020-11-30,1
69ee50b02ee7,2019-10-17,1
9f5b3ed40ed2,2022-12-08,1
6fe7b80a53aa,2019-10-17,1
ed07ac53e67f,2019-10-17,1
71ecf5eaeb3f,2019-10-17,1
af994fdfdd22,2023-12-12,1
3beea16a9569,2019-10-17,1
6c328e58b963,2019-10-17,1
b6dc10c049fb,2019-10-17,1
55d5e8773e4e,2019-10-17,1
2caaeb5ed929,2019-10-17,1
f970b44f7aab,2024-03-05,1
fd21c7b23863,2024-09-07,1
b738669cfb05,2019-10-17,1
8ba2ae73daba,2019-10-17,1
d42e793b74a0,2019-10-17,1
6cd2fd6b37d2,2019-10-17,1
bbb0ea2c28ff,2023-11-23,1
7a69c5ddb6ed,2019-10-17,1
56a65d70583e,2019-10-17,1
ba28f51f3b74,2019-10-17,1
d32ef75700ad,2019-10-17,1
9d72304b18ca,2023-06-26,1
48b316185429,2019-10-17,1
2386fb99f0dc,2019-10-17,1
9b4865c6faf1,2024-01-22,1
f9a3c3989726,2023-10-31,1
e3f4fbe67388,2019-10-17,1
e99f16f558ed,2019-10-17,1
cd1e062d7477,2019-10-17,1
08494995236f,2024-05-23,1
fb38d4f0851e,2024-04-09,1
0185e6e2a60f,2024-09-24,1
12a74a83bd3e,2020-01-15,1
847392462fcc,2022-01-24,1
ab13b2e49994,2020-07-22,1
6ecc90cb3d8e,2019-10-17,1
004c615c8f87,2023-01-30,1
34aef5a3e126,2019-10-17,1
b97b3bc1e335,2019-10-17,1
6770ee84eb57,2019-10-17,1
4904334abed9,2022-11-13,1
c76a8c6b322c,2022-11-13,1
93ea0bfeebbe,2022-10-30,1
421cce6e9562,2019-10-17,1
30a5fae6925d,2023-09-13,1
147157870ab9,2022-11-03,1
9fa7bc07f5ad,2023-06-26,1
0ba47d1b2711,2019-10-17,1
d6c83b06ddc4,2023-06-06,1
761bde84c8bc,2019-10-17,1
e44bcaf68254,2019-10-17,1
9117cb259323,2019-10-17,1
843ae6e2e765,2019-12-18,1
9c5d1a7ae2b3,2020-04-28,1
ef7cefd6f69c,2020-06-26,1
f1b66a2907a7,2019-10-17,1
e9be18f7b7d0,2019-10-17,1
5f716a523282,2019-10-17,1
4157c61945d3,2020-03-11,1
603f62fac8c3,2019-10-17,1
8b0fba6198fa,2023-11-20,1
ff525a810224,2019-10-17,1
b5cd08b25331,2022-11-14,1
f2e07def5c0f,2019-10-17,1
51395046f172,2019-10-17,1
ea66e38e4727,2020-05-17,1
bcc9895a069e,2024-09-05,1
ec593b6ec1d9,2019-10-17,1
a7d6ae497a10,2020-12-22,1
a1aefa7d73ea,2023-12-26,1
2bce63703e88,2024-08-27,1
118e1421b096,2019-10-17,1
f638ee9cf2f7,2023-12-05,1
b35b0423820d,2024-05-28,1
da2430e9b391,2019-10-17,1
83bcb3329f51,2019-10-17,1
b98f08d390e8,2023-12-01,1
c5aa40ed40d5,2019-10-17,1
f17987cd526a,2019-10-17,1
4a7fbdc4cbb1,2019-10-17,1
a73b277f549b,2019-10-17,1
6d412e94831d,2024-08-27,1
de8deca340de,2019-10-17,1
8cf071613f3d,2019-10-17,1
8591292b870b,2019-10-17,1
841835e8ea4b,2019-10-17,1
8ba869540d5b,2019-10-17,1
c43a4a2da3ad,2019-10-17,1
3357156e151b,2019-10-17,1
40e2a39b0b00,2019-10-17,1
76c2ed06cbaa,2019-10-17,1
664809fd17a0,2019-10-17,1
9390098569bd,2019-10-17,1
9e6319d0a216,2019-10-17,1
80fd944d7845,2019-10-17,1
2b1f8d26086c,2019-10-17,1
b39b09e8c6fd,2019-10-17,1
dd5c590d9d52,2019-10-17,1
9cf4773e8d4e,2019-10-17,1
e3194de77bed,2019-10-17,1
28b2eda5d4a0,2019-10-17,1
b6b57405a8c8,2019-10-17,1
b6120a5f4e28,2019-10-17,1
e9892ad6cef3,2019-10-17,1
2da600dc4c73,2019-10-17,1
f6078ad370e7,2019-10-17,1
76a4f99d70f1,2019-10-17,1
b7b8d2ce66df,2019-10-17,1
e64e72739cf6,2019-10-17,1
3dd5190f0afc,2019-10-17,1
6605e6b4ff46,2019-10-17,1
00adb43fcab3,2019-10-17,1
75b39507546b,2019-10-17,1
ccdf59468b80,2019-10-17,1
263d4d452ccc,2019-10-17,1
03d15210144d,2019-10-17,1
870d389ee1b9,2019-10-17,1
36fc33c5e8f2,2019-10-17,1
607647c7670b,2019-10-17,1
1ba46fbd1d7a,2019-10-17,1
8e58fa8a8bcf,2019-10-17,1
6fdff6ffb9c5,2019-10-17,1
f2a7f247d24b,2019-10-17,1
cd6410de3bc3,2019-10-17,1
d6cd39a19edc,2019-10-17,1
241e2003c31a,2024-03-25,1
2e1a3d82f723,2019-10-17,1
0f2fbf862f36,2019-10-17,1
9f4ca69b0075,2019-10-17,1
652047a4d3c0,2019-10-17,1
69a3bd4a552c,2019-10-17,1
ae55061ab73b,2019-10-17,1
7d0484487365,2019-10-17,1
8f56ef5479c7,2020-07-30,1
8557ad6099e2,2022-11-06,1
34fe5bc04137,2019-10-17,1
ec728ab690c0,2019-10-17,1
e467408d87dc,2023-09-13,1
2d38d8c752ef,2019-10-17,1
365e7dab233e,2019-10-17,1
77267dfe7b5e,2019-10-17,1
6d84dbf88eac,2019-10-17,1
bed13520c400,2019-10-17,1
6e6a730f80a9,2020-05-29,1
caefc3a2a48b,2019-10-17,1
1408497ade4a,2019-10-17,1
2472c6e0775d,2019-10-17,1
af90c3fdcba1,2019-10-17,1
87fee384c7ab,2023-04-04,1
31d21b0f0be4,2024-06-26,1
31c92abeb90b,2019-10-17,1
10e88288f0dc,2019-10-17,1
5e196d8a9e4c,2020-04-03,1
3b5a38f63583,2019-10-17,1
1aee2b2e7dbe,2019-10-17,1
aae1ef9f4bea,2019-10-17,1
ff53151ec4d4,2019-10-17,1
e26daf5652b3,2019-10-17,1
166bbf945ce1,2019-10-17,1
9e54a1ba97d1,2019-10-17,1
62ef5fa56872,2020-06-17,1
a507d7538121,2019-10-17,1
2e256ae26c2a,2019-10-17,1
e4901951f05a,2019-10-17,1
0a2ca8d4578d,2020-01-27,1
33cd18f854e9,2020-03-04,1
679e50c47f23,2019-10-17,1
50b65f9e6fb9,2019-10-17,1
16b3978a5fd2,2021-11-03,1
d615dee66018,2019-10-17,1
0f9fab7e5828,2020-05-08,1
11cc4484ff25,2019-10-17,1
a2599ed69786,2024-03-14,1
2e2165243f30,2019-10-17,1
09495913dfed,2023-09-13,1
98e06f94fa9f,2019-10-17,1
58447f11c3b0,2019-10-17,1
f5283383bf30,2019-10-17,1
a377c6abc7d4,2019-10-17,1
4e64b772fa65,2019-10-17,1
72d642d37186,2019-10-17,1
9e60be63d44c,2024-08-05,1
fa2213bcd323,2019-10-17,1
592b9364dea0,2019-10-17,1
3d6e4597e25f,2022-01-21,1
162443537ded,2023-09-13,1
7980d6692b3b,2019-10-17,1
e032c37d1cd5,2019-10-17,1
657b6d8f6975,2019-10-17,1
4453e7044ad7,2019-10-17,1
f27fd32437d5,2019-10-21,1
ebc5d04c5ba2,2021-12-30,1
805db12e155f,2021-05-13,1
237a42760614,2022-08-21,1
1f4768aa4c67,2020-05-12,1
37d440cebfbe,2022-09-12,1
242da184fb6b,2024-07-30,1
b9598b2d5df5,2024-06-16,1
70647ff35df2,2019-10-17,1
1e286aabfef3,2019-10-17,1
cc6c7c390271,2019-10-17,1
2e2f1d3eb21c,2024-09-24,1
694f2c19abbf,2019-10-17,1
630f85e3c2e4,2019-10-17,1
2ef81d114213,2019-10-17,1
172f3de6207e,2019-10-17,1
197a28222843,2019-10-17,1
6cc5a61f436f,2019-10-17,1
7e15d54830c2,2020-03-05,1
1936310585a0,2019-10-17,1
94cf0ec15c66,2019-10-17,1
743de638b6a9,2019-10-17,1
012ba0c889ca,2023-06-26,1
8b4e8ff4b281,2019-10-17,1
e3ef17a9a361,2019-10-17,1
cd706ab077fa,2021-08-26,1
d1dceb12d604,2019-10-17,1
2c98b3ddde7b,2019-10-17,1
ad682b21482d,2019-10-17,1
14bd7336f525,2019-10-17,1
3884f735e9dc,2019-10-17,1
6f080069e102,2024-01-24,1
3ebcf8dea952,2019-10-17,1
1689ce161d48,2019-10-17,1
a8319ab88dc1,2022-11-13,1
a87e19710937,2019-10-17,1
cb6710668547,2019-10-17,1
8454d48c8b2a,2019-10-17,1
47ceae85ceb9,2019-10-17,1
4d08dcebb904,2024-05-23,1
9181066f16de,2019-10-17,1
40e283b8d411,2019-10-17,1
eb37e86cbf67,2021-09-09,1
794e5f508a66,2019-10-17,1
131bd068ae57,2019-10-17,1
1218d0240db0,2019-10-17,1
142e7bf5f2ad,2019-10-17,1
f1a0a0a75c3d,2019-10-17,1
56b78710ee31,2019-10-17,1
6088b796b627,2019-10-17,1
90a4787a9b90,2019-10-17,1
9b220decf7c0,2019-10-17,1
bc2e4700390c,2019-10-17,1
459c7814a693,2019-10-17,1
61e6a231751c,2022-07-31,1
bb9b0a79bd08,2019-10-17,1
d487df2a87ee,2019-10-17,1
e4dac9f97c33,2019-10-17,1
e8b9e6e20bbf,2024-07-23,1
62ed0826a6b6,2019-10-17,1
13a06570599c,2019-10-17,1
6b5308c0d058,2019-10-17,1
9b0caa08f55d,2019-10-17,1
fdfd860b43b9,2019-10-17,1
028c85d344ba,2019-10-17,1
eae5764d9189,2019-10-17,1
9cea803407be,2019-10-17,1
86e92d537d1b,2019-10-17,1
d9493a89b164,2019-10-17,1
d62a3345bab4,2019-10-17,1
f4c34f2c4a23,2021-08-22,1
58d8822dd12f,2019-10-17,1
8c76a0ed1003,2019-10-17,1
3070ab321edc,2021-08-26,1
b20fdc8f2847,2019-10-17,1
40c8de1ade8b,2022-08-25,1
eddeaf2336e4,2021-02-03,1
d84dfb12633b,2021-02-03,1
457d024baa6a,2023-09-13,1
22958de33b57,2021-02-03,1
bd5ebfd4ad96,2019-10-17,1
b5c2cfa1ba63,2022-12-27,1
d051b6b31a82,2019-10-17,1
92d421c02acf,2019-10-17,1
1896fbba467f,2019-10-17,1
c153d60d48fc,2019-10-17,1
b5b9f96e01f7,2019-10-17,1
4cfe07e02dad,2019-10-17,1
43a7b07e1fdc,2023-11-02,1
f79fa78ddb8b,2024-04-09,1
74dc29943be0,2023-02-27,1
d745fc5f27d0,2024-03-06,1
567e9bf68bc4,2019-10-17,1
5e2fe6362f4c,2019-10-17,1
4c899f3092b8,2019-10-17,1
240a5f101a22,2019-10-17,1
a3eb2abdefc6,2019-10-17,1
440764a69c8b,2019-10-17,1
cb45e6e0b813,2019-10-17,1
6792b5ff8688,2019-10-17,1
3e4a6b46578b,2019-10-17,1
2bd18ad476c2,2019-10-17,1
0a8b851045c1,2019-10-17,1
323389fb6468,2019-10-17,1
f0c73961dace,2019-10-17,1
d83053080f03,2019-10-17,1
cb00e7ea3438,2019-10-17,1
2244b0620b52,2019-10-17,1
24e03c676a38,2019-10-17,1
5fbe892d97cd,2021-06-29,1
59d521b824d5,2019-10-17,1
8923b6c624c1,2019-10-17,1
26bb124fccb6,2022-12-11,1
a2d527b6cf73,2021-04-16,1
6006050ca193,2019-10-17,1
b4c9b7676188,2023-06-26,1
26c9f94a34fa,2019-10-17,1
c84d5060a4dd,2021-04-08,1
5b4ad0ec4ad3,2023-12-19,1
473b9b63e6e8,2024-07-16,1
b9597c495199,2019-10-17,1
c30b140047aa,2019-10-17,1
b8244dc81a82,2024-06-17,1
496934680d9a,2024-09-02,1
ff5910ed349b,2019-10-17,1
470bebc22674,2022-10-30,1
37d4071875f3,2023-06-20,1
1d07f79e239e,2024-02-14,1
195f499ecd7d,2024-02-14,1
b1e95affc3da,2024-02-14,1
59db39f49c8d,2024-02-14,1
e5734c6b6c46,2024-02-14,1
23dac4f9e50d,2019-10-17,1
9c073a067d3b,2022-10-09,1
ec70b0b31420,2022-10-09,1
badf9f054404,2019-10-17,1
407b002c3c29,2019-10-17,1
95620a0c87b2,2022-10-30,1
5ba15214c0e0,2019-10-17,1
d796816dbd96,2021-10-25,1
5fbd13ecf1e0,2019-10-17,1
80c6a6b23e6c,2024-03-19,1
155591218bd8,2019-10-17,1
0e30c794435a,2019-10-17,1
992c3c10a302,2024-02-12,1
f24c58c9e49f,2019-10-17,1
0264678a202b,2022-05-23,1
3160cddc5056,2019-10-17,1
4c692cba98de,2019-10-17,1
238a2019951d,2019-10-17,1
1346df7f2256,2019-10-17,1
238a521c320b,2019-10-17,1
8cee0389e3f6,2019-10-17,1
86405bc97247,2019-10-17,1
ac04db53300d,2019-10-17,1
6fa8be7b8425,2019-10-17,1
c0067def74e7,2024-07-03,1
3ffc48837e9b,2019-10-17,1
7138d95e7387,2019-10-17,1
32421ac9b746,2019-10-17,1
007ea45f8e2a,2019-10-17,1
fc2a0329f0d5,2019-10-17,1
fed860cf14bf,2019-10-17,1
c4bf915c68ec,2024-07-12,1
ac92d36b9665,2024-06-04,1
f4eda90fa45c,2019-10-17,1
e22daabc4916,2019-10-17,1
41689a040858,2019-10-17,1
6b3989a0c4b4,2022-12-06,1
b334078f32fd,2019-10-17,1
16f527c0f565,2019-10-17,1
943df71d3b35,2021-06-16,1
a596b321c4d5,2024-08-12,1
4d4f3fd5de64,2021-09-27,1
002f51c34a7a,2021-09-27,1
303b9f238c38,2024-09-25,1
44f0c7fd35db,2019-10-17,1
6a411465290a,2019-10-17,1
0598c27d4bc7,2024-03-05,1
4b1b760d38f9,2019-10-17,1
6401ad409fb1,2019-10-17,1
7ea2c9303061,2023-10-23,1
648daaee3d51,2019-10-17,1
f12541275b3b,2019-10-17,1
f2b350309bb3,2023-12-21,1
74507078af35,2019-10-17,1
85021f55d0b4,2019-10-17,1
e6f1c747e117,2019-10-17,1
1e3b3eaea46c,2019-10-17,1
d99eadb19f10,2022-04-21,1
372c0dd1a8b8,2022-10-17,1
92e4c4b14a20,2022-06-02,1
d4110fa9ed1c,2020-12-28,1
a45ed8ade2ca,2022-04-21,1
7ef17ecd7b67,2023-12-01,1
1d467f855a11,2024-08-01,1
d41bb057cebd,2024-08-04,1
aea91820d900,2023-06-27,1
fc974a842afd,2019-10-17,1
4a11787c1896,2024-03-19,1
14888732c6c5,2024-01-30,1
47f6b46f5113,2019-10-17,1
0a2940366bec,2020-07-31,1
6dd49c5da974,2019-10-17,1
dc4fb27a0a30,2022-06-08,1
534a94fb38a8,2019-10-17,1
d7cad1c1b1b3,2019-10-17,1
631a76786904,2019-10-17,1
3c6494be725e,2022-10-20,1
d76bab6e0f32,2019-10-17,1
345c66af008d,2019-10-17,1
44c1b852391d,2019-10-17,1
b8d19742dd21,2019-10-17,1
7023fb769cca,2019-10-17,1
b46ee5c6d09f,2019-10-17,1
55cd267d0fae,2023-09-13,1
1a8863ab26a9,2019-10-17,1
a8a1351d1c7d,2019-10-17,1
867339f96c10,2019-10-17,1
1b5408c72571,2023-09-13,1
9cd13a2fb82f,2024-03-19,1
d10ea41bb97b,2021-08-10,1
abe151d8a780,2023-09-13,1
90e6eaec0479,2021-12-23,1
6e209189d838,2022-05-19,1
23933f27c526,2022-05-23,1
3313fcb525cc,2022-05-23,1
4dacca01369b,2019-10-17,1
3713bf4315d5,2023-06-26,1
f4f95bc9c218,2019-10-17,1
65a189bb4895,2019-10-17,1
02d8de207500,2021-02-26,1
23c9a49e79a0,2019-10-17,1
a5692ee3b6a3,2024-03-11,1
c0d845e585a5,2019-10-17,1
92156a4f080b,2019-10-17,1
498fd25d2ec2,2024-03-11,1
abb3ce302383,2024-03-11,1
a2fe2182de4e,2024-03-11,1
925df22d0072,2019-10-17,1
9bac229353f8,2019-10-17,1
2d90c2354850,2019-10-17,1
ea5a8cf0ca51,2019-10-17,1
99bbb2096edb,2019-10-17,1
0ece4568f6c8,2024-03-11,1
c8e682aebd75,2024-03-11,1
a69496d9386a,2024-03-11,1
d5f5b4703d6f,2019-10-17,1
347cf13a4ad4,2019-10-17,1
c21b055692fa,2024-03-11,1
eded812b841d,2024-03-11,1
044a38ce3e2a,2024-03-11,1
489802beac56,2024-03-11,1
de7c7a547af4,2022-03-14,1
36468129d5fe,2022-09-01,1
0800028738ec,2019-10-17,1
4d42e20d0e23,2022-09-01,1
b63f9e0bb74b,2019-10-17,1
a8adcfa52913,2024-08-21,1
c6e60c335c12,2019-10-17,1
36ffef7fb11a,2019-10-17,1
311507cb98e7,2019-10-17,1
dae230c3da57,2019-10-17,1
37d21d3407cc,2019-10-17,1
b69abbb4692f,2019-10-17,1
eb2ca60f6543,2019-10-17,1
7c14cc6cce73,2019-10-17,1
393dc81be782,2019-10-17,1
64f97b053e9d,2019-10-17,1
f5e68ca47c16,2019-10-17,1
5b5b6cf5febb,2019-10-17,1
51094eff623b,2024-03-11,1
3ff770a4ebb2,2024-08-05,1
fe48485c4680,2019-10-17,1
18f04c7ee9c1,2019-10-17,1
e740c6b7914d,2019-10-17,1
f036b0fdffff,2019-10-17,1
7f24b8e181df,2019-10-17,1
3117c7b69107,2019-10-17,1
cbb72403b77a,2024-03-11,1
8778df459d11,2024-03-11,1
4896e1d9ddee,2019-10-17,1
350a4243d3a3,2020-07-22,1
36fc53458fa7,2019-10-17,1
49950bb453c8,2019-10-17,1
db44ce02467f,2019-10-17,1
e9798310382a,2023-09-13,1
ee5734b2aebc,2019-10-17,1
e670abcba1b8,2019-10-17,1
2c7612527f51,2019-10-17,1
a18c8f859de1,2022-05-19,1
ec15cfb368bf,2019-10-17,1
c759c3547cd4,2019-10-17,1
a216e8a683ba,2019-10-17,1
7fd9aeb9c93c,2024-06-03,1
4505dee382c2,2021-06-30,1
53f5d8ab1b10,2019-10-17,1
db172bac8484,2024-09-03,1
51bf1ffd64a3,2019-10-17,1
5f374ff262c9,2019-10-17,1
00c372ee017e,2019-10-17,1
960579d87f5d,2019-10-17,1
9eb1605fae19,2019-10-17,1
8459d4ae2636,2023-06-26,1
9e10fd9e9f12,2019-10-17,1
bcae7a62a679,2019-10-17,1
3d0a6d1afe26,2024-06-07,1
993eef84c79e,2019-10-17,1
bc1504e7d7a9,2019-10-17,1
65238741cecc,2019-10-17,1
90193333901b,2019-10-17,1
4e62030d23a1,2019-10-17,1
ecacdc433265,2019-10-17,1
1bf1b0c83db4,2019-10-17,1
604636970d16,2019-10-17,1
4fee908c3f1e,2019-10-17,1
84bc314fc3c0,2019-10-17,1
1a3a30a85337,2024-03-15,1
a0cd57fbced3,2019-10-17,1
167e52edb027,2021-01-22,1
dda49bc3bf9f,2019-10-17,1
55eef7765d48,2024-03-18,1
0cb5f3a27b8d,2019-10-17,1
cdb2042cea0a,2019-10-17,1
9057dd4cc72d,2022-08-14,1
17550104a097,2023-01-17,1
a7c72dc0c331,2023-01-17,1
fd0966a870ff,2019-10-17,1
8f857778db57,2019-10-17,1
344b73ad4c4b,2024-03-02,1
2a9b9f576397,2022-07-01,1
f8f19cf3c52d,2024-08-12,1
d0e5e6a6beba,2024-09-09,1
85055382d2b4,2022-10-30,1
0f088adedda3,2019-10-17,1
7e821b742685,2019-10-17,1
0492e8a87167,2019-10-17,1
5b1956b6e80a,2022-11-06,1
c01564b5da40,2022-08-25,1
5cf27011c25b,2019-10-17,1
623e9c0c0501,2019-10-17,1
be0bb5160403,2019-10-17,1
e7c965603507,2019-10-17,1
563adc47474e,2024-08-24,1
7e59590a2063,2024-01-23,1
00aa37841bff,2019-10-17,1
59da749e5f11,2019-10-17,1
023861d4f02f,2019-10-17,1
7e67e0d18612,2019-10-17,1
05bab65e6df6,2022-10-30,1
ff1105e5dd3e,2019-10-17,1
e47fe9e828ba,2019-10-17,1
4d6b56824f1e,2021-01-27,1
4546f27839a9,2019-10-17,1
a1eb173d943a,2019-10-17,1
a5d5d5977b23,2019-10-17,1
4279e9ee1a91,2019-10-17,1
7037eba829c8,2022-08-25,1
c70f038875ea,2023-10-03,1
52ba5f48d26e,2022-08-22,1
dd5ad0c97e4d,2022-11-30,1
a79baffaffb6,2019-10-17,1
e3aca94c06db,2019-10-17,1
e5f5491929ec,2019-10-17,1
00652f8135a7,2019-10-17,1
f4a582b39c10,2019-10-17,1
dbc868ca46e4,2020-06-17,1
759ffe3cb22c,2019-10-17,1
76128a6e256f,2019-10-17,1
88980ee9bb94,2022-08-29,1
bb417b338b12,2019-10-17,1
254e1f551f91,2023-09-13,1
71ac9bf25eee,2024-06-14,1
3bf51c98a66c,2019-10-17,1
fee95e3f6e92,2019-10-17,1
1a7a5d7522ca,2019-10-17,1
d860fff25685,2019-10-17,1
a44a0ef875b9,2019-10-17,1
3d117964b938,2024-09-23,1
d30beee2c19a,2020-03-18,1
b31d96415031,2019-10-17,1
57c485a50372,2022-08-25,1
84e52018c8b6,2022-11-06,1
16753a440e33,2023-06-20,1
eba8eeefe150,2022-10-30,1
abae45270548,2024-09-23,1
0860b9a0eb0c,2023-06-02,1
ed0ac2a053e1,2024-02-19,1
c5fc45591d29,2019-10-17,1
ce095a3b2a07,2023-05-10,1
eab7ac2e4b1b,2024-02-13,1
5742e68677de,2019-10-17,1
97df70181739,2019-10-17,1
9675eb7515d8,2024-05-23,1
44a041c9d8a3,2019-10-17,1
289cbaa693dc,2019-10-17,1
5b4176d9848d,2021-02-05,1
235ec09034fa,2022-07-17,1
587da331a390,2019-10-17,1
e403d6e4aad3,2019-10-17,1
18a339ffb6f7,2019-10-17,1
6385b3bebfdc,2024-02-28,1
b57f047c6071,2021-09-09,1
584507fd354c,2024-08-12,1
41ead244d03e,2023-12-11,1
3c7f67882b42,2019-10-17,1
94779a3ff83a,2024-07-31,1
1cf35ac0ba64,2019-10-17,1
1d353d47b1a6,2023-04-28,1
ddb9fd9feef4,2019-10-17,1
d2cf5c3dd5dd,2019-10-17,1
4921679aab68,2019-10-17,1
35e387d3f202,2019-10-17,1
12fbd3365b28,2019-10-17,1
00bdc160ccb8,2019-10-17,1
53d9fbf41098,2019-10-17,1
fd4fd1350982,2019-10-17,1
c838819ce933,2019-10-17,1
190e1be47eee,2019-10-17,1
a1829d5a47b6,2019-10-17,1
e34b1f21c66f,2019-10-17,1
11ce51435b1e,2021-08-03,1
84d561b5751f,2022-10-25,1
2bad898d0480,2019-10-17,1
6e17239c7ecd,2019-10-17,1
08c4eb4a775a,2019-10-17,1
383049250868,2022-10-17,1
47a782cd332a,2022-10-17,1
9bf74fe94b77,2019-10-17,1
ea99f58662bf,2019-10-17,1
9f823a476546,2024-04-15,1
f841a80d17ae,2024-07-31,1
a2cb03b59f2e,2019-10-17,1
52f12b056083,2023-09-13,1
a10577439fbb,2024-08-07,1
8426b2235225,2019-10-17,1
2ade31986fcc,2023-05-10,1
9344c3cc3e6a,2019-10-17,1
c37feb93655f,2019-10-17,1
5236cb75ccc3,2019-10-17,1
9c299a5e9104,2019-10-17,1
13d4259b0f09,2024-05-22,1
1361d3af14b2,2024-07-15,1
cfc75a0dfe8f,2024-07-23,1
323458c215c0,2024-03-18,1
9b046e1902ed,2019-10-17,1
d297cf8755d4,2019-10-17,1
043e20dde00c,2023-12-11,1
769bee5a8dba,2021-04-20,1
56f202bdd952,2019-10-17,1
481bd4544954,2024-09-18,1
20f055a06676,2019-10-17,1
04eb04bb010e,2019-10-17,1
76288a57403e,2024-02-25,1
20aec726b945,2024-03-04,1
54b699c0b970,2019-10-17,1
3de0b9b7fc76,2019-10-17,1
442e1b36fbe0,2024-02-27,1
37cf84eab24b,2019-10-17,1
45276d867095,2019-10-17,1
961f5950ea68,2019-10-17,1
0f9dbf416d27,2024-09-09,1
6a7021bbbaab,2019-10-17,1
b3a1c1d65867,2020-07-20,1
0c3ed561a69d,2019-10-17,1
8c11a35c1bb8,2019-10-17,1
fb10b9aaef25,2024-06-19,1
a4c4a296b65b,2019-10-17,1
4459e45fc404,2024-04-21,1
c7275943bad7,2021-06-29,1
3f0bed200fbc,2024-09-23,1
a01ef046e1ef,2024-07-26,1
831af8fc4125,2019-10-17,1
bcb623dd479e,2019-10-17,1
f08bd8605c9e,2019-10-17,1
1013cdb1840e,2019-10-17,1
cfe01f0073fa,2019-10-17,1
c0761495e2e0,2019-10-17,1
d3451da1d854,2024-07-01,1
26cf5b4a9e8b,2019-10-17,1
810b1ee3bab7,2023-09-13,1
66670de92ae8,2019-10-17,1
fe57959345cb,2021-05-17,1
7b3608c24e9f,2021-05-17,1
30fdee5ac5b6,2019-10-17,1
1022096aced5,2019-10-17,1
18970ea350a5,2023-06-26,1
79565ad80233,2019-10-17,1
1c8a27281404,2019-10-17,1
f7654335ce4e,2023-04-11,1
e21f7060d557,2024-05-29,1
08e27fbc8e1a,2024-09-04,1
71dd77a838c1,2019-10-17,1
b0b71b99a23b,2019-10-17,1
6873f2cea1b5,2019-10-17,1
56538245e7c5,2019-10-17,1
db357585f971,2024-01-25,1
e3190831b690,2024-04-22,1
cccb0387b6e2,2022-11-14,1
c97fabf2b781,2019-10-17,1
80732089c637,2023-10-12,1
de516cf8d036,2019-10-17,1
a9035657d51d,2019-10-17,1
0ac73db467f6,2023-12-07,1
062ee48a7ee6,2020-04-28,1
7c64aa700568,2019-10-17,1
513e38044e0a,2019-10-17,1
ef8835bfcffb,2021-11-12,1
a2b1c6275b48,2023-04-13,1
fdb7f65bd6db,2022-05-12,1
13d764679cbc,2022-05-12,1
0a0b4bbb1d0f,2022-05-12,1
e6fdf6a386f4,2022-05-12,1
c6664c17ddcb,2019-10-17,1
65efcb9e8b7c,2024-08-05,1
753e104d8ab6,2022-05-15,1
32a1a351a186,2021-12-27,1
b55b5a852c83,2019-10-17,1
c2ce423eb745,2024-05-26,1
9223f4363cfe,2019-10-17,1
542f4875a846,2023-06-21,1
3c7435256b1f,2019-10-17,1
87b794255afc,2019-10-17,1
9262bcc54cc8,2023-11-02,1
7ab8134201de,2019-10-17,1
6d88746b0ce3,2019-10-17,1
0a832c545a6a,2019-10-17,1
89420f32d936,2022-03-31,1
1dba05bee5be,2019-10-17,1
4a06c6d57d3f,2024-07-09,1
76974f27f3e7,2019-10-17,1
1abd3722537b,2019-10-17,1
78739eb32b2b,2019-10-17,1
c304e866ad10,2019-10-17,1
4444d3b8da6f,2022-10-18,1
9c82c0176fc7,2019-10-17,1
0e1be538fe90,2024-08-22,1
19a1bd7fc540,2019-10-17,1
d909b265462e,2022-04-26,1
07fd6a533728,2021-08-16,1
c578da8e8841,2019-10-17,2
4dd2b686802c,2019-10-17,2
16ade2e3fca9,2019-10-17,2
f4eb16dab09e,2022-03-21,2
704ce9e6f97e,2020-01-30,2
d83dd928639b,2022-07-20,2
7ca30789880f,2022-07-20,2
a8070899755b,2023-06-07,2
2716ebe9a4a0,2021-11-03,2
438924059eea,2022-08-25,2
1b75f80dc620,2022-09-27,2
b68661a0801f,2024-05-12,2
2c7591ed7b3e,2023-09-13,2
9437eafe7bae,2021-07-14,2
4e0fbcf99cf9,2022-09-08,2
2e008b673129,2022-09-08,2
077a9ac8c96e,2024-09-12,2
2f7e924953af,2019-10-17,2
b8f656e1c257,2019-10-17,2
e9bee8431255,2022-06-19,2
49db9c973903,2019-10-17,2
dc7191c3296c,2021-09-02,2
9ec228d36440,2019-10-17,2
8000f79642a8,2019-10-17,2
c2625a0c8a8b,2024-08-12,2
3b4418190c20,2019-10-17,2
d10f92211b7a,2023-04-25,2
2491db08674f,2019-10-17,2
fd0836293fa8,2019-10-17,2
78a8896d4474,2023-06-07,2
13c8e0c23737,2023-06-07,2
450b16072b58,2023-06-07,2
2a6b394a8e8b,2019-10-17,2
c2fd24440a04,2022-09-23,2
e41760c06ce7,2022-09-23,2
a46cd6e7ccf0,2022-09-23,2
de8029f45575,2019-10-17,2
39bbba53153b,2019-10-17,2
165f27447f15,2021-04-09,2
3c3455fb4cfa,2019-10-17,2
1b9c6c457039,2020-05-07,2
3a4698a8b016,2019-10-17,2
e3f1ea117aa2,2019-10-17,2
c296048d49bd,2019-10-17,2
41919e40d738,2023-12-05,2
06960fd339df,2024-07-18,2
956a0e490f75,2021-04-26,2
3099790ac0cd,2023-02-13,2
b55a901fb8ff,2019-10-17,2
eed1e659c9e7,2019-10-17,2
39b46793f326,2019-10-17,2
97c0030ce843,2020-06-22,2
f277492f1706,2020-06-22,2
ae0ad3373eca,2019-10-17,2
4a02512090e8,2019-10-17,2
6677b2fd619b,2020-06-30,2
26dade6734b3,2019-10-17,2
8e50b79d3001,2019-10-17,2
7828df81f2d0,2022-09-15,2
08cdce6118fe,2019-10-17,2
ac37f4199136,2024-09-26,2
f6c619cdccf3,2023-12-18,2
8a05cec5a9a8,2024-09-04,2
a6d7eb9cad96,2024-07-03,2
e6263d9b4d87,2024-04-22,2
02feb2cf88b5,2019-10-17,2
9d4100ba6f11,2019-10-17,2
e7bdaa503519,2019-10-17,2
7b870ad2bf95,2019-10-17,2
737714f61c22,2022-07-14,2
9eac2be5b775,2024-01-30,2
0ca589a27ca5,2021-03-17,2
9992a8f55deb,2022-10-09,2
609c8dc307c6,2019-10-17,2
b81f66dca9a2,2024-04-05,2
5d880a340859,2022-12-27,2
a3bf691c5ea6,2019-10-17,2
b1a032b43c95,2019-10-17,2
2ae6f78cf3a1,2023-03-28,2
3e77e93a2843,2020-11-27,2
97944976859a,2023-03-28,2
903abbca42ad,2019-10-17,2
3be13520e2cb,2023-09-13,2
f4cf20343889,2024-02-20,2
ed33a2b2f289,2022-06-01,2
08ae8e21a444,2024-03-31,2
85da2505e688,2024-03-01,2
194d8c55c48d,2019-10-17,2
095f56ad8ee7,2019-10-17,2
952b1c3c18b0,2019-10-17,2
e7e801740b7b,2019-10-17,2
8a2740129d45,2023-09-13,2
c3565699f958,2024-03-29,2
743f4940b27f,2022-07-20,2
6a53655fdfe9,2019-10-17,2
7e7bd3dab69d,2019-10-17,2
bc4e18198585,2019-10-17,2
2dd700cade13,2019-10-17,2
6df320c1c285,2019-10-17,2
cb76df89edbc,2019-10-17,2
2e36fbed6198,2019-10-17,2
e571cfe70872,2020-06-25,2
9b3f8e975987,2021-10-20,2
26a246eb1230,2024-05-16,2
a4d5efbb25d6,2019-10-17,2
4197d836c78b,2022-05-20,2
c1b874b62220,2019-10-17,2
a9758dda2616,2023-02-06,2
0bd1661c472e,2023-09-13,2
aa52de8d7028,2023-06-16,2
149200c088c5,2019-10-17,2
99db11cc23ba,2019-10-17,2
f716a234b3f7,2019-10-17,2
1d9b60ee79ed,2019-10-17,2
d6a153928c95,2019-10-17,2
83044e8f052f,2019-10-17,2
88b01ef0b4c2,2019-10-17,2
0fb6f39fca72,2023-12-14,2
be4764392e15,2023-02-28,2
d62802f81f16,2019-10-17,2
e51add3c0b01,2019-10-17,2
ecb324e6330d,2022-10-02,2
a9654a33b57b,2023-10-30,2
69f3ad2c097c,2019-10-17,2
872d41f7cce5,2019-10-17,2
61a27226f770,2019-10-17,2
245207cf5402,2022-09-15,2
c7a1c6089ec1,2021-08-26,2
a0c644e856b4,2024-01-18,2
7ad00f55ac38,2019-10-17,2
34d64a533147,2023-10-10,2
cde97a9ec3ef,2019-10-17,2
865a5f2dbf2e,2022-03-02,2
cea76b0b8853,2023-02-20,2
89caab19e9d0,2019-10-17,2
2a37346a2dc8,2022-11-07,2
e7bfae6a0bc8,2024-08-27,2
6ff3a373d225,2023-01-08,2
ef719f105bd9,2023-01-08,2
9733b8e63ee7,2019-10-17,2
7d9708e79804,2023-01-08,2
abd36f8395bf,2023-11-14,2
6ed980098655,2019-10-17,2
e2d816701cab,2023-10-09,2
2abf73aba4e9,2020-10-09,2
075a73fd2d3e,2019-10-17,2
fe52c9c506f6,2019-10-17,2
9fd2adcb728e,2023-01-08,2
2883f571c78b,2023-01-08,2
e3d76037721f,2019-10-17,2
09f7d0f33c40,2019-10-17,2
60af225f5d57,2019-10-17,2
3b3600490b1c,2019-10-17,2
c650f36a638e,2020-06-25,2
9437e1791ba2,2024-09-11,2
e18a9661ac30,2024-05-12,2
10e1b3e4bc17,2021-09-22,2
93cdf8726603,2019-10-17,2
f2c28f6d34ae,2019-10-17,2
c317dcd6988b,2019-10-17,2
7cbac7962028,2022-04-11,2
66a7b52ac5b9,2019-10-17,2
e45041fe8af6,2019-10-17,2
ef0504d0c25f,2019-10-17,2
c47bfcbc99d4,2019-10-17,2
b65dd6f71f6f,2019-10-17,2
d0883133d86e,2019-10-17,2
998f3bd5783c,2019-10-17,2
46f90f138b28,2021-08-19,2
3920c3256b6e,2021-08-24,2
e43a4268b7b1,2019-10-17,2
a975b84dbab7,2019-10-17,2
5fb7f035a84d,2023-09-13,2
6f5e95b88884,2023-03-16,2
d1d02b512312,2019-10-17,2
2d6e6a3c90e2,2019-10-17,2
1792e7f62ac0,2019-10-17,2
722d73182f0d,2019-10-17,2
be4cde58e6f5,2023-09-13,2
0d6f1a7c9c12,2019-10-17,2
f857ae19242f,2019-10-17,2
e1bb3e1389e9,2023-06-07,2
501ac019db92,2023-06-07,2
79d880ca6357,2024-05-29,2
e9d84fb42795,2024-02-14,2
bc144e3756b9,2019-10-17,2
2da9358d3012,2019-10-17,2
f4551dc39cf0,2021-02-26,2
bc3c2495c0fd,2019-10-17,2
ff733b650f7f,2023-09-13,2
2a1822491646,2019-10-17,2
8ddf239d0d9b,2019-10-17,2
f948a65cd8a3,2022-10-06,2
5837dafd03fe,2022-09-19,2
2fdb2da52d77,2022-09-19,2
c27e96b9e52e,2020-06-10,2
ebf2a6dedec8,2019-10-17,2
6c3dfc30b5ec,2019-10-17,2
3a2893870772,2019-10-17,2
5274e8649a56,2019-10-17,2
42b27906da4f,2023-02-01,2
0fc8ac971529,2019-10-17,2
a8871e93ded9,2023-09-19,2
396ab7fdef2b,2019-10-17,2
1a20c025b36b,2019-10-17,2
4108a53e1003,2019-10-17,2
88773b230ca7,2023-02-09,2
90e4c35e6830,2019-10-17,2
ee9b30590a29,2019-10-17,2
b8cf3d2a8f13,2019-10-17,2
9c52793539b6,2022-07-14,2
282452e5d276,2021-07-26,2
3fc2c980552e,2019-10-17,2
ff9c103fe6a7,2019-10-17,2
8123b297c254,2023-12-05,2
59eaf2ab9a94,2024-01-12,2
fd92366c38bf,2024-01-12,2
9cbd3e75c39c,2019-10-17,2
400d2909c512,2021-05-04,2
c476f912d04c,2019-10-17,2
b7350b06e86d,2019-10-17,2
423fe9206040,2023-01-26,2
3b780d1d89a7,2019-10-17,2
b8b11785d390,2023-06-07,2
7914de20936e,2023-06-07,2
0c57ccead50a,2022-02-24,2
54ef8a3a18e2,2019-10-17,2
d5efa61751e1,2019-10-17,2
4f7a900b3b7d,2023-09-13,2
d3986b603960,2023-06-23,2
fd76f6ca31b2,2019-10-17,2
3e6b58410995,2019-10-17,2
6f234bd79616,2024-05-28,2
4458d1f9a67c,2021-12-03,2
0cd49f5f1186,2023-03-14,2
105b871b4f93,2019-12-20,2
be3dff100a98,2022-12-02,2
3bcca36c5a74,2024-09-24,2
ce145a0bfcc8,2023-06-28,2
ea55b4d2fae7,2019-10-17,2
e6a3ab8acdcf,2019-10-17,2
4aca4c4278b0,2023-09-13,2
421f9c25a800,2019-10-17,2
17fef8be74f9,2019-10-17,2
bafa9052763d,2023-06-07,2
c51e4ec506c9,2019-10-17,2
570a50d9949a,2022-08-11,2
05e0bda28a5a,2019-10-17,2
788fd19e83dd,2022-04-14,2
71c32731feff,2019-10-17,2
1b03ea820741,2019-10-17,2
44dce75759a7,2019-10-17,2
1138b7fcbc1a,2024-08-19,2
82d851fa90a3,2020-09-16,2
aac310ad1e71,2019-10-17,2
d200abc0b270,2019-10-17,2
d60408378b78,2019-10-17,2
6b51822014f5,2020-05-07,2
ec87699553c7,2022-06-17,2
5e00f8769119,2022-09-12,2
4b53a00fab29,2021-09-02,2
3fd867d0c7e9,2022-08-11,2
76c48a7db319,2023-09-13,2
59a48e56ffcb,2024-03-14,2
021df027fac1,2019-10-17,2
9a7e315f3f42,2023-06-05,2
1710514cc95c,2019-10-17,2
705f6edab68c,2020-01-28,2
cbd8645e0c0a,2019-10-17,2
79689cadd13d,2023-12-20,2
d35f5e246f16,2019-10-17,2
23d1df2d82b1,2019-10-17,2
b84f07d816af,2023-10-10,2
dce9ea7da813,2022-03-28,2
0efd102614e7,2019-10-17,2
778fae444c09,2019-10-17,2
f566e6537f53,2022-04-28,2
5f9316e28667,2023-01-19,2
139b387ebd59,2020-04-29,2
259f2c29356d,2020-04-29,2
fcd33abe242f,2019-10-17,2
2323226e19c6,2023-11-20,2
f260bf0fb49f,2023-09-13,2
01a2ca72b7df,2023-06-07,2
11e1ff060b1a,2020-09-06,2
28c49a01b762,2019-10-17,2
436fa1e85a26,2021-05-13,2
bfb034124c77,2022-03-14,2
8027b2b6c8f0,2022-03-14,2
cfe48f1562f8,2022-03-14,2
5b0950853a55,2022-03-14,2
4193fc7ec6db,2019-10-17,2
3945c5f394f2,2023-11-14,2
0ee3f2eeab70,2022-06-14,2
df96448c3b51,2023-01-19,2
d2f0e9eec26b,2022-08-23,2
6ac2d032e691,2019-10-17,2
714176d949dd,2022-07-20,2
9550f0faccc9,2019-10-17,2
491e5de2ec86,2019-10-17,2
bcf40c7e858c,2023-09-13,2
b8f14a76eb21,2019-10-17,2
2ca191267222,2019-10-17,2
2bd8b24a1bdd,2019-10-17,2
fb3038a35604,2023-09-13,2
372b85d76be0,2021-03-26,2
7fe381bb7035,2020-02-28,2
163f740f3f0b,2024-05-16,2
91fe2bb2b115,2023-03-30,2
856c29e193ae,2020-09-06,2
6a21372aab60,2019-10-17,2
5ee5e68cde35,2019-10-17,2
fdf35dfce11d,2019-10-17,2
3a22e0f54fb6,2019-10-17,2
bb4a43114e92,2019-10-17,2
35617e3546e9,2020-01-16,2
aa589ea1dabf,2021-11-10,2
f3fb6209799b,2019-10-28,2
7e9034665362,2023-05-11,2
540705f6fec1,2022-10-25,2
e4d3c1ab7632,2022-03-01,2
4b5abae64a01,2022-02-24,2
38fce4431898,2024-05-12,2
739dd7520495,2019-10-17,2
b3d3c8220c12,2019-10-17,2
42e232585b66,2023-01-17,2
69ec1a16c7d9,2023-01-17,2
f3203d259823,2023-09-13,2
9d0047f7dbea,2019-10-17,2
e667a886808f,2021-11-23,2
ab54e1d927f1,2019-10-17,2
11c798b2f879,2019-10-17,2
c8e6b48d971e,2019-10-17,2
98b42c67a44a,2019-10-17,2
02c79df6564e,2024-09-10,2
7c9e5d98fc8a,2023-03-06,2
9530930c67b1,2022-06-20,2
c875b9f56a74,2019-10-17,2
0c70be6cf5bc,2020-06-05,2
f31eb187a6f0,2019-10-17,2
7328648c962e,2022-09-12,2
8aaf7040da64,2023-01-24,2
2722cb36207a,2019-10-17,2
55f0e04b2d9d,2019-10-17,2
2f1cb5b6d663,2019-10-17,2
d950bcedd308,2022-11-10,2
8d20af1f3bb8,2019-10-17,2
d97b50e3b6c6,2022-07-19,2
cbb80af002fc,2021-04-15,2
8e605b842709,2022-03-23,2
15f4f196f2b0,2024-01-09,2
9a8d112e59bd,2024-01-09,2
5e08cc6103e1,2023-12-17,2
ca03725774c8,2019-10-17,2
9597431eb880,2023-04-13,2
9f066b143deb,2024-03-25,2
09c10f3f0e3f,2019-10-17,2
11f48f92a3a0,2019-10-17,2
bca96ecfbc9c,2019-10-17,2
bddc5d36ab03,2022-05-20,2
8304a8b37f06,2019-10-17,2
054c99233086,2019-10-28,2
82af587ffee0,2021-02-09,2
e35e2b664e41,2019-10-17,2
3bfda0d2835f,2019-10-17,2
6c727658203d,2022-10-17,2
005addd8096b,2023-11-21,2
810283bf6a09,2021-05-13,2
406d445f0987,2024-08-14,2
1905b2a7e96e,2019-10-17,2
e2514b6454a8,2019-10-17,2
65fd2c6aeddd,2023-09-13,2
999fddd76943,2024-03-04,2
7229eadfbb24,2024-05-12,2
41a1b18aff38,2022-07-14,2
6dc03f8a8591,2019-10-17,2
d1b115bc335c,2019-10-17,2
ff7480b01356,2024-05-29,2
3746c2273828,2019-10-17,2
99e1ede417b7,2019-10-17,2
ae97410b647a,2022-08-25,2
47379774e233,2023-01-16,2
9c331450311a,2019-10-17,2
90a11e0a18ca,2024-07-09,2
8bfcf344ed3d,2022-10-06,2
65e1ce0b11d3,2024-05-29,2
9239e3f76cc9,2020-06-17,2
ec309e2b3870,2020-05-13,2
4773011c0d32,2020-01-13,2
34b635857f34,2022-03-29,2
6a36c68a8681,2022-12-01,2
7b084dc1ffa8,2024-03-04,2
e9f0bd4ee211,2024-03-04,2
f425b0812091,2020-04-12,2
ed5f7beec559,2023-06-07,2
137ce4ddcfd9,2022-08-09,2
d7294145637c,2020-05-22,2
178e2e57ca04,2022-12-08,2
30c602891669,2019-10-17,2
d1b5c7e201dd,2019-10-17,2
a0ff25a2606e,2019-10-17,2
f4e2f8433c9d,2019-10-17,2
4ec4f100f621,2019-10-17,2
b706c97d58b4,2020-03-15,2
5f640b5974a6,2020-03-15,2
5e6dee96b21f,2019-10-17,2
c35448b72d76,2019-10-17,2
614e3c3b6add,2022-03-31,2
ee76993355cd,2019-10-17,2
8651faf5d9a3,2024-05-14,2
d4e6104eb37a,2021-11-24,2
df07aa21834c,2019-10-17,2
956325e0abe4,2023-06-07,2
577c6c01b5fc,2019-10-17,2
6557d16ac0d2,2019-11-21,2
e034ff8716b5,2019-10-17,2
e877ad2e15db,2019-10-17,2
062e8ce69112,2021-09-08,2
c0a8dcca7cdb,2024-07-25,2
4fc6ad07fc3f,2019-10-17,2
802b007e776a,2023-09-13,2
5e077feaa267,2020-10-09,2
6790437682c8,2021-09-17,2
99d388c37359,2019-10-17,2
a8d6bff63c97,2022-12-22,2
a9631f35d79d,2020-04-28,2
91750b87b761,2022-12-12,2
6ee72463f64e,2020-09-06,2
7cec3a4eeb13,2019-10-17,2
f649511860a0,2023-04-11,2
25d4a00325e5,2019-10-17,2
c98bcbba1136,2021-05-13,2
69ba48218741,2020-06-22,2
dba2ff70fe2c,2023-09-21,2
7e88f3f3b5d2,2019-10-17,2
990a4f2571ac,2022-09-15,2
9d2e57de0406,2022-06-20,2
94f6fb817c0f,2023-06-16,2
662689be2318,2021-03-23,2
4d55dc1ca683,2023-09-13,2
bda092921494,2023-09-13,2
b5ab2b2599c3,2023-09-13,2
b21db25ce746,2023-09-13,2
779a6c476c59,2023-01-29,2
c74917e16954,2019-10-17,2
c167efb069c0,2023-06-16,2
541b67160712,2019-10-17,2
4ec0ed46af94,2023-09-15,2
5c0b28b18a18,2019-10-17,2
8608b58bf169,2023-09-13,2
52f1f1859800,2020-10-01,2
cf4b991a1b17,2019-10-17,2
6ab1190bdc2d,2019-10-17,2
1ea7f20e6189,2023-01-24,2
91244a671b6b,2023-06-07,2
5d631eb2ce26,2024-06-18,2
8d4d1754879b,2019-10-17,2
9038439163ee,2022-06-03,2
c83d30990e68,2023-05-23,2
684ed32706c4,2021-09-29,2
d1806b5d03bd,2022-07-12,2
e1cb41a0cbb7,2019-10-17,2
b4d05fb82abd,2019-10-17,2
0a430237b05b,2023-01-26,2
2fdbff181994,2020-04-15,2
6d3f0aa99b77,2019-10-17,2
b156cb8e84fe,2019-10-17,2
06973be540c3,2023-06-07,2
00d45e86cca7,2019-10-17,2
ecf688032e8f,2019-10-17,2
0af65d15cbb7,2024-07-26,2
a4c4b13ce20d,2019-10-17,2
d6c4dd8fda2a,2019-10-17,2
9f0c429a6e13,2019-10-17,2
f667cbad9c1b,2019-10-17,2
580a077c748b,2024-01-04,2
d8fb587d52c7,2023-12-25,2
c856cb61ce04,2021-08-20,2
f07031c0d816,2022-10-13,2
db0eba8b0f6d,2024-04-20,2
a307b63a4b5f,2022-06-27,2
6267d49864a3,2020-10-30,2
91e4921adb12,2023-12-26,2
043058e59eac,2023-12-26,2
0cb1fd60b2a9,2024-04-14,2
6f1f87df3ed5,2019-10-17,2
d3b22eb02879,2022-06-14,2
93d81f9ce42f,2022-12-05,2
690465bdb7c8,2019-10-17,2
d15fd5f430ec,2021-07-14,2
4a75c70b09cd,2019-10-17,2
b597163b4d0e,2019-10-17,2
88961d5eb5d4,2019-10-17,2
077ae39d3d6d,2019-10-17,2
a6dcd72e930e,2019-10-17,2
c5d372f350e0,2019-10-17,2
ffc5f808cee4,2019-10-17,2
a624a0dea2db,2024-05-12,2
28173354fd01,2019-10-17,2
542495e84ee1,2019-10-17,2
6749dd0f9330,2023-06-07,2
51ab9102e6c1,2023-06-07,2
8fb4df6a47c4,2019-10-17,2
f1a2be4486d0,2019-10-17,2
d07be8614576,2019-10-17,2
37a54af57dd0,2019-10-17,2
616b5eb76e47,2020-06-17,2
eac31c9e5ed7,2024-03-26,2
3e93204ce1e8,2021-09-06,2
a603378b1919,2019-10-17,2
d86b1ea17b79,2019-10-17,2
998e6ab2817e,2019-10-17,2
e9d59ba0f9cb,2021-09-03,2
11a4a29ca07e,2024-09-03,2
0ec802509de6,2024-09-03,2
5b956d6ab188,2024-09-03,2
a9127b969488,2019-10-28,2
4705b2b34096,2022-11-24,2
9012af3202c5,2021-04-19,2
ae1af9ef3cb6,2023-09-13,2
31621a784c01,2024-08-05,2
5651bf0d6a95,2019-10-17,2
204e10c5cc78,2019-10-17,2
d073f845f67e,2022-10-06,2
4a7ec9a55ad6,2019-10-17,2
4d9c45e8de02,2019-10-17,2
63cfcc4b11b0,2019-10-17,2
b90f823b61e5,2019-10-17,2
9a144226eedc,2023-09-13,2
e69a91a5a496,2023-09-13,2
b8ed81f6a506,2021-08-09,2
2640996d0b4c,2022-11-03,2
b3780962633a,2024-05-12,2
59066615f414,2022-04-06,2
3e8b6efb8917,2019-10-17,2
3d7f93a7c993,2022-02-09,2
7822da4af0e6,2023-11-06,2
3146b0ee1f74,2019-10-17,2
fb635a1f47b2,2023-09-13,2
ca5ccc57a2b2,2023-06-07,2
88ccd5369b10,2023-10-30,2
b6aff7022436,2019-10-17,2
81b5c33aba6f,2020-10-21,2
a44f0cc6521b,2023-09-13,2
eabe99b87a9a,2019-10-17,2
e071da107608,2019-10-17,2
edf5435839cc,2024-05-30,2
447fa1532981,2019-10-17,2
6d4fbe52d63f,2020-06-11,2
614cf9da6188,2019-10-17,2
a42761446afb,2024-03-25,2
1528c2197449,2019-10-17,2
bc2f82a22e11,2019-10-17,2
e7ff6ea67040,2019-10-17,2
a9d8c085adc0,2019-10-17,2
44c942fe217c,2019-10-17,2
bfe4db97c9d4,2023-09-27,2
f60b47ce5431,2019-10-17,2
b796f1575e2b,2023-02-01,2
16b9ddd0e0b6,2019-10-17,2
a0ddc1126daf,2021-03-14,2
dcd57c3335bb,2020-04-20,2
7d8e2fee1517,2019-10-17,2
d5e20e694a7b,2023-10-20,2
ff7f8949b1b2,2019-10-17,2
063839da6f43,2023-09-13,2
72cec488d064,2019-10-17,2
9e49f00dcda0,2022-12-01,2
befc15e921ad,2022-11-28,2
9ee04dc4ad39,2019-10-17,2
2e58990eaa3c,2024-05-30,2
ca8b6775fed6,2024-02-12,2
185248a66e27,2019-10-17,2
5bbcd6fadbfb,2024-08-01,2
bd63c9c77b6b,2019-10-17,2
71b065b3462e,2024-06-16,2
d2081a5030fa,2019-10-17,2
30690d3b3dea,2019-10-17,2
49eeb5c72a00,2024-08-26,2
13c6ef6596d9,2023-09-13,2
6f22218d5b3c,2019-10-17,2
1a84005973d3,2020-01-28,2
05a2d05134b4,2023-03-24,2
53198b4d14c5,2023-09-13,2
d9308de549c1,2019-10-17,2
248e379ad8d4,2019-10-17,2
b97cc118cbac,2019-10-17,2
9a0783ab6871,2019-10-17,2
171fa38f3405,2023-04-19,2
50d7d4ce2d8a,2022-09-15,2
8012a7348da9,2021-07-22,2
2db3e5dabc99,2019-10-17,2
f149656acf82,2019-10-17,2
de5431075b9f,2019-10-17,2
285393a8a0cb,2021-11-23,2
24a07f1cf167,2022-07-01,2
c0fbc768ea0d,2024-06-06,2
64003c5e2a35,2022-06-30,2
6434e083f7f9,2024-08-28,2
f68efb763583,2019-10-17,2
dfe80b223157,2023-06-18,2
961dc07bd0cc,2019-10-17,2
898465394158,2023-09-13,2
79e29a09b28b,2019-10-17,2
5dea681a9924,2022-10-20,2
57c41f0caeff,2019-12-10,2
443d6688e0c4,2024-06-18,2
42c977c6bdb3,2019-10-17,2
a3839f9a77ef,2020-11-19,2
abafdb7f64bd,2019-10-17,2
adb6f8cbd867,2024-08-28,2
14d9d6699934,2024-08-12,2
5cfcac8518f3,2023-06-07,2
5724064f5944,2019-10-17,2
f15616a0cddb,2019-10-17,2
b66ccb8659d9,2019-10-17,2
32658f916703,2019-10-17,2
906fa86281b9,2019-10-17,2
20a1a5f2c8ae,2019-10-17,2
b19f9a4daafc,2024-01-31,2
f7aecfe7e6d9,2020-09-14,2
d7fd3f899846,2023-05-05,2
85427a7d203f,2019-10-17,2
2dedec37c3be,2019-10-17,2
6aaf5d19865f,2023-11-23,2
bd52cc4dc3f1,2019-10-17,2
a80ff6e9ae8d,2022-12-01,2
01ccfcc831fd,2023-09-13,2
a19ccd74db0f,2019-10-17,2
6f8086c36841,2024-01-24,2
d40199b2f92e,2021-08-17,2
1981a6d6b958,2022-08-18,2
d54008de2230,2022-08-18,2
32f21b205c82,2022-08-18,2
001829cb707d,2022-08-16,2
b25e6539cc07,2022-08-16,2
81076299931b,2019-10-17,2
3793fc191e17,2019-10-17,2
46ebd3fe2d48,2019-10-17,2
a55c84b32b59,2024-07-02,2
d5ed0a214f9d,2024-03-27,2
44d67b9a4db1,2024-03-27,2
43c575e6b9b0,2024-03-27,2
ec30f9d70734,2021-09-27,2
a4573587ad51,2022-07-20,2
38c545eaea11,2022-02-02,2
1bea1020bfcc,2023-09-13,2
51e64ed9326e,2019-10-17,2
a5837e332535,2019-12-26,2
8e4ea5ed6cbc,2023-11-21,2
2d70fe0362de,2019-10-17,2
6b4143dba8dc,2021-03-04,2
d70452bf9aa8,2021-03-05,2
77ddd7908586,2021-11-08,2
8c700aaab569,2019-10-17,2
2d6d80995471,2024-07-23,2
c2cfaf8d16c0,2019-10-17,2
358e89b5f96b,2019-10-17,2
fc29adcfdf7e,2022-08-11,2
f32ccfafe3b4,2019-10-31,2
e3ab0076a2ff,2020-07-13,2
eb119b2a7b79,2019-10-17,2
a4bec02381b6,2019-10-17,2
9f21f756f675,2019-10-17,2
ac52cb6c2815,2019-10-17,2
595b14094412,2022-08-29,2
b00e5293c5a1,2021-03-01,2
371cac419ee6,2022-09-13,2
403803248712,2024-08-26,2
38b9d497cca4,2019-10-17,2
ddc8c6ba124b,2019-10-17,2
6192787b83e3,2023-12-21,2
8720447d9494,2024-09-25,2
524f33127e7a,2019-10-17,2
9dafe3483e5f,2019-10-17,2
4effb7484f2d,2019-10-17,2
74c7a4ab5deb,2019-10-17,2
18e829a8126b,2019-10-17,2
03ecc468aa9c,2019-10-17,2
ae71dd96d7ef,2019-10-17,2
c0426c48f784,2019-10-17,2
060534551cba,2019-10-17,2
975531fa8a1d,2019-10-17,2
2fba94308b95,2019-10-17,2
b143d7baba57,2020-01-10,2
c7f3f36e94f8,2024-04-26,2
47137f881e3a,2024-06-07,2
a8b461a19005,2019-10-17,2
0797f7306bdd,2019-10-17,2
6bc0862202b0,2024-05-08,2
300a90b7ec19,2019-10-17,2
345cc8e60b90,2019-10-17,2
227b84c78713,2019-10-17,2
a152eacd8dd8,2019-10-17,2
b313f8974171,2022-10-02,2
d398a63855cb,2024-06-04,2
9b94f722881a,2024-09-04,2
ec682d3fcfe0,2024-09-03,2
7fa5bbda2aa9,2023-11-01,2
f3dca02f2386,2019-10-17,2
4e0a7442237b,2022-03-22,2
b5d85ec5848e,2019-11-07,2
5dd3943cbe8e,2019-10-17,2
716cd171d8e9,2019-10-17,2
367da665ef8e,2019-10-17,2
7e1e908b7a79,2019-10-17,2
91e8b0883bb2,2019-10-17,2
a86d65f01b88,2019-10-17,2
c6d147f92c53,2022-04-05,2
0e3651d759be,2019-10-17,2
8ffb954d47ae,2022-06-16,2
3ccfc46a9a7c,2023-10-12,2
05c7e5f6663e,2020-06-01,2
3b4dd82cd8a4,2024-08-29,2
ee57a10e6d44,2020-05-27,2
8d47acc3412d,2024-06-06,2
4a1cfadea11d,2019-10-17,2
1111ca25fc93,2019-10-17,2
2bf6bca062e8,2019-10-17,2
77b99d7cd15e,2021-07-05,2
109b539d920c,2022-05-29,2
92eba0897f32,2019-10-17,2
ad2e10615a4d,2019-10-17,2
08dbe6d2400c,2019-10-17,2
64e5fd8b8f8b,2019-10-17,2
ce46e5dbd6c0,2020-05-06,2
3d313468fa39,2023-12-27,2
dd2d9030db0d,2019-10-17,2
bd9beae18fe4,2021-05-31,2
bca8753fac0b,2023-02-15,2
394c69492f96,2019-10-19,2
80f311f05385,2019-10-17,2
758065d2d331,2024-03-28,2
4cdfa70794f4,2024-04-22,2
7e965c653310,2024-04-22,2
e3d76eba1bc5,2024-04-10,2
a228fea2c03e,2019-10-17,2
8bb43e581484,2024-09-03,2
a4409bdf3fa2,2020-06-25,2
726e5b3d4fa3,2019-10-17,2
1fd049280b60,2024-05-29,2
39d4bb627f5c,2023-11-23,2
77e0db53f9fd,2022-08-24,2
0fcaac0c6acd,2019-10-17,2
bd22319c9552,2024-05-08,2
9c6d25d781c5,2019-10-17,2
db3793860499,2022-06-27,2
d694116d39a9,2022-09-15,2
338dcabf8e62,2019-10-17,2
faa28a989eb3,2024-07-29,2
d78fc26064ec,2019-10-17,2
419f29a0d38c,2022-12-20,2
99050a210a48,2023-02-26,2
165f54883840,2019-10-17,2
065edc435002,2020-11-05,2
487886f4f249,2024-04-10,2
b5359be87030,2023-10-30,2
2ce219d50792,2019-10-17,2
d74dead34312,2019-10-17,2
374edf5ad914,2020-10-22,2
4b797bb271c0,2023-04-23,2
c380a529b275,2023-04-23,2
99ea88b5cb2a,2022-04-05,2
005d50e1f4fa,2023-12-18,2
967e9ea558b9,2023-03-30,2
4210ee932df6,2023-05-26,2
7c77e4d68d15,2019-10-17,2
458ce6148ce4,2019-10-17,2
b24acb127522,2019-10-17,2
24249edd5ed0,2019-10-17,2
8d98451e8c2f,2022-01-20,2
6cf8962d44d1,2020-03-16,2
45b033c55d2e,2020-03-16,2
853d3fb330fc,2019-10-17,2
2c1606bfc28a,2022-06-02,2
ad4c450b70ae,2019-10-17,2
a36b00204cbe,2019-10-17,2
cd5f5745c6cf,2019-10-17,2
c9ae69de324d,2019-10-17,2
a4be5ae716d2,2022-04-28,2
b3b3ccb653a2,2022-04-28,2
d0b043b2fc9f,2020-03-16,2
1543d54f21f5,2020-08-09,2
9b7df65294ee,2024-03-25,2
db6c50a9e11d,2021-04-19,2
28d5b2998080,2019-10-17,2
67660e92e334,2019-10-17,2
5f389f892b7e,2019-10-17,2
2906fbc9e11c,2019-10-17,2
8f89b785e592,2019-10-17,2
76dc491fa971,2023-11-16,2
c48c3a3d8c01,2019-10-17,2
152993977e95,2022-11-29,2
0d937e0f3c98,2024-02-15,2
79ae1f6b562e,2019-10-17,2
f85243ca61e6,2019-10-17,2
d316282f7c78,2021-04-19,2
6d12eae434aa,2023-01-23,2
27ce75534065,2019-10-17,2
2c56ce2a5dd5,2019-10-17,2
f797615b8da3,2019-10-17,2
6cf7fb7b929b,2023-10-03,2
1546bb2757bd,2019-10-17,2
a2644d41d880,2019-10-17,2
e209d7680de8,2019-10-17,2
5e950c318883,2022-03-21,2
ead2acbfcc2a,2020-11-02,2
ebbeba6379b9,2024-01-18,2
1509b081ab03,2019-10-17,2
2e5689ba22bb,2023-05-15,2
5a6d5e93401a,2020-12-06,2
c223c3aafa06,2023-11-07,2
0355abb7af3f,2023-06-07,2
0b509ce4aff5,2024-05-29,2
e4a2c8f26d03,2019-10-17,2
c960426edf16,2024-03-25,2
b9f9c3fccec5,2019-10-17,2
b1fbe02736f2,2020-04-12,2
9a58ef99e3e3,2024-03-29,2
374bc2adbe93,2019-10-17,2
8f3a9de11a6f,2021-02-03,2
11475e3af491,2019-10-17,2
b15adc9a5013,2023-02-28,2
7614bcc54a7a,2022-11-24,2
38863efa8459,2021-02-08,2
218543e3c41c,2022-11-08,2
921f0d91b560,2024-07-29,2
72d51799a376,2019-10-17,2
3380df834265,2024-05-12,2
1988d019b431,2021-03-11,2
3bf9f0c329e2,2019-10-17,2
5a63501c40a8,2021-10-07,2
f12a2c8085d2,2022-03-16,2
6bbda9de1ff2,2020-03-13,2
5cb9ed8af2dc,2019-10-17,2
5b5634033143,2019-10-17,2
33fccd006dec,2019-10-17,2
93441783fb18,2019-10-17,2
1ea44647eeaa,2019-10-17,2
32d5d64e9b89,2019-10-17,2
e2681d0d1a80,2019-10-17,2
293375605257,2022-05-20,2
64b6c30b7f7b,2019-10-17,2
78bcf7358d27,2024-04-14,2
ff8e81971192,2024-06-18,2
eed2ef138e80,2023-06-07,2
7d2d3289fb71,2019-10-17,2
7139b5b41936,2023-02-15,2
bf139c97a862,2020-09-16,2
463e9d1b0134,2020-09-16,2
286cadb11139,2023-09-13,2
05fe660448c7,2024-08-05,2
4006d7dc01f2,2019-10-17,2
53c123c34a8b,2019-10-17,2
07b60509a34d,2019-10-17,2
936aefe89237,2019-10-17,2
573f2aa3f8e5,2019-10-17,2
4965e554971b,2023-01-25,2
b5ffd9faa808,2019-10-17,2
b297019cb5db,2021-05-13,2
e8fa40aacaa9,2022-12-22,2
87d3ea7945e7,2020-05-06,2
3a4ea5073e0c,2019-10-17,2
10d848b68c87,2019-10-17,2
7fb03f1599f4,2022-06-27,2
17dd08113208,2019-10-17,2
0a9a8499ce79,2022-08-09,2
7fe44ecde2bb,2020-12-17,2
30868d86d764,2019-10-17,2
575f70c37868,2019-10-17,2
de3006f9b608,2024-03-25,2
9c680aac53ce,2019-10-17,2
67d870ea1f98,2019-10-17,2
a2c9734be732,2024-06-04,2
18d0dd039cd8,2023-09-17,2
a966c41849fb,2023-09-13,2
80df8bc66e73,2019-10-17,2
df11ca7958f9,2023-05-05,2
d96ff88cf281,2024-08-28,2
73c86afffab3,2019-10-17,2
75bdc6fef86f,2019-10-17,2
bcdd00537f72,2019-10-17,2
395fe00c1ba2,2021-05-16,2
54b3dccf5bb2,2019-10-17,2
9fec84637d5c,2023-11-23,2
5fce4b5e5738,2023-11-23,2
1c2c7b3b98c6,2024-07-23,2
4cd99aeed4b1,2024-07-11,2
b81a65c4f9c3,2024-03-25,2
e0557c2233fb,2024-04-24,2
eeb9d07a5861,2023-04-27,2
4123489c275d,2024-08-26,2
9dc6012632f5,2019-10-17,2
c70586be150e,2019-10-17,2
fbb13afcf861,2019-10-17,2
bb601947b479,2019-10-17,2
8c9d638a9581,2019-10-17,2
43e633c3faf3,2022-06-28,2
a34b95b59f07,2020-10-15,2
8995828cd415,2019-10-17,2
5b1890fb725f,2019-10-17,2
9acf4be46381,2019-10-17,2
1aa6524d3be7,2023-01-24,2
94c4d2c1335b,2019-10-17,2
16ce83d2e5a9,2019-10-17,2
285528661eb5,2019-10-17,2
985a02d232d1,2024-05-27,2
c5f41e22fb8d,2023-06-07,2
e5cea584dee6,2023-06-07,2
ef66c678f078,2023-06-07,2
073cbef311c5,2022-09-08,2
14a302c21443,2021-02-04,2
854a6a98945d,2022-04-05,2
3640edd47240,2022-09-08,2
d2f975315972,2023-05-12,2
e9ed2ca6a2de,2024-03-28,2
727d99c6a601,2020-10-12,2
6fda05e7f4f5,2024-01-23,2
dc25e4b13bd7,2023-03-14,2
f43bda0ecd89,2024-01-12,2
359024bc20ef,2019-10-17,2
743b36bc99fc,2023-09-13,2
9bb563483fa6,2020-05-08,2
5380043f8a32,2019-10-17,2
98175cd1e6cc,2019-10-17,2
3ed3471e5e3d,2021-08-09,2
1a1eee318ff9,2019-10-17,2
6d7af5535997,2019-10-17,2
d468a8a6a544,2023-02-15,2
b0c80443e364,2019-10-17,2
dd1e126cdb95,2019-10-17,2
e5ac5add14b7,2024-08-05,2
c11e396524e0,2019-10-17,2
c01e77ac0da8,2021-01-25,2
cf866e2b6d99,2019-10-17,2
843b1a3a792a,2023-10-12,2
c8739fe09f52,2019-10-17,2
ca37bb37e5a9,2019-10-17,2
5081987da3f0,2019-10-17,2
8cf2fab30cbe,2019-10-17,2
1775c18279a0,2019-10-17,2
17004ddc7507,2019-10-17,2
ab2abdb82fed,2021-03-02,2
ec5a3c4077fe,2019-10-17,2
37430338031c,2019-10-17,2
0b280bc27775,2019-10-17,2
f9b1737cc57d,2024-01-18,2
0b055e274bf5,2019-10-17,2
3aaaa7910441,2024-06-19,2
1206dfb7bc56,2019-10-17,2
3653d6a28f0c,2019-10-17,2
f03e2c8d70a5,2019-10-17,2
43bdaf283b71,2019-10-17,2
4ccf7e0e209e,2024-06-06,2
c414a3826fb0,2019-10-17,2
f9461e5cd714,2022-05-29,2
4c4ab02de57d,2019-10-17,2
41a5b054037a,2022-05-23,2
60a09db3ff7c,2023-09-13,2
d96d490b5d26,2023-09-13,2
76f17ffcc8aa,2021-06-15,2
14142c3be2e4,2019-10-17,2
deb52f80639e,2021-06-25,2
5535135ec159,2022-09-13,2
3e2949d4dec7,2024-08-22,2
fc0e1464d5ae,2021-09-20,2
961db1d365dd,2021-09-20,2
8bd357c845a9,2024-09-25,2
1ee919c03ac2,2022-07-18,2
a2bead592257,2022-07-18,2
24734f82a796,2023-12-07,2
dd9d652825c8,2021-03-22,2
0f1b59d40f42,2019-10-17,2
9b73baecf9dd,2019-10-17,2
8e098ccdff81,2021-08-24,2
db1909a87ceb,2019-10-17,2
599f1d4fd756,2019-10-17,2
549059b909c6,2019-10-17,2
918bd27caa8c,2020-09-24,2
eb760d8c7bb7,2019-10-17,2
ca285acc0bd4,2019-10-17,2
602da28eb363,2019-10-17,2
b46325820eff,2024-08-27,2
12dfd04b1d96,2021-05-26,2
f5bfdd9d0824,2019-10-17,2
a44cdadf2b3d,2019-10-17,2
73bc4fe02fb6,2019-10-17,2
7e2c34d15b08,2019-10-17,2
2eea0850bdf1,2023-09-13,2
68e466c2f98a,2019-10-17,2
4ab15f2ad07e,2024-03-14,2
9c7af01c0ec6,2022-09-29,2
5335e6283ff2,2019-10-17,2
7cbe53cab45e,2023-04-14,2
ef6c6fc6b982,2019-10-17,2
9c7ca2011f13,2024-08-08,2
851faf83bc63,2019-10-17,2
18498e66281c,2019-10-17,2
f93d6076d49a,2019-10-17,2
8ee1fa7352e7,2019-10-17,2
f75c246286e9,2019-10-17,2
c1d7fe5d280b,2019-10-17,2
d0a2c8f70d25,2019-10-17,2
c9270ed45c1a,2019-10-17,2
20ad4ec264a4,2019-10-17,2
6233806b3e3c,2019-11-18,2
ffc2aa4c7c14,2022-05-31,2
e269631dcb39,2024-03-28,2
a6e0ea0dc3a2,2020-08-04,2
e11587f6cf1f,2019-10-17,2
999fc4e5f386,2023-04-13,2
63ad50ca6d7d,2023-04-11,2
865b4cee26be,2024-05-26,2
54622043a4fc,2024-07-15,2
18dd7b067651,2020-06-30,2
9244a8b25710,2023-09-13,2
f90755096485,2019-10-17,2
9639a86f62ea,2019-10-17,2
298b590fc582,2019-10-17,2
06c24c4915e0,2019-10-17,2
f30afd9e679c,2024-09-03,2
895f92853c33,2020-07-03,2
093f837245bc,2023-06-07,2
739d1900b9a0,2020-07-15,2
9c520b9f4a43,2019-10-17,2
e18fc85777db,2019-10-17,2
75223e4933ba,2019-10-17,2
f09beb739879,2020-03-23,2
56365d6d784a,2024-02-22,2
f18f6998663d,2024-05-08,2
72fe892ee8a1,2019-10-17,2
b9cc2dc393a2,2019-10-17,2
1a9fa827c23b,2019-10-17,2
defcf14306c1,2020-06-09,2
b80dbdf1b15b,2019-10-17,2
3e6a85b79690,2019-10-17,2
36bf6a149f02,2019-10-17,2
56f0a3574911,2019-10-17,2
cdcc458ac186,2019-10-17,2
0a9b8e6844b1,2019-11-21,2
1b0b5f9cfd0e,2023-05-22,2
bc866cb31ccf,2019-10-17,2
d8fd59ad47ae,2019-10-17,2
6c1ce4c4896a,2019-10-17,2
4db97ae0abdb,2019-10-17,2
27bc35d45c96,2022-09-15,2
cded5e54dc76,2020-08-05,2
7aa215a60c36,2019-10-17,2
5db78f2812c6,2019-10-17,2
6b5d639508b1,2021-11-08,2
0063a7918c2c,2019-11-28,2
6b800de75fa6,2021-05-16,2
a49af4d082a9,2024-05-12,2
6f2a6be14f3a,2020-01-24,2
ff4431e6a727,2019-10-17,2
49208094e8b5,2021-09-02,2
1e3d71278d37,2024-06-16,2
7c896353dc52,2019-10-17,2
5ffb5fbc23f5,2019-10-17,2
ec8482c1ecb1,2019-10-17,2
0b6e356667c2,2019-10-17,2
41b58e1ea83e,2021-03-18,2
3e0bdabcadf9,2021-03-18,2
7afec42a70c4,2021-03-18,2
1f94adadac90,2022-05-04,2
0f22794e5fbc,2024-06-25,2
cf9622dde354,2024-06-25,2
27fb9c970cc2,2024-07-03,2
3444da688df9,2022-03-09,2
95ce7fd9e510,2019-10-17,2
bd95567c4047,2022-02-15,2
c024d5019549,2019-10-17,2
3608e8859e87,2023-02-27,2
3fe2ddec6704,2023-02-27,2
81072c44638f,2019-10-17,2
b2fff3da4c83,2019-10-17,2
d387d2b9a12f,2019-10-17,2
b8b4ee8c15cd,2019-10-17,2
b28dfbd7b3bf,2019-10-17,2
7ad849c5c671,2020-02-13,2
5ce847605725,2022-03-29,2
50cfa8392a85,2019-10-17,2
1ae4f976f3a5,2023-04-18,2
0f116ff0b63a,2020-06-15,2
487e1008bb8c,2019-10-17,2
c7dc126cde46,2024-01-24,2
c0e8d94fb07e,2024-09-03,2
d63b63612407,2019-10-17,2
bb443e9ff8c8,2024-03-21,2
446a2c5ec996,2022-04-06,2
02bf8bc77f1b,2021-10-25,2
7d4acf72285d,2022-03-01,2
90e62ced57c0,2022-11-13,2
9a501606cfae,2023-09-13,2
bdd43428886c,2022-12-13,2
034037aebd6e,2024-04-01,2
26a9266c42c4,2019-10-17,2
266ae2d7b7e2,2019-12-05,2
211171fd6b9b,2019-10-17,2
b50c0cac5734,2023-06-07,2
af44058d53c7,2023-06-07,2
de9df1c05d25,2019-10-17,2
331e075d71b6,2019-10-17,2
29098e3565ff,2019-10-17,2
50b2381802b5,2019-10-17,2
3086e9d5045d,2019-10-17,2
c1409c64cbf6,2019-10-17,2
aa8b8cb6c658,2023-09-13,2
163eae621e96,2021-03-18,2
1c6417dda4f5,2020-10-13,2
e062d121c57e,2020-10-13,2
38c6d35259a0,2022-07-24,2
98fa554676c0,2019-10-17,2
378b61df7177,2021-02-08,2
9d0c6ec9f148,2021-11-08,2
a7f920b4ed86,2019-10-17,2
01f3310400c5,2020-08-25,2
8bc852da162f,2019-10-17,2
e6d7a82b6873,2020-06-18,2
db23906d0562,2019-10-17,2
c1b0d4c768a2,2019-10-17,2
6dffd457cfb1,2022-09-15,2
79cc1d90123b,2019-10-17,2
d560304efca0,2022-03-29,2
2dc303cf999a,2019-10-17,2
728c302052f4,2019-10-17,2
4d4d6c48b390,2022-10-25,2
011ba7bb85b6,2020-10-13,2
f8563c481ea8,2021-04-05,2
86e88782e693,2021-10-29,2
2129b7228680,2019-10-17,2
efa8cf54addb,2022-09-29,2
ff217d74f40f,2023-03-06,2
ca40673e064d,2019-10-17,2
36e4ecc0a45b,2023-06-08,2
c5296dd39bba,2019-10-17,2
97c23e1bd03a,2019-10-17,2
77265db777df,2021-10-29,2
a10dd16cef8c,2019-10-17,2
ff0bf3213fe2,2024-08-27,2
2ca122101140,2022-07-28,2
22e7f9234a26,2019-10-17,2
d817cbdd29eb,2024-05-24,2
79941d98f3e0,2019-10-17,2
fdbc351ae872,2023-12-19,2
c1181efb7df1,2020-12-25,2
f921f928fa98,2021-12-09,2
b74fee5c7ab8,2024-01-29,2
e2e9f79d2956,2019-10-17,2
3791f03eb39f,2020-06-18,2
1419f6dfcca9,2022-03-29,2
5095c3d3b866,2019-10-17,2
fa3b8440acad,2022-08-11,2
14b80be30054,2024-01-23,2
972fbd4a4742,2021-09-20,2
6027b1f8d722,2023-10-19,2
ef59d728b1f9,2023-10-19,2
02a6b1b5b3b7,2019-10-18,2
dfb3766d35e9,2019-10-17,2
f0085dfcd185,2022-08-02,2
877394ec9110,2022-08-02,2
9ecfb142b84c,2019-10-17,2
08ecaa039861,2020-09-28,2
2a1e0f23e5cd,2019-12-19,2
01b05fee7ec4,2023-10-30,2
3a8ed79ebec5,2023-09-13,2
4adf86b13fd1,2019-10-17,2
a9ee09caaf40,2019-10-17,2
bfaa63f3fec8,2024-09-17,2
3612491bb427,2019-10-17,2
8d8700d4687c,2019-10-17,2
ec2fe7e9882c,2019-10-17,2
3951b33cc47e,2019-10-17,2
90322fa7f68c,2019-10-17,2
c591fd5887ce,2019-10-17,2
ad3dd328d831,2020-01-16,2
325b9128ddfa,2023-06-08,2
b1839dfce64a,2023-06-07,2
f3a377e991c0,2023-06-07,2
e95a478c3d7e,2019-10-17,2
12245e1ad992,2019-10-17,2
d80a2e947433,2019-10-17,2
6c22d2ab911f,2021-10-18,2
fd7a8161d46f,2019-10-17,2
45cd71f329fe,2020-03-18,2
9f156836f983,2019-10-17,2
5f28cc06f43c,2024-07-26,2
7e3cb4dceb77,2024-07-26,2
6c19da243636,2024-07-26,2
d2447e06412a,2024-07-26,2
5f6f645983b2,2019-10-17,2
d63697b73292,2020-02-13,2
f375d8de541e,2022-07-20,2
0a755a4a0079,2019-10-17,2
1b7358178593,2024-06-27,2
4a4ec6754818,2019-10-17,2
3652cd941502,2019-10-17,2
1772b9d5cef6,2019-10-17,2
bc9bf8907516,2020-02-05,2
3896332912c7,2022-10-26,2
8eb1a117b8ad,2023-09-13,2
19795f2cdbbe,2019-10-17,2
3b99bdbc31d7,2020-12-04,2
032d77bcd9f5,2019-10-17,2
3d33051cad30,2022-04-27,2
eb49770917f1,2024-09-25,2
f31be503652a,2019-10-17,2
9ae2b7f112cb,2020-06-04,2
1a918efef45e,2019-10-17,2
7f382473dffa,2019-10-17,2
ab17ee7c74e7,2019-10-17,2
96055fb8dbdd,2019-10-17,2
eb78a3668d0d,2022-11-03,2
aea8b6350476,2022-06-22,2
454b2b24dc5d,2024-08-19,2
1a5aee624f4b,2020-01-13,2
4b7a626e9dfe,2022-02-15,2
557f475ea1dc,2022-09-12,2
374d72b776a0,2022-09-12,2
56840499815f,2022-09-12,2
c7bfb3c3d47f,2023-10-09,2
acef75fe95b0,2020-01-13,2
ae9c819187bd,2021-11-03,2
ff6083b9764c,2019-10-17,2
00274a69c705,2019-10-17,2
10040e177e22,2019-10-17,2
783a9e6b6933,2019-10-17,2
8bf60d3cc38f,2022-09-15,2
31a698422c1c,2019-10-17,2
c3552c3399d9,2019-10-17,2
8a4530decc78,2022-09-15,2
78528c845086,2024-03-05,2
fc8cd0f1f4dd,2019-10-17,2
0cab4c1eb10c,2021-05-12,2
63280f5c7575,2019-10-17,2
c2e957595179,2021-04-19,2
ff3ef40b73bf,2019-11-06,2
73645ce5cd2c,2019-10-17,2
7b213a6621bb,2024-08-07,2
4760b0246c9d,2024-03-26,2
92b04812dc83,2022-03-14,2
bf3ee90c2b40,2023-09-13,2
aed39cb77c13,2019-10-17,2
9f32920e9129,2019-10-17,2
5d86e683f07e,2019-10-17,2
2bb386373fbe,2019-10-17,2
6607906aa9aa,2019-10-17,2
2862c0dbec1d,2019-10-17,2
06645a8d033b,2019-10-17,2
81a5fdfe4eff,2019-10-17,2
c46d2cbb40cd,2019-10-17,2
ede670c50706,2019-10-17,2
1b57472c9130,2024-08-28,2
1665b62133f8,2019-10-17,2
d7b55c6d8d7c,2019-10-17,2
ffca0c56e0b9,2021-03-05,2
f0d53a7817b7,2022-02-14,2
ccdc63077752,2019-10-17,2
76b143d32791,2019-10-17,2
562cf2af1874,2019-10-17,2
37e4609afe26,2024-07-12,2
6016869d5f6c,2024-07-12,2
a6079ab80a8d,2023-12-21,2
baf06355045d,2022-08-09,2
64b94f6dcf6c,2021-03-05,2
477c1129c562,2020-10-06,2
cc5f1ab3ad1b,2023-11-21,2
7f3e1e3c0693,2020-06-15,2
8be82ca45b35,2019-10-17,2
de1fa9efc478,2019-10-17,2
625af7380c49,2019-10-17,2
737af5d1acfa,2019-10-17,2
7f67f5b36634,2020-10-08,2
87817d417f36,2019-10-17,2
7d6a7851669c,2019-10-17,2
d9f4b55d3b6d,2021-08-20,2
378e0626f7e7,2019-10-17,2
a7f9bc73200e,2019-10-17,2
3759538a4ebd,2021-09-20,2
46324a937b37,2021-09-20,2
d62ab9a7aaee,2024-08-29,2
0beda075c035,2021-11-03,2
97c510333218,2022-08-09,2
17dc78090de5,2022-12-06,2
19548329cde2,2022-07-31,2
4e0ef6cff251,2024-01-17,2
ecf3696e12ab,2022-04-08,2
e85f45f1aa00,2020-01-21,2
584cbff2b783,2020-01-29,2
772976e34f2d,2020-01-27,2
7f09cf83c28d,2019-10-17,2
399822d0f452,2022-06-21,2
11ae206ea302,2019-10-17,2
564fe13b207c,2019-10-17,2
1225ee48f809,2024-01-16,2
d2a425264c62,2019-10-17,2
5233277cd031,2024-05-12,2
a18bb5cd76a6,2022-11-29,2
eb44fdf15eea,2024-02-02,2
f9beab4e047c,2022-12-28,2
f21864df0a96,2023-03-23,2
ed29612fea1c,2019-10-17,2
2e32028ec602,2019-10-17,2
9c6cf1cfcc8a,2021-11-29,2
036b639de056,2021-11-29,2
3ef88d2596de,2019-10-17,2
02f9c7f0bf62,2020-12-24,2
4299998de181,2023-03-19,2
e4918d9e4a76,2021-11-08,2
2b1d1ae21a0f,2019-10-17,2
7d2a3f71820d,2023-03-05,2
99b4afc08f81,2019-10-17,2
92608e6148f1,2022-09-12,2
90b9a3d5f8f9,2022-09-12,2
387add82a73e,2021-02-08,2
1f3b4dfa452d,2020-03-25,2
aa49f66dbbbd,2022-01-25,2
e8572c39a82a,2020-02-18,2
f837fcb56447,2019-10-17,2
a89e947f0636,2020-10-22,2
aaad4277fef5,2020-12-28,2
754c71304ec7,2020-12-28,2
3a95d538a917,2019-10-17,2
7fcde42037ca,2019-10-17,2
4ec226b1494a,2019-10-17,2
b037ac5fdce6,2019-10-17,2
83fcd17b8204,2024-04-28,2
c7e66ba26f5b,2024-04-28,2
84e637780566,2024-07-26,2
d6e78557994c,2019-10-17,2
3290ad4bebab,2023-09-13,2
cfe9cdc8caf1,2020-07-26,2
10ed82e518da,2022-07-28,2
637d9bb28d0e,2021-09-21,2
a9198a0f9313,2020-04-08,2
1e1279430a33,2020-04-08,2
52f005272319,2024-07-26,2
e1458b14f961,2024-08-01,2
9bc1538b3910,2019-10-17,2
fb6ff7b0630c,2019-10-17,2
0d0a0d38bf4e,2019-10-17,2
9cd1bd5f85bb,2019-10-17,2
a3d0361e1faf,2019-10-17,2
b163ca5f89de,2019-10-17,2
bae21d59833a,2019-10-17,2
cf123827a789,2019-10-17,2
db299b3bf09e,2023-09-13,2
998a086ac062,2023-09-13,2
d38eb29c8cd3,2024-09-13,2
405943aa540f,2024-03-25,2
d5bf476e7431,2020-06-25,2
6160e423c7af,2020-10-08,2
43cae5b3e196,2023-11-14,2
b7072894dd1d,2022-09-22,2
8af22e581437,2023-11-14,2
fabfd7daf60a,2019-10-17,2
f67e880f6e80,2024-09-03,2
13c62be475b6,2020-01-22,2
9c9bcf78315e,2019-10-17,2
38cc4b104f6f,2021-04-09,2
bd8ec26bfe88,2019-10-17,2
3e74744cce14,2023-03-28,2
18e7d4d72511,2023-01-25,2
3111b0b3df64,2023-09-13,2
813f67589d36,2019-10-26,2
79fb3a6c99af,2022-01-20,2
6e998294400e,2019-10-19,2
e4df2ffa299b,2024-05-13,2
6bec0dd7434f,2024-08-29,2
d8d8fa99a398,2024-08-28,2
19338935a8c6,2021-03-12,2
cfd862d53d4e,2019-10-17,2
85331189b8c4,2024-03-25,2
f7b32c1a413c,2021-07-27,2
ef95d001ed52,2024-05-30,2
95a5723c27e4,2019-11-22,2
d8ab6b0cd72f,2020-04-04,2
61a4eded5468,2024-07-26,2
b30a1abb0290,2019-10-17,2
8fd19004e664,2019-10-17,2
da5888582112,2024-03-31,2
c095c7fecb7f,2021-03-05,2
43e88e76f8bc,2019-10-17,2
b93f5cdf8b3a,2019-10-17,2
ff1dc144bcdc,2023-12-08,2
737b797523fb,2023-03-28,2
fbee43bee916,2022-12-07,2
24557d20f701,2019-10-17,2
4ea0c5a51a29,2019-10-17,2
ca3971c207f3,2019-10-17,2
b64352310cf3,2021-12-09,2
e23e9bb75589,2021-11-15,2
a08e92a16758,2024-01-31,2
9111fd713ff4,2024-06-17,2
b9bb074bfc22,2024-06-17,2
e79607212c5a,2019-10-17,2
fb7b7b01f8fb,2023-09-13,2
603440fac4f3,2021-02-26,2
306c28e147b4,2019-10-17,2
e01babf2a6b2,2019-10-17,2
755e4076228c,2022-12-18,2
07fdac99489e,2024-08-29,2
f6bac4c54ba6,2024-01-29,2
3c240f274e61,2019-10-17,2
f98c5a3c7a52,2019-10-17,2
8a438651b242,2023-01-12,2
32958af0a514,2022-08-24,2
6ea001b737f1,2020-04-10,2
65427b2ec308,2019-10-17,2
58271d903051,2019-10-17,2
f3c73114e6ed,2019-10-17,2
11acc247e66a,2020-11-30,2
56fc61aefcf9,2023-11-06,2
7f38eeedd9d0,2019-10-17,2
f3d890c9ef59,2023-12-20,2
aebbc8b8bad3,2023-12-20,2
429bc0d656ce,2024-06-18,2
c5d8d5e39619,2022-12-15,2
2a5f43932555,2020-01-09,2
0be3804714de,2019-11-18,2
33c1eb2add24,2019-11-18,2
75b9fe65f567,2022-04-08,2
0920878f3cd5,2024-04-17,2
bed2167dc54a,2019-10-17,2
6e7f72e36b67,2019-10-17,2
f6c380848db6,2019-10-17,2
49f8704c9586,2019-10-17,2
e085a780dfb9,2019-10-17,2
f9573b21a451,2023-09-13,2
3ec6ca4b9d8e,2024-06-07,2
b7e26d18bfc5,2021-11-24,2
3515568a06a8,2019-10-17,2
4f65f2c3ea01,2024-06-07,2
863ce41c828e,2019-10-17,2
6d43b677a4d4,2024-09-01,2
7ff79102e5e4,2024-06-26,2
1f9c31eca296,2022-10-25,2
d68aa31fa24c,2021-10-29,2
d98cda0bcd77,2019-10-17,2
15d7bea4c245,2020-01-30,2
e73753167a73,2020-07-09,2
a56fb9b766b1,2024-03-25,2
9b616437d5f5,2023-09-13,2
e09b899cb6c8,2024-07-09,2
2d71e1f69c2a,2021-05-31,2
9d85113506e3,2022-06-21,2
ff54507d1e13,2019-10-17,2
7999b482852d,2019-10-17,2
05b5e131821d,2019-10-17,2
e0e9e77d1405,2019-10-17,2
76dc7c3fcdcd,2024-05-02,2
4d44234a5d2c,2019-10-17,2
9480a38421d5,2019-10-17,2
d48a074e35bf,2019-10-17,2
5c8a70273539,2019-12-02,2
ab5a53403f34,2019-10-17,2
e3d898e95392,2019-10-17,2
6e863788854f,2023-01-17,2
6bd5c9990650,2022-05-22,2
2fe1b5aba4b9,2023-11-30,2
705b902af7aa,2024-08-12,2
65a04772a2b4,2024-08-16,2
77764bde8d42,2020-11-05,2
cb5bdbb57437,2024-01-18,2
7c701a367963,2024-03-11,2
d76e656a9016,2019-10-17,2
345cd541986b,2019-12-27,2
5a0205eb24da,2023-11-14,2
83257179f878,2024-06-06,2
50190e70ed3a,2024-05-12,2
b7f0de71732e,2019-10-17,2
f9775c0ed106,2022-09-08,2
9ab6fb31d603,2019-10-26,2
c5d50b95a803,2019-10-26,2
0d4825a8806d,2019-10-26,2
81e0a9446aa7,2019-10-26,2
b1db3fa1a974,2024-04-08,2
dcf406a43cdf,2020-01-16,2
2a721d2e875a,2019-10-17,2
79f5fa628d52,2019-10-17,2
b745882ab73b,2020-10-19,2
fcce11a06a74,2020-10-19,2
975ee850d971,2022-04-27,2
bf41a4709f83,2020-01-13,2
f37c696740e9,2020-11-17,2
b0a42db32b31,2019-10-17,2
c0a4d560f142,2021-02-21,2
7492af8bd043,2020-06-05,2
3c9753e1ff80,2019-10-26,2
a92990d90060,2024-01-03,2
ff2bd46579d6,2023-12-04,2
0d24310dbbe9,2020-10-08,2
8891a3989d22,2023-11-24,2
e227594e590d,2019-10-17,2
9d4456a2f6b2,2019-10-17,2
5f6783165c19,2020-08-10,2
250dbf2bd4ea,2023-03-02,2
b7435634aeb9,2023-03-21,2
a39fc15131a7,2023-03-21,2
102a610ecb92,2023-03-21,2
d44fdd6b46c2,2023-03-21,2
3e75c02cd8e4,2023-02-02,2
e709c22fbbaa,2019-12-10,2
349370e22b3c,2020-03-30,2
0167fc0b7d9f,2020-07-03,2
d684cfba7ade,2020-07-03,2
c27f5a925ce2,2019-11-27,2
bda2d3fbc7f1,2019-11-04,2
f4d3a07d1708,2022-04-05,2
b3e225bab110,2019-10-17,2
858eb76b600c,2022-11-28,2
33a2c89f3129,2022-11-28,2
673be958ead9,2022-11-28,2
11d4b9a313f8,2022-11-28,2
61afe48809a6,2021-11-23,2
4eee54038aa0,2022-09-12,2
383939c956d1,2024-05-12,2
9f5b9401d83d,2022-11-17,2
e9c12914de27,2020-07-03,2
a47198759a89,2021-03-23,2
557d99d36d65,2019-10-31,2
2d9218c42c0b,2020-07-03,2
6d12075f0de9,2019-10-26,2
18ade332ca87,2019-10-26,2
6262a4ce63aa,2019-10-26,2
f4cf55ec3df2,2019-10-26,2
ef24ba162f8a,2019-10-26,2
e6d8b2c743f1,2021-09-14,2
63b920dbc2e2,2019-10-26,2
4960beee9383,2019-10-26,2
f1749f4b783b,2022-03-17,2
37d70125a86b,2024-08-21,2
0e378ab04ea0,2021-01-25,2
ebe7fdb920f1,2019-10-25,2
43ee46ce104d,2019-10-29,2
b8b450843002,2019-10-29,2
c8e0d139701f,2023-03-09,2
03e6e486bf5c,2024-03-18,2
7c2fa5bbbdfe,2022-06-09,2
8ef69102bf89,2022-10-18,2
789e371fece0,2023-10-20,2
5963039b620b,2023-09-13,2
d55634bd1f8b,2019-10-31,2
881b5ebbc19d,2023-01-17,2
bf4d4812b9a4,2019-11-18,2
e8d8a8d042a1,2019-12-04,2
6b16244d05cb,2019-12-04,2
70683e24396c,2023-06-14,2
1adcc5909b86,2022-09-15,2
3b994d704f16,2020-11-12,2
9a348d981756,2019-11-18,2
ad5920a4d8e9,2024-04-26,2
1154105a29f5,2024-04-25,2
9869bb2e062b,2020-01-30,2
261e2d4ff0a7,2022-09-15,2
a3321c56e8c8,2022-07-04,2
ecf133381058,2022-09-08,2
bef02697b3d7,2020-05-06,2
d251b43c977f,2022-01-12,2
f4d70e345ae6,2020-12-16,2
e08ca5bc7ebd,2021-03-05,2
d0218b0cc153,2020-02-03,2
645adca413b0,2020-06-18,2
4f400df95429,2020-03-17,2
5e2a46d8d70c,2021-08-04,2
617274a20aa1,2020-04-10,2
a1af6022a48a,2024-01-19,2
c9c955a97c62,2022-02-24,2
2b4f2b158096,2019-10-17,2
4ab7343a0448,2024-03-05,2
de1fc603804c,2019-12-20,2
bd7dabe104ca,2023-11-13,2
df6a9436f2ea,2023-09-13,2
c3f6c0a2824f,2023-11-24,2
a7f35fd99b34,2023-11-24,2
763f90451068,2019-10-17,2
0a61286b7077,2024-05-05,2
0c9d1f108281,2020-04-12,2
73ddfd2ade24,2024-05-16,2
f39d87b1ed41,2020-01-29,2
e3b4df920f48,2022-06-14,2
e07d7de60e69,2020-01-29,2
d0d9e0879ae1,2024-08-19,2
a0e6ba72d20f,2020-08-07,2
58b7e8750fbf,2023-01-26,2
796692a41d68,2023-12-21,2
55666624f175,2020-02-27,2
9cb908edeef9,2020-01-27,2
b8ee166c056d,2022-07-27,2
d4cff385c855,2020-06-05,2
8c6777456f52,2023-02-21,2
aff478b89ca6,2022-11-01,2
b6ebace14946,2022-11-01,2
c20396a58542,2022-11-01,2
14d608aa896d,2020-10-13,2
9919f61c2b36,2020-10-30,2
41c586685f2f,2022-01-12,2
730cb6f46a0e,2023-12-13,2
b46b19e9a706,2023-12-20,2
6c65762486a3,2020-02-16,2
9b4f09758b41,2024-05-20,2
9ac8970d82b8,2020-02-03,2
ec51caa55984,2024-05-20,2
a985193ae73e,2020-03-18,2
fabfe4d14204,2020-05-15,2
e4cca71b2c0c,2020-06-05,2
0ec4c7a9c49f,2020-12-13,2
5e87ecd2b568,2021-09-21,2
338dfa986d2f,2022-12-09,2
7ed87ee1eaef,2020-02-14,2
889b004ac255,2020-02-14,2
38b187607c98,2024-03-25,2
7d6319edead3,2024-03-25,2
1b39ded0b7b6,2023-11-06,2
3296e073ddf3,2022-07-26,2
2e9f473d2b28,2022-08-22,2
9c588d73884f,2024-09-03,2
badd1dc38888,2021-10-25,2
2385ed0cdf91,2021-10-25,2
f27a02754e13,2023-05-19,2
9d51beaf2b9d,2020-05-17,2
ce651ac09895,2021-09-01,2
621e60745ee4,2022-04-05,2
9092992ba7d2,2020-02-26,2
bfbb10183532,2024-08-02,2
ba170d7fb6b7,2023-12-06,2
41c0ebbc09c5,2023-06-05,2
4b28acf4fa8b,2024-07-11,2
1bf08af55dfb,2024-03-27,2
12b1d15db41d,2022-11-07,2
9edb3b3b5f71,2024-05-06,2
ae79010570f4,2021-04-22,2
aca0ac69a8fe,2021-04-22,2
0bb5299fbf5b,2021-04-22,2
70c443d6e4d4,2021-04-22,2
c9c33d705f49,2021-04-22,2
227e2fc8d4db,2021-04-22,2
4d339c204e21,2020-11-19,2
e9d14a7ab232,2020-03-19,2
2a5341f28afb,2022-06-20,2
891ecf466830,2022-06-21,2
60a1384eef68,2022-03-21,2
f0378a72478e,2023-12-29,2
399d11596567,2022-04-05,2
ce66b6e349c6,2022-05-13,2
428a87d632a4,2022-04-26,2
e46334920817,2022-04-26,2
87ab26b72c22,2022-06-28,2
c598b6c873fe,2020-03-13,2
67da7465c52c,2024-09-13,2
f0968630cf18,2022-08-04,2
5e305e81ca72,2019-10-17,2
6bad7441fd4c,2023-12-26,2
642e15ed6c16,2022-05-19,2
048c334f062a,2023-12-26,2
b73ce2074a45,2023-05-04,2
6192b4b060f7,2020-03-30,2
538ea6432eda,2020-04-08,2
1e88a795cadc,2020-03-30,2
cfb999edea8e,2020-11-26,2
7b36f6bc846a,2024-03-29,2
a31f49ec3171,2020-04-06,2
b0d24502fb66,2020-07-05,2
d6c0f7cefe6d,2023-09-14,2
d985b4134d51,2024-02-01,2
7b150924d864,2021-04-08,2
4b68c310a27b,2024-07-01,2
fd56a09d2814,2020-04-07,2
50d55a0f62dc,2019-10-17,2
7d8ecbab7957,2023-09-13,2
f84d244095bf,2021-05-26,2
221f22bac1cf,2020-08-13,2
71a361306e7b,2020-08-13,2
e0105bc2c1f4,2024-02-01,2
cb89977cbb0a,2023-05-22,2
1fb084903cdd,2019-10-17,2
34d10196dd0a,2020-05-07,2
bd814a74c23f,2020-04-23,2
d74a6d5323d9,2019-10-17,2
6bd0d1f80711,2020-10-26,2
1e0b5651494a,2020-05-05,2
d5a73f40b7a4,2020-04-28,2
7a99328e359e,2020-04-28,2
982c5eaf56dc,2020-04-28,2
df6d1ec3aead,2022-04-06,2
383eda871fca,2023-11-07,2
75a435426869,2023-11-11,2
2475ef3f423a,2021-06-28,2
1e6abf2ee5cb,2021-06-28,2
e4f65efd99d9,2020-10-16,2
65878b7bed5d,2019-10-17,2
f0c2857afa61,2020-05-13,2
1dc10ba8bdf3,2020-05-25,2
93fd3ced9d80,2022-04-25,2
6c4ab581e079,2021-06-15,2
2cadafe05b9a,2019-10-17,2
918ddd0a3082,2024-06-18,2
71e748dee18f,2019-10-17,2
de24ec537232,2020-07-08,2
f3926b46407b,2019-10-17,2
7f3dabd358c5,2023-06-07,2
091c37614a79,2022-06-20,2
67462c40e05a,2022-05-19,2
95e4efa61c60,2020-07-02,2
11fda7fc3943,2021-08-06,2
972ea3f529f1,2020-07-15,2
dfe0d6d2cc0c,2022-06-15,2
ff095aaab25d,2022-10-26,2
7d8cbb4a02b2,2020-07-03,2
05cd033f73f3,2020-09-06,2
75271b2196fe,2021-02-26,2
735d5ffbc6d5,2020-07-15,2
0aa8f741ff8a,2020-08-23,2
317b538c9869,2020-08-23,2
a1c2afeb9272,2020-10-28,2
1c67e8ae89aa,2022-03-14,2
ddf87fd15e2e,2019-10-17,2
e0d86b8aff2a,2022-11-01,2
7d1b3b53ea25,2020-07-23,2
67652bac69ad,2020-06-10,2
1a46e25be54b,2020-07-15,2
9f09ec513219,2019-10-17,2
93efb85fe7ba,2019-10-17,2
d1dba72d5d7d,2019-10-17,2
ee48e0dc685c,2019-10-17,2
ae1e36c2c68c,2021-10-08,2
c59575b1b764,2023-03-10,2
f9f71e89783a,2020-08-03,2
144b8a690139,2022-03-29,2
2c995ce7abc0,2024-02-07,2
5f3114373ddd,2021-09-27,2
16131ed1d549,2021-02-01,2
f2532015594f,2020-09-21,2
398c9bdd903e,2023-04-28,2
09f44d327571,2020-08-14,2
f1fa4eec4e38,2022-09-12,2
5fcf68738493,2020-08-14,2
6734f278f64d,2022-10-30,2
7970d43f42a9,2022-08-16,2
09c375b4e892,2024-09-02,2
cf8c74785482,2024-07-29,2
5cb50337b463,2021-08-05,2
c83a1d441b0f,2020-08-12,2
6c09f7b5f445,2022-05-30,2
faa8a4929637,2019-10-17,2
d50d1fff8f3a,2024-05-08,2
a9c9465e1661,2021-03-04,2
1d26d84aa925,2020-08-04,2
b10dff42fe4b,2019-10-17,2
c4d12bc7add6,2023-09-13,2
c94df568f36f,2024-06-19,2
d38a2a4e5976,2020-08-24,2
3bc43952d065,2024-09-26,2
d87a0c3eed57,2024-09-26,2
6dfc1ece5c7f,2022-06-10,2
81dd5a9e1b5c,2020-08-10,2
d8dc7e74f7cf,2021-02-25,2
c1b3cc50df86,2020-08-14,2
e5a9b6150a8e,2022-09-12,2
156617da100e,2022-07-27,2
e9764ceeaf32,2022-07-27,2
ac89700d5fe0,2022-05-13,2
20ef2e189ffc,2020-09-24,2
0a627d488d5f,2020-08-18,2
a7d92bfd84c1,2023-06-21,2
e7901b87566a,2023-02-22,2
d17432476eb7,2022-07-21,2
891f3780b229,2022-09-15,2
3cc22542f525,2022-12-07,2
74c230b6a385,2020-09-10,2
0294c4bcd281,2023-02-09,2
0b05c4bec05c,2024-08-22,2
b50b79d0a0e7,2022-10-20,2
707aff3738d3,2020-09-10,2
7106d83524a4,2023-11-06,2
c7b448822ffc,2024-02-06,2
2141b8388cab,2024-08-19,2
3e8db7e45e7b,2024-06-10,2
618d3433f173,2024-07-11,2
78532f6809af,2023-05-23,2
14643b879b5a,2024-07-30,2
03a49407f2e8,2023-11-08,2
efbfcf1c20a7,2021-05-13,2
23829d7b9a33,2022-04-07,2
18371826f96a,2019-10-17,2
dda295ad9b23,2021-10-12,2
6fd53e4ccd68,2022-04-06,2
bde50ac94d41,2022-04-06,2
991837cefebc,2022-04-06,2
8a8bbdf5c251,2022-04-06,2
b2753ff9662b,2022-04-06,2
dab40327ac49,2022-04-06,2
2ba83fddc80e,2022-04-06,2
44d1f256c1bb,2022-04-06,2
db6ad4c5ab27,2022-04-06,2
33146632a2f6,2022-04-06,2
c002d248ca11,2022-02-24,2
3b46351b60e1,2020-10-28,2
198ea34ad183,2023-01-29,2
17a5b102fcfb,2023-01-29,2
9a5e76f09ec9,2023-02-07,2
3317d3b7f5c2,2022-10-25,2
5492b5e40d3e,2020-11-01,2
c327e7d712ac,2020-12-14,2
bc38e14960df,2024-09-02,2
a1958da0ab7b,2020-11-17,2
68242908b37f,2024-08-01,2
312f9585bb5b,2021-10-04,2
c7e1575163eb,2020-10-14,2
719a5bbaf540,2020-12-30,2
5e11c30d588e,2024-05-28,2
66af3f982691,2020-11-05,2
18875195ac1b,2020-10-21,2
418c8757e8d4,2020-11-25,2
21dc0bb83e30,2020-11-25,2
af00d4c4a5d6,2020-11-15,2
8f308285dcfb,2024-09-25,2
d04bb6f9848e,2024-08-25,2
520ef99e7285,2020-11-06,2
3620da0d7597,2020-11-06,2
f4d377ed235d,2024-04-26,2
79ff4d60e600,2023-05-22,2
355da60ff933,2023-05-22,2
46eb2a4ce79c,2022-04-06,2
26780f604c9c,2020-11-06,2
6a8cb0ca9e2b,2023-11-06,2
5103030b2a77,2024-08-13,2
46b5a856aa4b,2024-08-22,2
bed49caa5656,2021-03-02,2
5b28acc700f2,2023-01-13,2
d0415da83dd4,2023-02-22,2
25bcb0ee1559,2020-11-25,2
2a3b4423817b,2020-12-02,2
be28ab85732e,2022-09-22,2
1c689e54c578,2022-09-22,2
f6705cd92931,2022-12-08,2
3889078418c0,2022-05-20,2
f6607bc53b55,2022-05-20,2
44c88d4cb05a,2023-09-14,2
26411ac96085,2022-05-20,2
570260e0ecdf,2020-11-30,2
02b084825609,2022-05-20,2
1963db4fccba,2021-03-22,2
29d5b40fc027,2021-10-18,2
5938c8dedd47,2023-02-02,2
d7b1203906af,2021-10-18,2
2fea483d3a5c,2021-10-18,2
79864f2fe3e6,2020-11-23,2
fe4a00653cbe,2024-05-02,2
7290d410e4aa,2021-04-22,2
338b54f8889f,2023-09-19,2
2948735c140e,2021-11-16,2
412a760870c1,2021-11-16,2
6f790765e831,2024-01-17,2
5dd81a6984b5,2023-09-13,2
783ed93af461,2020-12-13,2
b5fe52922727,2020-12-13,2
53373bd97638,2020-12-13,2
651c34ed4958,2020-12-16,2
43ad9440663f,2020-12-13,2
e8da9c15cfa4,2020-12-16,2
75fe8dcd0c01,2022-07-07,2
5e4151fee49a,2024-08-30,2
5af1d0c5ffd3,2021-04-12,2
4594857f8f14,2021-06-08,2
ac82952e346d,2020-12-11,2
4a343afd2743,2023-11-24,2
10ac1a4c4692,2021-02-17,2
73a63cacb027,2021-03-19,2
d71e73615501,2021-03-19,2
03be80e23c37,2021-03-19,2
9a2123994b37,2024-09-24,2
3c15aaa8adb4,2021-07-09,2
a22c79c7ea5b,2021-02-04,2
618ac00db6e7,2020-12-18,2
a37a72936265,2021-02-25,2
79fdc441b59f,2019-10-17,2
3983eeec8388,2020-12-28,2
14a4a0156def,2021-01-12,2
2d1370da96ac,2021-01-12,2
a9ee9513cb2d,2020-12-28,2
47852a051a82,2023-09-13,2
842a4679d466,2022-06-15,2
f18b19c69d3b,2021-01-25,2
2120b4222687,2021-07-20,2
839834e49863,2021-01-12,2
46d902334b23,2023-11-01,2
bae85ca27f6a,2024-09-04,2
875117819b13,2024-09-04,2
a830921a7f5d,2022-12-22,2
b217079cca31,2023-09-13,2
d3858db7de5d,2021-01-25,2
15c1967eba7d,2021-01-25,2
0972c87ddb1e,2021-01-25,2
7b9b180fb168,2023-10-20,2
b3909a49f141,2021-01-28,2
fb8e3f81b29f,2021-04-07,2
516e5d4b2798,2022-11-24,2
d6a2343187f7,2021-02-04,2
353f645dd9eb,2023-11-14,2
baddb18933d5,2021-02-02,2
4932de2de13a,2021-03-04,2
b063ec5d3035,2021-09-15,2
169c12368d5e,2021-02-04,2
7cb1c4b9ad50,2022-08-28,2
a199da3b9fb9,2021-12-09,2
c918d1d6c13e,2022-08-09,2
5ffeca4fbd43,2021-03-17,2
3db1bfb4c1b3,2021-02-26,2
46ad88981d04,2022-08-15,2
98d67e0758ce,2021-09-27,2
d8df933168d8,2022-01-11,2
9c9b5ea8ccd6,2021-03-01,2
7cb73a7f2bed,2024-08-01,2
1db8d809bfef,2021-03-12,2
0d6ea764935a,2021-03-03,2
58c76aa12bce,2021-03-03,2
60a3cc755f27,2023-12-27,2
6cf70373488e,2023-12-27,2
d59d1b5ea2e6,2022-08-24,2
374b3adcc564,2021-05-19,2
34a664d5ab47,2023-09-13,2
11415b397fdc,2023-09-13,2
f21d6d1e7f95,2023-09-13,2
35c92067c1ca,2021-09-14,2
3f65ffbd3769,2021-09-14,2
5cf95bb82011,2021-09-14,2
611ce5751c97,2021-09-14,2
cb54cff53dbb,2021-03-22,2
39c0e7b52fba,2021-03-22,2
bf9fa2249b9c,2024-06-18,2
147245b3fe87,2021-03-15,2
193cc1cb619e,2021-03-18,2
814f54cc8763,2021-03-11,2
e88b36c4ba34,2021-10-18,2
fca15d4f238a,2021-03-25,2
6af9fb1d6de9,2021-03-25,2
3159047d3ae7,2024-09-05,2
0dc5a5dbe3c1,2021-09-27,2
639a88508b9e,2023-06-07,2
9815b8c986e2,2024-08-28,2
61596dfefa9a,2021-05-26,2
bba465217aaa,2022-09-15,2
3d71794cbb48,2022-03-21,2
e1ed0bbfbb67,2024-09-01,2
b9002eab0ae5,2024-07-04,2
2a588845a5b7,2023-10-29,2
eb1741affba4,2023-10-29,2
652afe79b2ac,2021-04-26,2
41e7f15539c4,2021-09-20,2
8c4f33a744b2,2021-04-29,2
8030e84b9df1,2024-03-25,2
5cfae385098e,2023-10-03,2
2f2e5c91c6d6,2021-10-04,2
6dd6ebec3c23,2021-10-08,2
91f7dc69401b,2024-03-10,2
a7da9fd8ea83,2024-03-19,2
bbb59dd0e0a0,2021-09-13,2
694e6be81eb6,2023-05-30,2
355a2ce0ee94,2023-10-06,2
dad90757bc62,2023-11-21,2
8ecbbbc42d62,2021-05-31,2
6225cd466bdd,2021-05-31,2
edcec4195407,2022-04-12,2
e4607f88bf0a,2022-04-12,2
27f3cf710cb2,2021-06-16,2
cebdaa379a6c,2023-06-15,2
2052459cc232,2023-06-15,2
309d5f8e6f7a,2021-05-27,2
e090d8f594ae,2021-04-29,2
706c6a80b946,2021-04-29,2
f1c48736af2a,2021-04-29,2
9e91c75d4029,2021-09-06,2
4e4eb60aa34c,2023-03-02,2
3bc9b90f419e,2023-10-30,2
8b2cdb7ac537,2024-01-18,2
6ce1f44a1c9a,2021-05-04,2
fce754e47997,2024-03-07,2
4c0188692474,2021-05-19,2
f13a1a4b5e3c,2021-05-19,2
56719b4979f1,2021-05-19,2
6c7274fef14c,2021-05-24,2
c1ef3911503f,2021-05-24,2
4362c1ae805b,2021-06-03,2
f0aa6784d540,2021-05-12,2
37457767fdea,2021-07-19,2
28fe8e7cda87,2021-12-23,2
2db416d0001d,2021-05-13,2
3e766cff4788,2021-07-19,2
2e43a3188326,2021-05-27,2
490e2aa60867,2021-05-27,2
a6de9c117341,2022-06-14,2
5634ff5e6f57,2021-05-17,2
0a9493fdd71f,2021-05-18,2
d219369bd18d,2021-05-18,2
fa8ea90f132a,2022-10-10,2
7b3a293d4ef1,2021-05-18,2
c5f38f353725,2021-05-18,2
e8b7993886db,2021-08-20,2
20775137bc92,2023-09-13,2
d6d7ccfadd43,2023-01-08,2
a7227c40ddc4,2022-04-28,2
e3d84ad38926,2021-05-24,2
7ca7c438c037,2023-04-07,2
6c4836a2b761,2024-05-21,2
7aa3b2d44328,2021-06-03,2
1c7b50ce47c2,2021-06-03,2
26546e33da50,2022-06-23,2
d459c72def01,2022-07-19,2
c0e0a88d85a8,2021-06-07,2
45cdbca64f44,2021-06-09,2
b49919095c52,2021-06-15,2
96924412a926,2023-09-13,2
4768bb16cafe,2021-06-21,2
3aa03b19bfae,2021-06-21,2
63b70d15b716,2022-12-12,2
598d26e4c5d4,2022-12-12,2
59ab65651d00,2023-04-06,2
3a62d823cbf3,2021-08-05,2
9e290e768ba4,2021-06-23,2
b4c54f1cea9d,2021-06-29,2
0105424d1eac,2023-04-21,2
d095b2ad3f85,2023-04-07,2
82e5d1446493,2024-01-25,2
335bda062c12,2021-06-28,2
eb802b90190e,2022-08-30,2
5d4968499d8d,2022-06-16,2
9572eebbe67a,2021-06-25,2
42baadcbfb08,2021-06-25,2
ed4724c21a9a,2021-11-22,2
56940044747a,2024-02-13,2
56edb7bdecaf,2022-12-02,2
afd3bf9fe2bf,2023-10-23,2
42b3dd5646ac,2024-05-27,2
6e8029bdc791,2023-11-06,2
36ae4ecf1c00,2023-09-26,2
37b96059be21,2023-01-31,2
7a040ff65ca4,2022-06-17,2
ec721eaea352,2023-01-31,2
a659343ada4c,2024-08-05,2
3c97571dcf73,2021-07-22,2
a2da304c3c79,2023-06-13,2
9c9221fd01bc,2023-06-13,2
558a01a8957b,2024-08-22,2
bf94c8fe0812,2024-08-22,2
721a448a410f,2021-09-16,2
f1d2c45681c0,2023-02-09,2
183e1c484862,2021-09-29,2
6cf4a083307d,2021-09-29,2
9f0ea9d15f2c,2024-03-15,2
a19da3458d33,2021-09-16,2
424154f5fc2b,2021-08-08,2
0217891abe14,2021-08-08,2
500da7196bfa,2021-08-06,2
f61715cf299c,2021-08-10,2
4e6b3c70fe00,2021-08-10,2
3fc246d9bad4,2021-08-10,2
1fdbfb7fa177,2023-06-26,2
3ae077561b63,2023-02-28,2
a0d95e96f681,2023-02-28,2
fa3177cfd23b,2021-08-06,2
2ad9920e7190,2021-08-06,2
5a71f41ed723,2021-08-06,2
6bc399382ef9,2021-08-16,2
38b513776508,2021-08-16,2
7cc784707a81,2021-08-13,2
d3deb022e0fa,2021-08-16,2
3f51ef38a9f1,2021-08-16,2
f6f3f60ba6bc,2021-08-16,2
1fbe6f22f916,2021-08-16,2
58be3caf1c38,2022-08-11,2
e81bcf25595e,2021-08-18,2
aa7bd0edb846,2023-03-23,2
5967f8a7132a,2021-10-18,2
154ce462a303,2023-02-07,2
51672a773b04,2021-09-13,2
1ab309498535,2021-08-19,2
6402808de4c8,2022-11-28,2
00727e9b17f7,2022-06-15,2
8461b56a0858,2024-08-12,2
219cde81aa67,2024-03-25,2
947dc1d486a8,2021-08-30,2
bde833ebc430,2021-08-30,2
0d442dd33566,2021-08-30,2
5a7fde44da79,2021-08-27,2
e91ec9e0bc5c,2021-10-20,2
f41069cdea91,2023-02-05,2
76025e875310,2021-09-23,2
6eed523c5a67,2023-06-07,2
38d7124059c1,2023-06-07,2
4578719bd88b,2023-06-07,2
2e694483545f,2023-06-07,2
cbf93ec5240c,2023-06-07,2
40361e767d3b,2022-10-02,2
73d9a9e5dc13,2021-10-14,2
91e58584db06,2021-10-22,2
4aaf78390456,2021-10-26,2
c55430541a3e,2024-03-25,2
667881276649,2022-07-14,2
c38deb2bb656,2022-07-14,2
49a901590b85,2022-04-06,2
6fa8315c37c7,2024-06-18,2
02841a739364,2021-09-24,2
a5fe7de18f80,2021-09-30,2
84f677bc400a,2023-12-06,2
74d7be1e856b,2023-12-06,2
96c7d39441ed,2024-03-22,2
f917c2714cc6,2021-10-01,2
3b4c8badda0c,2021-10-01,2
8b67550de8dd,2023-09-13,2
346f431d3a1b,2024-06-18,2
3ea923ec5cdc,2021-10-07,2
b9612144ee48,2021-10-07,2
034086cd6096,2021-10-08,2
6fbe0aec7e1c,2022-10-27,2
4f93f80deb70,2023-03-09,2
124df924f69c,2023-03-21,2
ecfcd14b9b08,2023-03-21,2
7e84c1b79334,2023-03-21,2
ae2890f783b8,2022-02-08,2
92543c68fd9b,2022-02-08,2
d0d2ac309a39,2022-02-08,2
341c1c6a14c3,2022-02-08,2
de16503a8d18,2022-02-08,2
ab611c5cef62,2022-02-17,2
59e74245e91e,2022-02-08,2
f1ad124b3bd7,2022-02-08,2
aaf59c018712,2022-02-08,2
850d36ba819b,2022-02-08,2
be228a95a472,2022-02-08,2
e53af0890dad,2022-02-08,2
724163621c34,2022-02-08,2
9480aa81ff6c,2022-06-08,2
92f125352de7,2021-10-14,2
ddd62b3e0f97,2021-10-12,2
179d16a31f90,2021-10-27,2
1bb70292bd53,2021-10-27,2
36821ce2287c,2021-10-27,2
eb6ef7df698c,2021-10-27,2
e61522240b9b,2019-10-17,2
fec08900d974,2023-11-03,2
fb597c14b1bc,2021-11-10,2
4404e7661b6e,2021-11-10,2
25d00adb27fd,2022-08-09,2
3f2edbca45ea,2021-11-10,2
2a8891a82021,2021-11-10,2
c54190bd94b0,2021-11-10,2
ee7b9307813f,2022-02-10,2
d2cce85a6e0e,2024-05-24,2
d06e91333045,2024-06-26,2
16faf4a1d88a,2021-11-17,2
09f5999c99c1,2021-11-17,2
802654599bc5,2021-11-03,2
7baea7e8c171,2022-06-06,2
ecafb8ae8bd0,2023-09-13,2
bca013a15ca2,2021-11-18,2
fa75be937439,2023-12-08,2
136395cf6eec,2022-09-26,2
6ea9f0f8c583,2021-12-07,2
696e22c48aa0,2021-12-07,2
4683d4361bdb,2021-11-08,2
42e0f5c44244,2021-11-08,2
7943d20d58f5,2021-11-09,2
696c8b988650,2021-11-09,2
b518a2a2010d,2021-11-11,2
1836fe5549b0,2024-01-23,2
406c4ce18c38,2024-01-23,2
9baca7858bc6,2022-01-12,2
d84a6da68e50,2021-12-03,2
0cac5effb2e4,2024-06-10,2
2e166d7f1479,2023-10-20,2
614f930aafe8,2023-10-20,2
f978571e05c3,2021-12-06,2
80c1e1cfdf46,2021-12-06,2
f3019dac45e1,2021-12-06,2
ace595f4b268,2021-11-29,2
8e76b50122be,2024-07-16,2
10d53e8ea20a,2021-11-25,2
5c1e7a25bcf0,2023-09-13,2
60d5e5908c9e,2022-06-26,2
792aaa613e04,2023-12-26,2
5b41fd9ddf77,2023-12-26,2
85b479e60be7,2021-11-30,2
d570224e3506,2021-12-07,2
504a26186545,2021-12-07,2
ca24af617954,2021-12-07,2
9a02da64050e,2021-12-20,2
435d55413080,2023-10-06,2
ea28ac1a0375,2024-09-16,2
aff65297051a,2021-12-14,2
6fb71bef7f08,2022-08-08,2
0a5d000cd803,2022-08-08,2
85d97d4fbd8d,2022-08-08,2
1dad7cd9cd26,2021-12-20,2
e778032b1692,2023-11-13,2
06d74a9ab86a,2023-10-30,2
5a07b4f66db3,2022-02-18,2
78d3b6977914,2021-12-27,2
a1e24636db37,2022-01-18,2
4c66d57853fa,2022-01-11,2
b162c8ba5b48,2023-10-10,2
ddfcf556aa21,2022-01-11,2
5c0242f5c553,2021-12-29,2
326e74ddcf15,2022-01-17,2
47255ee1bce5,2022-01-18,2
33045abda64e,2022-01-20,2
17cffd3d0cec,2022-01-20,2
c1c646f61309,2022-12-20,2
4edb7b04c131,2022-12-20,2
f17292932211,2022-07-29,2
af26f14c0dc2,2022-02-14,2
4509dbb9b489,2023-03-21,2
4366d222cef6,2023-04-11,2
c5132d939dc5,2024-06-19,2
406b3109d59c,2023-11-29,2
dbfa51dc0b78,2022-02-03,2
3378eb23b704,2022-02-04,2
1e7234b451fa,2022-11-03,2
64f228656f89,2024-05-08,2
2457042ca256,2023-05-05,2
276f08e461d5,2022-02-07,2
9d2a2a3c5c9e,2022-05-17,2
0d42ded7560f,2022-03-24,2
05c0595bb3fc,2024-07-28,2
6db176611074,2024-06-16,2
b05c9fd10dfd,2022-02-24,2
029f72f6913c,2022-03-01,2
39ea48f7a28a,2022-12-12,2
94857ef47ce5,2022-02-24,2
df4dd163d2e8,2022-02-24,2
2a539f601d2f,2022-02-24,2
49d1a0df565a,2022-02-14,2
78ec92704304,2022-02-14,2
e13e6c70d395,2022-02-28,2
3649f8ddffb1,2024-07-22,2
b26e7aaf90e8,2022-04-08,2
401eb8d03f1a,2022-04-08,2
843c162d8f58,2022-04-08,2
4346ab99efcb,2023-06-08,2
e67e7f591741,2022-03-06,2
85c0b1fa71fe,2023-02-07,2
1041d7b54476,2023-11-14,2
e9a9078df42c,2023-11-14,2
01c1e9f5775d,2022-03-03,2
e666f86f8015,2022-03-03,2
8acf1d1a462d,2022-03-03,2
d7e740a0c98d,2023-02-21,2
0c177085dc7d,2023-09-13,2
21ee94849da9,2022-04-27,2
8b6a63f4eb18,2022-03-25,2
7dc258974aec,2022-03-25,2
52c55066b441,2022-03-09,2
6ee67f6c46f6,2023-11-12,2
14304f7ccd80,2022-06-16,2
d7b78b49bb3a,2023-06-05,2
44ded38352b3,2023-10-25,2
3d3078dd7ec2,2024-03-25,2
2e3096a6dd4d,2022-08-08,2
55396813af5f,2022-08-08,2
e9e769840e59,2024-06-06,2
d61c252e95c5,2022-04-04,2
c24c1c6999bd,2022-04-04,2
90596a57d733,2022-10-24,2
b7538db9c4be,2024-03-04,2
77a6b5af4aa6,2022-05-04,2
0b7c0f21f11a,2023-06-23,2
3e67a4049c0c,2024-04-03,2
327ac8fdf7b6,2022-04-26,2
4974e5bacc44,2022-04-26,2
77bb17096f87,2022-07-27,2
5a3eba6fed1e,2022-04-27,2
faf93b897ffb,2022-04-27,2
c2c27b5d1d7f,2022-04-14,2
c44a6b311d75,2022-04-27,2
223e3ea1fda2,2022-05-19,2
82ae5bb61987,2022-12-01,2
f8caaaebfc67,2022-04-14,2
6123993062f5,2022-04-14,2
d73a14e8c385,2022-04-14,2
08d74472dfaf,2022-05-19,2
365d502ff5e1,2022-03-30,2
c61de8899e4a,2024-08-26,2
e57d25d6d6f8,2024-08-01,2
93ef0f20a237,2022-04-15,2
127a65ca73d1,2022-04-05,2
9b561ac30434,2022-04-05,2
45444b5df2d1,2022-04-05,2
3dd6b77c8dd3,2022-04-05,2
21c6a6c3f5e5,2022-04-05,2
8067b5e24e17,2023-10-26,2
c2e05e4b65de,2022-04-05,2
0b3aaacdab26,2022-04-05,2
ae376cd3dc07,2022-04-15,2
6386a1ea4b08,2022-04-05,2
2f58fbcba233,2022-04-29,2
e3f5af31173d,2022-04-26,2
d489223074df,2022-04-05,2
3a8d11d1b3ae,2024-01-31,2
5e12c28911b9,2024-07-22,2
8ab850c0c739,2022-09-20,2
ff0d1d71a9cf,2024-09-25,2
3b5fc5b9ad20,2024-03-26,2
c85b4f0e069d,2024-01-23,2
d0bd6b744046,2022-04-20,2
978baf9e32a0,2024-08-14,2
1193f56a5939,2023-12-19,2
18a3d4062bcd,2022-07-10,2
811a664f11e7,2022-05-04,2
c8e079024f9b,2022-05-04,2
26a2bef817b3,2022-04-12,2
a2cfd8033c4c,2022-04-12,2
f0e14b304999,2023-06-07,2
4f3a6be8741b,2023-06-07,2
f44a9427c2ae,2024-05-29,2
7c694f9aa4cf,2023-06-07,2
81a6ffef269a,2022-10-25,2
1d761620e65c,2024-06-30,2
db2d6ec41ae3,2024-06-17,2
8f628554c882,2022-04-20,2
309bf0c67192,2024-08-20,2
d20143cae948,2024-03-04,2
90d392c63de1,2024-08-20,2
acce086d161a,2024-08-20,2
87c78d17be6c,2023-12-26,2
9dfe7718f44e,2023-12-26,2
a80d3c70c72c,2023-12-26,2
8596f58dee11,2023-11-30,2
216b628b59c0,2023-06-26,2
94a53942676c,2023-03-10,2
ffea55e3589f,2023-03-10,2
15cef788e297,2022-07-13,2
ecc94ab86025,2023-06-15,2
3e00c3430223,2022-05-23,2
325e4690e97f,2022-04-29,2
bd48d93dbba9,2023-09-13,2
9a8300d8b274,2023-12-07,2
43ff89a5dd2f,2023-09-13,2
7e1d941338fb,2023-09-13,2
9bca098b2182,2022-06-06,2
ecec2646e34e,2022-05-10,2
4d0b69febfe9,2022-05-30,2
7dab69bdbf45,2022-05-30,2
6a8257fb92d2,2022-05-31,2
6267174d47a3,2022-05-30,2
a33014bd248d,2022-05-13,2
2857a0472695,2022-11-03,2
b0c4159b0b91,2024-05-16,2
6bbe6a2dce53,2022-11-06,2
0a14cfeacd70,2022-05-22,2
a66335f73372,2022-05-18,2
f3f27a42216a,2022-05-18,2
592586ffb6f9,2023-02-13,2
da3483eaa4f9,2024-03-04,2
86a82fefdf90,2024-09-04,2
2720f43d4153,2022-05-22,2
dd37871ad556,2023-09-13,2
c7c4a52e5429,2023-09-13,2
7a4d94b5071a,2024-07-31,2
864ace4747ea,2022-11-08,2
837b52a3d252,2022-06-08,2
02449bc5f33c,2022-06-08,2
b821dce4c39e,2022-06-08,2
4339695d554c,2022-05-31,2
d888e0b31a4c,2022-05-31,2
f4b686a86b89,2022-05-31,2
009788312f95,2022-05-31,2
eea3e063c5f4,2024-05-08,2
0d3780179766,2024-07-22,2
2ca32791f2d3,2022-06-07,2
dbef23286c00,2022-06-14,2
c6a978531e94,2022-06-14,2
baa7186803ed,2023-03-09,2
2e1840b6ffd7,2023-09-13,2
5644d1b7a27f,2022-07-20,2
b9160c607257,2022-07-20,2
99998e3f3c0a,2022-12-20,2
be59c6e7c49b,2023-03-02,2
1c1a3875d08f,2023-03-02,2
5b1186e756b6,2023-03-02,2
9eee87c046b1,2023-01-26,2
aba9ac9e047a,2022-06-15,2
8c13ff1802a3,2022-06-16,2
fc92d8d3a29e,2022-06-15,2
4e27ffa4a3dd,2024-04-10,2
531c9f8e9fcf,2022-07-26,2
e7822cafdaa0,2022-11-21,2
7149611b352c,2022-07-12,2
8cc0331e2f31,2022-07-12,2
87d56787dcfc,2022-07-12,2
fd44a6d9fe3a,2022-07-12,2
1b997331fa34,2024-05-16,2
e3fcfa6494f7,2023-04-28,2
af44f80a7a25,2022-12-02,2
f6304307ab65,2022-12-02,2
ede00b831f86,2022-12-04,2
b2022d99615c,2022-07-14,2
cccc5c6ddb11,2022-08-16,2
ecb19e53bb4b,2022-07-05,2
ef6aa2f4b0f9,2022-07-05,2
a0698b379ae6,2022-06-27,2
e5b0b0a44168,2022-06-27,2
097b13a17073,2022-07-14,2
47f993861d35,2022-07-14,2
5076d72e731e,2022-10-27,2
d6c21ae5f8a3,2022-07-12,2
14aa90a582ca,2022-07-12,2
860e63c5c21b,2022-08-10,2
d5a32a6c967f,2022-08-10,2
f07952906fa7,2022-08-10,2
888de39b2fb7,2022-08-10,2
1a58d556c08d,2022-08-10,2
66a6079f65cd,2024-03-05,2
3de40464b91d,2022-07-19,2
2450d48c8d19,2022-07-19,2
3bcea9a07b9a,2022-07-08,2
fab6a5ec7db8,2022-07-14,2
dece43d74171,2022-07-08,2
d5fba643aa87,2022-07-08,2
d2a3ac50ad87,2022-07-28,2
07bba8b6424a,2022-07-06,2
690471953e75,2022-07-15,2
ab64106940ad,2022-07-26,2
a339cb144720,2022-07-26,2
58e3189bd162,2024-08-07,2
09d8bf445607,2022-07-26,2
5a934662a1f5,2022-07-12,2
0f2c6163d589,2022-07-21,2
8fe612cc8e64,2022-07-21,2
ad761120493e,2022-08-25,2
fe341099b1fa,2022-09-20,2
0c29c05e9a0d,2023-11-07,2
169d5efefac8,2023-11-07,2
4daec0c09a47,2022-07-13,2
b6505b1fe64e,2022-07-19,2
7a52f469f315,2022-07-21,2
85ab0061cf26,2022-07-21,2
56382323ee15,2022-07-21,2
534465a0faf1,2022-07-31,2
b1a9754cdacf,2022-07-29,2
894a72fa3829,2022-07-29,2
92bc0f97dc88,2024-03-21,2
1779f62947ab,2022-07-20,2
6d3298611c7f,2022-07-20,2
7e7e65a115dd,2022-07-26,2
2981a11a65f1,2022-07-28,2
35b7b4e51301,2024-07-14,2
d7bae62760d4,2022-07-24,2
ca50e3d87e08,2024-03-25,2
86c193a2862b,2022-11-07,2
8225b3485c42,2022-11-07,2
9d7e0cdc9264,2024-07-11,2
89162c184581,2022-07-26,2
f3f0a853f61b,2022-08-11,2
7275b434335e,2022-08-11,2
134ede126746,2022-09-08,2
3ca2d6b3d924,2022-08-01,2
6f4cdfcf78eb,2022-08-01,2
2298513539d5,2022-08-12,2
2380a7f6039e,2022-08-12,2
6863d0f6243a,2022-08-12,2
2de287e567a3,2022-08-12,2
1962289c7626,2022-08-25,2
fd076e3edf43,2022-10-11,2
43ec2d6d3df4,2023-02-21,2
8a9c42077064,2024-02-26,2
e4d1a712d48a,2023-01-13,2
0f21ad20ce21,2023-01-13,2
49db7042ba7c,2023-09-13,2
2a3a5d1ad053,2023-02-01,2
6cbf95a764e0,2022-09-08,2
38c8e360a8e2,2022-09-08,2
d8fa49a594d8,2022-10-20,2
eabcd9da5a8e,2022-08-11,2
47dea3d2ee9d,2022-08-31,2
a86616cb0e81,2024-05-20,2
82fb45065034,2022-08-30,2
c774a80c17a7,2024-05-20,2
4cd92f80f2da,2024-05-20,2
07a36b89d15a,2022-08-30,2
c84cbf601946,2024-05-20,2
601b36c51e30,2024-05-20,2
9f2c0dac6c86,2022-08-19,2
f920a7e18f2b,2022-11-23,2
e0bd11eb69dc,2022-12-06,2
d39c347f2fa8,2022-10-05,2
b1093ad12e96,2022-11-17,2
8bcfbb950bdb,2022-09-07,2
3a1dfb5dafff,2023-05-03,2
b12655965a3e,2022-09-22,2
5bdbf2f3e5c4,2023-04-25,2
8a52d2bfcbc1,2022-08-25,2
ea1227391f07,2022-12-02,2
570f238f9421,2023-01-13,2
01fecb3e94af,2022-08-25,2
83a8ba75b7a6,2022-08-25,2
147db6752c68,2024-01-09,2
6d05125287bd,2022-09-08,2
1358fb5a8709,2022-08-30,2
256b7aba2601,2022-12-02,2
59700a600734,2023-04-28,2
7e1031a9b986,2023-09-13,2
f6987afa29c5,2023-09-13,2
77b21c803efb,2024-07-03,2
5f54bd80af12,2023-09-13,2
d307c7bebbae,2022-10-10,2
3ac3260ad392,2022-10-10,2
17b5210d40b6,2022-09-02,2
f8b7dbe3d608,2022-09-01,2
6a88eaf949c3,2022-09-01,2
bddfe84cfa22,2022-09-28,2
730ca39112f4,2022-09-22,2
e501397f660c,2022-09-22,2
0cdee18815d5,2022-09-22,2
d033262d60d2,2024-08-15,2
fdba6ef80c19,2022-09-07,2
60f47f1a6bd6,2022-09-07,2
dc7b42472271,2022-09-07,2
cb2161ffeb37,2022-09-29,2
ee7fdca638d1,2022-09-12,2
f138f087f6aa,2022-09-12,2
49903614eaee,2022-09-12,2
405149a6a30a,2022-09-12,2
b48c315157c9,2023-02-06,2
24c43c59c712,2024-06-27,2
db9a3a8d51a7,2024-03-31,2
60b219b77e9d,2024-01-31,2
edd984ebb2c3,2022-10-25,2
ca0f2458e167,2022-10-25,2
fd2a6fda5520,2024-06-24,2
3746055cc037,2024-06-24,2
45f78059ef94,2022-09-15,2
1508e22e6712,2022-09-19,2
791711117260,2022-09-29,2
4dda944dca92,2022-09-18,2
4d9b790d051a,2022-09-22,2
ad57952b7b26,2022-11-01,2
13939303b8d6,2022-11-06,2
560c7ab9cd0a,2022-09-23,2
e8ab4fce74c8,2022-09-27,2
d42583f6a50e,2023-02-16,2
de733eaf655c,2022-11-28,2
ae3ab74c6e62,2022-09-27,2
3f02ac15c9fb,2022-09-23,2
9aaad7ed5188,2022-09-23,2
62b5b89868d3,2022-09-23,2
a7540074b690,2024-08-28,2
448675bb116f,2022-10-05,2
6f3e1430c9c1,2022-10-05,2
c5c0eee4b69a,2022-10-05,2
75e8d9cd829b,2022-10-05,2
b04d202ba55b,2022-11-03,2
a1ee1b870049,2022-11-03,2
d9b8a718d3b6,2022-10-09,2
097c94091ea4,2022-10-09,2
eac4249745b6,2022-10-09,2
e9430e023164,2024-03-17,2
0e71cef8e293,2022-09-22,2
3a3a00061e41,2024-03-17,2
ae5ce065a3f3,2024-03-17,2
8ae4227ce1fb,2022-11-24,2
b8fe3d4e62cf,2023-10-09,2
07f7d3fab058,2022-09-23,2
ee05df774887,2022-09-27,2
4a42911804f6,2022-09-27,2
f1d3ba1c1338,2022-09-27,2
0262174beaaa,2022-10-02,2
f9f509f7f8c6,2022-12-29,2
d9d680a0977a,2022-12-29,2
3ee54658ac68,2023-12-05,2
1c5fdf42e63f,2023-04-12,2
6b21c1039d5e,2022-10-13,2
0abea6bb9602,2022-10-13,2
60f200c70487,2022-10-13,2
1596e01d0a10,2022-10-13,2
21bb9a8533fb,2022-10-07,2
29f89a5e01ca,2022-10-07,2
914c1607f7c3,2022-10-07,2
542b30476a92,2022-09-29,2
46dbdddd19b5,2022-09-29,2
2761ee3cbfa6,2024-06-20,2
fcf17785d2b6,2022-10-06,2
bcf516006d1b,2022-11-13,2
420da3b25387,2022-10-04,2
10fe631f2fcd,2022-12-25,2
72f292774d18,2022-10-04,2
7a827094aba0,2022-11-15,2
66b66e1df3e0,2022-10-04,2
c53be0978d25,2024-03-25,2
d01f5a9a52cb,2022-10-06,2
393689c97532,2022-10-06,2
3769fb1ffa72,2022-10-06,2
3a5404ac97d9,2022-10-06,2
5ce1f2691043,2022-10-06,2
6dfd5f29672b,2022-10-06,2
dba14ac2cbec,2022-10-20,2
63281f3bdffb,2022-10-20,2
a7743ce1e189,2022-10-20,2
cc525bc8e6e5,2022-12-08,2
10f7aba6b60b,2022-12-08,2
a5099a80d541,2019-10-17,2
25aa2a6fb0f9,2022-10-20,2
dbe9a2486a4f,2022-10-25,2
758be0ddd2be,2022-12-28,2
93452f66499f,2022-12-28,2
d797c9f19094,2022-10-05,2
730df1b5c76e,2023-02-26,2
92d9fd26b273,2023-05-10,2
9c2be41532eb,2022-10-11,2
9cd0daef0a30,2022-10-11,2
2e18f684ffa4,2023-02-02,2
95b2417763c3,2022-10-11,2
2d4fa2c9c671,2022-10-11,2
f2120f1fa3b0,2023-09-13,2
b57ea3612d95,2024-02-01,2
49413c094568,2024-06-18,2
b88f9d50009a,2024-06-18,2
4441c7575221,2022-10-19,2
41799fef5bb7,2022-10-19,2
8d555291eb18,2022-10-19,2
1bd72c655c88,2022-10-19,2
5d8d9e702154,2022-10-12,2
5cd3da489951,2022-10-12,2
07bc2f18546b,2024-08-18,2
ae7dfc7a8050,2022-10-20,2
06c07f200613,2022-10-24,2
c626b92368aa,2022-10-24,2
df048561ed85,2024-02-09,2
0405e2d11700,2022-12-25,2
9dbc190356a7,2023-10-09,2
664c979b2d14,2022-11-29,2
bb1e8b238be9,2023-11-14,2
82f4ea0ff289,2022-10-20,2
0d46d5000d19,2022-10-20,2
351bcdd0fe41,2023-10-06,2
c216fd7aa07d,2022-10-26,2
e085f86119a0,2022-10-24,2
691efe978da0,2022-11-08,2
f500a41ef425,2022-12-16,2
7f623aa17f3d,2024-02-26,2
2bb963781d0f,2023-05-25,2
771613cde733,2022-10-27,2
916d961d0796,2022-11-20,2
ac412c2183b5,2022-11-20,2
bd2085584a25,2024-06-04,2
1b217ac3fdb8,2022-11-08,2
bdb3f501433b,2022-11-08,2
0ae7d73c3938,2022-11-08,2
efae9c0e7ea7,2022-11-08,2
5792a62669cf,2022-11-08,2
b067c270d597,2022-10-28,2
631c0ed59495,2022-10-28,2
0cd18e6f89be,2023-01-10,2
67132d498c73,2022-11-11,2
9142f09ac85e,2022-11-01,2
09caa1dc9ce2,2022-11-01,2
a4bad822db4e,2022-11-01,2
7490434982c8,2022-11-01,2
a90b74d0f2f8,2022-11-01,2
35b09e0bbdf8,2023-02-28,2
a415ec8d81cd,2024-07-30,2
24716ee5f334,2024-07-30,2
5d331ae0f15e,2024-07-30,2
042a6ab1eea8,2022-11-08,2
f4159feb168c,2023-04-11,2
9bd30dd0c4b6,2024-06-18,2
97fc98e73b8c,2022-11-15,2
aee5945fb2de,2022-11-03,2
d8b672be7ddf,2022-11-03,2
9a535c3638b2,2022-12-26,2
255669429079,2022-11-18,2
f0fb740d8068,2022-11-29,2
9ad6978de70b,2022-11-29,2
242295723f7e,2022-11-29,2
9bd3e40455c7,2022-11-29,2
59e3ff0eb197,2024-01-28,2
17c902e938cf,2022-11-15,2
65fdc25715fe,2022-12-21,2
21a5e30cbc13,2022-12-21,2
175357ebaf48,2022-11-15,2
eb0cb1cc9879,2022-11-15,2
01f8a341fe43,2022-11-15,2
657c079f32be,2022-11-15,2
441f1957fd21,2022-11-15,2
1667cdf37b96,2022-11-15,2
9dbfbe998d05,2022-11-15,2
716dda365ccd,2022-11-15,2
6d0f07566808,2022-11-15,2
33acb610d055,2024-03-21,2
66f2de193117,2022-11-29,2
29f7c5e889da,2022-11-29,2
4e4f7517c101,2022-11-22,2
9da375f2db46,2022-11-22,2
e3a3d2bee742,2022-11-22,2
60fc2bee0cd8,2023-12-07,2
638a7d6ec56b,2022-11-17,2
9186f5b344bd,2022-12-15,2
12b59856fdb2,2022-11-20,2
cb8ccca5fef1,2022-11-24,2
ecfc53ddfcb6,2022-11-24,2
a1a85a5a80ac,2022-11-24,2
a5c3af1d8df3,2023-10-12,2
7f493dd5df42,2024-03-07,2
850954e619ab,2024-03-07,2
2fccf1d3d4df,2024-03-07,2
b817463d2e44,2024-03-07,2
3ba1b6e1bfa1,2024-09-11,2
5e44a1b56f3b,2022-12-01,2
af316ff8fa95,2024-07-22,2
8b74d1ae53e3,2024-08-13,2
3c315a875345,2024-09-02,2
673d3ab3fb27,2023-06-25,2
4b0c54b18dba,2022-12-18,2
e7bdc915cc59,2022-12-22,2
888501a4df0c,2022-12-22,2
5dae08338af5,2022-12-15,2
c2bfa29813a1,2022-12-15,2
da7a4cbad876,2022-12-04,2
147163cf2fe5,2022-12-19,2
2ac2913ee284,2023-02-28,2
1749a901cf31,2022-12-02,2
483041908ad6,2023-09-13,2
beff8209281a,2023-11-14,2
122285eb0f42,2023-11-23,2
62febdc7ced7,2023-11-23,2
62e5d3dfa4c9,2022-12-13,2
5ea0a7a09f24,2022-12-06,2
7ba8dba2f158,2023-03-02,2
d0cdb2216232,2022-12-06,2
8d9924c7cc57,2022-12-06,2
acf2f31a4a4d,2023-03-02,2
a4a92411128b,2022-12-01,2
fcb5ff148fd1,2022-12-19,2
49b258152510,2024-03-25,2
e98f6149840a,2023-12-25,2
4bb24647e87c,2022-12-08,2
9a0dccc8df08,2022-12-09,2
cf798ca0719c,2022-12-15,2
86c76f40ffb9,2023-10-27,2
c746bf3bd61e,2023-01-18,2
51d1edf0d627,2023-01-18,2
41c09bbaf978,2022-12-28,2
e11040778c89,2022-12-20,2
e5193a925419,2022-12-20,2
4c18a14c0e33,2024-06-18,2
69abf6eebc76,2024-08-13,2
b37bafbe2a36,2022-12-22,2
cc618b973ee2,2022-12-22,2
30c7b157be67,2022-12-23,2
dfc7335bdd02,2022-12-23,2
08f3d99efca1,2022-12-23,2
c6a0078338cb,2022-12-23,2
eba9bffa4e03,2023-03-24,2
cfd7910b3251,2022-12-27,2
bc10f0cb89c5,2024-07-01,2
0ac62f1b1524,2024-07-01,2
b62e5b33e2d7,2024-07-24,2
a691b95d7dc6,2022-12-25,2
dcd2d36360a4,2022-12-25,2
442255b0595b,2022-12-25,2
2e2679e7e5bf,2023-03-24,2
ec50f809fb60,2023-01-22,2
2b44ed7265a6,2022-12-28,2
207ec54aa5a4,2023-11-21,2
90de9c45d8f4,2023-01-31,2
5820f64f224c,2023-01-10,2
b31ebd83a3f8,2023-01-10,2
426119980986,2023-01-10,2
d6cad2955771,2024-08-21,2
c19b83d45328,2023-01-31,2
57f6f314c80c,2023-01-31,2
fdefd0745786,2023-01-19,2
e0ad825e8a2c,2023-01-19,2
e6e2ab7e485c,2023-01-18,2
aeb62b82a1fc,2023-01-19,2
edf209e93fcc,2023-01-18,2
d96ac446f791,2023-01-18,2
6108556af2da,2023-01-19,2
5943b5766d2a,2023-01-19,2
eff0988cd252,2023-01-19,2
738a8b908f49,2023-01-19,2
0c9ddc7dbe0a,2023-01-26,2
c994f76a7838,2023-01-22,2
e51188d6e4cf,2023-02-07,2
be102a18428e,2023-02-07,2
7a675a977b18,2023-01-29,2
1095a91e16bf,2023-05-12,2
7af4528ef282,2023-05-12,2
aa6ab317c1bc,2023-05-12,2
ae41456d4f3d,2023-02-12,2
7dcdd27f2c29,2023-09-13,2
480bd8ea305e,2023-02-09,2
371f171c6b31,2023-02-16,2
3026a39bd3a9,2023-02-16,2
51d873e6aadb,2024-08-16,2
812cd86bf8a7,2023-02-01,2
73472a26df27,2023-03-13,2
c282f628be86,2023-02-12,2
15fb2b73ec2a,2023-02-07,2
9e3448088962,2023-11-14,2
95da83ab8f75,2023-02-09,2
343f2620a965,2023-02-16,2
323273240e77,2023-02-16,2
25b7f7bdb615,2023-05-10,2
60b93eda822a,2024-04-02,2
14eb2fb2a102,2023-05-28,2
96b65cfa0cee,2023-02-14,2
6036be914389,2023-03-21,2
7e044a2e909c,2024-02-05,2
8b39462e321a,2024-02-05,2
0aaed68d3e0d,2024-02-05,2
953f6f4f821c,2023-03-01,2
bf9cfec7f053,2024-08-22,2
192e0540adaa,2023-03-07,2
c6772fe4e509,2023-03-07,2
c18431a5a0ed,2024-06-25,2
4a850f3ec0dc,2023-02-21,2
07fd314b1668,2023-02-21,2
1afe839dd9c3,2023-02-21,2
67f670b61e9e,2023-02-21,2
dfd6089bddd7,2023-02-21,2
3f89e56da9ff,2023-02-21,2
4eb078d1aadb,2023-03-21,2
a091d58cbe4c,2023-02-26,2
960d59933601,2023-03-05,2
7f4087789eb0,2024-03-27,2
9d59cee931e4,2023-03-16,2
ec457f328311,2023-03-16,2
ba560ca4ea32,2023-03-08,2
d6fdfea77110,2023-03-06,2
6dabe25f8d9f,2023-03-06,2
bccdf54c5e35,2023-03-06,2
162665c6cd0f,2024-01-10,2
01e6b8e05725,2023-03-20,2
e2bfca1ce834,2024-05-06,2
dc98a8766d95,2024-06-09,2
52aab26bb3f2,2023-03-02,2
d20bf30688e7,2024-03-28,2
7030e7b1b1a1,2023-03-02,2
45171db95ab8,2023-03-27,2
efbf62907e10,2023-03-03,2
405cef53d704,2023-03-13,2
8527eed4df3d,2024-03-22,2
7824013519b9,2024-03-22,2
e95c662ed381,2023-10-11,2
a196086cd03c,2024-03-04,2
c081a1b24715,2023-03-13,2
a29a0901af38,2023-03-16,2
5ae1a17a12d6,2023-03-23,2
d8528f0fbb7a,2023-10-03,2
3a0ff8fd35b9,2023-03-10,2
2f23c9778b82,2023-03-10,2
b67ca79bac7e,2023-03-16,2
ac86039f1a6f,2023-03-16,2
bb9851927d25,2023-03-20,2
1237b40e6fd0,2023-09-13,2
dad2d9867ac8,2023-05-03,2
d35f93ada059,2023-04-25,2
058d14cc6032,2023-10-18,2
d630e89a72af,2023-03-21,2
40d94301a196,2024-04-05,2
35df5820ab10,2023-03-28,2
704beb682999,2023-03-28,2
567d86a10520,2023-03-28,2
337497fbe475,2023-06-15,2
e2522c8c0503,2023-03-28,2
3d86e6829ee5,2023-03-28,2
5f2e31ea2bbe,2023-04-07,2
1703c51d72cf,2023-04-07,2
1b25f6dd7409,2023-04-10,2
7ec2657cd2e7,2024-09-01,2
042eb9c29e10,2024-09-01,2
38783f97aa05,2023-04-03,2
105254f63a26,2023-04-03,2
77ebcc86dab2,2023-04-03,2
6e35f789737f,2023-04-06,2
710a49e0bc4e,2023-04-06,2
971750af54e3,2023-04-06,2
d446bc35401e,2023-04-06,2
92bb9f126cf6,2023-04-06,2
e32502f7036f,2023-04-06,2
3bbd69b74aaf,2023-04-06,2
dfad1fe74002,2023-04-06,2
8ebbb694f4fd,2023-04-06,2
d27403fbb099,2023-04-06,2
7ae629b22cc0,2023-04-06,2
9518f1c4c1db,2023-04-06,2
5f5fcc143a9f,2024-03-18,2
eae8759efcac,2023-03-31,2
49033242eb93,2023-04-06,2
78384b5b4540,2024-04-15,2
bb9cd6be6401,2023-04-14,2
73a3faa36c23,2023-04-11,2
ee50f4db7a26,2023-04-20,2
b709d9e48c87,2023-04-14,2
eab440e47065,2023-04-14,2
5cc7c0bcc9fd,2023-04-14,2
dabbfc7a5398,2023-04-14,2
630cb1d623af,2024-05-14,2
338ad3c75e45,2024-05-24,2
6e778b7819d5,2023-05-31,2
c90cbd2aaa76,2024-05-14,2
66a9f49d9a60,2023-04-10,2
b7d104b5edb6,2023-04-25,2
8a9591596ed6,2023-04-11,2
f136b155e5b2,2023-04-11,2
933d32624d93,2023-04-11,2
268d95a2344e,2023-04-11,2
2ed442e5d3a9,2023-09-13,2
b8f0e33e0819,2023-04-17,2
beefda9a98c4,2023-04-23,2
8f6d5186cd61,2023-06-05,2
051ff37442a6,2023-04-23,2
0306e09d928c,2023-04-11,2
60a2dfba1e4b,2024-05-13,2
9454fb3e603d,2023-04-23,2
0f94fc92fd3e,2023-04-23,2
bf4ba6f27347,2023-09-13,2
cdfc8b5fb303,2024-08-29,2
8a1557a51ce1,2024-03-07,2
dd94e2bc5601,2023-04-21,2
f355ae18f06c,2023-10-31,2
110a47e1ac6f,2023-04-20,2
616549e58f6f,2024-04-20,2
43d92eb4a393,2024-01-31,2
49c3577bb08b,2024-01-31,2
931a8a90483a,2023-05-18,2
7060e9e731ee,2024-03-25,2
5e24a6b9922e,2023-05-18,2
31e756c280aa,2023-06-08,2
6744bcd5b596,2023-06-05,2
a4577d85d50b,2023-04-20,2
0449cbeaf64f,2023-06-05,2
a58abda6d5b4,2023-04-25,2
29f84af8899b,2023-04-25,2
2a402d9df35d,2023-04-25,2
3c7c68c49099,2024-01-30,2
bf3f95a89a97,2023-05-12,2
ccdcd398fd2e,2023-04-26,2
cf37d671b004,2023-04-26,2
f78e9d3e7f60,2023-09-13,2
d84f9d182062,2023-09-13,2
5aac65c2b5c0,2023-09-13,2
2269cada2a79,2023-05-30,2
7ceb1de7750a,2023-06-16,2
822b9c993b3b,2023-12-12,2
ff77967e2e85,2023-06-16,2
52abdcb8c903,2023-06-16,2
435ac158ee29,2023-06-16,2
5c67c95d8581,2023-06-16,2
83f80155e787,2023-05-09,2
02f169ca1bf5,2023-05-03,2
3cc6174447c6,2023-05-03,2
1376ef82d0e5,2023-05-22,2
f9cd86bccdf0,2024-01-11,2
8511a8c44107,2024-02-29,2
8cb8cb580113,2023-05-18,2
acda0f0aa547,2024-03-29,2
65711947cf0b,2023-05-18,2
fc4d63f3c53a,2023-09-13,2
13be38839171,2023-05-04,2
0df99cfa432d,2023-05-03,2
8f937aeb4df8,2023-11-06,2
6fb72e5f6cdf,2023-09-13,2
93d5e3a3dc14,2023-12-12,2
d268c8d814f3,2023-09-13,2
3697afecd785,2024-01-31,2
bdb13aa4491c,2023-09-13,2
f6eaf64bbae2,2023-09-13,2
4d14ef3bbff9,2023-06-05,2
9e1acdf0024f,2023-05-31,2
e87d8f2511d9,2024-03-07,2
d864668a8dda,2023-05-17,2
2280ece1b0f3,2023-05-17,2
7d94abeab65c,2023-05-17,2
8687e05c1b7d,2023-05-17,2
48f21b0c5624,2023-05-17,2
649da4b36071,2023-05-30,2
d55041a570ba,2023-06-16,2
3f3b6c725163,2023-05-30,2
718a44e29d19,2023-05-31,2
010c999f1acf,2023-05-30,2
63c68ba5ca80,2024-03-14,2
495385f4b6bc,2024-03-14,2
c5b811e400cc,2024-05-20,2
0d8859923544,2023-05-24,2
ab152a11c412,2023-06-06,2
c5ac7252f110,2023-06-06,2
54acf007ec70,2023-06-06,2
13f20cf6471e,2023-06-06,2
9be92bc17cc6,2023-06-06,2
2f5a824c0583,2023-05-30,2
7aee5430e38d,2023-06-05,2
467aada297e3,2023-06-02,2
092bc755c94c,2023-06-02,2
9dbda3ef49cd,2023-05-30,2
32e76800fd74,2023-06-14,2
7d9f6b401993,2023-06-14,2
dd19733625ab,2023-06-08,2
4849204b00e1,2023-05-30,2
89e8c0f75bb5,2023-06-14,2
8edf3674a72f,2023-06-14,2
7f2d858415ba,2023-06-14,2
80c37b559c88,2023-06-14,2
b7a57d260d83,2023-06-14,2
5dd7b32c1b74,2023-06-14,2
78528cabbfc0,2023-06-02,2
f56f0f815337,2024-08-29,2
92cbf69d4531,2023-06-06,2
52b833a8eeaf,2024-06-28,2
2d8d31eb7dce,2023-10-20,2
ad04856a1777,2024-05-29,2
a2820d39e7b7,2023-06-14,2
899328e2a815,2023-06-14,2
09d4a5cf9d67,2023-06-14,2
cea5aa10f240,2023-06-16,2
4b4ec00ac868,2023-09-13,2
6917b505f2eb,2023-09-13,2
cb6a857d11d0,2023-09-13,2
eed7aec6f4eb,2023-09-13,2
e27371827bd7,2023-06-21,2
0b31a265d43e,2023-06-21,2
f5819a3a2b74,2023-06-21,2
61fa7343ef56,2024-04-20,2
71ab8b24484a,2023-06-13,2
c42e98bb6b47,2023-06-13,2
5aabf4a5c958,2023-06-13,2
856b6db33b39,2023-06-16,2
8e76f40dd2cc,2023-06-16,2
01a9b1ad0c23,2023-06-22,2
a11e992fa1a2,2023-06-22,2
fb68e2a4d2bb,2023-09-13,2
0e1d68e128f5,2023-09-13,2
e09f9a9509bc,2023-09-13,2
0c9df677a6fe,2023-12-20,2
586fcc3d4086,2023-12-20,2
caf4efd33bdf,2023-06-26,2
a1f7bae225ff,2023-09-13,2
57c363541ec8,2023-06-26,2
1c774f21ec76,2023-06-26,2
beca5f75be5d,2023-06-26,2
25cf88bde035,2023-06-26,2
c24cf7a9e809,2023-09-13,2
d34b4961f795,2023-09-13,2
001b302a9387,2023-09-13,2
527828bee7f1,2023-09-13,2
30f48a9890c9,2023-09-13,2
a67ec504f555,2023-09-13,2
717cbc7304d0,2023-06-27,2
ccdce0ef16f9,2023-09-13,2
6731bc9c4d52,2023-09-13,2
a9c6c01a0472,2024-02-12,2
f0f46bfe5859,2024-02-12,2
e5767691918c,2023-09-13,2
06d8891e7043,2023-09-13,2
3572316f3342,2023-09-13,2
04de332291e2,2023-09-13,2
ab4544e5cbfb,2023-09-13,2
0297f8f65b3c,2023-09-13,2
8b232afaf9ea,2023-09-13,2
cb28bfe50d42,2023-09-13,2
ed6ffea1e9cb,2023-09-13,2
2754aded4a57,2023-09-13,2
ce793cc9ec9d,2024-05-12,2
56b00bc1f2a5,2023-09-13,2
a8e7c53c46d5,2023-09-13,2
e516f5320697,2024-05-20,2
260afda7fccb,2024-04-11,2
e4e089c5c61d,2023-09-13,2
55c0195a98a4,2023-09-13,2
117b9986cbe0,2023-09-13,2
4cd7d53c56f4,2023-09-13,2
615eb129ddad,2023-09-13,2
4051e9304fdc,2024-03-25,2
339ca0bb0d8f,2023-09-13,2
a27c10507bc5,2024-01-24,2
e57f094d7a7e,2023-09-13,2
e4bebba07f34,2023-09-13,2
589a6420d2cc,2023-09-13,2
7295bd933fc0,2023-10-27,2
474b311c6d83,2023-09-13,2
8b16286ed46e,2023-11-14,2
cbda2004bbae,2023-09-13,2
e9ac8ac096f2,2024-06-17,2
ce5a66032311,2023-09-13,2
06ea3437093a,2023-09-13,2
c261327b74b0,2023-09-13,2
3e183bf9d1d0,2023-09-13,2
04a8ac87c582,2023-09-13,2
445a7d4b2bd2,2023-09-13,2
96d5f4f0d83b,2023-09-13,2
16bc4dc071c3,2023-09-13,2
577bf288a097,2024-06-13,2
158ead82922a,2023-09-13,2
e6bdde6ebb32,2023-09-13,2
2725f1ee8f7c,2023-09-13,2
6de73b072f00,2023-09-13,2
bde9be57bc50,2023-09-13,2
0a732090805d,2023-09-13,2
1c03ec3025be,2023-09-27,2
8cf0511f6bc1,2023-10-03,2
64717ddf3012,2023-09-13,2
48611825ffa1,2024-03-25,2
ec5efa8dbe11,2024-01-10,2
e8e593666ce0,2023-10-20,2
0991f14f2757,2023-09-13,2
541246a55acd,2023-09-13,2
6e00840b35cb,2023-09-13,2
3a93491ce7ff,2023-09-13,2
8eb48f02419e,2023-09-13,2
b54be40c080f,2023-09-13,2
be2494c31154,2023-09-13,2
228f6c3b003a,2023-09-13,2
d5990f9de183,2023-09-13,2
4533e44da510,2023-09-13,2
3c0bd8376034,2023-09-13,2
c68a6596d94e,2023-09-13,2
ffec7b3c43a8,2023-11-23,2
824098fc3753,2024-05-02,2
98dfab42dd8c,2024-05-02,2
31e39b6fd025,2023-09-20,2
0acd0f939b1b,2023-09-13,2
a2660d1c7ebc,2024-02-26,2
d8ac8f9f4470,2024-09-23,2
879e5ca8d613,2023-09-13,2
96e017c253bb,2024-05-31,2
20d067064d00,2023-09-13,2
04ce045ea3be,2024-03-25,2
225fba3b108d,2023-09-13,2
d8c2a7492a4c,2023-09-13,2
8d9f7a708d21,2023-09-13,2
8fc555f5e0d5,2023-09-18,2
4427b7c8492e,2023-09-17,2
0b25a908475f,2023-10-06,2
89fe07c83157,2023-10-06,2
010731812ffe,2023-10-06,2
13bfb00957c4,2023-10-06,2
7b4a805304db,2023-09-13,2
6cd60927180a,2024-09-04,2
17b48474f832,2023-12-04,2
4835e4217dde,2023-09-13,2
a7320a7fa007,2023-09-13,2
8fec5b292138,2023-09-13,2
4197a38f5dcb,2023-09-13,2
1d0ab1c3b236,2023-09-13,2
550fddf13a7d,2023-09-13,2
091f9ee2a06e,2024-01-15,2
b7004b3fc8d1,2023-09-13,2
397115d624d7,2023-09-13,2
5fe76094d3f5,2023-10-12,2
8c48fcd56bdf,2023-10-06,2
77d12d88c66e,2023-10-06,2
8c854fc32850,2024-06-18,2
de38741520b6,2024-06-18,2
4b0109242d62,2024-05-29,2
0e248c4f0003,2024-05-29,2
79bc4dd7009b,2023-12-27,2
aaeb534f0eea,2023-12-27,2
d6ace9dffc8f,2023-12-27,2
ea66f2c6667b,2023-12-27,2
b510ba7b9ecb,2023-12-27,2
e4c0a00828c0,2023-12-27,2
1e0d704c725d,2023-12-27,2
42af4b1cbb2d,2023-12-27,2
12e97713f2be,2023-12-27,2
22835dff660f,2023-10-06,2
23b2c33128c7,2023-10-06,2
5db44abdaf42,2024-03-25,2
7551f377b215,2023-11-07,2
666fbbbc0204,2023-09-13,2
c88242834536,2023-10-23,2
49bf895dece9,2023-10-03,2
66e6f31aa9ba,2023-10-03,2
b29871e9bc35,2023-10-03,2
4c6d273c9191,2023-10-03,2
fb620ef6bf44,2023-10-03,2
68a293a44202,2023-10-03,2
2811c2123f03,2023-10-03,2
d67c7788a979,2023-10-03,2
3c5e2131c728,2023-10-03,2
9cfd0d8099c3,2023-10-03,2
0fc000333fdd,2023-10-03,2
7c7f7670cdc1,2023-10-03,2
447d1d540274,2023-10-03,2
490f43d6414d,2023-10-03,2
fc23ff127fc0,2023-09-22,2
a7bc8686e9b0,2023-10-09,2
d80a7bf3f675,2023-10-09,2
2833d55d84a7,2023-11-23,2
61127adc4aad,2023-09-18,2
5faa2783c450,2023-09-17,2
a6b6bfbc73b9,2024-04-15,2
213e329fe1cb,2023-09-21,2
cd7f2151e4ae,2023-09-21,2
efe7e9e9c125,2024-04-10,2
9689654e4165,2024-03-11,2
455dc98003dc,2023-11-02,2
8be64671fa62,2023-10-03,2
c7510ce91db5,2024-02-02,2
ffe6a5137dc3,2023-09-20,2
c344a7874a14,2023-10-06,2
b3233b05a62a,2023-10-06,2
f0c97818113e,2023-10-06,2
440a6b87ac2c,2023-10-06,2
4add8bd36943,2023-11-03,2
f0652291f610,2023-11-03,2
a1173b322682,2023-10-09,2
63eaf29e7f3d,2023-09-21,2
d07441f6ca15,2023-10-03,2
57c35af4bfa9,2023-09-21,2
f7b93534ae80,2023-09-28,2
f4fbeea6b9d2,2023-09-29,2
654481912de3,2023-10-06,2
d295e31430a9,2023-10-06,2
79ff891b53b3,2023-10-06,2
6ea59b603961,2023-10-06,2
027d4f8d7ac0,2023-10-19,2
010e12e54155,2023-10-19,2
cfcb9a088510,2023-10-18,2
7460cdf36221,2023-10-03,2
5691c0a687fe,2023-10-03,2
42abfca79c2d,2023-10-11,2
f4af39abd49a,2023-09-29,2
ad3012eacfa0,2023-09-29,2
9c5e06c0726d,2023-09-29,2
d9510bcd0f86,2023-09-29,2
5f39b3d64816,2023-09-29,2
4ddb19c19430,2023-10-16,2
fd55619b0c57,2024-09-26,2
6f71f9d5d10d,2023-10-11,2
ccd11300248e,2023-10-11,2
d151492a6d3a,2023-10-11,2
ee2f14e4be0c,2023-10-16,2
7a0b7554477a,2023-10-11,2
16128a8bcda1,2023-10-11,2
224d92c6720b,2023-10-11,2
50d81403e8da,2024-08-30,2
59cea14bc6c8,2023-10-15,2
6e6fafdc2600,2023-11-08,2
44a182e46e49,2023-10-15,2
f12f60b23645,2023-10-06,2
b156a8f2d795,2023-10-06,2
a6b686d12499,2023-10-06,2
d71c71345958,2023-10-16,2
ec06b1e90b65,2023-10-16,2
10d5a6a782d1,2023-10-16,2
44aa328ebce7,2023-10-19,2
c2b05dd1af42,2023-10-19,2
4a7fd008f8bf,2023-10-19,2
c693ded9082a,2023-10-18,2
877952dbc72a,2023-10-18,2
541253794477,2023-11-30,2
bd79537c60cb,2024-07-17,2
f7ed2650960d,2023-10-16,2
fe7d98ec073a,2024-03-26,2
4aeb5cc49422,2023-10-16,2
0704878c802c,2023-11-14,2
515786cae4f9,2024-02-01,2
4d836d3eb3b5,2024-02-01,2
c647de0770b4,2024-02-01,2
e07edb848d8a,2024-02-27,2
b4f792a6490f,2023-10-08,2
ad23a7f09015,2023-10-12,2
99f577a2ed90,2024-07-14,2
683f97bb6daf,2024-03-21,2
e6f31fffcd3f,2023-11-09,2
08c647818940,2023-11-09,2
ff449b6efa52,2023-12-05,2
33f914d4d3d4,2023-12-05,2
53fbfb531671,2023-12-05,2
deac06c86e5e,2023-12-05,2
1b2438a7664b,2023-11-13,2
a744e66501b9,2023-11-13,2
ef4fcbaddf3d,2024-07-22,2
04e8226fcc07,2023-10-23,2
569750c6fb35,2024-09-20,2
3c6319c4eb04,2023-10-16,2
479c3405f689,2024-03-18,2
8aea44f0b5b0,2024-03-27,2
b3c70c779ee9,2024-03-27,2
ecbebf0c2cd8,2023-11-12,2
f11e4509597c,2023-12-12,2
5fe14c55a596,2023-11-01,2
e569fec02e53,2023-11-01,2
7b6dd7d08fbd,2024-09-04,2
824c05f63c3d,2024-05-17,2
bf93a021c550,2024-01-09,2
47f8da44055a,2023-10-31,2
b9f635dc9e7f,2023-11-09,2
56a85ccaad0e,2023-11-16,2
18d554c7ae89,2023-10-26,2
030a4c2ceaf3,2023-11-11,2
c5ed3fb28979,2023-11-11,2
da87a2062973,2023-11-11,2
e82cd1e3aeba,2024-06-11,2
3d2390e12a75,2023-10-30,2
82b3d58a8be4,2023-11-02,2
dd421990fa3a,2023-12-19,2
eaf56e09b1cf,2023-12-05,2
5c62e79a9862,2024-08-06,2
ab2d81ed3432,2023-12-03,2
5c87c163a27e,2023-12-03,2
f73bb77c0eeb,2023-12-03,2
0062dbaa1e6e,2023-11-28,2
20b66e661aa1,2024-09-10,2
dcee7c877e6d,2024-02-08,2
e1fa0409d1ed,2024-04-11,2
aec9880ce210,2023-11-27,2
18d7b67e2293,2023-11-21,2
33bdad0723fc,2023-11-21,2
b991d12f385e,2023-11-21,2
82bc2bebdae3,2023-12-25,2
aa1b14929db4,2023-12-04,2
0b483dd9ace2,2023-11-15,2
e0c776c294a3,2024-07-22,2
bc83daae4cde,2023-11-22,2
33d93daae37c,2023-12-27,2
41d08f90fbce,2023-11-28,2
d57bb35e683b,2023-11-23,2
0dfc7133cc04,2023-12-08,2
c7c753549dfe,2024-09-11,2
fea96fd3996f,2023-12-01,2
45910cf1e3ed,2024-02-26,2
e61f8b031708,2024-07-21,2
4f2398686b46,2023-12-05,2
47b77b9793e0,2023-12-05,2
48553334352f,2023-12-15,2
52085ad69c85,2024-04-14,2
118398273aa8,2024-04-14,2
d71e1bb31807,2024-03-25,2
71cbd3f9e9a9,2023-12-26,2
5725137435be,2023-12-26,2
96695eb614c7,2023-12-12,2
4af7e8c6fb7d,2023-12-05,2
23de75fb9090,2023-12-26,2
e8252ae2284a,2023-12-26,2
7c824fd38ec1,2023-12-26,2
76f99376ccf6,2023-12-26,2
77f09d82f5a5,2023-11-28,2
0d4db96f9f63,2024-01-15,2
65ada3034957,2024-05-23,2
ce3e43bed004,2023-12-22,2
8a8f896fedd4,2023-12-04,2
37de09c0ed30,2023-12-04,2
577bff687af7,2023-12-05,2
4517cdeded34,2023-11-28,2
32f20fe71123,2023-11-30,2
f4f907cc6f19,2023-11-30,2
8c3410e9ee8e,2023-11-30,2
630a5da6b196,2023-11-30,2
99d799f96069,2023-12-05,2
9d12851f6153,2023-12-05,2
aab3ef8fa84e,2023-12-05,2
a6e5a35742cf,2023-12-18,2
1f630310e27a,2023-12-19,2
58be768cbede,2023-12-18,2
4d763d03b812,2023-12-12,2
187885f2682b,2023-12-12,2
6017f065e3c8,2023-12-12,2
8c25d4cd72cc,2023-12-13,2
3bec740a2b9b,2023-12-12,2
11afbd162909,2023-12-12,2
6a27fea1b8fc,2023-12-14,2
9a12edeb07d7,2024-05-12,2
f0e3e3fcdb30,2023-12-18,2
0f783a465d9f,2023-12-15,2
67d3a4b079ec,2023-12-15,2
5321efa07ac0,2024-05-13,2
86c637355cb2,2024-05-12,2
604dac81499b,2024-07-08,2
29d36a149e2a,2023-12-18,2
175e08408dbb,2023-12-18,2
e6b88e3ad07c,2023-12-14,2
ab72b0e92cc5,2023-12-26,2
851410d2704b,2024-03-12,2
a8584a2f4299,2024-07-08,2
d893ed486e7b,2024-07-08,2
ea03f4dc3fb7,2023-12-26,2
c81e6900576f,2023-12-26,2
6445e078b375,2023-12-25,2
08aa6767d4bb,2023-12-19,2
06600c2a2ec8,2023-12-25,2
ba89b330cbad,2024-03-28,2
5e82df5d2534,2024-02-26,2
3ffcf2684ebe,2024-02-26,2
1c877315e107,2024-01-14,2
8cbbc4622d4b,2024-01-14,2
a98e214c27be,2024-01-14,2
9c365d7d9ed9,2024-02-02,2
8555f5d8267d,2024-08-09,2
002555e3c4fa,2024-01-15,2
ef03c3ae4cb1,2024-01-10,2
82d2d7c67282,2024-03-25,2
f0219de08a03,2024-01-09,2
40d3d6a8b73f,2024-01-18,2
9379ae32e3d2,2024-01-18,2
358605812be5,2024-01-18,2
ea3c338a0548,2024-02-08,2
598f3c4a2976,2024-01-16,2
8b513b933912,2024-01-18,2
e62ea264741d,2024-02-01,2
b6f6fcf36c66,2024-01-09,2
1bbc3092dc7f,2024-01-10,2
3cc09e4dff6a,2024-01-10,2
60065c837c56,2024-01-10,2
f5dd5397304d,2024-01-10,2
1e1d6a17017c,2024-01-09,2
1176da3b0b06,2024-01-09,2
d4bcb8d6cc1f,2024-01-09,2
f7bad2cb8b02,2024-01-09,2
750c82027f13,2024-01-09,2
6411b4dea374,2024-01-09,2
4155d86f0d0f,2024-01-09,2
d36f145a9638,2024-01-09,2
827d23688dbd,2024-01-09,2
994c8e39533b,2024-01-09,2
8f4107c5f18c,2024-01-30,2
a6958f980640,2024-02-15,2
cb1e5cf28320,2024-01-23,2
f92463369375,2024-01-18,2
82eb22786dc3,2024-01-18,2
3f72d0c3c5db,2024-01-18,2
a17ccd3d863d,2024-01-25,2
9e39c9b5b0a6,2024-01-19,2
e8ce527bc8ad,2024-01-23,2
d90498542de4,2024-01-23,2
16c7734140be,2024-01-23,2
c8d74a044a21,2024-01-23,2
87bcba341246,2024-01-23,2
f38eb9a24235,2024-01-23,2
367ade44c168,2024-01-23,2
eec28cafde61,2024-02-06,2
785ad43d8fd6,2024-01-19,2
4e3cbc960029,2024-01-19,2
fd5cd37dcfb9,2024-08-23,2
09596b9b9eaf,2024-01-30,2
22e35ca622d9,2024-02-26,2
5801cf9196f9,2024-01-24,2
cd95bd78b47d,2024-01-24,2
24554154784b,2024-04-04,2
10a620ce0408,2024-04-04,2
5f89c86339b8,2024-04-04,2
c820d78ddd0d,2024-02-05,2
737a9795b2fc,2024-02-05,2
7ab0fe125557,2024-02-05,2
f92f8512cf70,2024-02-05,2
27e829943d66,2024-02-05,2
606c2ad50ab1,2024-02-21,2
fbfa472e5a66,2024-02-05,2
147a182c641b,2024-01-26,2
2f7526352720,2024-02-12,2
fae31938026b,2024-02-26,2
fc50e33791be,2024-01-27,2
e2410ae45f38,2024-02-29,2
ccc1d739eb10,2024-02-12,2
7e3c52dcba03,2024-03-29,2
a221aa4c06c9,2024-02-05,2
6da112d7e744,2024-02-18,2
0e7d16d0a0d7,2024-01-28,2
4252b5d0c2e7,2024-02-13,2
bc3fe95dc02e,2024-03-31,2
232219e702b0,2024-02-05,2
806e5e209454,2024-02-18,2
f41a05082de3,2024-03-11,2
416a0b6381a5,2024-03-11,2
51d3225799a3,2024-03-22,2
ed0ec53c1034,2024-02-13,2
06db3bd82a09,2024-02-13,2
d2d66c734112,2024-02-13,2
ced5cfb8d6d1,2024-02-02,2
bed752896019,2024-02-13,2
1893848684a5,2024-02-13,2
28d089a2f0d5,2024-06-02,2
4078dd632431,2024-02-21,2
9e731e8592c5,2024-02-22,2
b0a2fa90eeb6,2024-03-11,2
0e9d91807cad,2024-03-11,2
cf98adca7fb1,2024-03-07,2
0973df3ff57f,2019-10-17,2
2904920b98e6,2024-04-21,2
702bf8fa7950,2024-02-26,2
51eb7fea0c02,2024-02-29,2
e63997cce7f9,2024-04-03,2
6788e52abe5d,2024-04-16,2
ef64120702ce,2024-03-26,2
0c28c21df854,2024-04-03,2
adb82f22f325,2024-02-29,2
6a5b17a2fd57,2024-02-27,2
3460f346e8d6,2024-02-27,2
badd34eb7017,2024-03-13,2
b8532601bcca,2024-04-16,2
207ce3443501,2024-02-26,2
90644100303a,2024-02-26,2
d1843e17e495,2024-02-26,2
0f2a0921f307,2024-02-26,2
7eb11b0c37a0,2024-02-26,2
64c1232b5455,2019-10-17,2
01f6eaea616b,2024-03-06,2
e4506b517bc9,2024-02-15,2
5e6f6e486f63,2024-02-29,2
c2a85c99f9c9,2024-02-19,2
44d205934132,2024-02-25,2
e270536c878a,2024-03-06,2
87dfa0f11195,2024-03-06,2
4a16081b5891,2024-02-26,2
b4f43c361b93,2019-10-17,2
9e7fdc2857c9,2024-03-22,2
e803fb1b0311,2024-02-29,2
4afdce458b1c,2024-02-29,2
7fb21b1aa40a,2024-03-25,2
c20f0d5de1a7,2024-04-08,2
40d3fbfb5826,2024-03-20,2
1042afc426b4,2024-03-25,2
bae6efdc0742,2024-03-11,2
6418f881895e,2024-04-16,2
fe3e5c5e5ba0,2024-02-29,2
bd1843210498,2024-03-04,2
23a74fd329cf,2024-04-08,2
0c65f0ad08bb,2024-04-08,2
a69b1232c088,2024-04-08,2
cc54adf6d05a,2024-03-05,2
0f9f024c6351,2024-03-18,2
339baf9ef75b,2024-03-18,2
14c1c5af2539,2024-03-25,2
8260357aeba2,2024-08-29,2
3dd011ff1900,2024-03-25,2
1472e1a16ea4,2024-02-27,2
3822e008d5e7,2024-03-14,2
854a9adff2f5,2024-03-14,2
d47828808ce2,2024-03-07,2
4e9eb4a16398,2024-03-07,2
05441c6fadf5,2024-08-19,2
f6a86c1b9ea6,2024-08-19,2
355ac19533c2,2024-02-28,2
1c7a5d18553a,2024-02-28,2
8d3a4bf618ff,2024-04-15,2
86fe10946971,2024-03-05,2
235a0ab8b793,2024-03-05,2
5920e7f5fc92,2024-03-05,2
e866bad08b17,2024-07-15,2
1be5d2025c7d,2024-06-28,2
7d674eb2d76c,2024-04-10,2
b4f4565c9f55,2024-03-26,2
f954212c5fec,2024-04-07,2
6ba4201677ed,2024-08-14,2
49cb4f7c2089,2024-05-21,2
26cbe27e481e,2024-03-10,2
b01fb50ffe08,2024-07-16,2
99ed7fe5f356,2024-03-07,2
440a88d259a4,2024-03-07,2
147e42316175,2024-03-07,2
043555498780,2024-03-07,2
75efe906676d,2024-03-12,2
2a4355eded20,2024-03-12,2
8c1929241f98,2024-03-11,2
8022e019e91c,2024-07-29,2
d0e0aa485ae1,2024-03-26,2
6845c7976760,2024-03-21,2
a170fdece0a6,2024-03-21,2
61a064e1ce7a,2024-03-28,2
1e716b1a6572,2024-03-28,2
4e0fcee55750,2024-03-28,2
60cce8e7b6ba,2024-03-20,2
c4b42719cdb5,2024-03-20,2
10c40598bfa5,2024-03-20,2
96f8f8d05928,2024-03-20,2
6dafbb572ef0,2024-04-08,2
4a6ce93e4953,2024-04-08,2
03a9ed0275b7,2024-04-22,2
727cb50d06df,2024-07-22,2
be1f08723403,2024-03-20,2
4d8ab60aee8a,2024-06-06,2
19bcee388600,2024-08-30,2
dca7b93e4dff,2024-03-19,2
f0a5f11951d1,2024-03-19,2
1c049a7bdbda,2024-03-19,2
ec61e2e350da,2024-07-29,2
7882093ba544,2024-04-08,2
2f4d415c1452,2024-04-21,2
e22338bbee1d,2024-03-18,2
52f35807e168,2024-03-18,2
bb470dee73d1,2024-07-22,2
4bd01bec3d50,2024-08-19,2
41c603d74244,2024-07-22,2
ff1a539e4128,2024-07-22,2
18d31224bc8a,2024-03-28,2
28c579af2989,2024-03-31,2
2e0f1419bdf5,2024-04-08,2
468455f49cea,2024-03-25,2
6b5eaf5e3f4b,2024-03-21,2
a00b0b5891d2,2024-03-29,2
1329e1b320b7,2024-05-03,2
e5bc24b3e3b7,2024-05-03,2
3520e60fb2ce,2024-05-06,2
13c8fefbee0d,2024-04-16,2
3e3c08ad17f2,2024-03-21,2
bc1a0e57abc1,2024-04-23,2
7e21c3090e95,2024-04-23,2
af9d5bb2a868,2024-05-17,2
a63b64f5132c,2024-04-26,2
1fc897eb2881,2024-04-11,2
e23bdcc05ec4,2024-04-11,2
e1765be8c3e6,2024-03-29,2
42e334755eb3,2024-04-02,2
96a446484dbe,2024-03-27,2
b58a40cba43d,2024-04-02,2
3a94862fb43c,2024-04-02,2
59f63c844749,2024-04-02,2
2c98e28d4161,2024-04-20,2
780bbbe53dc8,2024-04-22,2
4efcc8ca8ad3,2024-04-20,2
a467ff7f2e27,2024-04-25,2
f00136054cc8,2024-04-26,2
cd42013f7f61,2024-04-25,2
65bf90daaa34,2024-04-10,2
1b240e56c0ea,2024-04-05,2
a1e7d7900cb3,2024-04-02,2
5321878ab42c,2024-04-09,2
13eff1a38e4c,2024-04-09,2
643e90f13f6c,2019-10-17,2
7d591ab3a67b,2024-06-03,2
26923fe598f3,2024-04-05,2
4531d8b9891f,2024-05-21,2
cf0b76b533d4,2024-04-02,2
1d3c8e7630a1,2024-04-02,2
ee38572a5a52,2024-06-03,2
c0cdbf650a93,2024-04-16,2
210c69d031d8,2024-04-23,2
cc92ce398dcb,2024-04-05,2
9817cafcc66f,2024-05-21,2
766fb3492872,2024-04-11,2
a275737de87e,2024-04-11,2
69f25f35ac53,2024-04-16,2
93cccfd66943,2024-04-14,2
f33339845e72,2024-04-09,2
745771ba4f41,2024-04-26,2
4a56a6f7f81e,2024-06-06,2
05867a371364,2024-08-07,2
2e4aa2688c0a,2024-05-17,2
8b13c586b461,2024-04-20,2
f189b05f7f7c,2024-04-20,2
6f930186b41b,2024-04-20,2
ec5cd4587935,2024-04-20,2
11370fe1a34f,2024-06-11,2
e9a687140fea,2024-05-06,2
51554497a0ea,2024-05-06,2
b0d221e022af,2024-04-22,2
12d6ca232717,2024-04-22,2
163a57c5673d,2024-04-22,2
e3049304d957,2024-04-15,2
cacd11dcbe7f,2024-04-16,2
eac137bc2899,2024-04-16,2
d03a316f4a2c,2024-09-11,2
a33c18b2a1b3,2024-04-12,2
33b3bf663516,2024-05-28,2
907adfd4ff1f,2024-04-28,2
2d8c4f8e1a7a,2024-04-28,2
bb0ac750ea1a,2024-04-28,2
b6f8f177d912,2024-05-29,2
c58d247b8787,2024-05-26,2
b919ed7f6275,2024-04-23,2
9f8a9b088f12,2024-04-24,2
bbe417e3a4e8,2024-04-24,2
5343a31c26f8,2024-05-02,2
ea00cfb22503,2024-05-02,2
2a2303cbc4b5,2024-05-02,2
355a75338b29,2024-05-03,2
513215706b8a,2024-05-17,2
7dd23a3c8ec4,2024-05-03,2
f66b2c71f16f,2024-05-28,2
eaac46e71b78,2024-05-27,2
e319a7c87c23,2024-04-21,2
2147809d51a4,2024-04-22,2
2ba339f716f5,2024-09-25,2
ecf224845a68,2024-04-26,2
2d4946ab3d61,2024-08-06,2
61ffa22143de,2024-06-17,2
ad1806eb7703,2024-06-03,2
14e76d7b94a1,2024-04-20,2
11537456b2ed,2024-05-26,2
d619109e21e8,2024-04-22,2
ffbc629ed498,2024-08-08,2
5542203fa4b8,2024-04-25,2
586faf01d265,2024-04-25,2
748e516be6ee,2024-04-24,2
73ccf4385331,2024-04-24,2
74b138f7ff0a,2024-09-09,2
b25099b818cb,2024-04-20,2
ef4d90119401,2024-04-20,2
a5cbda414086,2024-04-23,2
5f5e6e68c83c,2024-04-25,2
208fb22fefcb,2024-05-17,2
f879c42b86a4,2024-05-02,2
355121fe9ff8,2024-05-02,2
88159fd93476,2024-05-02,2
c794a7a246ac,2024-04-26,2
90371baa5fd6,2024-04-26,2
2514acf2a756,2024-06-07,2
47424acffc25,2024-04-25,2
1e2a19273048,2024-06-06,2
a4e2f4e60476,2024-05-16,2
ee9f627e1394,2024-05-20,2
595130242ff8,2024-05-13,2
3cfcb562217b,2024-04-27,2
57baac1e692e,2024-04-27,2
a162df3be29c,2020-03-27,2
f0f379624e18,2024-07-08,2
775b84d23093,2024-07-08,2
86c64962dc61,2024-05-03,2
d8ecfa029673,2024-07-08,2
f03b9c5b6b58,2024-05-06,2
4e2690c52f78,2024-05-06,2
22a03aa474db,2024-05-06,2
3995e6879cc3,2024-06-30,2
f5b4ad25fc26,2024-06-30,2
6efd84dfff67,2024-05-13,2
52bdcb50035c,2024-05-14,2
e664c697d1c9,2024-05-13,2
d415e7d31c90,2024-05-16,2
f61b43f32b31,2024-05-16,2
4add870509af,2024-05-23,2
dff7b8de47e5,2024-05-20,2
ff98ba8bebb4,2019-10-17,2
db32587e3546,2024-05-13,2
fc20f0fe3d16,2024-05-23,2
382de37c68e5,2024-05-15,2
594b9c6c6fa3,2024-05-21,2
246f5d1badbc,2024-06-10,2
5fa545606434,2024-06-10,2
a578d252892e,2024-06-24,2
fb3cf2e9b434,2024-05-20,2
6b8f0c4f7537,2024-05-20,2
060068fabc72,2024-05-24,2
dbf0b3565490,2024-06-21,2
679acbb425fd,2024-07-15,2
294b3b0d69c6,2024-08-09,2
6dcb6e2da42d,2024-05-27,2
c068b6c598f0,2024-06-10,2
1b41c62c356d,2024-05-23,2
44e70f9eeb1e,2024-05-27,2
e572d98cb665,2024-06-02,2
79836d07b33d,2024-05-20,2
f80f111487ba,2024-05-20,2
b6b07db30585,2024-05-20,2
9020105ae640,2024-07-16,2
b8d6008a81cc,2024-05-29,2
845c65cd5c4c,2024-05-23,2
84d79482b121,2024-07-10,2
87190f90c6c0,2024-05-15,2
d67492c38853,2024-05-15,2
0ffe791eb352,2024-05-28,2
75d8aa1c1be5,2024-06-07,2
f4b50afda438,2024-05-26,2
a2cc48e87dd0,2024-06-18,2
d7c0c8f02b37,2024-05-27,2
e02df631e5e8,2024-05-30,2
931236f7c5d2,2024-05-23,2
681e308516ac,2024-06-10,2
be69354a47bd,2024-06-10,2
d733cdb7edf3,2024-05-22,2
12fda8c2752a,2024-05-22,2
66e1450f1abc,2024-05-26,2
681b2e508dd5,2024-08-19,2
d3caca6f3cfb,2024-06-11,2
3c2ba8284b73,2024-05-23,2
a632c9447fbc,2024-05-28,2
a8a2c9c27623,2024-05-28,2
ed7f98c9e849,2024-05-29,2
448b0bc8cbe9,2024-05-29,2
3ede35c6c366,2024-05-29,2
60e4d7b565de,2024-07-09,2
705bb66706be,2024-06-14,2
e209700af863,2024-06-03,2
841af59c944e,2024-05-30,2
db46335b9c46,2024-05-30,2
68f3ae728cab,2024-05-29,2
99b8e4cc9240,2024-06-06,2
53981d434322,2024-05-28,2
bb47c3bfda5d,2024-05-28,2
3e4162538b62,2024-05-28,2
4cec4f664be9,2024-05-31,2
3a18bac43160,2024-05-30,2
885c6e2933dc,2024-05-30,2
2cb3eca4a0ad,2024-08-20,2
0226b11d6269,2024-06-07,2
ef9ff98cdf11,2024-06-07,2
7b3cbb151bf0,2024-06-04,2
cfc816636473,2024-06-04,2
dd4123f9557b,2024-06-06,2
712f17f1fac5,2024-07-28,2
651555fc920d,2024-08-20,2
8275b7178e7d,2024-06-13,2
e64ea276fe2c,2024-06-06,2
f864ead0439e,2024-07-03,2
dc1487b4acd5,2024-06-19,2
91f50abbc22d,2024-06-07,2
dc7fd3d072e0,2024-06-24,2
94663c215462,2024-06-24,2
76e726fdc048,2024-07-01,2
2f877bf1ffa0,2024-06-07,2
5a1e839b2f5c,2024-06-07,2
2255bdfe8baa,2024-06-25,2
66b7bc5fdf1e,2024-06-25,2
41f3521424dd,2024-06-25,2
26d065c2f6ac,2024-06-25,2
babb14807265,2024-07-01,2
60edf6cee43d,2024-06-13,2
69147a350421,2024-06-11,2
6ebb0f83e059,2024-08-29,2
d494430f53c8,2024-08-05,2
8cd555f12ee6,2024-07-31,2
46201f7b5f88,2024-07-31,2
27de5d57ef35,2024-06-20,2
d3665412b683,2024-06-13,2
2354dddd1907,2024-07-09,2
0b066b470171,2024-06-24,2
45a4f641a163,2024-06-24,2
f1688f8d5d39,2024-06-24,2
9d25800af87e,2024-06-24,2
296ae59e87cf,2024-09-11,2
ecf13390d7f0,2024-06-27,2
34aefe530f80,2024-06-26,2
51ca3a154c52,2024-06-26,2
30cd126a1bac,2024-06-26,2
ae31964dffd9,2024-06-26,2
09154af4629b,2024-07-10,2
22d9595327ca,2024-07-10,2
d7f869d1d4a9,2024-07-10,2
1964883d0cc1,2024-07-10,2
a1c9edbe2ce6,2024-06-26,2
9d5077f4b4c8,2024-06-26,2
20ecabfb62da,2024-06-19,2
c9f889a38a42,2024-06-25,2
d6fb71c92465,2024-08-02,2
19c940d83bd3,2024-08-02,2
b496817cd3f0,2024-08-02,2
969f2470501f,2024-09-04,2
1c26a7403f40,2024-07-12,2
3e54fe0a6f75,2024-07-15,2
4ea45fe1c467,2024-06-25,2
080c9fa62ce3,2024-07-02,2
a234ad7ad906,2024-07-08,2
33ab7786e2af,2024-06-21,2
7a49e5d74e9e,2024-06-21,2
10abdc86dbcc,2024-07-22,2
f44e2098484f,2024-06-25,2
261f299185d2,2024-06-25,2
23e282a8189c,2024-07-08,2
8da85b576086,2024-06-28,2
c469c9cc5fd5,2024-06-28,2
ec093f47e07b,2024-07-31,2
e4ba8ad4f9db,2024-07-31,2
0cfcf1d96531,2024-06-26,2
8d20185399b4,2024-07-02,2
e7e0bf0cc949,2024-07-02,2
2dabcae02bdb,2024-07-02,2
96629aba7363,2024-07-02,2
a42472bc7861,2024-06-27,2
b21560b007dd,2024-07-03,2
ccc261088009,2024-07-03,2
c322ebe816e9,2024-07-03,2
dfd6644e4bd0,2024-07-11,2
82f49bb5e63d,2024-07-08,2
77829a446449,2024-07-15,2
31dff1417699,2024-07-15,2
aac48c77d9b3,2024-07-15,2
985d0a03b8a0,2024-06-30,2
35cc35af352e,2024-06-28,2
358ebe5f929c,2024-08-02,2
95524790876f,2024-08-05,2
2e23779dff93,2019-10-17,2
6b9348214216,2024-07-03,2
df04ea0ad507,2024-07-03,2
3764d32b7d8e,2024-07-03,2
22e4387e1604,2024-08-26,2
9f80e37e3832,2024-07-08,2
9b3cd1fc5e6c,2024-07-08,2
6f6b866b64dc,2024-07-21,2
7e366a173ace,2024-07-21,2
a881cbc73bca,2024-07-02,2
afac54220850,2024-07-02,2
3437b693b61d,2024-07-09,2
0d5529bcb376,2024-07-11,2
5712eb2893fe,2024-07-11,2
cbfce8ee85be,2024-07-11,2
c69a173164a6,2024-07-11,2
6c493a3f87d0,2024-07-11,2
0073355d1f47,2024-07-11,2
a979ca7fe62b,2024-07-11,2
68c8bb899883,2024-07-11,2
02ea58a3f68e,2024-07-11,2
a748ae09eea2,2024-07-02,2
59282765c3a5,2024-07-05,2
bc474bf77a66,2024-07-05,2
aa2e2d1fb8b9,2024-07-03,2
211ed4900d29,2024-07-03,2
302e891b30c6,2024-07-08,2
2642f16e78c5,2024-07-08,2
d60184cf6ca5,2024-07-10,2
940db02ae910,2024-07-04,2
e5fed65580a1,2019-10-17,2
2c69d5c39928,2024-08-12,2
5944b681182b,2024-08-09,2
eb546e47658c,2024-08-02,2
17e54978dddc,2024-07-29,2
6016e0bb0f3f,2024-07-29,2
2aaba1167953,2024-07-29,2
cd931b6cc495,2024-07-09,2
43d783d5794a,2024-07-09,2
599cbb657680,2024-07-14,2
2e9c5b52fda0,2024-07-14,2
fc0b67f72133,2024-07-11,2
dde716af79c2,2024-07-15,2
b3f30f2699e6,2024-07-08,2
b0e1e120a096,2024-07-05,2
7ddd0fa865f7,2024-07-08,2
fb5271014128,2024-08-06,2
b409920817b9,2024-07-18,2
f5527d01ba0b,2024-07-12,2
6a16aaa9c149,2024-07-15,2
3ad4e4fd873d,2024-08-29,2
f7b4ce189382,2024-07-16,2
5def7d122612,2024-07-16,2
a71202990954,2024-07-22,2
ef1f8586bf70,2024-07-11,2
03bf672b182e,2024-08-21,2
609e9b734cbb,2024-07-15,2
59541dc4af68,2024-09-06,2
07605df7333f,2024-07-18,2
16174a465ef1,2024-08-06,2
ce0babf9d23f,2024-07-12,2
cd558a73672a,2024-07-20,2
0a6a95ee4828,2024-07-15,2
203b55e4ac60,2024-07-21,2
88a9b73e263a,2024-07-12,2
45c48bf39a9b,2024-07-23,2
b1136354bcd9,2024-07-23,2
30c782c830dc,2024-08-08,2
e57e2b802f30,2024-09-05,2
281116d8ccbb,2024-07-15,2
8fc4a1b08985,2024-08-16,2
ba43f46de2cc,2024-07-17,2
075f6cd34d4b,2024-07-19,2
1e455cfaf76f,2024-09-24,2
fdbfd128d62a,2024-07-26,2
763489586188,2024-07-24,2
88f5ae62ea17,2024-07-24,2
74e5d05c28ab,2024-07-24,2
b90b6c06b229,2024-07-24,2
966a82865f57,2024-07-29,2
d6ca612db339,2024-07-22,2
4595b1a743b7,2024-07-25,2
1059c1164762,2024-07-30,2
eca3ec3afd8f,2024-07-30,2
3c551fac80b1,2024-07-31,2
e796aa6db6ef,2024-07-30,2
5142d5ef59a4,2024-07-30,2
00e42e092ba1,2024-07-30,2
0448ace60293,2024-07-30,2
0a0810b29bd6,2024-07-30,2
35d4dc0bedcc,2024-07-30,2
2721960382ec,2024-07-25,2
67f4c07467a0,2024-07-26,2
c4bbfd50feb6,2024-07-25,2
499742c4b569,2024-07-24,2
5afddefbfd45,2024-07-29,2
d06d32df0906,2024-07-30,2
4fba0f165746,2024-07-30,2
083e8a5647ff,2024-07-30,2
22e4eb80d418,2024-07-30,2
b79609a8c609,2024-07-30,2
95fde13da162,2024-07-30,2
e35f0201fc8c,2024-09-03,2
27019f07813a,2024-09-03,2
cc9eb22be6ce,2024-09-03,2
1c3e9efc1ba9,2024-09-03,2
aae91a3cf5b7,2024-09-03,2
66c1e3cc402f,2024-09-03,2
5bea1db17eeb,2024-08-12,2
f50503efc7d8,2024-08-12,2
62edc4057765,2024-08-12,2
883b9a840156,2024-07-31,2
db7dc35335d8,2024-08-11,2
5b0c346ca1f8,2024-08-11,2
09a285d07ccc,2024-08-11,2
108124f74c3d,2024-08-11,2
22012455fccb,2024-08-11,2
dd6db6625bda,2024-08-11,2
2f5ffc793915,2024-08-12,2
0b22d3bcdf26,2024-08-12,2
5fce12fb3ed8,2024-08-04,2
b115c2a42f39,2024-08-04,2
ae189025f78f,2024-08-04,2
96f9f1085371,2024-08-04,2
c10885389795,2024-08-04,2
be432e336e51,2024-08-06,2
39197c4bc230,2024-08-06,2
87354aae9b50,2024-08-12,2
fb7014e988d9,2024-08-08,2
9fec3018fc02,2024-08-08,2
66a351b7f025,2024-08-08,2
0a36ee938714,2024-08-13,2
ce364545e320,2024-08-02,2
98df0b774688,2024-08-03,2
2c4e9948a5c6,2024-08-13,2
14556336ed57,2024-08-13,2
5438830b4928,2024-08-06,2
19286aaa7b8f,2024-08-14,2
f57aad5d4d49,2024-08-09,2
1550108ace02,2024-08-06,2
56226638d4df,2024-08-12,2
412b543d4d73,2024-08-18,2
106909cf76a3,2024-08-18,2
3180bc0ec29a,2024-08-13,2
2ed1d9ddee1f,2024-08-06,2
49aa6601c48a,2024-08-19,2
3cbd6bd74bb3,2024-08-20,2
a366312b1013,2024-08-20,2
2a3c272936bb,2024-08-12,2
81058ea27e77,2024-08-09,2
4269bfa4596a,2024-08-12,2
f49f5becf247,2024-08-12,2
985270290450,2024-08-09,2
f823330a02da,2024-08-09,2
37e0a3849fdf,2024-08-09,2
b34d0a422282,2024-08-30,2
511190b0191c,2024-08-30,2
667ba987df36,2024-08-25,2
18130aa85308,2024-08-21,2
977dd3f30735,2024-08-16,2
e1f45d872e37,2024-08-20,2
edb91448eaa7,2024-08-20,2
396e7bcc979d,2024-08-20,2
48e36a818c73,2024-08-26,2
c8733df7a22a,2024-08-14,2
892dd06507bf,2024-08-14,2
6b331bf2021b,2024-08-19,2
7e5d3855f3ba,2024-08-19,2
6dde2e2a304b,2024-08-13,2
70d25ec4218b,2024-08-20,2
327c5bc1e583,2024-08-20,2
03717482013f,2024-08-27,2
87de545c8bc0,2024-08-29,2
66100ed013ac,2024-08-29,2
1c89e0a20674,2024-08-29,2
8361cdaa3d31,2024-08-14,2
0768022d6b46,2024-08-18,2
5c2ef900d032,2024-08-29,2
b38a36e1bfee,2024-08-26,2
0b944e436608,2024-08-28,2
64903f631586,2024-08-22,2
4626cea528c6,2024-08-22,2
dda952eeb828,2024-08-18,2
7f2f315869c6,2024-08-26,2
8915d1c33f0b,2024-08-26,2
e3ff12d93d87,2024-08-26,2
6dbf4f78feac,2024-08-26,2
acc003d901a2,2024-08-26,2
2932829de1d9,2024-08-27,2
87432ad1df72,2024-08-29,2
8a16983fc252,2024-09-05,2
a6e2080a8d2e,2024-08-30,2
a9bdc2ce0892,2024-09-03,2
f4fb18fe230d,2024-09-03,2
3399f17409a9,2024-09-03,2
bf9a0c807da2,2024-09-03,2
de5a25b303b6,2024-09-03,2
a75c48884f57,2024-09-03,2
49ce816f02a1,2024-09-03,2
a265c8a25a73,2024-09-03,2
692c89beb298,2024-09-02,2
9e1cba14a305,2024-09-02,2
b0900be2e50b,2024-09-02,2
fd3680727913,2024-09-03,2
bf5d3e52bb78,2024-09-03,2
78ef2f279ef3,2024-09-03,2
587a95d1eb82,2024-08-29,2
99c580e96068,2024-08-29,2
420fa9059b5f,2024-09-24,2
e734ff182f29,2024-09-19,2
2b3e4946cd0a,2024-09-19,2
ad8bc9bbb9f6,2024-09-03,2
ed48480cfc4e,2024-09-10,2
6e11e8162d5e,2024-09-10,2
cfee15f85b37,2024-09-10,2
5c95ad609472,2024-09-10,2
9a5c78f11ee9,2024-09-05,2
0f879b23efce,2024-09-04,2
db570ff3b004,2024-09-09,2
2c579576c4ab,2024-09-10,2
3a48236b8ebe,2024-09-10,2
946aebbc34ac,2024-09-04,2
9b5d09ac76e0,2024-09-09,2
9dc5fc0d7573,2019-10-17,2
c5227912ad9b,2024-09-19,2
7f750ced55d7,2024-09-16,2
f0bc37baa7ba,2024-09-17,2
c5adf612783c,2024-09-17,2
93ed35703d45,2024-09-23,2
913afe717a0f,2024-09-26,2
e9f3df2edba8,2024-09-26,2
82c08fa90ea6,2019-10-17,2
8c960a9f3747,2024-09-24,2
13360528e4b4,2024-09-25,2
ca0b6248d0db,2024-09-25,2
348e96430d27,2019-10-17,2
5793fa635300,2022-08-30,2
ef49c16a26c5,2020-08-03,2
0ba82b2066e3,2022-05-30,2
49ba2aae6213,2019-10-17,2
076703972fdf,2023-03-23,2
3f90a867eaec,2020-06-05,2
9b0b4ca0f415,2024-08-14,2
0a014f8113a7,2024-08-14,2
d33bec2f4ae3,2019-10-17,2
9f36ebdbd206,2019-10-17,2
a84cb40a8327,2019-10-17,2
8fdf576aab70,2019-10-17,2
bc594c09b37f,2019-10-17,2
e5fca55c0462,2023-11-15,2
36943b37c9f9,2019-10-17,2
a7962abafdf5,2019-10-17,2
f860bd81eacd,2019-10-17,2
b47a4a24fde3,2024-04-09,2
63e4bb745cc8,2019-10-17,2
e8ea17916bee,2021-07-30,2
790e018e1926,2021-04-08,2
d0fe3516b2ff,2023-11-21,2
879079ce619b,2024-01-25,2
cc7277e38ef8,2019-10-17,2
41c744d821a1,2023-05-30,2
0673fe6760b2,2019-10-17,2
eec585396b5d,2019-10-17,2
4d262b40b35e,2019-10-17,2
8db934757d71,2023-04-18,2
88d75d2565cb,2019-10-17,2
67acac446d96,2023-02-16,2
6b6ba622256b,2023-09-13,2
f1bfb1ef214c,2023-12-01,2
978b55be604e,2019-10-17,2
2d1a3f2a82f6,2019-10-17,2
e1796b8de5d5,2019-10-17,2
726e26d706f5,2022-08-15,2
c8ed4b65f530,2020-02-04,2
64bf5e4459fc,2022-07-28,2
67fde626a3df,2024-08-16,2
62b067320a0c,2019-10-17,2
f6f7e1871bc1,2019-10-17,2
d1cf8a621960,2019-10-17,2
20bf7b042147,2024-07-01,2
ee4343cc7dcc,2019-10-17,2
12fa2a3a09a6,2019-10-17,2
1ed212e40e16,2019-10-17,2
55a96d3183af,2022-02-24,2
1f9b1ea5b2e2,2024-05-14,2
e8e543e97e8d,2022-07-31,2
eb225272114f,2023-03-28,2
c5458670a371,2019-10-17,2
97bda00e2dbb,2020-04-12,2
485afeff976a,2024-07-23,2
5e26db881988,2019-10-17,2
bda5b157e737,2019-10-17,2
6d03566f7b8d,2019-10-17,2
714fb980d919,2019-10-17,2
d20ff8429167,2023-05-16,2
5308ba6a2adf,2021-05-14,2
902a9e764503,2022-09-15,2
81f01b7ad685,2024-04-15,2
40164682463f,2024-09-22,2
256c0db4f6b9,2019-10-17,2
629c8c68e300,2019-10-17,2
01574a57789e,2019-10-17,2
0df3892888c9,2020-05-19,2
0f97f38616f2,2020-11-27,2
65dc62bb548e,2019-10-17,2
19cbd20aa3a0,2021-09-15,2
e6bb5d4bc66d,2020-02-18,2
563a45e16d46,2019-10-17,2
a8564f5aa125,2019-10-17,2
5531f0437885,2019-10-17,2
fda3a6af3b30,2019-10-17,2
1118b806091b,2019-10-17,2
a17c717cf82c,2019-10-17,2
d5f7a39f6491,2019-10-17,2
a2d871968596,2019-10-17,2
6662ef8ec5cd,2022-09-15,2
e8cd42957fdf,2019-10-17,2
6e61091703e7,2023-04-02,2
55308d86a1b9,2023-12-13,2
c7836d6a9b1e,2019-10-17,2
978989f72bf5,2019-10-17,2
4bd7c3497491,2019-10-17,2
4ea8e56099f8,2021-11-30,2
4fcd3a81acbc,2019-10-17,2
f0309b5a974b,2019-10-17,2
7bafe3f10d28,2024-05-12,2
97d3bcbead2a,2019-10-17,2
3f6f5041a76f,2019-10-17,2
105b9ee965b6,2023-05-05,2
770484d0a6fb,2019-10-17,2
b06d334b0ca1,2019-10-17,2
fc15b03ffa80,2019-10-17,2
8fb29561f683,2019-10-17,2
ba5089e4c415,2023-06-07,2
1040d3459a78,2019-10-17,2
e3c7fb6549f8,2019-10-17,2
6a5d9edb6ff2,2023-09-13,2
99ad3b99c3ed,2023-09-13,2
74b2431d8f53,2019-10-17,2
3c8f081cbde7,2019-10-17,2
4a95d21c0909,2019-10-17,2
b4621bc06db0,2019-10-17,2
8206d5f944ee,2019-10-17,2
e616c715ad80,2019-10-17,2
60f4ebc0be77,2022-05-30,2
2fe789fee61f,2020-12-20,2
4f0980b79acb,2024-08-29,2
82223a8d405f,2024-02-29,2
8df4fba6d441,2024-07-22,2
4f2db5c52520,2024-07-19,2
ff620a370aee,2022-04-06,2
a92d086510cc,2019-10-17,2
810421f8cfc5,2022-06-23,2
998e7fe2185e,2019-10-17,2
6e15aa682f99,2022-06-28,2
5fd732596f5c,2024-06-18,2
14a6e6191552,2024-08-21,2
768ebb7e086d,2019-10-17,2
f6c36b8b3e2f,2024-02-04,2
de3ef7647727,2024-05-12,2
de6cb1fdaf02,2024-07-22,2
fee521eec807,2019-10-17,2
f14469cb14dc,2019-10-17,2
1c08ca053044,2024-01-16,2
fd56968e2afa,2022-03-22,2
ddf11dee4a96,2022-07-27,2
fe2a7c311414,2019-10-17,2
eba14c4a124d,2020-12-06,2
583674c36f2f,2023-06-07,2
5b8e114fdf6f,2024-03-04,2
68348aae54c8,2024-09-19,2
1709cbde59aa,2019-10-17,2
493274e6ce28,2019-10-17,2
8fadb1f755a0,2020-02-03,2
698c68feaabf,2019-10-17,2
197d166eb4e0,2023-12-18,2
c51ab785c175,2019-10-17,2
69dfdedd10af,2019-10-17,2
cc70804d96f0,2019-10-17,2
be9d91735879,2024-03-29,2
88218763ed07,2019-10-17,2
6c438652e521,2019-10-17,2
9824ebd45cf2,2023-06-07,2
da8d1c525bf4,2023-06-07,2
f19c859a6e64,2023-06-07,2
a1c1cebf7806,2023-06-07,2
79b152373c20,2023-06-07,2
6681dcf95681,2023-06-07,2
40ac57b71a17,2024-05-12,2
b6a353b80eb6,2020-12-06,2
589c20a5107c,2022-09-15,2
646dc31a00f1,2022-06-17,2
9293cf64e00d,2019-10-17,2
a6bc8c63439b,2019-10-17,2
ade8aceff42a,2024-09-16,2
95c880de312c,2019-10-17,2
5ee00301b100,2019-10-17,2
57549fb2bac4,2019-10-17,2
2fc15af5522a,2022-07-21,2
5fa0bebd779f,2019-10-17,2
1c4b6cebb194,2019-10-17,2
ac9e3c47204d,2019-10-17,2
86a99633da0f,2019-10-17,2
b198814b022d,2020-06-11,2
7bb75a6ed0d0,2019-10-17,2
71958e21c078,2020-09-06,2
688308d7e779,2022-11-02,2
0333190872b0,2019-10-17,2
5850ec892839,2019-10-17,2
134fb35cd563,2019-10-17,2
a2cbd4d3ed2f,2019-10-17,2
927aab2c721b,2022-12-01,2
1673af63a69c,2024-08-29,2
2eb785ed4be3,2024-04-16,2
c27c97c8773c,2022-09-09,2
5fd9787ddfe6,2019-10-17,2
3534e7f1a513,2019-10-17,2
3721372767b4,2019-10-17,2
9de699242793,2019-10-17,2
6e483c76cdec,2019-10-17,2
90ef87ab5a9e,2024-09-10,2
fb73ec7630f0,2022-12-11,2
5ca6bea0954c,2022-09-08,2
311054a4a36b,2023-10-31,2
cdfe30fcf9e4,2019-10-17,2
f80ec002aa0e,2019-10-17,2
27b9af38e967,2019-11-26,2
cfa23f3b1fc6,2019-10-17,2
fe077cd1c80b,2022-09-15,2
ca1ec5e5e362,2024-07-10,2
b85a83e059de,2019-10-17,2
a5480b6eef18,2022-03-21,2
44c26f5d33f4,2024-04-22,2
779be1af4e34,2019-10-17,2
ff0a02225d1a,2019-10-17,2
9a1b3a1f6326,2022-09-08,2
18d734b10c99,2024-01-25,2
ba79d9e7fbf7,2019-10-17,2
505a75cfea9a,2020-09-01,2
c632b76e62d0,2019-10-17,2
b280371b2f57,2023-10-30,2
20a66a0f21d1,2022-07-28,2
06d99aaebd2f,2020-10-25,2
2686d33dfc85,2022-09-16,2
4cf3633f183a,2023-12-27,2
cdc8f10cdca3,2019-10-17,2
30b838c148a3,2024-03-25,2
65fac9abe01d,2024-05-31,2
16c30682193b,2020-12-28,2
72bb3744b628,2022-05-25,2
4137fd974927,2022-12-16,2
886f1e058fd0,2022-02-15,2
ee6a248094be,2022-12-16,2
673d3cbea40c,2019-10-17,2
e621af44fd81,2019-10-17,2
95bef200a54f,2019-10-17,2
2e4367a26bb0,2023-04-04,2
e1a9ae626618,2023-09-13,2
c5e13f2c725c,2024-07-29,2
d47dd6279265,2019-10-17,2
4aec406b290b,2022-03-11,2
7c3d4da7e4de,2023-03-23,2
e350b131d4e3,2022-08-09,2
d3fa81630cf4,2019-10-17,2
a245e25de798,2019-10-17,2
22226e3b0d26,2021-09-27,2
873d2d217501,2019-10-17,2
351836bbe743,2019-10-17,2
19d98f35e98d,2019-10-17,2
59a9442d508a,2022-11-15,2
b3b0fbcbfe49,2019-10-17,2
e8ab91dde1d0,2019-10-17,2
b228965296c7,2019-10-17,2
09cc4f397c1d,2019-10-17,2
e90563181b01,2019-10-17,2
44be5c84a7d8,2019-10-17,2
881042c45c55,2023-11-06,2
7d99569242ae,2019-10-17,2
194a26f1baa2,2023-03-10,2
7c39216e2f57,2019-10-17,2
63c57c69a0dd,2019-10-17,2
7383d0def823,2019-10-17,2
23c9898a25ce,2024-07-29,2
0814c1ea8eae,2020-08-04,2
4da5748667ae,2020-08-04,2
289c7e19f6aa,2024-03-11,2
70f587ee20c6,2020-12-06,2
9ed32bd58dd9,2019-10-17,2
d2b5884eab09,2020-11-22,2
91cfba7506d8,2019-10-17,2
1e3fd47c3ed9,2023-09-13,2
d344050f26e4,2019-10-17,2
5bfc75154385,2020-02-13,2
9bea27b157d4,2019-10-17,2
65b7cbb2736c,2019-10-17,2
7a969be490ee,2023-06-15,2
81215901ee2f,2020-09-21,2
e8b045313802,2022-03-14,2
52738439ad17,2019-10-17,2
0d138f3bf2dc,2021-02-17,2
3e6ed7e670fd,2020-03-13,2
8d494586a1bc,2022-07-29,2
2d151d771d2f,2020-05-15,2
5caba973144e,2019-10-17,2
bcef500acbc1,2019-10-17,2
d31758b2c8ce,2019-10-17,2
568c075c9e9e,2019-10-17,2
a0cafafc34ca,2024-04-17,2
7dd52610f797,2019-10-17,2
59ed0d1f809c,2023-10-09,2
7ceaf1f5a003,2023-09-13,2
239dec5dadaa,2022-03-22,2
0c0a584379d6,2023-09-13,2
6d284b4e9982,2019-10-17,2
55d25b10684a,2023-09-13,2
fe8449f16860,2023-09-13,2
40f2cdc35fbe,2023-09-13,2
d209488c81d5,2024-09-15,2
93bb9e567f5f,2023-09-13,2
98230fc5cafe,2019-10-17,2
ece6d94f25cb,2019-10-17,2
e06e892f2d7e,2019-10-17,2
84367bfa7ca9,2022-10-28,2
e14541977c90,2024-07-05,2
9176d53ceaee,2019-10-17,2
c8d70424725a,2024-05-12,2
2dd47980958f,2023-01-16,2
c2e5c66859d5,2019-10-17,2
b555ff8a2c67,2022-11-28,2
bba6f7ee0b65,2019-10-17,2
4ebc64c9b9d4,2022-05-19,2
06764e1f6627,2019-10-17,2
d0e9197fe9da,2019-10-17,2
8984ce17feca,2019-10-17,2
2b120dd4e037,2019-10-17,2
14a545c674be,2019-10-17,2
91657fd8415b,2024-06-18,2
d53744a9a47c,2023-02-26,2
0c513a77a6b0,2019-10-17,2
277464775c82,2020-12-06,2
efb43554af10,2023-01-30,2
aca0b158aa4f,2019-10-17,2
c40bd92ea857,2024-03-07,2
9bdb91d7b308,2020-11-19,2
d156750230af,2022-03-02,2
93a55ee9aafb,2022-09-21,2
e20fc9783345,2022-09-22,2
aec36be7deb5,2019-10-17,2
d04327a1d47a,2023-06-08,2
820d76eda1e8,2022-09-15,2
0c0010463f4b,2019-10-17,2
5858b9c8b15a,2022-01-16,2
3b2970e82aaf,2024-05-03,2
b245a1e50f96,2019-10-17,2
adbb0332d923,2021-07-22,2
df29e62cd3da,2023-10-06,2
2310f068af26,2022-04-28,2
081d82ba517f,2023-03-07,2
30a0a511fb00,2019-10-17,2
81feedeadab5,2024-08-21,2
50b51846c3d7,2024-04-08,2
ca084e986974,2019-10-29,2
a324f8cb8cb4,2023-01-10,2
c0bfedb4453a,2024-09-04,2
65036d0aa337,2019-10-17,2
b554045e5fc0,2024-03-25,2
315b9c076ce0,2022-04-12,2
cbd4e396f52f,2019-10-17,2
370ac3975bac,2023-01-09,2
3f38e86d7ee9,2019-10-17,2
9e11f797d4f1,2020-12-17,2
e2f350465186,2024-02-12,2
20961228c5ee,2023-12-04,2
c1c44c34bbc5,2021-05-06,2
a530560bd6d2,2024-06-06,2
320355f86abe,2019-10-17,2
f8fd6e540c9f,2019-10-17,2
65b2584794da,2019-10-17,2
14204482310f,2024-02-12,2
fbc24e98a14e,2023-03-28,2
380c8446b5fa,2019-10-17,2
a083f067292e,2024-06-04,2
37ff0e4ab70f,2023-09-13,2
2ea27684a5ef,2019-10-17,2
060bd1aee084,2023-06-07,2
59d011eb0c09,2019-10-17,2
aed2ffd9dad9,2024-07-15,2
9e55ce04100f,2023-06-07,2
94d6933ef685,2019-10-17,2
5271b53065f7,2019-10-17,2
28db3dd29fd9,2019-10-17,2
7574dd0f3d89,2019-10-17,2
84ebdf73049f,2019-10-17,2
5fbb2590c8b6,2019-10-17,2
c2120e24aea3,2019-10-17,2
f665ca2a3a08,2019-10-17,2
32159023b636,2022-08-16,2
253ab68ae78c,2021-12-06,2
7428830d55b6,2019-10-17,2
983194a6c68b,2019-10-17,2
ee10681b61dd,2019-10-17,2
fa1c0ece7e1e,2019-10-17,2
760020c9a42c,2019-10-17,2
c08b1c38c736,2019-10-17,2
723037bdb49e,2019-10-17,2
618a0837e888,2024-03-18,2
2fda45d4fb50,2024-05-20,2
7f8b47ebc550,2019-10-17,2
f46f52c86437,2019-10-17,2
daa93ef07045,2019-10-17,2
f86d05099950,2019-10-17,2
802bf472eeea,2019-10-17,2
f1c124cf6cca,2023-01-17,2
3902ee346892,2019-10-17,2
0cdb4ead15ff,2022-06-14,2
e8a8b99a894e,2021-10-14,2
d56e9826b28f,2019-10-17,2
dc96277bd547,2019-10-17,2
f210c1710716,2024-07-08,2
5ad137978590,2023-06-02,2
36fc15bd2c1e,2019-10-17,2
c31d46b06c20,2024-05-12,2
930bf9e05d33,2019-10-17,2
67fb932c6eac,2019-10-17,2
f3b09aad7f80,2019-10-17,2
5c4ea607a302,2019-10-17,2
1785229c00cc,2019-10-17,2
09e17b6d3e0d,2023-06-07,2
c40d1fa5024f,2023-06-07,2
9a74a676d4f7,2023-06-07,2
11b629866615,2022-06-30,2
7e275b056207,2022-07-20,2
fa3fb504e6f3,2024-06-17,2
02f10ffbebf8,2024-04-12,2
8d8d3fdee7df,2019-10-17,2
9ba1f38d4941,2023-11-22,2
eaeeea146434,2024-03-18,2
3eda42d2c258,2023-11-24,2
a535a6359e50,2019-10-17,2
f2db8426e5e0,2019-10-17,2
e2735ca43df4,2019-10-17,2
1b9e512f9262,2019-10-17,2
eccd121eb60b,2021-04-09,2
254f6c5e844d,2021-04-09,2
55b8d358d840,2021-06-03,2
dcc46026c07a,2022-09-06,2
1f45e1da4270,2019-10-17,2
6ddc4f880b78,2019-10-17,2
36760896eba9,2019-10-17,2
57f83b0c8474,2021-06-21,2
0dcd051d96f0,2019-10-17,2
619c6dd45d3c,2019-10-17,2
65ca8b2fe34a,2019-10-17,2
fd60d49a3686,2019-10-17,2
9330fc4ee561,2019-10-17,2
9a6d9617ab16,2023-11-21,2
2bf5a78f21d9,2019-10-17,2
4631e38ada02,2021-04-09,2
ecc492fadbb0,2019-10-17,2
d3c20dc671e4,2019-10-17,2
7503e13c34b5,2021-05-19,2
c885a7604ac8,2024-06-06,2
2880725411a7,2023-06-07,2
8848277f04ff,2019-10-17,2
21043b99c79e,2024-08-28,2
0f87c2f99533,2022-05-31,2
cff35404fd80,2023-04-18,2
ba60ef413323,2019-10-17,2
16335c873ed4,2019-10-17,2
964f6927a8cf,2019-10-17,2
efc10edd69d0,2019-10-17,2
35d07179f02b,2019-10-17,2
8250099a8aff,2019-10-17,2
23b18d1f7da9,2019-10-17,2
e5b2b6f57ea7,2019-10-17,2
2c007023f650,2019-10-17,2
b2eba3cb86a9,2023-10-30,2
73eaa5c9f7c4,2023-06-07,2
02edc05ec984,2023-01-26,2
a608ac3ed831,2023-01-26,2
df377ab6a7f4,2023-06-07,2
f0f5c70444fd,2023-06-07,2
e7dff98e7e83,2019-10-17,2
1906a43f0ad9,2019-10-17,2
46bf72bc1179,2019-10-17,2
6ff392ec980a,2020-01-29,2
647b4f3cb466,2024-09-19,2
da9879095858,2019-10-17,2
97b4c28c0a80,2024-03-25,2
61c801654b3f,2019-10-17,2
f32526f9e7f3,2023-11-27,2
7b035275b139,2019-10-17,2
a280f60040ae,2020-10-08,2
4a340479fdef,2020-10-08,2
433a8672cc17,2020-09-06,2
af64304f9dff,2019-10-17,2
df9e744b844c,2019-10-17,2
7d0200579f8e,2019-10-17,2
d679271b5628,2019-10-17,2
1b1f5000fa46,2019-10-17,2
65a99c721e97,2019-10-17,2
ddb97adeaa0f,2019-10-17,2
c06cbdeb2229,2019-10-17,2
9cf73302a293,2022-12-27,2
27bf6c04b90b,2024-04-16,2
c2a015a98e19,2019-10-17,2
871a62b64771,2022-10-27,2
dc501dc1724d,2021-07-30,2
c0610f7b2a1d,2021-09-24,2
97779d5f1f4e,2021-09-24,2
76fdd1ee5f47,2024-08-16,2
4acc64a506f2,2019-10-17,2
e8c1e5ef5288,2023-06-07,2
90af51623f66,2023-06-07,2
3341c89df1f5,2024-03-22,2
69f554ac2919,2019-10-17,2
14115307ac40,2019-10-17,2
eb0d313d072e,2019-10-17,2
525086b9c9e0,2019-10-17,2
596325c02280,2024-04-15,2
d50be1362ae7,2019-10-17,2
3157cae346d5,2019-10-17,2
35a2416a190d,2019-10-17,2
0e10953962ff,2019-10-17,2
b579c35925fa,2022-06-28,2
7a19d9487f00,2019-10-17,2
6988f68503c2,2019-10-17,2
0c6f8d9fd621,2019-10-17,2
745cb0b98f70,2019-10-17,2
69b7c6fe64ac,2024-07-03,2
63d4e6a0a81e,2023-09-13,2
6147091aef59,2024-05-12,2
5aeff8a62b19,2023-09-13,2
e62a5efcb6ec,2019-10-17,2
51b3330dc55f,2024-08-27,2
cabf5e477757,2019-10-17,2
8f9e544d98b8,2021-04-05,2
b3ab3c51db15,2020-05-31,2
300f9f3696a2,2022-07-19,2
35b8c4fe7783,2019-10-17,2
c6fbf172a461,2023-11-14,2
ee10b86ba378,2019-10-17,2
38f1e8cf1b3d,2019-10-17,2
5fc1c624be5e,2019-10-17,2
c2cf6dbb726b,2019-10-17,2
eef7dcab241e,2022-03-21,2
456390787028,2019-10-17,2
39ffd982df8a,2019-10-17,2
ad5239463b05,2019-10-17,2
8f234f75cfdf,2019-10-17,2
788b2c8b9f51,2024-08-05,2
00aa2e81eb9a,2023-09-13,2
d6a2d61b1a7e,2019-10-17,2
c2948faa5257,2019-10-17,2
18fef8c381e3,2022-11-29,2
7b299a46829c,2024-08-05,2
2c67f166e70c,2019-10-17,2
1aab07a2a659,2020-10-30,2
264117fee81f,2021-08-09,2
311ebe554099,2021-05-13,2
cd8faae44664,2019-10-17,2
a1f11f1aeef7,2019-10-17,2
581d50bf0c38,2022-03-09,2
ebdac33c23e7,2019-10-17,2
2ac2bb350c5f,2019-10-17,2
10ed4311cf23,2019-10-17,2
f2729ed08cbe,2019-10-18,2
61e68458617f,2019-10-17,2
a0e3d1c46466,2024-09-03,2
124bfab82b7d,2019-10-17,2
2727a1eddb36,2019-10-17,2
4ef5e0d05f96,2020-06-11,2
0c7a6d4d8007,2019-10-17,2
d0b14c096ebc,2024-04-10,2
373fc7de8b34,2022-03-11,2
3fd75cb83a43,2023-09-13,2
a1d5b5dfa27a,2019-10-17,2
c33089576c1d,2024-07-10,2
578f1f93de89,2024-08-29,2
425640f28d66,2024-03-07,2
7be3e7a5dd82,2024-09-13,2
08f5e29bdcb3,2024-05-29,2
900b8eb2d0e4,2019-10-17,2
2e88a8c458b7,2019-10-17,2
aad0e45151b9,2022-10-18,2
06f449289b1c,2024-05-24,2
71e035d93ca3,2019-10-17,2
c3714f580072,2024-02-12,2
096de7df1355,2019-10-17,2
1bffd28a8295,2019-10-17,2
204d3b831f74,2021-06-18,2
afc341256df5,2022-10-28,2
ddf05f62d1f7,2020-05-27,2
bac362bb9880,2019-10-17,2
8c601ec8d33b,2019-10-17,2
7514c9134adf,2019-10-17,2
2e2ce1e8958d,2022-06-06,2
3b71ec78d056,2024-07-08,2
1c05aca464a3,2023-09-27,2
4bfc9343aa71,2022-03-21,2
2551cbe4475a,2023-10-09,2
53e71047efc7,2019-10-17,2
89cd6ac05140,2022-05-20,2
def52bfc9d74,2019-11-05,2
b2d081636e40,2019-10-17,2
a815fa2795b1,2019-10-17,2
afc93f51b195,2019-10-17,2
83d6d91620e7,2019-10-17,2
cb4d19e3647c,2023-09-13,2
e35cb149f016,2019-10-17,2
d6cf1cf66d90,2019-10-17,2
7c95a5770e81,2019-10-17,2
1ccdc8416ef3,2019-10-17,2
942f1f2b60ea,2023-10-10,2
9bc48f2e9c2f,2023-01-18,2
9c41430a3118,2019-10-17,2
ae73f2ff6bf4,2019-10-17,2
461a8e2b14f8,2024-01-25,2
8c3a86a453e4,2022-09-15,2
ee6b635c0e62,2019-10-17,2
e4f6ba21da56,2023-03-07,2
03f4ea52c8e9,2019-10-17,2
a6fec605887e,2024-03-25,2
d7111ffb5a24,2019-10-17,2
791d26975178,2024-03-27,2
adc4f892a569,2019-10-17,2
827ee4403af4,2022-10-24,2
fbc5940ed04d,2020-08-07,2
4529cab60840,2023-02-02,2
7e01f5ad8a16,2023-11-02,2
0b62336db275,2019-10-17,2
ec1135348193,2019-10-17,2
d15cfb9a02c8,2019-10-17,2
0374e021f1ad,2019-10-17,2
d696e12617c8,2022-08-11,2
486be8c826b5,2019-10-17,2
69f1b4ae32e4,2019-10-17,2
99fd3412346e,2019-10-17,2
1b008dee97d2,2019-10-17,2
d1455400a8fc,2019-10-17,2
785e29671ede,2021-09-20,2
ea3267db95e2,2019-10-17,2
cb9c7cf5d2de,2022-09-08,2
32381b4157b7,2020-04-09,2
437974e9d324,2020-01-29,2
0fc865b332ad,2020-04-12,2
bd44d0be4827,2024-05-12,2
950496af75c8,2019-10-17,2
776e43f3c2d3,2023-09-13,2
2f711bc12b15,2019-10-17,2
e2aded14b1d3,2019-10-17,2
ec0f7d3d9b53,2019-10-17,2
7c4fd59917e9,2019-10-17,2
94bfdce908b0,2019-10-17,2
f1eb9c33424e,2019-10-17,2
e9c03d5aeed9,2019-10-17,2
d9f5cbd8e676,2019-10-17,2
68be511fb53e,2023-10-20,2
9f716dce9a57,2023-09-29,2
b889c3521163,2019-10-17,2
1269790d41ec,2022-04-07,2
90b1624dda9b,2024-05-12,2
35d472659432,2023-02-02,2
45ec31162fbd,2023-01-26,2
926e9ded2445,2021-09-16,2
72d52ac7f38d,2019-10-17,2
039823e72e87,2019-10-17,2
44dbeba70827,2019-10-17,2
5c6cc02fa922,2019-10-17,2
a99bc1ab10f4,2019-10-17,2
2b1952980df8,2019-10-17,2
5a676718916e,2024-03-14,2
16024763e70f,2024-08-08,2
c017b9238f7a,2020-08-07,2
440643adee3c,2024-04-15,2
275e69f3ad10,2023-09-13,2
e0e23b5afbfc,2023-06-08,2
7e37003dfeb0,2019-10-17,2
a80816455744,2022-05-04,2
ca4a83d9827f,2019-10-17,2
e7fbdb42c076,2019-10-17,2
b5744fa160b8,2022-09-28,2
f900a5e8410a,2019-10-17,2
c662c8a18dad,2019-10-17,2
d30205f7e0d4,2019-10-17,2
45290ad3b062,2019-10-17,2
ed2d5c78450e,2020-02-06,2
473039c62bd9,2022-08-16,2
d0ba40dc6090,2022-04-19,2
99578f118bab,2022-04-06,2
ed63fc21ac73,2019-10-17,2
245ed5c0d5af,2023-09-13,2
b22f3ff5da3d,2022-06-06,2
42078afc7b09,2022-07-07,2
f62029b9b1bf,2023-01-17,2
f5f3a9575d31,2019-10-17,2
7e4ba29de3ff,2019-10-17,2
58d40693b577,2019-10-17,2
11b3d68030cf,2019-10-17,2
e7496fc8e20a,2019-10-17,2
e0a7aafd3870,2023-02-09,2
1349ce333a18,2019-10-17,2
03edeeba2ce2,2019-10-17,2
a2f40f35c475,2024-06-27,2
c4bf3dd42c4d,2021-05-13,2
3afd0d438fcc,2019-10-17,2
eaeceaeaf311,2023-02-01,2
f42ab260c307,2019-10-17,2
3fda23a187dd,2024-05-30,2
f605f5cb2dbc,2019-10-17,2
35721dc94dcb,2019-10-17,2
3a659f0c0927,2019-10-17,2
3826a44013ab,2023-01-24,2
fa25c9418cf7,2022-06-28,2
b30e7bbda3b5,2020-08-16,2
15ede13edd61,2019-10-17,2
78e509903195,2019-10-17,2
c998bd010dce,2019-10-17,2
a0de40fcb388,2019-10-17,2
800e685550a7,2019-10-17,2
946d8d1b6f7d,2021-10-14,2
d4de6c3576b6,2023-10-30,2
193e75cb1057,2021-10-14,2
4873bdc0d5c5,2019-10-17,2
c0c0837d4f83,2019-10-17,2
19c110a2922d,2022-06-17,2
42a8b395848e,2024-05-12,2
89498431e058,2020-10-19,2
05d1c9f7d39f,2020-10-25,2
cbb43114b7d0,2022-09-01,2
d584bfa3da52,2020-12-06,2
080e2b207f75,2019-10-17,2
d7b30a1548d8,2023-10-06,2
f4ae0645d952,2019-10-17,2
115f680ed3db,2022-12-27,2
150f72d6d314,2023-03-12,2
b4cdaf6cc2d0,2019-10-17,2
d0e1ebebe202,2022-08-23,2
f25bc163397d,2019-10-17,2
716e6af4afd4,2019-10-17,2
8e603a5bc189,2019-10-17,2
f4964faaf298,2019-10-17,2
f36d7f450e6c,2019-10-17,2
5644bab6de1a,2019-10-17,2
6d2a1db6995e,2019-10-17,2
0b448e895a11,2019-10-17,2
1d4abe44840b,2019-10-17,2
ec78dd9d6768,2019-10-17,2
b34963b5287f,2023-03-28,2
ec042cc18789,2019-10-17,2
78f56d81c9b1,2019-10-17,2
661b4f56e625,2019-10-17,2
df39d658d795,2020-09-06,2
b3b15cebaae6,2019-10-17,2
3e50ef530cc1,2019-10-17,2
9219403e3c44,2019-10-17,2
6b42f32e7341,2019-10-17,2
30204f754c9f,2024-05-29,2
8fb208c799ca,2019-10-17,2
3625990a8f9c,2019-10-17,2
fc0861467a1b,2021-09-15,2
2176cca87d77,2023-09-13,2
31fa52076cce,2023-09-13,2
99d9e5ae9fb2,2022-07-07,2
8746d806aee3,2019-10-17,2
c3c2e523ec5f,2019-10-17,2
04cce05f495a,2019-10-17,2
1c1b303808d7,2019-10-17,2
926dc68b1399,2019-10-17,2
a87e6007a0e6,2023-05-16,2
c864bd598d22,2019-10-17,2
f8063f7fa660,2024-08-07,2
7d22711efd37,2019-10-17,2
1350844eb971,2019-10-17,2
4b6127d1c09a,2024-08-20,2
d1912ff68796,2020-01-30,2
ebdb82ec39c5,2019-10-17,2
5353764779a6,2019-10-17,2
cc0627f3c208,2019-10-17,2
88011c2a271b,2020-04-16,2
639cd51c0de6,2019-10-17,2
9037c008fa5e,2019-10-17,2
a5d418bb558f,2019-10-17,2
3bc4b7ba6ca9,2019-10-17,2
234fa9dede53,2019-10-17,2
60b4c682dad1,2019-10-17,2
b6e84b66bf0c,2020-04-01,2
06fc74a7564f,2024-08-14,2
f32fc9c894a5,2019-10-17,2
176d745bc402,2024-03-22,2
f58eef4b79bb,2019-10-17,2
741a8e38039d,2023-01-17,2
23667cd13e70,2024-08-27,2
267beb21cbf3,2019-10-17,2
d385438bf404,2019-10-17,2
c782f506d83c,2019-10-17,2
e7f0e9898ee1,2019-10-17,2
69ee50b02ee7,2019-10-17,2
9f5b3ed40ed2,2022-11-03,2
6fe7b80a53aa,2019-10-17,2
71ecf5eaeb3f,2019-10-17,2
6c328e58b963,2019-10-17,2
b6dc10c049fb,2019-10-17,2
55d5e8773e4e,2019-10-17,2
f970b44f7aab,2024-03-05,2
b738669cfb05,2019-10-17,2
7a69c5ddb6ed,2019-10-17,2
56a65d70583e,2023-02-09,2
d32ef75700ad,2022-03-17,2
48b316185429,2019-10-17,2
2386fb99f0dc,2019-10-17,2
9b4865c6faf1,2024-01-22,2
f9a3c3989726,2023-10-31,2
e99f16f558ed,2019-10-17,2
12a74a83bd3e,2020-01-24,2
6ecc90cb3d8e,2023-12-11,2
34aef5a3e126,2019-10-17,2
c76a8c6b322c,2023-11-28,2
147157870ab9,2022-11-07,2
0ba47d1b2711,2020-12-06,2
d6c83b06ddc4,2019-10-17,2
e44bcaf68254,2020-12-06,2
9c5d1a7ae2b3,2020-05-27,2
e9be18f7b7d0,2021-09-01,2
ff525a810224,2021-10-20,2
ec593b6ec1d9,2023-04-11,2
118e1421b096,2023-06-07,2
da2430e9b391,2020-12-06,2
83bcb3329f51,2020-11-01,2
411a9281682c,2019-10-17,2
8d5a3d4b4a9d,2019-10-17,2
c5aa40ed40d5,2019-10-17,2
f17987cd526a,2022-09-27,2
de8deca340de,2019-10-17,2
8591292b870b,2019-10-17,2
7d0484487365,2019-10-17,2
8f56ef5479c7,2020-08-05,2
2d38d8c752ef,2019-10-17,2
365e7dab233e,2019-10-17,2
77267dfe7b5e,2023-02-28,2
bed13520c400,2019-10-17,2
1408497ade4a,2019-10-17,2
2472c6e0775d,2022-06-15,2
af90c3fdcba1,2019-10-17,2
31c92abeb90b,2023-09-28,2
10e88288f0dc,2019-10-17,2
1aee2b2e7dbe,2019-10-17,2
aae1ef9f4bea,2019-10-17,2
ff53151ec4d4,2022-12-05,2
166bbf945ce1,2020-01-20,2
62ef5fa56872,2024-02-15,2
50b65f9e6fb9,2019-10-17,2
16b3978a5fd2,2022-06-23,2
0f9fab7e5828,2022-11-01,2
11cc4484ff25,2019-10-17,2
98e06f94fa9f,2019-10-17,2
58447f11c3b0,2019-10-17,2
4e64b772fa65,2019-10-17,2
72d642d37186,2019-10-17,2
fa2213bcd323,2023-01-26,2
592b9364dea0,2023-11-07,2
2bbe4c3e619c,2019-10-19,2
e032c37d1cd5,2022-08-21,2
657b6d8f6975,2023-05-25,2
4453e7044ad7,2019-10-17,2
f27fd32437d5,2020-11-19,2
ebc5d04c5ba2,2023-02-09,2
805db12e155f,2020-04-29,2
1f4768aa4c67,2021-11-09,2
242da184fb6b,2024-07-30,2
b9598b2d5df5,2024-06-16,2
1e286aabfef3,2019-10-17,2
cc6c7c390271,2019-10-17,2
2ef81d114213,2019-10-17,2
172f3de6207e,2019-10-17,2
1936310585a0,2022-09-29,2
94cf0ec15c66,2019-10-17,2
d1dceb12d604,2022-07-17,2
2c98b3ddde7b,2022-06-20,2
14bd7336f525,2019-10-17,2
3884f735e9dc,2023-03-09,2
a8319ab88dc1,2023-12-13,2
9181066f16de,2019-10-17,2
794e5f508a66,2019-10-17,2
131bd068ae57,2019-10-17,2
1218d0240db0,2019-10-17,2
142e7bf5f2ad,2019-10-17,2
9b220decf7c0,2019-10-17,2
bb9b0a79bd08,2019-10-17,2
d487df2a87ee,2019-10-17,2
e4dac9f97c33,2023-01-24,2
e8b9e6e20bbf,2024-07-23,2
6b5308c0d058,2022-11-22,2
9b0caa08f55d,2019-10-17,2
d9493a89b164,2023-06-07,2
92d421c02acf,2021-04-22,2
b5b9f96e01f7,2022-10-25,2
4cfe07e02dad,2019-10-17,2
43a7b07e1fdc,2024-03-25,2
74dc29943be0,2023-02-28,2
240a5f101a22,2019-10-17,2
a3eb2abdefc6,2022-04-07,2
440764a69c8b,2019-10-17,2
cb45e6e0b813,2019-10-17,2
3e4a6b46578b,2019-10-17,2
5fbe892d97cd,2023-06-07,2
b8244dc81a82,2024-06-17,2
ff5910ed349b,2019-10-17,2
b1e95affc3da,2024-08-22,2
59db39f49c8d,2024-07-30,2
23dac4f9e50d,2023-11-09,2
407b002c3c29,2019-10-17,2
5ba15214c0e0,2019-10-17,2
5fbd13ecf1e0,2022-03-22,2
155591218bd8,2024-03-25,2
0e30c794435a,2019-10-17,2
f24c58c9e49f,2019-10-17,2
0264678a202b,2022-05-22,2
3160cddc5056,2019-10-17,2
4c692cba98de,2019-10-17,2
1346df7f2256,2019-10-17,2
c0067def74e7,2024-07-03,2
32421ac9b746,2019-10-17,2
fc2a0329f0d5,2019-10-17,2
fed860cf14bf,2020-01-23,2
f4eda90fa45c,2019-10-17,2
e22daabc4916,2019-10-17,2
41689a040858,2019-10-17,2
16f527c0f565,2019-10-17,2
943df71d3b35,2024-03-25,2
4d4f3fd5de64,2019-10-17,2
44f0c7fd35db,2019-10-17,2
6a411465290a,2019-10-17,2
65cc3c3d5f54,2019-10-17,2
597deb4a3b59,2019-10-17,2
648daaee3d51,2019-10-17,2
f2b350309bb3,2024-01-25,2
74507078af35,2024-05-29,2
85021f55d0b4,2019-10-17,2
e6f1c747e117,2019-10-17,2
372c0dd1a8b8,2023-09-13,2
d4110fa9ed1c,2023-09-13,2
47f6b46f5113,2019-10-17,2
6dd49c5da974,2019-10-17,2
631a76786904,2019-10-17,2
3c6494be725e,2022-09-26,2
d76bab6e0f32,2022-10-30,2
345c66af008d,2019-10-17,2
44c1b852391d,2022-10-30,2
1a8863ab26a9,2022-10-11,2
d10ea41bb97b,2019-10-17,2
abe151d8a780,2023-04-18,2
90e6eaec0479,2019-10-17,2
6e209189d838,2022-09-08,2
4dacca01369b,2019-10-17,2
f4f95bc9c218,2019-10-17,2
0800028738ec,2019-10-17,2
a8adcfa52913,2024-09-05,2
36ffef7fb11a,2023-09-13,2
311507cb98e7,2023-09-13,2
dae230c3da57,2023-09-13,2
37d21d3407cc,2023-11-06,2
7c14cc6cce73,2019-10-17,2
393dc81be782,2019-10-17,2
f5e68ca47c16,2019-10-17,2
350a4243d3a3,2024-01-16,2
36fc53458fa7,2021-02-21,2
d80c50afc425,2019-10-17,2
e670abcba1b8,2019-10-17,2
2c7612527f51,2019-10-17,2
ec15cfb368bf,2019-10-17,2
a216e8a683ba,2019-10-17,2
7fd9aeb9c93c,2024-06-03,2
53f5d8ab1b10,2019-10-17,2
5f374ff262c9,2022-05-25,2
960579d87f5d,2019-10-17,2
9eb1605fae19,2019-10-17,2
bcae7a62a679,2019-10-17,2
993eef84c79e,2019-10-17,2
bc1504e7d7a9,2019-10-17,2
ecacdc433265,2023-09-13,2
1bf1b0c83db4,2019-10-17,2
604636970d16,2019-10-17,2
2a9b9f576397,2022-07-07,2
f8f19cf3c52d,2024-08-09,2
0f088adedda3,2019-10-17,2
7e821b742685,2019-10-17,2
0492e8a87167,2019-10-17,2
e7c965603507,2023-10-06,2
563adc47474e,2024-09-18,2
00aa37841bff,2019-10-17,2
59da749e5f11,2019-10-17,2
ff1105e5dd3e,2019-10-17,2
e47fe9e828ba,2024-05-12,2
4546f27839a9,2019-10-17,2
a1eb173d943a,2021-07-30,2
4279e9ee1a91,2019-10-17,2
c70f038875ea,2021-10-28,2
e3aca94c06db,2019-10-17,2
00652f8135a7,2020-08-09,2
f4a582b39c10,2019-10-17,2
759ffe3cb22c,2019-10-17,2
bb417b338b12,2019-10-17,2
254e1f551f91,2023-09-13,2
d860fff25685,2022-02-21,2
b31d96415031,2019-10-17,2
0860b9a0eb0c,2023-09-13,2
ce095a3b2a07,2023-09-13,2
5b4176d9848d,2022-11-23,2
587da331a390,2020-05-13,2
e403d6e4aad3,2020-09-10,2
6385b3bebfdc,2024-02-29,2
584507fd354c,2024-08-12,2
ddb9fd9feef4,2023-06-07,2
12fbd3365b28,2021-11-15,2
00bdc160ccb8,2022-12-01,2
190e1be47eee,2020-01-20,2
e34b1f21c66f,2023-05-05,2
08c4eb4a775a,2019-10-17,2
52f12b056083,2023-09-13,2
a10577439fbb,2024-08-12,2
9344c3cc3e6a,2019-10-17,2
1361d3af14b2,2024-07-15,2
9b046e1902ed,2019-10-17,2
043e20dde00c,2023-11-17,2
56f202bdd952,2019-10-17,2
54b699c0b970,2019-10-17,2
3de0b9b7fc76,2019-10-17,2
45276d867095,2019-10-17,2
e19c3f3a74e7,2023-02-05,2
b3a1c1d65867,2020-08-14,2
4459e45fc404,2024-04-21,2
c7275943bad7,2023-02-22,2
831af8fc4125,2019-10-17,2
f08bd8605c9e,2019-10-17,2
1013cdb1840e,2019-10-17,2
c0761495e2e0,2019-10-17,2
26cf5b4a9e8b,2019-10-17,2
810b1ee3bab7,2024-09-03,2
30fdee5ac5b6,2024-05-12,2
18970ea350a5,2019-10-17,2
79565ad80233,2019-10-17,2
f7654335ce4e,2023-01-10,2
08e27fbc8e1a,2024-09-04,2
56538245e7c5,2023-06-07,2
c97fabf2b781,2023-06-08,2
513e38044e0a,2019-10-17,2
a2b1c6275b48,2023-04-13,2
c6664c17ddcb,2019-10-17,2
32a1a351a186,2024-09-02,2
9223f4363cfe,2022-10-20,2
3c7435256b1f,2019-10-17,2
87b794255afc,2023-02-09,2
9262bcc54cc8,2023-11-02,2
1dba05bee5be,2020-07-09,2
78739eb32b2b,2020-04-12,2
c304e866ad10,2019-10-17,2
9c82c0176fc7,2019-10-17,2
19a1bd7fc540,2022-02-08,2
c578da8e8841,2020-02-25,3
4dd2b686802c,2020-02-25,3
16ade2e3fca9,2020-02-25,3
2716ebe9a4a0,2021-11-03,3
438924059eea,2022-08-30,3
077a9ac8c96e,2024-09-12,3
2f7e924953af,2020-02-25,3
b8f656e1c257,2020-02-25,3
e9bee8431255,2022-06-28,3
c2625a0c8a8b,2024-08-09,3
3b4418190c20,2020-02-25,3
2491db08674f,2020-02-25,3
fd0836293fa8,2024-04-09,3
96ac3a94faba,2020-02-25,3
39bbba53153b,2020-02-25,3
1b9c6c457039,2020-02-25,3
3a4698a8b016,2020-02-25,3
41919e40d738,2023-12-05,3
3099790ac0cd,2023-02-13,3
b55a901fb8ff,2022-06-27,3
1ad5c7e3eb64,2024-04-20,3
6677b2fd619b,2020-02-25,3
4512b18a0c10,2024-07-03,3
26dade6734b3,2020-02-25,3
7828df81f2d0,2021-08-22,3
08cdce6118fe,2021-08-22,3
2272be3a520d,2023-12-27,3
a6d7eb9cad96,2024-07-03,3
e6263d9b4d87,2024-04-22,3
ad808143d47a,2023-09-13,3
3be13520e2cb,2023-09-13,3
f4cf20343889,2024-01-19,3
ed33a2b2f289,2022-11-09,3
08ae8e21a444,2024-03-31,3
85da2505e688,2024-03-11,3
095f56ad8ee7,2020-02-25,3
796238fd9655,2020-02-25,3
8a2740129d45,2023-09-13,3
6a53655fdfe9,2020-02-25,3
7e7bd3dab69d,2021-08-24,3
6df320c1c285,2021-06-01,3
cb76df89edbc,2020-02-25,3
4197d836c78b,2022-05-31,3
a9758dda2616,2020-02-27,3
aa52de8d7028,2023-06-16,3
149200c088c5,2020-02-25,3
88b01ef0b4c2,2020-02-25,3
be4764392e15,2023-02-28,3
d62802f81f16,2020-02-25,3
e51add3c0b01,2020-02-25,3
a9654a33b57b,2024-06-27,3
69f3ad2c097c,2020-02-25,3
5fa47a5afd73,2022-05-13,3
6e861957c05b,2020-02-25,3
9ffec90ac0d0,2022-05-13,3
bfd65341b109,2020-02-25,3
61a27226f770,2021-07-07,3
245207cf5402,2021-12-08,3
c7a1c6089ec1,2021-08-26,3
34d64a533147,2023-10-06,3
f1a35d7d01af,2023-02-21,3
9bdefee9e7b5,2023-02-21,3
6ff3a373d225,2023-03-02,3
ef719f105bd9,2023-01-08,3
7d9708e79804,2023-03-02,3
e2d816701cab,2023-10-06,3
075a73fd2d3e,2020-02-25,3
fe52c9c506f6,2020-02-25,3
c650f36a638e,2023-12-10,3
e45041fe8af6,2020-02-25,3
ef0504d0c25f,2020-02-25,3
c47bfcbc99d4,2020-02-25,3
d0883133d86e,2022-09-28,3
3920c3256b6e,2021-08-24,3
c883952c05df,2024-09-25,3
aac1a80501da,2023-02-21,3
5fb7f035a84d,2023-09-13,3
1792e7f62ac0,2023-09-13,3
722d73182f0d,2020-02-25,3
be4cde58e6f5,2023-09-13,3
d2a723103e16,2020-02-25,3
bc3c2495c0fd,2020-02-25,3
ff733b650f7f,2023-09-13,3
6c3dfc30b5ec,2021-11-22,3
3a2893870772,2023-04-26,3
5274e8649a56,2020-02-25,3
42b27906da4f,2022-08-31,3
59eaf2ab9a94,2024-01-12,3
fd92366c38bf,2024-01-12,3
9cbd3e75c39c,2020-02-25,3
d3986b603960,2024-04-16,3
fa3ca637fa03,2024-09-24,3
105b871b4f93,2021-01-25,3
3bcca36c5a74,2024-09-24,3
ce145a0bfcc8,2023-06-28,3
17fef8be74f9,2022-03-17,3
d7b1230feaf7,2023-09-14,3
c51e4ec506c9,2020-02-25,3
570a50d9949a,2022-08-11,3
788fd19e83dd,2024-02-15,3
71c32731feff,2022-03-29,3
81f64aa8a647,2022-07-28,3
35afa2005a88,2023-10-20,3
ec87699553c7,2022-06-16,3
5e00f8769119,2020-02-25,3
6604bd4921c3,2023-09-19,3
021df027fac1,2020-02-25,3
9a7e315f3f42,2023-06-05,3
1710514cc95c,2023-09-13,3
3b260de3b7f6,2024-04-22,3
cbd8645e0c0a,2024-01-26,3
b84f07d816af,2023-06-07,3
778fae444c09,2021-02-19,3
fcd33abe242f,2022-03-17,3
28c49a01b762,2022-02-01,3
0e8fa087034e,2024-09-19,3
0ee3f2eeab70,2023-06-22,3
d2f0e9eec26b,2020-02-25,3
6ac2d032e691,2020-02-25,3
b8f14a76eb21,2020-02-25,3
fb3038a35604,2023-09-13,3
372b85d76be0,2021-02-12,3
7fe381bb7035,2020-02-28,3
163f740f3f0b,2024-05-16,3
856c29e193ae,2020-09-06,3
fdf35dfce11d,2020-02-25,3
3a22e0f54fb6,2020-02-25,3
bb4a43114e92,2020-02-25,3
42e232585b66,2020-02-25,3
69ec1a16c7d9,2023-01-17,3
f3203d259823,2023-09-13,3
799794edef46,2024-08-27,3
e667a886808f,2023-05-07,3
02c79df6564e,2024-09-17,3
9530930c67b1,2021-06-01,3
5f7c6af6f147,2021-06-01,3
7328648c962e,2022-08-25,3
2722cb36207a,2020-02-25,3
2f1cb5b6d663,2024-05-28,3
b8940cfd7325,2024-09-15,3
d41f4b61b0fe,2024-08-01,3
00f367681933,2024-08-05,3
cbb80af002fc,2023-09-13,3
8e605b842709,2023-09-13,3
5e08cc6103e1,2024-04-20,3
ca03725774c8,2020-02-25,3
9f066b143deb,2020-02-25,3
09c10f3f0e3f,2020-02-25,3
11f48f92a3a0,2020-02-25,3
bca96ecfbc9c,2022-12-06,3
3bfda0d2835f,2022-06-27,3
810283bf6a09,2021-05-13,3
406d445f0987,2024-07-31,3
bfbe447da8d1,2024-09-26,3
b2f16e84ae43,2021-06-23,3
8bfcf344ed3d,2021-05-13,3
ec309e2b3870,2023-11-14,3
7b084dc1ffa8,2024-04-16,3
e9f0bd4ee211,2023-12-05,3
d7294145637c,2020-02-25,3
d1b5c7e201dd,2020-02-25,3
a0ff25a2606e,2020-02-25,3
f4e2f8433c9d,2020-02-25,3
4ec4f100f621,2022-12-06,3
8651faf5d9a3,2024-05-14,3
50559a2f3b2c,2023-09-13,3
9099b84b5223,2023-09-13,3
404350c576e1,2023-09-13,3
063f0d0cf7eb,2021-04-14,3
d4e6104eb37a,2022-08-09,3
6790437682c8,2020-02-25,3
99d388c37359,2020-02-25,3
6ee72463f64e,2020-09-06,3
25d4a00325e5,2024-04-05,3
c98bcbba1136,2021-06-01,3
c74917e16954,2020-02-28,3
541b67160712,2020-03-12,3
cf4b991a1b17,2021-09-24,3
1ea7f20e6189,2023-12-11,3
8d4d1754879b,2021-12-14,3
b156cb8e84fe,2022-04-06,3
00d45e86cca7,2020-02-25,3
ecf688032e8f,2020-02-25,3
0af65d15cbb7,2024-07-26,3
a4c4b13ce20d,2020-02-25,3
d6c4dd8fda2a,2020-02-25,3
9f0c429a6e13,2024-03-25,3
580a077c748b,2023-12-26,3
c856cb61ce04,2020-03-04,3
f07031c0d816,2022-09-29,3
400852430f5f,2023-11-01,3
a307b63a4b5f,2022-06-27,3
6267d49864a3,2020-10-30,3
91e4921adb12,2023-12-26,3
043058e59eac,2023-12-26,3
b597163b4d0e,2020-02-25,3
28173354fd01,2020-02-25,3
f1a2be4486d0,2020-02-25,3
d07be8614576,2020-02-25,3
616b5eb76e47,2020-07-06,3
eac31c9e5ed7,2024-03-26,3
998e6ab2817e,2023-03-27,3
11a4a29ca07e,2024-09-03,3
5b956d6ab188,2024-09-03,3
9012af3202c5,2021-04-19,3
25fb31d6c4d3,2023-09-13,3
ae1af9ef3cb6,2020-02-25,3
31621a784c01,2024-08-05,3
63cfcc4b11b0,2022-02-01,3
b90f823b61e5,2020-07-03,3
9a144226eedc,2023-04-02,3
e69a91a5a496,2023-04-02,3
c2c41e46e764,2020-02-25,3
b8ed81f6a506,2021-08-09,3
2640996d0b4c,2021-01-17,3
7822da4af0e6,2024-04-08,3
b6aff7022436,2020-02-25,3
81b5c33aba6f,2020-10-21,3
a44f0cc6521b,2023-09-13,3
eabe99b87a9a,2020-02-25,3
edf5435839cc,2024-05-30,3
447fa1532981,2020-02-25,3
6d4fbe52d63f,2020-02-25,3
bc2f82a22e11,2020-09-25,3
e7ff6ea67040,2020-02-25,3
a9d8c085adc0,2020-02-25,3
44c942fe217c,2020-02-25,3
bfe4db97c9d4,2023-10-30,3
b796f1575e2b,2024-03-25,3
16b9ddd0e0b6,2020-02-25,3
cf8024c82fbc,2021-01-11,3
cfe9a1f52ab8,2021-07-14,3
1adfbed268b1,2020-02-25,3
b60c43f065bf,2023-09-13,3
befc15e921ad,2023-02-09,3
2e58990eaa3c,2024-05-30,3
ca8b6775fed6,2024-06-17,3
7ab1efae9a80,2022-10-17,3
d193c09e6d76,2022-10-17,3
5bbcd6fadbfb,2024-08-01,3
5d6aecbeb366,2022-10-17,3
13c6ef6596d9,2023-09-13,3
05a2d05134b4,2024-03-31,3
53198b4d14c5,2023-09-13,3
9a0783ab6871,2020-07-03,3
8012a7348da9,2021-06-01,3
2db3e5dabc99,2020-02-25,3
829896593a97,2023-10-03,3
de5431075b9f,2020-02-25,3
c35ddaf21d77,2024-07-19,3
ec0fbe56a0cf,2020-02-25,3
961dc07bd0cc,2020-02-25,3
e61b485b5d05,2020-02-25,3
79e29a09b28b,2020-02-25,3
5dea681a9924,2022-10-20,3
57c41f0caeff,2020-03-24,3
42c977c6bdb3,2020-02-25,3
14d9d6699934,2024-07-31,3
b66ccb8659d9,2021-12-13,3
32658f916703,2021-12-13,3
20a1a5f2c8ae,2020-11-19,3
abc7ff62a5b8,2020-02-25,3
2dedec37c3be,2020-02-25,3
6aaf5d19865f,2023-11-23,3
bd52cc4dc3f1,2021-04-23,3
a80ff6e9ae8d,2022-12-01,3
01ccfcc831fd,2023-09-13,3
a19ccd74db0f,2021-12-14,3
45e8d200eeb6,2020-02-25,3
6f8086c36841,2023-11-28,3
3793fc191e17,2020-02-25,3
ec30f9d70734,2021-09-27,3
a4573587ad51,2022-07-05,3
38c545eaea11,2022-02-03,3
1bea1020bfcc,2022-05-31,3
51e64ed9326e,2021-06-01,3
a5837e332535,2020-02-25,3
17a5e1e0fa6e,2024-04-08,3
6b4143dba8dc,2021-04-16,3
d70452bf9aa8,2021-04-19,3
77ddd7908586,2021-11-08,3
c2cfaf8d16c0,2020-02-25,3
358e89b5f96b,2024-03-25,3
fc29adcfdf7e,2022-08-11,3
9f21f756f675,2022-04-07,3
1d05b64ab3ec,2022-09-01,3
0e116c1c010c,2020-02-25,3
52dc08f6d6e3,2022-05-20,3
b7c20387fcdb,2022-05-20,3
403803248712,2024-08-26,3
ddc8c6ba124b,2023-02-13,3
092f0874f34e,2022-10-17,3
1b8523b5921c,2022-10-17,3
95b982d30ff5,2022-10-17,3
4a9f1c9fa301,2022-10-17,3
eb3dd7d38e09,2022-10-17,3
0d03bba2149a,2022-10-17,3
03ecc468aa9c,2020-02-25,3
ae71dd96d7ef,2020-02-25,3
c0426c48f784,2020-02-25,3
060534551cba,2020-02-25,3
c7f3f36e94f8,2024-04-26,3
6bc0862202b0,2024-07-04,3
a152eacd8dd8,2021-06-01,3
f3dca02f2386,2020-02-25,3
dffbaf028ef3,2020-02-25,3
e6d1ef82ddfa,2020-02-25,3
5dd3943cbe8e,2020-02-25,3
367da665ef8e,2020-03-30,3
7e1e908b7a79,2021-10-11,3
c6d147f92c53,2022-04-05,3
05c7e5f6663e,2024-03-07,3
3b4dd82cd8a4,2024-03-07,3
4a1cfadea11d,2021-06-29,3
1111ca25fc93,2020-02-25,3
2bf6bca062e8,2021-12-08,3
bac1135bb2bb,2023-04-18,3
3d313468fa39,2023-12-27,3
dd2d9030db0d,2022-04-12,3
80f311f05385,2020-02-25,3
4cdfa70794f4,2024-04-04,3
7e965c653310,2024-04-04,3
e3d76eba1bc5,2024-04-10,3
bfea728733a2,2021-12-22,3
3c5a92f39f13,2023-09-13,3
726e5b3d4fa3,2020-02-25,3
0fcaac0c6acd,2020-02-25,3
9c6d25d781c5,2020-02-25,3
837d057e2da9,2020-06-17,3
165f54883840,2021-01-11,3
2ce219d50792,2020-02-25,3
005d50e1f4fa,2023-12-12,3
458ce6148ce4,2024-05-15,3
b24acb127522,2020-02-25,3
853d3fb330fc,2020-02-25,3
ad4c450b70ae,2020-02-25,3
cd5f5745c6cf,2020-11-13,3
c9ae69de324d,2022-04-20,3
a4be5ae716d2,2022-04-28,3
b3b3ccb653a2,2022-04-28,3
7c17a08f860d,2020-06-17,3
1543d54f21f5,2022-09-23,3
db6c50a9e11d,2021-04-19,3
28d5b2998080,2020-02-25,3
67660e92e334,2024-08-16,3
5f389f892b7e,2020-02-25,3
517e6712e5c8,2022-05-04,3
2906fbc9e11c,2020-02-25,3
8f89b785e592,2020-02-25,3
76dc491fa971,2023-10-31,3
c48c3a3d8c01,2020-02-25,3
152993977e95,2024-06-20,3
0d937e0f3c98,2020-02-25,3
79ae1f6b562e,2020-02-25,3
d316282f7c78,2020-08-09,3
6d12eae434aa,2024-04-09,3
3e66e9dc1c0f,2024-07-29,3
2c56ce2a5dd5,2020-02-25,3
f797615b8da3,2020-02-25,3
0bf9de387560,2024-07-30,3
a2644d41d880,2021-10-28,3
e209d7680de8,2021-08-31,3
ead2acbfcc2a,2020-02-25,3
ebbeba6379b9,2024-01-16,3
1509b081ab03,2022-07-20,3
5a6d5e93401a,2020-02-25,3
e4a2c8f26d03,2020-02-25,3
527d39c44570,2024-04-20,3
c8e78be58153,2024-04-20,3
b9f9c3fccec5,2020-02-25,3
8f3a9de11a6f,2020-06-17,3
11475e3af491,2020-02-25,3
b15adc9a5013,2024-03-25,3
484f531afe97,2023-06-16,3
cec181223112,2022-09-21,3
218543e3c41c,2020-02-25,3
0e00df040ada,2020-02-25,3
921f0d91b560,2024-07-30,3
72d51799a376,2020-02-25,3
cd0d3489907c,2022-10-17,3
f12a2c8085d2,2021-09-27,3
6bbda9de1ff2,2020-03-13,3
ef229dac8309,2020-08-16,3
dd29aaf2295f,2022-04-20,3
e2681d0d1a80,2024-04-09,3
293375605257,2022-05-31,3
7d2d3289fb71,2020-02-25,3
4006d7dc01f2,2020-02-25,3
53c123c34a8b,2020-02-25,3
573f2aa3f8e5,2020-02-25,3
4965e554971b,2023-01-25,3
b5ffd9faa808,2020-02-25,3
b297019cb5db,2023-02-12,3
87d3ea7945e7,2022-04-15,3
7fb03f1599f4,2022-06-27,3
7fe44ecde2bb,2022-02-14,3
30868d86d764,2022-07-20,3
67d870ea1f98,2020-02-25,3
a2c9734be732,2024-06-17,3
80df8bc66e73,2022-02-01,3
d96ff88cf281,2024-08-28,3
73c86afffab3,2020-02-25,3
bcdd00537f72,2022-09-16,3
eeb9d07a5861,2023-04-27,3
4e9d3eca1d50,2024-09-19,3
cb091b848f0a,2020-02-25,3
4123489c275d,2024-08-26,3
d9d68d63c760,2024-04-20,3
01838088ee08,2024-04-20,3
951987144df7,2023-09-13,3
94c4d2c1335b,2022-05-31,3
60f1ff6449fd,2022-12-06,3
d8a691ddcb5e,2024-06-20,3
14a302c21443,2022-11-22,3
3640edd47240,2022-10-14,3
d2f975315972,2023-05-12,3
dc25e4b13bd7,2024-03-25,3
359024bc20ef,2024-03-25,3
9bb563483fa6,2020-02-28,3
e5ac5add14b7,2024-08-05,3
ca37bb37e5a9,2024-04-16,3
1775c18279a0,2022-03-24,3
0b280bc27775,2021-12-13,3
3aaaa7910441,2024-06-24,3
e3b71db07326,2020-02-25,3
f9461e5cd714,2020-02-25,3
76f17ffcc8aa,2021-06-15,3
14142c3be2e4,2020-02-25,3
3e2949d4dec7,2024-08-22,3
fc0e1464d5ae,2020-02-25,3
961db1d365dd,2020-02-25,3
24734f82a796,2023-12-07,3
8091e5ec46fd,2020-02-25,3
8e098ccdff81,2021-08-24,3
db1909a87ceb,2020-02-25,3
599f1d4fd756,2020-02-25,3
549059b909c6,2020-02-25,3
b46d6030b27d,2023-04-06,3
eb760d8c7bb7,2020-02-25,3
59f19983b38a,2020-02-25,3
602da28eb363,2020-02-25,3
b46325820eff,2023-09-13,3
12dfd04b1d96,2022-06-27,3
a44cdadf2b3d,2020-02-25,3
2eea0850bdf1,2023-09-13,3
68e466c2f98a,2020-02-25,3
4ab15f2ad07e,2024-03-14,3
3c93c9e32812,2022-10-20,3
5335e6283ff2,2020-02-25,3
851faf83bc63,2020-02-25,3
18498e66281c,2020-02-25,3
f93d6076d49a,2020-02-25,3
8ee1fa7352e7,2020-02-25,3
c1d7fe5d280b,2020-10-04,3
d0a2c8f70d25,2020-03-26,3
c9270ed45c1a,2020-02-25,3
6233806b3e3c,2020-02-25,3
ffc2aa4c7c14,2022-05-31,3
63ad50ca6d7d,2024-05-16,3
bc67ebc9cac1,2020-02-25,3
84cca07dfa32,2020-11-30,3
06c24c4915e0,2024-04-09,3
739d1900b9a0,2020-07-16,3
9c520b9f4a43,2022-04-05,3
e18fc85777db,2022-04-05,3
75223e4933ba,2020-02-25,3
f09beb739879,2020-03-23,3
b9cc2dc393a2,2020-02-25,3
1a9fa827c23b,2020-02-25,3
defcf14306c1,2020-02-25,3
36bf6a149f02,2020-02-25,3
cdcc458ac186,2020-02-25,3
1b0b5f9cfd0e,2024-05-02,3
a38476cf36b0,2024-01-24,3
ff4431e6a727,2020-02-25,3
49208094e8b5,2023-12-06,3
1e3d71278d37,2024-08-22,3
7c896353dc52,2020-11-19,3
ec8482c1ecb1,2020-05-21,3
0b6e356667c2,2022-03-16,3
3444da688df9,2022-04-11,3
c024d5019549,2020-02-25,3
7ad849c5c671,2022-04-05,3
5ce847605725,2022-04-06,3
50cfa8392a85,2020-02-25,3
1ae4f976f3a5,2020-02-25,3
487e1008bb8c,2022-12-04,3
c7dc126cde46,2024-01-22,3
d63b63612407,2020-02-25,3
02bf8bc77f1b,2021-10-25,3
7d4acf72285d,2022-03-01,3
90e62ced57c0,2022-12-28,3
9a501606cfae,2023-09-13,3
26a9266c42c4,2021-11-29,3
211171fd6b9b,2020-02-25,3
de9df1c05d25,2023-05-07,3
29098e3565ff,2020-02-25,3
50b2381802b5,2020-02-25,3
aa8b8cb6c658,2023-09-13,3
1c6417dda4f5,2020-10-13,3
e062d121c57e,2020-10-13,3
38c6d35259a0,2024-08-23,3
5fea0593f47a,2024-04-16,3
378b61df7177,2021-02-09,3
9d0c6ec9f148,2021-11-08,3
04173f42c961,2022-03-28,3
a7f920b4ed86,2020-02-25,3
db23906d0562,2020-02-25,3
79cc1d90123b,2020-02-25,3
7b8f2b74e368,2024-07-19,3
896e379fedd2,2024-06-04,3
d560304efca0,2022-04-06,3
7cf10cf10f85,2020-02-25,3
4d4d6c48b390,2022-10-25,3
011ba7bb85b6,2023-05-18,3
2129b7228680,2020-02-25,3
35143de74138,2024-08-27,3
ff217d74f40f,2023-03-05,3
c5296dd39bba,2020-02-25,3
97c23e1bd03a,2020-02-25,3
8395fc71d792,2020-02-25,3
77265db777df,2020-02-25,3
6559071ab17d,2020-02-25,3
a10dd16cef8c,2020-02-25,3
22e7f9234a26,2020-02-25,3
d817cbdd29eb,2024-05-24,3
79941d98f3e0,2020-02-25,3
fdbc351ae872,2023-12-19,3
c1181efb7df1,2021-09-02,3
b0f847db6dd1,2020-06-17,3
b74fee5c7ab8,2024-01-30,3
638e8eb458d6,2020-02-25,3
088250642409,2023-11-09,3
fa3b8440acad,2020-02-25,3
14b80be30054,2024-01-23,3
972fbd4a4742,2021-09-21,3
6027b1f8d722,2023-10-19,3
dfb3766d35e9,2020-02-25,3
f0085dfcd185,2022-08-02,3
877394ec9110,2022-08-02,3
08ecaa039861,2022-08-30,3
2a1e0f23e5cd,2022-08-30,3
3a8ed79ebec5,2023-09-13,3
4adf86b13fd1,2020-02-25,3
a9ee09caaf40,2020-02-25,3
bfaa63f3fec8,2024-09-17,3
b6f8fcb59010,2023-12-29,3
8d8700d4687c,2022-03-18,3
95f7fc6882d6,2024-09-19,3
ec2fe7e9882c,2021-04-01,3
3951b33cc47e,2020-02-25,3
90322fa7f68c,2022-07-14,3
67ff7ca2ee9f,2024-04-22,3
c591fd5887ce,2021-06-01,3
d80a2e947433,2024-04-16,3
d63697b73292,2022-09-22,3
0a755a4a0079,2020-02-27,3
4a4ec6754818,2020-02-25,3
2bcee41bfac8,2024-09-01,3
1772b9d5cef6,2024-05-02,3
bc9bf8907516,2020-06-02,3
3896332912c7,2022-10-26,3
3a51278022b0,2022-09-09,3
eb49770917f1,2024-09-25,3
9ae2b7f112cb,2020-02-25,3
96055fb8dbdd,2022-06-17,3
aea8b6350476,2022-06-22,3
4c0239948579,2020-02-25,3
c7bfb3c3d47f,2024-08-22,3
ae9c819187bd,2020-02-25,3
00274a69c705,2020-02-25,3
217fed34e3db,2024-05-02,3
c2e957595179,2021-04-19,3
ff3ef40b73bf,2020-02-25,3
bf3ee90c2b40,2020-02-25,3
aed39cb77c13,2020-02-25,3
9f32920e9129,2020-02-25,3
2bb386373fbe,2024-04-15,3
6607906aa9aa,2024-04-14,3
2862c0dbec1d,2024-04-09,3
be66db494f13,2021-08-25,3
06645a8d033b,2020-02-25,3
81a5fdfe4eff,2020-02-25,3
c46d2cbb40cd,2020-02-25,3
ede670c50706,2020-02-25,3
1b57472c9130,2024-08-28,3
1665b62133f8,2020-02-25,3
ffca0c56e0b9,2021-03-05,3
e81ee3e4ea05,2021-01-25,3
ccdc63077752,2020-02-25,3
76b143d32791,2020-02-25,3
433497daf536,2022-11-27,3
562cf2af1874,2020-02-25,3
37e4609afe26,2024-07-12,3
6016869d5f6c,2024-07-12,3
baf06355045d,2021-06-01,3
477c1129c562,2020-10-06,3
7f3e1e3c0693,2024-02-21,3
7f67f5b36634,2024-05-02,3
87817d417f36,2020-02-25,3
7d6a7851669c,2020-02-25,3
378e0626f7e7,2020-02-25,3
a7f9bc73200e,2020-02-25,3
3759538a4ebd,2021-09-20,3
7e032fd1627c,2021-09-20,3
46324a937b37,2021-09-20,3
19548329cde2,2023-02-02,3
ecf3696e12ab,2022-04-28,3
086d41d2bc40,2024-09-17,3
e85f45f1aa00,2020-02-25,3
584cbff2b783,2022-01-17,3
772976e34f2d,2022-01-17,3
7f09cf83c28d,2022-09-30,3
53036765a440,2022-08-04,3
d2a425264c62,2020-02-25,3
a18bb5cd76a6,2022-03-28,3
eb44fdf15eea,2022-03-18,3
423def66de82,2023-01-26,3
2e32028ec602,2024-04-08,3
4299998de181,2020-02-25,3
1f3b4dfa452d,2021-10-28,3
e8572c39a82a,2020-02-25,3
f837fcb56447,2020-02-25,3
88e53e9b8d4f,2023-12-27,3
aaad4277fef5,2023-12-26,3
3a95d538a917,2020-02-25,3
7fcde42037ca,2022-05-20,3
4ec226b1494a,2020-02-25,3
b037ac5fdce6,2020-02-25,3
83fcd17b8204,2024-04-28,3
c7e66ba26f5b,2024-04-28,3
84e637780566,2024-01-09,3
d6e78557994c,2022-05-25,3
3290ad4bebab,2023-09-13,3
10ed82e518da,2020-02-25,3
52f005272319,2023-11-08,3
e1458b14f961,2024-08-01,3
d5bf476e7431,2020-06-25,3
6160e423c7af,2020-11-16,3
861c1b8d4b48,2024-02-28,3
3111b0b3df64,2020-02-25,3
813f67589d36,2020-02-25,3
cfd862d53d4e,2022-03-11,3
f7b32c1a413c,2021-06-04,3
95a5723c27e4,2021-11-30,3
da5888582112,2020-02-25,3
c095c7fecb7f,2021-12-08,3
43e88e76f8bc,2020-02-25,3
b93f5cdf8b3a,2020-02-25,3
ff1dc144bcdc,2020-02-25,3
737b797523fb,2023-09-13,3
fbee43bee916,2022-12-13,3
a08e92a16758,2024-02-01,3
fb7b7b01f8fb,2023-09-13,3
306c28e147b4,2020-02-25,3
e01babf2a6b2,2024-08-23,3
cbbc06b68096,2020-06-18,3
07fdac99489e,2024-08-29,3
f6bac4c54ba6,2024-01-30,3
3c240f274e61,2020-02-25,3
2b6f35ef5aee,2022-05-25,3
58271d903051,2021-03-22,3
11acc247e66a,2020-02-25,3
8a32a56e8b6a,2021-02-02,3
c5d8d5e39619,2024-04-08,3
2a5f43932555,2020-02-25,3
0be3804714de,2020-02-25,3
33c1eb2add24,2020-02-25,3
0920878f3cd5,2021-01-25,3
7ff79102e5e4,2024-06-26,3
1f9c31eca296,2022-04-01,3
e73753167a73,2020-02-25,3
9b616437d5f5,2020-02-25,3
4fbc99a09416,2021-02-04,3
9d85113506e3,2023-03-02,3
ff54507d1e13,2020-02-25,3
7999b482852d,2020-02-25,3
47837689f00e,2020-02-25,3
05b5e131821d,2020-02-25,3
e0e9e77d1405,2020-02-25,3
5c8a70273539,2020-02-25,3
ab5a53403f34,2020-02-25,3
e3d898e95392,2022-09-29,3
6e863788854f,2023-01-17,3
6bd5c9990650,2022-05-22,3
705b902af7aa,2024-08-12,3
65a04772a2b4,2024-08-16,3
345cd541986b,2020-02-25,3
81e0a9446aa7,2020-02-25,3
dcf406a43cdf,2020-02-25,3
2a721d2e875a,2021-06-01,3
2668c5a49261,2024-03-27,3
b745882ab73b,2021-03-23,3
bf41a4709f83,2020-02-25,3
b0a42db32b31,2022-04-05,3
3c9753e1ff80,2023-11-09,3
0d24310dbbe9,2021-09-28,3
8891a3989d22,2023-11-24,3
e227594e590d,2020-02-25,3
5ca24342e5f6,2024-03-13,3
5f6783165c19,2020-08-10,3
250dbf2bd4ea,2023-03-02,3
3e75c02cd8e4,2020-02-25,3
e709c22fbbaa,2020-02-25,3
f4d3a07d1708,2020-02-25,3
b3e225bab110,2020-02-25,3
e9c12914de27,2021-06-01,3
557d99d36d65,2021-06-01,3
2d9218c42c0b,2022-06-27,3
f1749f4b783b,2023-11-11,3
37d70125a86b,2024-04-11,3
0e378ab04ea0,2020-12-23,3
ebe7fdb920f1,2020-02-25,3
43ee46ce104d,2020-02-25,3
b8b450843002,2020-02-25,3
e7cd3c6d9c80,2021-09-01,3
c8e0d139701f,2023-03-02,3
d55634bd1f8b,2021-07-14,3
881b5ebbc19d,2023-01-17,3
bf4d4812b9a4,2022-11-03,3
ad5920a4d8e9,2021-09-23,3
1154105a29f5,2022-05-31,3
9869bb2e062b,2021-06-01,3
bef02697b3d7,2020-02-25,3
d0218b0cc153,2020-02-25,3
4f400df95429,2021-06-01,3
5e2a46d8d70c,2022-05-16,3
617274a20aa1,2024-05-28,3
5959f1605790,2022-05-18,3
4ab7343a0448,2024-03-05,3
bd7dabe104ca,2023-11-13,3
c3f6c0a2824f,2020-07-14,3
a7f35fd99b34,2020-07-14,3
763f90451068,2022-02-01,3
0a61286b7077,2024-05-27,3
73ddfd2ade24,2021-07-14,3
e3b4df920f48,2022-06-14,3
d0d9e0879ae1,2024-08-19,3
a0e6ba72d20f,2020-08-07,3
58b7e8750fbf,2023-01-17,3
796692a41d68,2023-12-21,3
55666624f175,2024-03-14,3
9cb908edeef9,2024-03-06,3
b8ee166c056d,2023-01-17,3
d4cff385c855,2022-09-21,3
4277878bcb56,2022-04-20,3
8c6777456f52,2023-01-26,3
14d608aa896d,2024-07-16,3
9919f61c2b36,2020-10-30,3
6c65762486a3,2020-03-10,3
7808932692ba,2020-03-18,3
9b4f09758b41,2024-05-20,3
9ac8970d82b8,2020-02-25,3
ec51caa55984,2024-05-20,3
fabfe4d14204,2020-12-16,3
7ed87ee1eaef,2020-02-25,3
889b004ac255,2020-02-25,3
0768bffaa79c,2022-02-28,3
427189b05c55,2022-02-28,3
84270a6b62c4,2020-03-16,3
4055be26b152,2020-03-25,3
5fb437f744ba,2023-09-13,3
621e60745ee4,2020-10-04,3
9092992ba7d2,2020-02-25,3
bfbb10183532,2024-08-15,3
4b28acf4fa8b,2024-06-25,3
1bf08af55dfb,2024-03-27,3
ae79010570f4,2021-04-22,3
aca0ac69a8fe,2021-04-22,3
0bb5299fbf5b,2021-04-22,3
70c443d6e4d4,2021-04-22,3
c9c33d705f49,2021-04-22,3
227e2fc8d4db,2021-04-22,3
4d339c204e21,2023-11-21,3
a8ac5d257dce,2023-12-11,3
e9d14a7ab232,2020-03-19,3
2a5341f28afb,2022-06-19,3
87ab26b72c22,2022-04-20,3
6bad7441fd4c,2024-05-02,3
048c334f062a,2024-05-02,3
9ceaf22fe6c6,2023-02-21,3
b0d24502fb66,2020-07-21,3
92220d068996,2020-12-10,3
d6c0f7cefe6d,2023-09-14,3
d985b4134d51,2023-09-14,3
50d55a0f62dc,2020-02-25,3
71a361306e7b,2024-04-20,3
1fb084903cdd,2020-02-25,3
34d10196dd0a,2021-11-22,3
1ce721af3d80,2020-04-23,3
bd814a74c23f,2021-07-14,3
d74a6d5323d9,2020-02-25,3
1e0b5651494a,2020-05-05,3
d5a73f40b7a4,2021-11-17,3
7a99328e359e,2022-09-22,3
982c5eaf56dc,2021-11-17,3
383eda871fca,2023-10-30,3
2475ef3f423a,2021-06-28,3
1e6abf2ee5cb,2021-06-28,3
e4f65efd99d9,2022-02-09,3
65878b7bed5d,2020-02-25,3
f0c2857afa61,2020-09-25,3
1dc10ba8bdf3,2020-05-25,3
93fd3ced9d80,2020-06-10,3
8789d463a740,2023-12-13,3
2cadafe05b9a,2020-02-25,3
71e748dee18f,2020-02-25,3
f3926b46407b,2020-02-25,3
091c37614a79,2024-08-21,3
67462c40e05a,2022-05-17,3
588ca02d99ae,2024-08-21,3
95e4efa61c60,2020-07-02,3
11fda7fc3943,2021-08-06,3
13ba93e0ea2b,2020-11-05,3
1f6c91361be1,2020-05-25,3
0414364e63f7,2020-05-25,3
7d8cbb4a02b2,2021-06-01,3
05cd033f73f3,2024-01-16,3
75271b2196fe,2021-02-26,3
735d5ffbc6d5,2020-09-10,3
e0d86b8aff2a,2023-11-07,3
57182bd9c33c,2024-09-11,3
93efb85fe7ba,2020-02-25,3
d1dba72d5d7d,2020-02-25,3
ee48e0dc685c,2020-02-25,3
ae1e36c2c68c,2021-10-08,3
b80c9f93589b,2020-07-05,3
f9f71e89783a,2021-12-08,3
5f3114373ddd,2021-09-27,3
16131ed1d549,2021-02-01,3
9f3b78cf47bc,2024-09-05,3
cf8c74785482,2024-07-29,3
faa8a4929637,2020-02-25,3
a9c9465e1661,2021-04-08,3
1d26d84aa925,2020-08-04,3
b10dff42fe4b,2020-02-25,3
c94df568f36f,2024-06-24,3
82bd50826e94,2021-06-22,3
3bc43952d065,2024-09-26,3
d87a0c3eed57,2024-09-26,3
81dd5a9e1b5c,2020-08-20,3
ac89700d5fe0,2022-11-03,3
861a0ce9ee90,2021-07-14,3
3cc22542f525,2022-12-07,3
0b05c4bec05c,2024-08-22,3
b50b79d0a0e7,2022-10-20,3
707aff3738d3,2020-09-10,3
3e8db7e45e7b,2020-10-06,3
618d3433f173,2024-07-11,3
03a49407f2e8,2023-11-11,3
e1fb3e82e070,2020-10-06,3
f451f8def3b0,2024-02-15,3
fa68a7e61200,2020-09-22,3
18371826f96a,2020-02-25,3
dda295ad9b23,2023-10-30,3
c002d248ca11,2022-02-24,3
3b46351b60e1,2020-10-07,3
3317d3b7f5c2,2022-10-25,3
5492b5e40d3e,2020-10-20,3
c327e7d712ac,2020-12-14,3
9721ccac6131,2021-05-27,3
a1958da0ab7b,2020-11-12,3
68242908b37f,2024-09-19,3
312f9585bb5b,2024-08-29,3
719a5bbaf540,2021-01-26,3
5e11c30d588e,2024-05-28,3
418c8757e8d4,2020-11-17,3
21dc0bb83e30,2020-11-17,3
f4d377ed235d,2021-09-23,3
46eb2a4ce79c,2023-10-03,3
1f1371bfef59,2024-09-12,3
2fa8918431c6,2024-09-12,3
5103030b2a77,2024-08-13,3
46b5a856aa4b,2024-08-22,3
d345e51155e0,2024-05-22,3
f6705cd92931,2023-11-09,3
3889078418c0,2022-05-31,3
f6607bc53b55,2022-05-31,3
44c88d4cb05a,2023-09-14,3
26411ac96085,2022-05-31,3
02b084825609,2022-05-31,3
1963db4fccba,2021-10-18,3
29d5b40fc027,2021-10-18,3
7290d410e4aa,2021-04-22,3
338b54f8889f,2023-09-19,3
2948735c140e,2021-11-16,3
412a760870c1,2021-02-16,3
783ed93af461,2020-12-13,3
b5fe52922727,2020-12-13,3
53373bd97638,2020-12-16,3
651c34ed4958,2020-12-16,3
43ad9440663f,2020-12-16,3
e8da9c15cfa4,2020-12-16,3
75fe8dcd0c01,2022-05-06,3
4594857f8f14,2022-08-01,3
ac82952e346d,2020-12-11,3
4a343afd2743,2021-02-17,3
10ac1a4c4692,2021-02-17,3
73a63cacb027,2021-03-19,3
d71e73615501,2021-03-19,3
03be80e23c37,2021-03-19,3
9a2123994b37,2024-09-24,3
3c15aaa8adb4,2021-07-09,3
188dd906e477,2022-05-13,3
618ac00db6e7,2020-12-18,3
48f31ed7143e,2022-07-18,3
3983eeec8388,2021-11-07,3
14a4a0156def,2021-01-13,3
2d1370da96ac,2021-11-07,3
a9ee9513cb2d,2020-12-29,3
f18b19c69d3b,2021-04-12,3
839834e49863,2021-01-12,3
46d902334b23,2021-01-13,3
7c111ba4702f,2024-09-09,3
a830921a7f5d,2022-12-22,3
c7a9f87cb05d,2022-12-22,3
2bae24dd77c6,2024-01-18,3
b217079cca31,2024-04-07,3
15c1967eba7d,2021-02-01,3
0972c87ddb1e,2021-10-11,3
7b9b180fb168,2023-10-30,3
b3909a49f141,2021-01-18,3
516e5d4b2798,2022-05-19,3
e1453a297ddc,2022-01-19,3
d6a2343187f7,2021-02-04,3
baddb18933d5,2021-02-02,3
c96ceedaf552,2021-02-08,3
169c12368d5e,2021-02-04,3
7cb1c4b9ad50,2021-12-17,3
c918d1d6c13e,2022-08-09,3
7cb73a7f2bed,2024-01-17,3
0d6ea764935a,2021-03-03,3
58c76aa12bce,2021-03-03,3
823d1640fd71,2021-03-01,3
7d00ac420f39,2024-03-06,3
193cc1cb619e,2021-03-18,3
0dacb656f1f4,2024-09-03,3
814f54cc8763,2021-03-11,3
e88b36c4ba34,2021-10-18,3
3159047d3ae7,2024-09-05,3
0dc5a5dbe3c1,2021-09-29,3
6fa6d1d91adf,2021-03-18,3
75ea433a9763,2021-03-18,3
7f27b43a7e3c,2021-08-09,3
459ce4886ba8,2022-10-27,3
f85712f9ba82,2024-09-17,3
730e97936306,2024-07-04,3
21be4d8f09f6,2023-12-25,3
4275422c3838,2024-07-04,3
b9002eab0ae5,2024-07-04,3
2a588845a5b7,2021-04-21,3
eb1741affba4,2021-04-21,3
69137e890d89,2023-09-13,3
41e7f15539c4,2021-09-20,3
8c4f33a744b2,2022-06-20,3
1ca55c2c75f7,2024-09-09,3
8030e84b9df1,2024-03-25,3
5cfae385098e,2023-10-03,3
91f7dc69401b,2024-03-10,3
a7da9fd8ea83,2024-03-19,3
355a2ce0ee94,2023-10-06,3
8ecbbbc42d62,2022-04-12,3
cebdaa379a6c,2023-09-13,3
2052459cc232,2023-09-13,3
309d5f8e6f7a,2021-05-27,3
e090d8f594ae,2021-04-29,3
706c6a80b946,2021-04-29,3
f1c48736af2a,2021-04-29,3
9e91c75d4029,2021-09-06,3
4e4eb60aa34c,2023-09-13,3
8b2cdb7ac537,2024-01-17,3
fce754e47997,2024-03-07,3
f0aa6784d540,2021-05-12,3
2db416d0001d,2021-05-13,3
3e766cff4788,2022-05-12,3
a6de9c117341,2022-06-14,3
813b2bfcc8ef,2023-01-16,3
0a9493fdd71f,2022-11-25,3
d219369bd18d,2022-07-14,3
e8b7993886db,2021-05-26,3
aa59d03fe04a,2024-03-27,3
1d8ed62559cf,2024-03-26,3
7ca7c438c037,2023-05-11,3
6c4836a2b761,2024-05-03,3
3d486c9d457e,2023-11-11,3
daa46ef49b7a,2023-11-08,3
d459c72def01,2022-05-18,3
c0e0a88d85a8,2021-07-01,3
45cdbca64f44,2021-06-09,3
b49919095c52,2021-06-15,3
4768bb16cafe,2021-06-21,3
3aa03b19bfae,2021-06-21,3
63b70d15b716,2023-04-06,3
598d26e4c5d4,2023-04-06,3
59ab65651d00,2023-04-06,3
0105424d1eac,2024-03-25,3
82e5d1446493,2021-06-29,3
335bda062c12,2021-06-29,3
9572eebbe67a,2021-07-09,3
42baadcbfb08,2021-07-09,3
56940044747a,2024-02-13,3
afd3bf9fe2bf,2021-07-01,3
36ae4ecf1c00,2023-09-26,3
3c97571dcf73,2021-07-27,3
a2da304c3c79,2023-05-18,3
9c9221fd01bc,2023-05-18,3
558a01a8957b,2024-04-16,3
bf94c8fe0812,2024-04-16,3
9f0ea9d15f2c,2024-03-15,3
34bda1ce0c48,2022-10-17,3
42e95d1d2f45,2022-10-17,3
3ae077561b63,2023-06-26,3
a0d95e96f681,2023-06-26,3
fa3177cfd23b,2021-08-06,3
2ad9920e7190,2021-08-06,3
5a71f41ed723,2021-08-06,3
5967f8a7132a,2022-04-12,3
1ab309498535,2021-08-19,3
6402808de4c8,2022-11-28,3
947dc1d486a8,2021-08-30,3
0d442dd33566,2021-11-07,3
d9390f60c958,2022-04-12,3
e91ec9e0bc5c,2022-04-12,3
f41069cdea91,2023-02-05,3
76025e875310,2021-09-23,3
96c7d39441ed,2024-03-22,3
3ea923ec5cdc,2021-10-06,3
b9612144ee48,2021-10-06,3
3bcf2a614d9f,2022-12-06,3
4f93f80deb70,2023-03-02,3
7e84c1b79334,2023-03-15,3
ae2890f783b8,2021-12-14,3
92543c68fd9b,2021-12-14,3
341c1c6a14c3,2023-10-06,3
de16503a8d18,2021-12-14,3
59e74245e91e,2022-01-31,3
f1ad124b3bd7,2021-12-14,3
aaf59c018712,2021-12-14,3
850d36ba819b,2022-01-31,3
724163621c34,2021-12-14,3
92f125352de7,2021-10-14,3
ddd62b3e0f97,2021-10-12,3
36821ce2287c,2023-11-08,3
eb6ef7df698c,2022-06-30,3
fb597c14b1bc,2021-11-10,3
fd2c14c89c5b,2022-04-15,3
ee7b9307813f,2022-02-17,3
a44c3ddd07e0,2022-05-17,3
d2cce85a6e0e,2024-05-24,3
16faf4a1d88a,2021-11-18,3
09f5999c99c1,2021-11-18,3
802654599bc5,2021-11-03,3
7baea7e8c171,2022-06-06,3
bca013a15ca2,2021-12-27,3
fa75be937439,2021-12-27,3
4683d4361bdb,2021-11-08,3
87ed7af9900b,2021-11-08,3
b518a2a2010d,2021-11-11,3
9baca7858bc6,2022-01-12,3
614f930aafe8,2023-10-20,3
80c1e1cfdf46,2021-12-06,3
60d5e5908c9e,2022-06-28,3
85b479e60be7,2021-11-30,3
d570224e3506,2021-12-07,3
504a26186545,2021-12-07,3
9a02da64050e,2021-12-20,3
435d55413080,2023-10-06,3
ea28ac1a0375,2024-09-16,3
aff65297051a,2021-12-14,3
6fb71bef7f08,2022-08-08,3
0a5d000cd803,2022-08-08,3
85d97d4fbd8d,2022-08-08,3
e778032b1692,2023-11-13,3
a1e24636db37,2022-04-05,3
b162c8ba5b48,2023-10-10,3
f816b86af243,2022-01-04,3
106342cc16ed,2022-01-04,3
17cffd3d0cec,2022-05-20,3
ce69ae3b01ec,2022-07-17,3
f17292932211,2022-07-29,3
c5132d939dc5,2024-06-19,3
8040134aa3e2,2023-09-13,3
f5b36b9daf40,2023-09-13,3
df4dd163d2e8,2022-02-25,3
7c65ffb4ce7a,2022-02-09,3
3649f8ddffb1,2022-04-08,3
b26e7aaf90e8,2022-04-08,3
401eb8d03f1a,2024-07-22,3
843c162d8f58,2022-04-08,3
85c0b1fa71fe,2023-09-13,3
1041d7b54476,2022-03-03,3
e9a9078df42c,2022-03-03,3
9c0bf00ce256,2023-04-20,3
01c1e9f5775d,2022-06-06,3
e666f86f8015,2022-03-03,3
8acf1d1a462d,2022-03-03,3
d7e740a0c98d,2023-10-26,3
8b6a63f4eb18,2023-01-30,3
7dc258974aec,2022-07-14,3
52c55066b441,2022-03-09,3
0a26152d7bc8,2023-09-14,3
44ded38352b3,2023-10-25,3
3d3078dd7ec2,2024-03-25,3
2e3096a6dd4d,2022-08-08,3
55396813af5f,2022-08-08,3
e9e769840e59,2024-06-06,3
b7538db9c4be,2024-04-16,3
6658c54f0ddf,2024-02-28,3
0b7c0f21f11a,2023-09-13,3
c44a6b311d75,2023-04-27,3
82ae5bb61987,2024-09-03,3
6123993062f5,2022-04-14,3
365d502ff5e1,2022-03-30,3
e57d25d6d6f8,2024-08-01,3
93ef0f20a237,2023-02-09,3
127a65ca73d1,2022-04-05,3
9b561ac30434,2022-04-05,3
45444b5df2d1,2022-09-07,3
3dd6b77c8dd3,2022-04-05,3
21c6a6c3f5e5,2022-04-05,3
8067b5e24e17,2024-03-05,3
c2e05e4b65de,2022-04-05,3
0b3aaacdab26,2022-05-18,3
ae376cd3dc07,2022-05-18,3
6386a1ea4b08,2022-05-18,3
1756c477a700,2022-08-07,3
4acb3be11f0b,2022-09-22,3
d489223074df,2022-04-11,3
0347aca2e961,2022-08-02,3
3d036dd629b5,2022-08-02,3
5e12c28911b9,2024-07-22,3
8ab850c0c739,2022-09-20,3
d0bd6b744046,2022-04-20,3
18a3d4062bcd,2022-07-10,3
811a664f11e7,2022-05-04,3
c8e079024f9b,2022-05-04,3
26a2bef817b3,2024-04-15,3
a2cfd8033c4c,2024-04-15,3
cd4bcb36ffd0,2023-12-05,3
9750370b4212,2023-12-21,3
db2d6ec41ae3,2024-06-17,3
87c78d17be6c,2023-11-23,3
9dfe7718f44e,2023-11-30,3
a80d3c70c72c,2023-11-21,3
4ba7bd3885d1,2023-09-13,3
7e191b1d5b2b,2024-09-05,3
bd48d93dbba9,2022-08-02,3
9a8300d8b274,2023-12-07,3
43ff89a5dd2f,2022-08-02,3
7e1d941338fb,2022-10-13,3
dba8f81ed0ff,2024-01-25,3
9bca098b2182,2022-06-06,3
4d0b69febfe9,2022-05-31,3
7dab69bdbf45,2022-05-31,3
6a8257fb92d2,2022-05-31,3
6267174d47a3,2024-07-31,3
a33014bd248d,2022-05-13,3
b0c4159b0b91,2022-05-13,3
60aa6d693c35,2022-05-13,3
3cebf8f97774,2023-01-12,3
837b52a3d252,2022-06-08,3
4992c6547ca1,2023-03-16,3
4339695d554c,2022-05-31,3
d888e0b31a4c,2022-05-31,3
f4b686a86b89,2022-05-31,3
009788312f95,2022-05-31,3
eea3e063c5f4,2024-05-08,3
2ca32791f2d3,2022-06-07,3
fbf45cda17aa,2022-06-07,3
dbef23286c00,2022-06-14,3
c6a978531e94,2022-06-14,3
b415a88eefe5,2024-01-30,3
ef2bb1bfc792,2024-06-27,3
aba9ac9e047a,2022-06-15,3
4e27ffa4a3dd,2024-04-10,3
93d131eabb69,2022-07-05,3
59200a3ed23b,2022-07-05,3
0eb2fe8b345a,2022-07-05,3
531c9f8e9fcf,2022-08-04,3
e7822cafdaa0,2024-02-15,3
7149611b352c,2022-07-05,3
8cc0331e2f31,2022-07-05,3
87d56787dcfc,2022-07-05,3
fd44a6d9fe3a,2022-07-05,3
34651246c575,2022-06-27,3
a0698b379ae6,2022-06-27,3
e5b0b0a44168,2022-06-27,3
4399ec9e2fd2,2023-12-05,3
dd87be7490a9,2022-07-01,3
57ebf70e3ffa,2022-07-12,3
14aa90a582ca,2022-07-12,3
860e63c5c21b,2022-08-09,3
d5a32a6c967f,2022-08-09,3
f07952906fa7,2022-08-09,3
888de39b2fb7,2022-08-09,3
3de40464b91d,2022-07-19,3
2450d48c8d19,2022-07-19,3
3bcea9a07b9a,2022-07-07,3
fab6a5ec7db8,2022-07-14,3
d5fba643aa87,2022-07-07,3
58e3189bd162,2024-08-07,3
5a934662a1f5,2022-07-12,3
804d8db4fdc6,2022-09-26,3
0c29c05e9a0d,2024-02-16,3
169d5efefac8,2022-07-13,3
4daec0c09a47,2022-07-13,3
2d48b35e9777,2023-04-02,3
85ab0061cf26,2022-07-21,3
534465a0faf1,2023-04-25,3
b1a9754cdacf,2022-07-29,3
894a72fa3829,2022-07-29,3
948e1d2a52d5,2024-07-03,3
86c193a2862b,2022-11-07,3
8225b3485c42,2022-11-07,3
97c10026e886,2023-09-14,3
2298513539d5,2022-08-11,3
2380a7f6039e,2022-08-11,3
6863d0f6243a,2022-08-11,3
2de287e567a3,2022-08-11,3
2a3a5d1ad053,2023-02-01,3
e808dc937e33,2022-09-07,3
f920a7e18f2b,2023-02-22,3
e0bd11eb69dc,2022-12-06,3
3a1dfb5dafff,2023-05-03,3
b12655965a3e,2022-09-22,3
147db6752c68,2023-10-30,3
6d05125287bd,2022-09-08,3
1358fb5a8709,2022-08-30,3
17b5210d40b6,2022-08-31,3
f8b7dbe3d608,2022-09-01,3
6a88eaf949c3,2022-09-01,3
0cdee18815d5,2022-09-22,3
fdba6ef80c19,2022-09-07,3
60f47f1a6bd6,2022-09-07,3
dc7b42472271,2022-09-07,3
cb2161ffeb37,2022-09-29,3
ee7fdca638d1,2022-09-12,3
f138f087f6aa,2022-09-12,3
49903614eaee,2022-09-12,3
405149a6a30a,2022-09-12,3
a363d7ad666f,2024-09-23,3
540b7f9fded0,2024-09-23,3
b48c315157c9,2023-01-27,3
45f78059ef94,2022-09-15,3
1508e22e6712,2022-09-19,3
4a3eec4e62f3,2022-09-29,3
ad57952b7b26,2023-09-13,3
13939303b8d6,2022-11-06,3
560c7ab9cd0a,2022-10-13,3
881614fc02ec,2024-05-06,3
e8ab4fce74c8,2023-09-13,3
d42583f6a50e,2023-02-16,3
de733eaf655c,2022-12-16,3
ae3ab74c6e62,2023-06-02,3
9aaad7ed5188,2023-09-13,3
62b5b89868d3,2022-10-05,3
0d0af04a2544,2024-05-16,3
4cf1e19b49c9,2023-11-06,3
b8fe3d4e62cf,2023-10-09,3
07f7d3fab058,2022-09-23,3
ee05df774887,2022-09-27,3
4a42911804f6,2022-09-27,3
1c5fdf42e63f,2023-04-12,3
21bb9a8533fb,2022-10-07,3
29f89a5e01ca,2022-10-07,3
914c1607f7c3,2022-10-07,3
46dbdddd19b5,2022-09-29,3
b4d3682a24a7,2022-09-27,3
e138eaf95c69,2022-09-27,3
f40cbe538217,2022-09-27,3
c53be0978d25,2022-09-30,3
393689c97532,2022-10-06,3
5ce1f2691043,2022-10-06,3
6dfd5f29672b,2022-10-06,3
a5099a80d541,2023-11-20,3
f005d8223151,2022-10-20,3
25aa2a6fb0f9,2022-10-20,3
730df1b5c76e,2023-02-22,3
92d9fd26b273,2023-05-10,3
2d4fa2c9c671,2023-05-07,3
4441c7575221,2022-10-19,3
41799fef5bb7,2022-10-19,3
8d555291eb18,2022-10-19,3
1bd72c655c88,2022-10-19,3
5d8d9e702154,2022-10-12,3
07bc2f18546b,2024-08-10,3
ae7dfc7a8050,2022-10-20,3
9dbc190356a7,2023-06-06,3
664c979b2d14,2022-11-29,3
82f4ea0ff289,2022-10-27,3
4a9961fb9a76,2022-11-03,3
03621872dcf3,2024-04-03,3
351bcdd0fe41,2023-10-06,3
2bb963781d0f,2023-11-14,3
771613cde733,2022-10-27,3
916d961d0796,2022-11-20,3
ac412c2183b5,2022-11-20,3
b067c270d597,2022-10-28,3
631c0ed59495,2022-10-28,3
bda864825bfc,2024-03-17,3
9bd3e40455c7,2024-04-15,3
17c902e938cf,2022-11-15,3
eb0cb1cc9879,2022-11-13,3
01f8a341fe43,2022-11-13,3
657c079f32be,2022-11-13,3
441f1957fd21,2022-11-13,3
ea18eabbe185,2023-10-11,3
33acb610d055,2024-03-21,3
60fc2bee0cd8,2023-12-19,3
12b59856fdb2,2023-02-13,3
cb8ccca5fef1,2022-11-24,3
ecfc53ddfcb6,2022-11-24,3
a1a85a5a80ac,2022-11-24,3
a5c3af1d8df3,2023-10-12,3
3ba1b6e1bfa1,2024-09-11,3
5e44a1b56f3b,2022-12-21,3
af316ff8fa95,2023-04-11,3
673d3ab3fb27,2023-06-25,3
4aff3ed6b037,2022-11-24,3
c20c875a82ba,2024-03-27,3
7547bc47440c,2024-03-27,3
feac414a79f1,2024-03-27,3
4b0c54b18dba,2022-12-18,3
e7bdc915cc59,2023-01-12,3
888501a4df0c,2023-01-12,3
5dae08338af5,2022-12-20,3
c2bfa29813a1,2022-12-20,3
147163cf2fe5,2023-06-02,3
4b8a15e928f8,2024-07-18,3
beff8209281a,2022-12-16,3
5ea0a7a09f24,2022-12-20,3
7ba8dba2f158,2023-05-03,3
d0cdb2216232,2022-12-06,3
8d9924c7cc57,2022-12-06,3
a4a92411128b,2022-12-01,3
4bb24647e87c,2022-12-08,3
cf798ca0719c,2022-12-15,3
86c76f40ffb9,2022-12-15,3
fbc35fe0e09d,2022-12-19,3
c746bf3bd61e,2023-01-18,3
51d1edf0d627,2023-01-18,3
d1729fcc73f2,2023-04-04,3
69ac90420afd,2023-02-26,3
bf7ae39ed214,2022-12-15,3
08a06d2cc7e0,2022-12-15,3
41c09bbaf978,2023-09-13,3
e11040778c89,2022-12-20,3
e5193a925419,2022-12-20,3
94091497006a,2023-01-26,3
69abf6eebc76,2024-08-13,3
b7a9d5bbc84a,2024-07-01,3
bc10f0cb89c5,2024-07-01,3
0ac62f1b1524,2024-07-01,3
b62e5b33e2d7,2023-04-09,3
b60540832400,2024-04-08,3
ec50f809fb60,2023-01-22,3
2b44ed7265a6,2022-12-28,3
9649f9420ba4,2024-09-24,3
d6cad2955771,2024-04-11,3
c19b83d45328,2023-01-31,3
57f6f314c80c,2024-06-04,3
fdefd0745786,2023-01-19,3
e0ad825e8a2c,2023-01-19,3
e6e2ab7e485c,2023-01-18,3
aeb62b82a1fc,2023-01-19,3
133bfe5846f5,2023-01-18,3
edf209e93fcc,2023-01-18,3
d96ac446f791,2023-01-18,3
d9a2451e252b,2023-09-13,3
8f9233c4f689,2023-09-13,3
371f171c6b31,2023-02-14,3
3026a39bd3a9,2023-02-14,3
51d873e6aadb,2024-08-16,3
dc9e8a3e6567,2024-08-16,3
28e5e4b4031d,2024-08-16,3
15fb2b73ec2a,2023-10-16,3
95da83ab8f75,2023-02-09,3
343f2620a965,2023-02-16,3
323273240e77,2023-02-16,3
60b93eda822a,2024-04-02,3
14eb2fb2a102,2023-05-31,3
60eb89c5c9ab,2023-03-21,3
a1720cb28b22,2023-03-21,3
6036be914389,2023-03-21,3
7e044a2e909c,2024-02-05,3
8b39462e321a,2024-02-05,3
0aaed68d3e0d,2024-02-05,3
953f6f4f821c,2023-03-01,3
d751cba9911d,2023-03-21,3
fe178cb6850f,2023-02-26,3
4eb078d1aadb,2023-03-22,3
a091d58cbe4c,2023-02-26,3
9d59cee931e4,2023-03-16,3
ec457f328311,2023-03-16,3
ba560ca4ea32,2023-03-08,3
d6fdfea77110,2023-03-06,3
bccdf54c5e35,2023-03-06,3
162665c6cd0f,2024-01-10,3
01e6b8e05725,2023-03-20,3
e2bfca1ce834,2024-05-13,3
1b918b1ded3c,2024-04-22,3
45171db95ab8,2023-06-07,3
badb5d267d60,2023-03-15,3
c081a1b24715,2023-09-13,3
d8528f0fbb7a,2023-10-03,3
3a0ff8fd35b9,2024-04-10,3
2f23c9778b82,2024-04-10,3
b67ca79bac7e,2023-03-16,3
ac86039f1a6f,2023-03-16,3
058d14cc6032,2023-10-18,3
a0a1c0d2ddb1,2023-05-03,3
40d94301a196,2024-04-05,3
337497fbe475,2023-09-13,3
3d86e6829ee5,2023-03-28,3
5f2e31ea2bbe,2023-04-07,3
1703c51d72cf,2023-04-07,3
042eb9c29e10,2024-09-01,3
5f5fcc143a9f,2024-03-22,3
49033242eb93,2023-04-06,3
73a3faa36c23,2024-09-13,3
ee50f4db7a26,2023-04-20,3
630cb1d623af,2024-05-16,3
338ad3c75e45,2024-05-24,3
6e778b7819d5,2024-05-14,3
c90cbd2aaa76,2024-05-14,3
66a9f49d9a60,2023-06-23,3
2ed442e5d3a9,2023-04-20,3
beefda9a98c4,2023-04-23,3
8f6d5186cd61,2023-06-05,3
051ff37442a6,2023-04-23,3
9454fb3e603d,2023-04-23,3
bf4ba6f27347,2024-03-07,3
8a1557a51ce1,2024-03-07,3
dd94e2bc5601,2023-04-21,3
110a47e1ac6f,2023-04-20,3
ccdcd398fd2e,2023-04-23,3
cf37d671b004,2023-04-23,3
7ceb1de7750a,2023-06-20,3
822b9c993b3b,2023-12-12,3
ff77967e2e85,2023-06-20,3
52abdcb8c903,2023-06-20,3
435ac158ee29,2023-06-20,3
5c67c95d8581,2023-06-20,3
83f80155e787,2023-06-26,3
1376ef82d0e5,2023-05-22,3
8cb8cb580113,2023-05-18,3
9a9e52926d5f,2023-06-07,3
acda0f0aa547,2024-03-28,3
65711947cf0b,2023-05-18,3
fc4d63f3c53a,2023-09-13,3
ac81eba36b70,2024-09-05,3
c4945b3097e6,2023-05-04,3
13be38839171,2023-05-04,3
6fb72e5f6cdf,2024-04-20,3
d268c8d814f3,2024-04-20,3
d864668a8dda,2023-05-17,3
2280ece1b0f3,2023-05-17,3
7d94abeab65c,2023-05-17,3
8687e05c1b7d,2023-05-17,3
48f21b0c5624,2023-05-17,3
9bf59e8a680b,2023-12-07,3
9a03d7ff3010,2023-09-13,3
649da4b36071,2023-05-30,3
cb0e6c11f9ce,2023-05-31,3
010c999f1acf,2023-05-30,3
63c68ba5ca80,2024-03-14,3
0d8859923544,2023-09-14,3
ab152a11c412,2023-06-23,3
c5ac7252f110,2023-06-23,3
2f5a824c0583,2023-05-30,3
9dbda3ef49cd,2023-06-05,3
32e76800fd74,2023-06-14,3
7d9f6b401993,2023-06-14,3
4849204b00e1,2023-05-30,3
7f2d858415ba,2023-06-14,3
80c37b559c88,2023-06-14,3
f56f0f815337,2024-08-29,3
92cbf69d4531,2023-06-06,3
2d8d31eb7dce,2023-10-20,3
ad04856a1777,2024-02-15,3
cea5aa10f240,2024-03-25,3
61fa7343ef56,2024-04-20,3
71ab8b24484a,2024-08-14,3
c42e98bb6b47,2023-06-09,3
856b6db33b39,2023-06-16,3
8e76f40dd2cc,2023-06-16,3
fb68e2a4d2bb,2023-09-13,3
0e1d68e128f5,2023-09-13,3
e09f9a9509bc,2023-09-13,3
caf4efd33bdf,2023-06-26,3
57c363541ec8,2023-06-26,3
a67ec504f555,2023-09-13,3
717cbc7304d0,2023-09-13,3
f0f46bfe5859,2024-02-08,3
06d8891e7043,2023-09-13,3
3572316f3342,2023-09-13,3
ab4544e5cbfb,2023-09-13,3
0297f8f65b3c,2023-09-13,3
8b232afaf9ea,2023-09-13,3
cb28bfe50d42,2023-09-13,3
ed6ffea1e9cb,2023-09-13,3
2754aded4a57,2023-09-13,3
2fd91a9fc88d,2023-10-30,3
e516f5320697,2024-06-14,3
260afda7fccb,2024-04-11,3
e4e089c5c61d,2023-09-13,3
55c0195a98a4,2023-09-13,3
117b9986cbe0,2023-09-13,3
4cd7d53c56f4,2023-09-13,3
615eb129ddad,2023-09-13,3
339ca0bb0d8f,2023-09-13,3
a27c10507bc5,2024-01-24,3
589a6420d2cc,2023-09-13,3
474b311c6d83,2024-03-20,3
efb2f591327d,2023-09-13,3
cbda2004bbae,2023-09-13,3
ce5a66032311,2023-12-12,3
06ea3437093a,2023-09-13,3
3e183bf9d1d0,2023-09-13,3
04a8ac87c582,2023-09-13,3
445a7d4b2bd2,2023-09-13,3
96d5f4f0d83b,2023-09-13,3
16bc4dc071c3,2023-09-13,3
0a732090805d,2023-09-13,3
1c03ec3025be,2023-10-30,3
e8e593666ce0,2023-10-20,3
0991f14f2757,2023-09-13,3
778d5fb06335,2023-09-13,3
541246a55acd,2023-09-13,3
3a93491ce7ff,2023-09-13,3
8eb48f02419e,2023-09-13,3
b54be40c080f,2023-09-13,3
be2494c31154,2023-09-19,3
228f6c3b003a,2023-09-13,3
d5990f9de183,2023-09-13,3
4533e44da510,2023-09-13,3
3c0bd8376034,2023-09-13,3
c68a6596d94e,2023-09-13,3
31e39b6fd025,2023-09-20,3
0acd0f939b1b,2023-09-13,3
a2660d1c7ebc,2024-02-27,3
7e6675a67d79,2024-05-14,3
879e5ca8d613,2023-09-13,3
96e017c253bb,2024-05-31,3
20d067064d00,2023-09-13,3
4427b7c8492e,2023-10-10,3
0b25a908475f,2023-10-03,3
89fe07c83157,2023-10-03,3
010731812ffe,2023-10-03,3
13bfb00957c4,2023-10-03,3
6cd60927180a,2024-08-05,3
397115d624d7,2023-10-16,3
5fe76094d3f5,2023-10-12,3
8c48fcd56bdf,2023-10-06,3
79bc4dd7009b,2023-12-27,3
aaeb534f0eea,2023-12-27,3
d6ace9dffc8f,2023-12-27,3
ea66f2c6667b,2023-12-27,3
b510ba7b9ecb,2023-12-27,3
e4c0a00828c0,2023-12-27,3
1e0d704c725d,2023-12-27,3
42af4b1cbb2d,2023-12-27,3
12e97713f2be,2023-12-27,3
22835dff660f,2023-10-06,3
23b2c33128c7,2023-10-06,3
5db44abdaf42,2024-03-25,3
7551f377b215,2023-12-15,3
49bf895dece9,2023-10-06,3
66e6f31aa9ba,2023-10-03,3
4c6d273c9191,2023-10-06,3
fb620ef6bf44,2023-10-06,3
68a293a44202,2023-10-03,3
2811c2123f03,2023-10-06,3
9cfd0d8099c3,2023-10-06,3
447d1d540274,2023-10-06,3
490f43d6414d,2023-10-03,3
fc23ff127fc0,2023-09-26,3
a7bc8686e9b0,2023-10-09,3
d80a7bf3f675,2023-10-09,3
61127adc4aad,2023-09-18,3
a6b6bfbc73b9,2024-04-15,3
b2f6651a396c,2024-03-27,3
761882ecfd90,2024-06-27,3
8be64671fa62,2024-01-25,3
c7510ce91db5,2024-03-25,3
b3233b05a62a,2023-10-06,3
f0c97818113e,2023-10-06,3
a1173b322682,2023-10-09,3
654481912de3,2023-10-06,3
d295e31430a9,2023-10-06,3
42abfca79c2d,2023-10-11,3
c6bbf274f674,2024-03-26,3
fd55619b0c57,2024-09-10,3
1e6329aeb704,2024-09-10,3
ee2f14e4be0c,2023-10-24,3
50d81403e8da,2024-09-19,3
44a182e46e49,2023-10-15,3
f12f60b23645,2023-10-06,3
b156a8f2d795,2023-10-06,3
d71c71345958,2023-10-16,3
ec06b1e90b65,2023-10-16,3
c2b05dd1af42,2023-10-16,3
4a7fd008f8bf,2023-10-16,3
c693ded9082a,2023-11-23,3
877952dbc72a,2023-10-27,3
537f8f8c7d2a,2023-10-03,3
f7ed2650960d,2024-07-17,3
fe7d98ec073a,2024-05-20,3
0704878c802c,2024-03-13,3
515786cae4f9,2024-02-01,3
4d836d3eb3b5,2023-11-27,3
c647de0770b4,2023-11-27,3
e07edb848d8a,2024-05-23,3
683f97bb6daf,2024-03-21,3
1b2438a7664b,2024-03-06,3
569750c6fb35,2024-09-23,3
7b6dd7d08fbd,2024-09-04,3
bf93a021c550,2023-10-30,3
47f8da44055a,2023-10-31,3
18d554c7ae89,2023-10-25,3
030a4c2ceaf3,2023-11-11,3
c5ed3fb28979,2023-11-11,3
3d2390e12a75,2023-11-13,3
6b7545f55390,2024-02-26,3
dd421990fa3a,2023-12-19,3
eaf56e09b1cf,2023-11-03,3
5c62e79a9862,2024-08-06,3
ab2d81ed3432,2023-12-03,3
5c87c163a27e,2023-12-03,3
f73bb77c0eeb,2023-12-03,3
676cdc9b1900,2023-11-21,3
e1fa0409d1ed,2023-11-13,3
aec9880ce210,2023-11-27,3
33bdad0723fc,2023-11-21,3
b991d12f385e,2023-11-21,3
d5397e23e237,2024-01-31,3
aa1b14929db4,2023-12-04,3
0b483dd9ace2,2023-11-15,3
e0c776c294a3,2024-07-22,3
1c67e46ba115,2023-11-22,3
0dfc7133cc04,2023-12-08,3
c7c753549dfe,2024-09-11,3
e84ed83314d6,2023-11-21,3
fbcab4330e54,2023-11-21,3
eba9a5fc2bd2,2023-11-21,3
45910cf1e3ed,2024-05-28,3
4f2398686b46,2024-01-31,3
47b77b9793e0,2023-12-05,3
48553334352f,2023-12-15,3
71cbd3f9e9a9,2024-01-11,3
5725137435be,2024-01-11,3
96695eb614c7,2024-01-11,3
4af7e8c6fb7d,2023-12-01,3
7381cc17c910,2024-02-02,3
76f99376ccf6,2024-03-11,3
77f09d82f5a5,2023-11-30,3
725cb9a98968,2023-12-14,3
577bff687af7,2023-12-05,3
4517cdeded34,2023-11-28,3
8c3410e9ee8e,2023-11-30,3
630a5da6b196,2023-11-30,3
26fbb8192ebb,2024-08-27,3
52c96efbb7ba,2024-04-21,3
1b5040fb36db,2024-04-21,3
4ed6dfeedf75,2024-04-21,3
14dc207f7337,2024-03-26,3
58be768cbede,2023-12-18,3
4d763d03b812,2023-12-12,3
187885f2682b,2023-12-12,3
5569c35c3917,2023-12-23,3
6017f065e3c8,2023-12-12,3
8c25d4cd72cc,2023-12-13,3
3bec740a2b9b,2023-12-12,3
11afbd162909,2023-12-12,3
f0e3e3fcdb30,2023-12-18,3
0f783a465d9f,2023-12-15,3
67d3a4b079ec,2023-12-15,3
5321efa07ac0,2023-12-14,3
604dac81499b,2024-07-08,3
29d36a149e2a,2023-12-18,3
175e08408dbb,2023-12-18,3
e6b88e3ad07c,2023-12-13,3
622187ac3315,2023-12-15,3
1440b9001a8d,2023-12-15,3
c87278175244,2023-12-15,3
851410d2704b,2024-03-12,3
6445e078b375,2023-12-22,3
08aa6767d4bb,2023-12-19,3
06600c2a2ec8,2023-12-25,3
ba89b330cbad,2024-03-28,3
1c877315e107,2024-01-14,3
8cbbc4622d4b,2024-01-14,3
a98e214c27be,2024-01-14,3
8555f5d8267d,2024-08-09,3
002555e3c4fa,2024-04-10,3
ef03c3ae4cb1,2024-01-15,3
24d7a42d4323,2024-07-29,3
f0219de08a03,2024-01-09,3
b6f6fcf36c66,2024-01-15,3
1bbc3092dc7f,2024-01-10,3
3cc09e4dff6a,2024-01-10,3
60065c837c56,2024-01-10,3
f5dd5397304d,2024-01-10,3
bc931ca8d788,2024-01-26,3
0aae57d47782,2024-01-26,3
1e1d6a17017c,2024-01-09,3
1176da3b0b06,2024-01-09,3
d4bcb8d6cc1f,2024-01-09,3
f7bad2cb8b02,2024-01-09,3
750c82027f13,2024-01-09,3
6411b4dea374,2024-01-09,3
4155d86f0d0f,2024-01-09,3
d36f145a9638,2024-01-09,3
827d23688dbd,2024-01-09,3
994c8e39533b,2024-01-09,3
a6958f980640,2024-02-15,3
cb1e5cf28320,2024-01-23,3
a17ccd3d863d,2024-01-23,3
eec28cafde61,2024-02-12,3
785ad43d8fd6,2024-01-19,3
09596b9b9eaf,2024-04-08,3
22e35ca622d9,2024-04-08,3
5801cf9196f9,2024-01-24,3
cd95bd78b47d,2024-01-24,3
24554154784b,2024-04-04,3
10a620ce0408,2024-04-04,3
5f89c86339b8,2024-04-04,3
c820d78ddd0d,2024-02-05,3
737a9795b2fc,2024-02-05,3
f89f6f806c8c,2024-02-05,3
7ab0fe125557,2024-02-05,3
f92f8512cf70,2024-02-05,3
27e829943d66,2024-02-05,3
606c2ad50ab1,2024-02-21,3
fbfa472e5a66,2024-02-05,3
147a182c641b,2024-01-26,3
2f7526352720,2024-02-12,3
ccc1d739eb10,2024-04-08,3
a221aa4c06c9,2024-04-08,3
6da112d7e744,2024-04-08,3
4252b5d0c2e7,2024-02-14,3
232219e702b0,2024-05-05,3
806e5e209454,2024-02-06,3
f41a05082de3,2024-03-11,3
416a0b6381a5,2024-03-11,3
ced5cfb8d6d1,2024-02-02,3
1893848684a5,2024-04-08,3
032861f65b70,2024-02-06,3
0973df3ff57f,2020-02-25,3
eacb50096ddb,2024-02-13,3
ef64120702ce,2024-03-31,3
badd34eb7017,2024-03-17,3
b8532601bcca,2024-04-20,3
207ce3443501,2024-02-26,3
90644100303a,2024-02-26,3
d1843e17e495,2024-02-26,3
0f2a0921f307,2024-02-26,3
7eb11b0c37a0,2024-02-26,3
64c1232b5455,2023-11-11,3
5e6f6e486f63,2024-05-13,3
c2a85c99f9c9,2024-02-19,3
44d205934132,2024-02-21,3
e270536c878a,2024-03-06,3
87dfa0f11195,2024-03-06,3
45576255a7bf,2024-02-29,3
b4f43c361b93,2020-02-25,3
e803fb1b0311,2024-04-08,3
4afdce458b1c,2024-04-08,3
40d3fbfb5826,2024-03-25,3
fe3e5c5e5ba0,2024-02-29,3
bd1843210498,2024-03-04,3
cc54adf6d05a,2024-03-04,3
0f9f024c6351,2024-03-18,3
339baf9ef75b,2024-03-18,3
14c1c5af2539,2024-03-25,3
8260357aeba2,2024-08-29,3
3dd011ff1900,2024-03-25,3
1472e1a16ea4,2024-03-05,3
d47828808ce2,2024-03-07,3
4e9eb4a16398,2024-03-07,3
30bcbb1fb7be,2024-02-29,3
355ac19533c2,2024-02-28,3
8d3a4bf618ff,2024-04-15,3
e866bad08b17,2024-07-16,3
1be5d2025c7d,2024-07-03,3
7d674eb2d76c,2024-04-10,3
b4f4565c9f55,2024-03-26,3
f954212c5fec,2024-04-11,3
6ba4201677ed,2024-03-11,3
b01fb50ffe08,2024-07-16,3
75efe906676d,2024-03-12,3
129dd217860b,2024-03-12,3
8c1929241f98,2024-05-06,3
8022e019e91c,2024-07-19,3
d0e0aa485ae1,2024-03-26,3
61a064e1ce7a,2024-03-28,3
1e716b1a6572,2024-03-28,3
4e0fcee55750,2024-03-28,3
60cce8e7b6ba,2024-03-20,3
03a9ed0275b7,2024-05-23,3
be1f08723403,2024-03-20,3
19bcee388600,2024-08-29,3
dca7b93e4dff,2024-03-14,3
f0a5f11951d1,2024-03-14,3
721d4b335ea7,2024-03-19,3
1c049a7bdbda,2024-03-19,3
ec61e2e350da,2024-03-29,3
e22338bbee1d,2024-03-18,3
52f35807e168,2024-04-08,3
bb470dee73d1,2024-07-30,3
41c603d74244,2024-07-30,3
18d31224bc8a,2024-03-28,3
468455f49cea,2024-03-25,3
0bdc38718184,2024-03-26,3
6b5eaf5e3f4b,2024-03-21,3
a00b0b5891d2,2024-03-29,3
77bd781e5b5a,2024-04-08,3
e14d7c67f67e,2024-04-10,3
13c8fefbee0d,2024-04-16,3
3f2919b56f2b,2024-03-21,3
bc1a0e57abc1,2024-04-08,3
7e21c3090e95,2024-04-08,3
af9d5bb2a868,2024-05-17,3
a63b64f5132c,2024-04-26,3
e1765be8c3e6,2024-03-29,3
3e0dee5afb2f,2024-08-20,3
b4818d2b6b03,2024-04-03,3
3a94862fb43c,2024-04-02,3
59f63c844749,2024-04-02,3
d9f2032d50af,2024-04-09,3
ac605b33a26f,2024-04-09,3
47a2376ae3c2,2024-04-09,3
43391aae8a29,2024-04-16,3
3ebf49278c1d,2024-04-16,3
4efcc8ca8ad3,2024-04-20,3
a467ff7f2e27,2024-04-25,3
f00136054cc8,2024-04-26,3
cd42013f7f61,2024-04-25,3
1b240e56c0ea,2024-04-05,3
643e90f13f6c,2020-02-25,3
26923fe598f3,2024-04-05,3
4531d8b9891f,2024-04-09,3
cf0b76b533d4,2024-04-02,3
1d3c8e7630a1,2024-04-02,3
cc92ce398dcb,2024-04-05,3
9817cafcc66f,2024-04-09,3
766fb3492872,2024-07-01,3
a275737de87e,2024-07-01,3
cd6119550e4b,2024-04-11,3
745771ba4f41,2024-04-22,3
4a56a6f7f81e,2024-05-13,3
05867a371364,2024-08-07,3
2e4aa2688c0a,2024-05-17,3
8b13c586b461,2024-04-20,3
f189b05f7f7c,2024-04-20,3
6f930186b41b,2024-04-20,3
ec5cd4587935,2024-04-20,3
75a26bd47f1c,2024-04-16,3
11370fe1a34f,2024-04-16,3
3271aa75e3d8,2024-04-16,3
3d33703a2b2f,2024-04-16,3
cacd11dcbe7f,2024-04-16,3
eac137bc2899,2024-04-16,3
a33c18b2a1b3,2024-04-12,3
b6f8f177d912,2024-06-10,3
b919ed7f6275,2024-04-23,3
9f8a9b088f12,2024-04-24,3
bbe417e3a4e8,2024-04-24,3
5343a31c26f8,2024-05-02,3
ea00cfb22503,2024-05-02,3
2a2303cbc4b5,2024-05-02,3
355a75338b29,2024-04-25,3
7257ea43fb01,2024-09-09,3
4d88bfdeb02e,2024-04-20,3
e319a7c87c23,2024-05-17,3
ecf224845a68,2024-04-26,3
ea0eceddf74e,2024-04-26,3
2d4946ab3d61,2024-04-17,3
61ffa22143de,2024-06-17,3
14e76d7b94a1,2024-07-22,3
d619109e21e8,2024-04-22,3
586faf01d265,2024-06-19,3
748e516be6ee,2024-04-24,3
73ccf4385331,2024-04-24,3
59cb8685491e,2024-04-20,3
7463d3db4313,2024-07-23,3
3b84dae1e239,2024-04-20,3
b25099b818cb,2024-04-20,3
ef4d90119401,2024-04-20,3
676d5a42e151,2024-05-22,3
c794a7a246ac,2024-05-20,3
2514acf2a756,2024-06-04,3
47424acffc25,2024-04-25,3
1e2a19273048,2024-06-06,3
01b92c4fddb6,2024-04-25,3
595130242ff8,2024-05-13,3
86c64962dc61,2024-05-03,3
90257c0d5637,2024-05-03,3
f03b9c5b6b58,2024-05-06,3
4e2690c52f78,2024-05-06,3
22a03aa474db,2024-05-06,3
7545d9735a2b,2024-09-25,3
52bdcb50035c,2024-05-13,3
d415e7d31c90,2024-05-16,3
f61b43f32b31,2024-05-16,3
db32587e3546,2024-05-13,3
594b9c6c6fa3,2024-05-20,3
246f5d1badbc,2024-07-30,3
fb3cf2e9b434,2024-07-30,3
060068fabc72,2024-05-24,3
294b3b0d69c6,2024-08-09,3
e572d98cb665,2024-06-10,3
f80f111487ba,2024-07-09,3
b6b07db30585,2024-08-02,3
b8d6008a81cc,2024-05-29,3
e1bf79d8e8f5,2024-05-29,3
845c65cd5c4c,2024-05-15,3
87190f90c6c0,2024-05-15,3
61af3e744fb5,2024-05-14,3
0ffe791eb352,2024-05-28,3
d7c0c8f02b37,2024-05-27,3
be69354a47bd,2024-06-03,3
d733cdb7edf3,2024-05-22,3
12fda8c2752a,2024-05-22,3
66e1450f1abc,2024-05-26,3
705bb66706be,2024-06-14,3
e209700af863,2024-05-30,3
99b8e4cc9240,2024-06-06,3
53981d434322,2024-05-28,3
bb47c3bfda5d,2024-05-28,3
3e4162538b62,2024-05-28,3
f6f5e39ea06c,2024-06-07,3
28aa45a0b5c3,2024-06-07,3
0226b11d6269,2024-06-07,3
ef9ff98cdf11,2024-06-07,3
12e5c9dc42d2,2024-06-04,3
7b3cbb151bf0,2024-06-04,3
ca67abf5fdce,2024-06-06,3
cfc816636473,2024-06-04,3
dd4123f9557b,2024-06-12,3
8275b7178e7d,2024-06-13,3
2e26530854b3,2024-07-10,3
91f50abbc22d,2024-06-17,3
94663c215462,2024-06-24,3
2f877bf1ffa0,2024-06-07,3
5a1e839b2f5c,2024-06-07,3
babb14807265,2024-06-26,3
69147a350421,2024-07-17,3
8cd555f12ee6,2024-07-31,3
46201f7b5f88,2024-07-31,3
27de5d57ef35,2024-06-20,3
d3665412b683,2024-08-20,3
408ed8f594bf,2024-08-26,3
296ae59e87cf,2024-09-10,3
eca16a6d83e6,2024-06-25,3
44e498d527c7,2024-06-25,3
fae86fb0a04c,2024-06-25,3
30cd126a1bac,2024-06-26,3
e90600ddb7ed,2024-06-20,3
a1c9edbe2ce6,2024-06-24,3
9d5077f4b4c8,2024-06-26,3
20ecabfb62da,2024-08-20,3
d6fb71c92465,2024-08-02,3
1c26a7403f40,2024-07-08,3
33ab7786e2af,2024-07-14,3
7a49e5d74e9e,2024-07-14,3
10abdc86dbcc,2024-07-22,3
23e282a8189c,2024-06-24,3
8da85b576086,2024-06-28,3
c469c9cc5fd5,2024-06-28,3
0cfcf1d96531,2024-06-25,3
8d20185399b4,2024-07-02,3
e7e0bf0cc949,2024-07-02,3
2dabcae02bdb,2024-07-02,3
96629aba7363,2024-07-02,3
a42472bc7861,2024-06-27,3
ccc261088009,2024-07-03,3
77829a446449,2024-07-22,3
358ebe5f929c,2024-08-09,3
95524790876f,2024-08-09,3
2e23779dff93,2023-10-23,3
22e4387e1604,2024-08-26,3
9f80e37e3832,2024-07-08,3
9b3cd1fc5e6c,2024-07-08,3
18289f348ba3,2024-08-05,3
145fdff65849,2024-07-11,3
0d5529bcb376,2024-07-11,3
0073355d1f47,2024-07-11,3
a91082d90dff,2024-08-16,3
8c54b300bc0e,2024-07-03,3
d60184cf6ca5,2024-07-10,3
4bede1549d18,2024-07-03,3
2c69d5c39928,2024-08-13,3
fc0b67f72133,2024-07-11,3
dde716af79c2,2024-07-08,3
b3f30f2699e6,2024-07-08,3
b0e1e120a096,2024-07-05,3
fb5271014128,2024-08-30,3
6a16aaa9c149,2024-07-17,3
3883fc2de648,2024-09-17,3
3ad4e4fd873d,2024-09-17,3
609e9b734cbb,2024-07-15,3
59541dc4af68,2024-09-06,3
07605df7333f,2024-07-18,3
16174a465ef1,2024-08-30,3
0a6a95ee4828,2024-07-17,3
88a9b73e263a,2024-07-16,3
281116d8ccbb,2024-07-16,3
075f6cd34d4b,2024-07-19,3
61f123d42ee5,2024-08-12,3
844d8394d645,2024-08-12,3
01308b300317,2024-08-12,3
7ae089409558,2024-08-12,3
e59b8e97b472,2024-08-14,3
b90b6c06b229,2024-07-24,3
d6ca612db339,2024-07-22,3
f0192d8ca3cd,2024-08-28,3
4595b1a743b7,2024-07-29,3
eca3ec3afd8f,2024-07-30,3
2721960382ec,2024-07-25,3
499742c4b569,2024-07-23,3
070866d5bc17,2024-08-12,3
d06d32df0906,2024-07-30,3
4fba0f165746,2024-07-28,3
083e8a5647ff,2024-07-28,3
22e4eb80d418,2024-07-28,3
b79609a8c609,2024-07-28,3
97f01a68c52d,2024-08-02,3
4d96800ea1e7,2024-08-02,3
fc7d2f2dabed,2024-08-02,3
35a3298c9e69,2024-08-26,3
883b9a840156,2024-07-31,3
5b0c346ca1f8,2024-08-11,3
09a285d07ccc,2024-08-12,3
dd6db6625bda,2024-08-11,3
2f5ffc793915,2024-08-11,3
0b22d3bcdf26,2024-08-11,3
e782f3fa3905,2024-09-25,3
ae189025f78f,2024-08-04,3
96f9f1085371,2024-08-04,3
c10885389795,2024-08-04,3
be432e336e51,2024-08-04,3
87354aae9b50,2024-08-12,3
ce364545e320,2024-08-02,3
98df0b774688,2024-08-02,3
1550108ace02,2024-08-07,3
dc2edec77ca7,2024-08-11,3
5ce7cfcb86c2,2024-08-26,3
3180bc0ec29a,2024-08-21,3
2ed1d9ddee1f,2024-08-16,3
49aa6601c48a,2024-08-19,3
a366312b1013,2024-08-20,3
2a3c272936bb,2024-08-12,3
81058ea27e77,2024-08-12,3
4269bfa4596a,2024-08-12,3
f49f5becf247,2024-08-12,3
985270290450,2024-08-12,3
f823330a02da,2024-08-12,3
37e0a3849fdf,2024-08-12,3
511190b0191c,2024-08-30,3
e1f45d872e37,2024-08-20,3
edb91448eaa7,2024-08-20,3
396e7bcc979d,2024-08-20,3
48e36a818c73,2024-08-26,3
c8733df7a22a,2024-08-14,3
892dd06507bf,2024-08-14,3
6b331bf2021b,2024-08-19,3
6dde2e2a304b,2024-08-26,3
70d25ec4218b,2024-08-20,3
327c5bc1e583,2024-08-20,3
44e5be984717,2024-08-30,3
03717482013f,2024-09-03,3
8361cdaa3d31,2024-08-19,3
5c2ef900d032,2024-09-10,3
0b944e436608,2024-08-28,3
dda952eeb828,2024-08-18,3
2932829de1d9,2024-08-27,3
87432ad1df72,2024-09-04,3
692c89beb298,2024-09-02,3
9e1cba14a305,2024-09-02,3
b0900be2e50b,2024-09-02,3
1cb8c7a9b98a,2024-09-01,3
420fa9059b5f,2024-09-24,3
e734ff182f29,2024-09-19,3
2b3e4946cd0a,2024-09-19,3
ed48480cfc4e,2024-09-10,3
6e11e8162d5e,2024-09-10,3
cfee15f85b37,2024-09-10,3
5c95ad609472,2024-09-10,3
2c579576c4ab,2024-09-16,3
3a48236b8ebe,2024-09-10,3
9b5d09ac76e0,2024-09-09,3
c5227912ad9b,2024-09-19,3
7f750ced55d7,2024-09-16,3
1107468c51ed,2024-09-25,3
7d73d828e53f,2024-09-20,3
93ed35703d45,2024-09-25,3
aac6cedf9d44,2024-09-23,3
913afe717a0f,2024-09-26,3
8c960a9f3747,2024-09-25,3
ca0b6248d0db,2024-09-25,3
a84cb40a8327,2024-04-26,3
8fdf576aab70,2024-04-26,3
e8227eaaeeec,2024-09-18,3
2031a4c2bebb,2020-02-25,3
a7962abafdf5,2020-02-25,3
63e4bb745cc8,2020-02-25,3
d0fe3516b2ff,2023-11-21,3
ed1af44c6451,2023-09-13,3
879079ce619b,2024-01-25,3
0673fe6760b2,2020-02-25,3
eec585396b5d,2020-02-25,3
4d262b40b35e,2020-02-25,3
978b55be604e,2022-04-12,3
6db73c4d371b,2023-11-14,3
997353bdad5a,2023-09-13,3
618d83b899cb,2020-02-25,3
64bf5e4459fc,2020-02-25,3
67fde626a3df,2024-08-16,3
62b067320a0c,2020-07-21,3
20bf7b042147,2024-07-01,3
1f9b1ea5b2e2,2024-05-20,3
b7aea9272eca,2020-02-25,3
c5458670a371,2020-02-25,3
5e26db881988,2024-04-08,3
bda5b157e737,2023-10-11,3
fccce0153529,2022-11-24,3
184e00b709c0,2023-02-16,3
6d03566f7b8d,2024-02-06,3
714fb980d919,2023-01-12,3
d20ff8429167,2020-02-25,3
0f97f38616f2,2020-11-27,3
19cbd20aa3a0,2021-09-15,3
e6bb5d4bc66d,2020-02-25,3
563a45e16d46,2020-02-25,3
fda3a6af3b30,2020-02-25,3
f8dfd981da69,2020-02-25,3
d5f7a39f6491,2022-09-08,3
a2d871968596,2020-02-25,3
6662ef8ec5cd,2022-06-27,3
e8cd42957fdf,2020-02-25,3
c7836d6a9b1e,2020-02-25,3
4ea8e56099f8,2021-11-30,3
f0309b5a974b,2021-09-21,3
809280f77ac5,2021-09-30,3
770484d0a6fb,2020-02-25,3
e3c7fb6549f8,2020-02-25,3
4a95d21c0909,2020-02-25,3
b4621bc06db0,2023-09-14,3
8206d5f944ee,2020-02-25,3
e616c715ad80,2020-02-25,3
2fe789fee61f,2020-02-25,3
4f0980b79acb,2024-08-29,3
82223a8d405f,2024-02-29,3
8df4fba6d441,2024-08-20,3
4f2db5c52520,2024-07-19,3
a92d086510cc,2020-02-25,3
998e7fe2185e,2024-01-18,3
14a6e6191552,2024-09-18,3
f6c36b8b3e2f,2024-02-04,3
de6cb1fdaf02,2024-07-22,3
fd56968e2afa,2024-08-14,3
ddf11dee4a96,2024-08-14,3
5b8e114fdf6f,2024-02-29,3
68348aae54c8,2024-09-19,3
493274e6ce28,2020-02-25,3
8fadb1f755a0,2020-02-25,3
cc70804d96f0,2020-02-25,3
be9d91735879,2024-03-29,3
88218763ed07,2020-02-25,3
6c438652e521,2020-02-25,3
40ac57b71a17,2022-07-27,3
589c20a5107c,2022-09-08,3
646dc31a00f1,2022-06-17,3
ade8aceff42a,2024-09-16,3
95c880de312c,2021-08-22,3
57549fb2bac4,2021-06-01,3
2fc15af5522a,2020-02-25,3
5fa0bebd779f,2020-02-25,3
1c4b6cebb194,2020-02-25,3
22f40690f9a0,2020-02-25,3
ac9e3c47204d,2020-02-25,3
71958e21c078,2020-02-25,3
927aab2c721b,2022-12-01,3
2eb785ed4be3,2023-09-13,3
c27c97c8773c,2022-09-09,3
3534e7f1a513,2020-02-25,3
6e483c76cdec,2022-03-25,3
fb73ec7630f0,2022-12-11,3
5ca6bea0954c,2024-05-05,3
311054a4a36b,2023-10-31,3
cdfe30fcf9e4,2020-02-25,3
f80ec002aa0e,2022-05-26,3
27b9af38e967,2022-05-26,3
be5fc77da68c,2024-09-11,3
fe077cd1c80b,2022-09-08,3
ca1ec5e5e362,2023-10-27,3
f079669f59cb,2024-06-20,3
b85a83e059de,2022-03-16,3
44c26f5d33f4,2024-04-22,3
ff0a02225d1a,2020-02-25,3
9a1b3a1f6326,2022-12-29,3
18d734b10c99,2020-02-25,3
ce8420642cc1,2020-02-25,3
505a75cfea9a,2020-02-25,3
65fac9abe01d,2024-05-31,3
e621af44fd81,2020-02-25,3
95bef200a54f,2020-02-25,3
2e4367a26bb0,2023-04-04,3
e1a9ae626618,2023-05-10,3
c5e13f2c725c,2024-07-12,3
d47dd6279265,2020-02-25,3
a245e25de798,2020-02-25,3
351836bbe743,2020-02-25,3
19d98f35e98d,2020-02-25,3
e8ab91dde1d0,2022-11-22,3
194a26f1baa2,2024-04-08,3
63c57c69a0dd,2020-02-25,3
1d8a9c85f067,2023-09-13,3
0814c1ea8eae,2020-02-25,3
4da5748667ae,2020-02-25,3
70f587ee20c6,2020-02-25,3
d2b5884eab09,2020-11-22,3
1e3fd47c3ed9,2023-09-13,3
81215901ee2f,2020-09-21,3
0d138f3bf2dc,2021-02-17,3
568c075c9e9e,2024-09-10,3
a0cafafc34ca,2024-02-09,3
59ed0d1f809c,2023-12-28,3
0c0a584379d6,2023-09-13,3
6d284b4e9982,2020-02-25,3
0d95aeffdeab,2024-02-18,3
55d25b10684a,2023-12-21,3
d66e3cdf6fae,2024-09-17,3
fe8449f16860,2023-09-13,3
40f2cdc35fbe,2023-09-13,3
fffddcc5521e,2023-10-23,3
d209488c81d5,2024-09-15,3
98230fc5cafe,2020-02-25,3
e06e892f2d7e,2020-02-25,3
7d5fea9e1d20,2023-09-13,3
9073616e7aa1,2023-09-13,3
2dd47980958f,2023-01-16,3
bba6f7ee0b65,2020-03-16,3
8984ce17feca,2023-10-11,3
10aad3b45d1b,2023-09-13,3
efb43554af10,2023-01-30,3
e20fc9783345,2022-10-10,3
d04327a1d47a,2023-06-08,3
d0eb3009ca97,2023-06-14,3
5858b9c8b15a,2022-01-16,3
3b2970e82aaf,2024-05-03,3
adbb0332d923,2020-06-19,3
df29e62cd3da,2024-08-13,3
2310f068af26,2022-04-28,3
30a0a511fb00,2020-02-25,3
81feedeadab5,2024-07-12,3
c0bfedb4453a,2024-09-04,3
0d46a8a34089,2023-09-20,3
315b9c076ce0,2022-04-12,3
cbd4e396f52f,2020-02-25,3
370ac3975bac,2023-01-09,3
9e11f797d4f1,2024-04-08,3
e2f350465186,2024-02-12,3
20961228c5ee,2023-11-03,3
65b2584794da,2024-05-12,3
14204482310f,2024-01-24,3
fbc24e98a14e,2023-04-03,3
380c8446b5fa,2020-02-25,3
f84193f47369,2020-05-18,3
a083f067292e,2024-06-06,3
37ff0e4ab70f,2023-09-13,3
5ea8d02ea444,2020-02-25,3
2f2e751f10ec,2024-05-06,3
2c9ebe8d1eb4,2020-02-25,3
057fe7133a0f,2020-02-25,3
2ea27684a5ef,2020-02-25,3
aed2ffd9dad9,2024-07-19,3
94d6933ef685,2020-02-25,3
5271b53065f7,2020-02-25,3
253ab68ae78c,2021-12-06,3
ee10681b61dd,2024-04-16,3
618a0837e888,2024-02-28,3
2fda45d4fb50,2024-05-20,3
7f8b47ebc550,2020-02-25,3
daa93ef07045,2020-02-25,3
f86d05099950,2020-02-25,3
802bf472eeea,2020-02-25,3
f1c124cf6cca,2024-04-02,3
0cdb4ead15ff,2022-06-14,3
02a09f916d46,2023-11-28,3
f210c1710716,2024-07-08,3
930bf9e05d33,2024-04-09,3
1dbc6de59910,2024-06-20,3
fa3fb504e6f3,2024-07-01,3
02f10ffbebf8,2024-02-09,3
8d8d3fdee7df,2020-02-25,3
9ba1f38d4941,2023-11-22,3
eaeeea146434,2023-09-13,3
3eda42d2c258,2023-12-22,3
254f6c5e844d,2021-04-22,3
dcc46026c07a,2021-06-21,3
1f45e1da4270,2020-02-25,3
36760896eba9,2020-02-25,3
05725fd2e5e0,2022-11-24,3
648e2b0760e3,2022-11-24,3
03e5c512a17d,2020-02-25,3
0dcd051d96f0,2021-01-29,3
619c6dd45d3c,2020-02-25,3
b7b959ba652b,2024-04-15,3
65ca8b2fe34a,2020-02-25,3
fd60d49a3686,2020-02-25,3
2bf5a78f21d9,2021-02-01,3
ecc492fadbb0,2024-03-18,3
d3c20dc671e4,2020-02-25,3
0c836bfb683c,2022-06-10,3
8250099a8aff,2020-02-25,3
23b18d1f7da9,2020-02-25,3
e5b2b6f57ea7,2020-02-25,3
2c007023f650,2020-02-25,3
f32526f9e7f3,2023-11-27,3
df9e744b844c,2020-02-25,3
a3043ab00b65,2024-09-03,3
1b1f5000fa46,2020-02-25,3
9cf73302a293,2021-07-07,3
c2a015a98e19,2021-12-06,3
76fdd1ee5f47,2020-02-25,3
4acc64a506f2,2020-02-25,3
3341c89df1f5,2024-03-22,3
596325c02280,2024-04-15,3
d50be1362ae7,2024-04-15,3
3157cae346d5,2024-04-15,3
35a2416a190d,2024-07-31,3
0e10953962ff,2020-02-25,3
7a19d9487f00,2024-04-08,3
396b14ae7d81,2020-02-25,3
6988f68503c2,2022-01-12,3
0c6f8d9fd621,2020-02-25,3
745cb0b98f70,2021-12-16,3
69b7c6fe64ac,2024-07-03,3
f728323183f9,2024-07-17,3
63d4e6a0a81e,2023-09-13,3
5aeff8a62b19,2023-09-13,3
e62a5efcb6ec,2022-05-17,3
d148d26c4557,2020-02-25,3
dfe5781756b3,2020-02-25,3
c6fbf172a461,2024-08-16,3
38f1e8cf1b3d,2022-04-15,3
47ba99fafc78,2024-07-03,3
ad5239463b05,2021-08-20,3
8f234f75cfdf,2020-02-25,3
00aa2e81eb9a,2024-09-17,3
264117fee81f,2021-08-09,3
a1f11f1aeef7,2022-08-04,3
581d50bf0c38,2023-03-19,3
d0b14c096ebc,2024-01-16,3
373fc7de8b34,2022-03-11,3
a1d5b5dfa27a,2020-02-25,3
4df964f6c448,2020-07-28,3
578f1f93de89,2024-07-18,3
425640f28d66,2024-02-20,3
2e88a8c458b7,2020-02-25,3
c5ed325fd679,2020-06-17,3
06f449289b1c,2024-05-24,3
71e035d93ca3,2020-04-14,3
c3714f580072,2024-02-12,3
096de7df1355,2020-02-25,3
1bffd28a8295,2020-02-25,3
204d3b831f74,2020-02-25,3
2e2ce1e8958d,2022-06-06,3
54de207c4add,2024-02-12,3
d53bc41b69f6,2024-07-26,3
89cd6ac05140,2022-05-31,3
def52bfc9d74,2020-02-25,3
b2d081636e40,2020-02-25,3
afc93f51b195,2024-08-30,3
942f1f2b60ea,2020-02-25,3
6efa300401b1,2024-01-16,3
461a8e2b14f8,2024-01-25,3
ee6b635c0e62,2020-02-25,3
e4f6ba21da56,2020-03-04,3
d7111ffb5a24,2023-10-11,3
adc4f892a569,2023-09-13,3
fbc5940ed04d,2020-08-07,3
7e01f5ad8a16,2024-05-08,3
1b008dee97d2,2020-02-25,3
d1455400a8fc,2020-02-25,3
2f711bc12b15,2020-02-25,3
e2aded14b1d3,2020-02-25,3
ec0f7d3d9b53,2020-02-25,3
7c4fd59917e9,2020-02-25,3
94bfdce908b0,2020-02-25,3
f1eb9c33424e,2020-02-25,3
e9c03d5aeed9,2020-02-25,3
d9f5cbd8e676,2020-02-25,3
68be511fb53e,2023-10-20,3
9f716dce9a57,2023-09-29,3
73f2b2c540f4,2023-04-26,3
fddddb814792,2024-07-01,3
45ec31162fbd,2023-05-10,3
72d52ac7f38d,2020-02-25,3
a30df505e986,2020-02-25,3
a99bc1ab10f4,2020-02-25,3
2b1952980df8,2020-02-25,3
16024763e70f,2024-08-08,3
c017b9238f7a,2020-08-07,3
7e37003dfeb0,2021-02-01,3
db531041e83b,2024-02-12,3
e7fbdb42c076,2020-02-25,3
b5744fa160b8,2020-02-25,3
dad4df42a187,2023-09-13,3
25c90d03628c,2022-10-13,3
473039c62bd9,2022-08-16,3
ed63fc21ac73,2020-02-25,3
6987b3eee8e2,2020-02-25,3
10d9355ce0ba,2020-02-25,3
b22f3ff5da3d,2020-02-25,3
42078afc7b09,2022-07-07,3
f62029b9b1bf,2023-01-17,3
7e4ba29de3ff,2024-05-28,3
58d40693b577,2024-05-28,3
11b3d68030cf,2024-05-28,3
e0a7aafd3870,2021-06-21,3
03edeeba2ce2,2020-02-25,3
c4bf3dd42c4d,2021-07-07,3
eaeceaeaf311,2023-09-13,3
91a1f10125f3,2023-09-13,3
f42ab260c307,2020-02-25,3
3a659f0c0927,2020-02-25,3
fa25c9418cf7,2022-03-29,3
78e509903195,2020-02-25,3
19c110a2922d,2022-06-17,3
080e2b207f75,2020-02-25,3
716e6af4afd4,2020-02-25,3
0b448e895a11,2021-06-02,3
78f56d81c9b1,2020-02-25,3
661b4f56e625,2020-02-25,3
c3c2e523ec5f,2023-11-20,3
926dc68b1399,2020-02-25,3
f8063f7fa660,2024-08-07,3
4b6127d1c09a,2024-08-20,3
ebdb82ec39c5,2020-02-25,3
5353764779a6,2020-02-25,3
cc0627f3c208,2020-02-25,3
88011c2a271b,2020-04-16,3
f32fc9c894a5,2020-02-25,3
3fc7b7e05031,2023-09-13,3
741a8e38039d,2023-02-02,3
23667cd13e70,2024-09-22,3
b8d0603c3536,2020-02-25,3
33dd4df7022d,2023-12-13,3
903ef18436fc,2023-04-21,3
69ee50b02ee7,2020-02-25,3
9f5b3ed40ed2,2020-02-25,3
6fe7b80a53aa,2020-02-25,3
71ecf5eaeb3f,2023-01-17,3
55d5e8773e4e,2020-02-25,3
b738669cfb05,2020-02-25,3
bbb0ea2c28ff,2023-11-23,3
f9a3c3989726,2023-10-31,3
e99f16f558ed,2020-11-05,3
08494995236f,2024-05-23,3
147157870ab9,2022-11-07,3
e9be18f7b7d0,2023-09-13,3
a7d6ae497a10,2023-12-22,3
b35b0423820d,2024-05-28,3
83bcb3329f51,2020-10-30,3
c5aa40ed40d5,2020-02-25,3
bed13520c400,2020-02-25,3
31c92abeb90b,2023-09-28,3
10e88288f0dc,2020-02-25,3
1aee2b2e7dbe,2024-03-25,3
62ef5fa56872,2021-05-25,3
9bd782e524a8,2024-02-16,3
0a2ca8d4578d,2021-10-05,3
33cd18f854e9,2021-10-05,3
16b3978a5fd2,2022-06-23,3
98e06f94fa9f,2020-02-25,3
58447f11c3b0,2020-02-25,3
4e64b772fa65,2020-02-25,3
72d642d37186,2020-02-25,3
e032c37d1cd5,2020-02-25,3
657b6d8f6975,2023-06-27,3
cc6c7c390271,2020-02-25,3
172f3de6207e,2020-02-25,3
d1dceb12d604,2023-01-17,3
3884f735e9dc,2023-02-21,3
a8319ab88dc1,2021-05-25,3
794e5f508a66,2024-04-16,3
131bd068ae57,2020-02-25,3
1218d0240db0,2024-04-16,3
142e7bf5f2ad,2020-02-25,3
9b220decf7c0,2024-04-16,3
e8b9e6e20bbf,2024-06-14,3
b5b9f96e01f7,2022-10-25,3
4cfe07e02dad,2020-02-25,3
74dc29943be0,2023-02-28,3
240a5f101a22,2020-02-25,3
440764a69c8b,2020-02-25,3
cb45e6e0b813,2020-02-25,3
3e4a6b46578b,2024-03-19,3
2244b0620b52,2020-06-17,3
b8244dc81a82,2024-06-17,3
155591218bd8,2024-04-15,3
f4eda90fa45c,2023-12-11,3
16f527c0f565,2020-02-25,3
943df71d3b35,2024-03-25,3
4d4f3fd5de64,2023-02-13,3
44f0c7fd35db,2020-02-25,3
6a411465290a,2020-02-25,3
f2b350309bb3,2024-02-13,3
85021f55d0b4,2020-02-25,3
1e3b3eaea46c,2020-02-25,3
d76bab6e0f32,2023-09-13,3
345c66af008d,2023-09-13,3
f4f95bc9c218,2020-02-25,3
a8adcfa52913,2024-09-06,3
36ffef7fb11a,2023-09-13,3
311507cb98e7,2023-09-13,3
dae230c3da57,2024-07-31,3
ec15cfb368bf,2020-02-25,3
a216e8a683ba,2020-02-25,3
7fd9aeb9c93c,2022-10-10,3
7d92640c4d56,2023-11-05,3
2a9b9f576397,2024-01-16,3
f8f19cf3c52d,2024-08-09,3
0f088adedda3,2022-11-13,3
7e821b742685,2021-11-07,3
e7c965603507,2024-08-13,3
f4a582b39c10,2020-02-25,3
bb417b338b12,2024-04-15,3
254e1f551f91,2023-09-13,3
bbe95dfead8e,2020-02-25,3
0860b9a0eb0c,2023-09-13,3
eab7ac2e4b1b,2024-09-26,3
a10577439fbb,2024-08-12,3
1361d3af14b2,2024-07-15,3
043e20dde00c,2023-11-17,3
56f202bdd952,2023-12-27,3
b3a1c1d65867,2022-02-02,3
4459e45fc404,2024-04-21,3
c7275943bad7,2021-07-26,3
c0761495e2e0,2024-08-15,3
26cf5b4a9e8b,2020-02-25,3
18970ea350a5,2020-02-25,3
f7654335ce4e,2023-01-10,3
08e27fbc8e1a,2024-09-04,3
e3190831b690,2023-09-13,3
513e38044e0a,2020-02-25,3
87b794255afc,2023-02-09,3
c578da8e8841,2023-12-13,4
4dd2b686802c,2023-12-13,4
16ade2e3fca9,2023-12-13,4
f4eb16dab09e,2023-12-13,4
ab1384c2af6d,2023-12-13,4
d18a00e52f60,2023-12-13,4
4aa8dbe05246,2023-12-13,4
704ce9e6f97e,2023-12-13,4
d83dd928639b,2023-12-13,4
7ca30789880f,2023-12-13,4
a8070899755b,2023-12-13,4
55377e71fe72,2023-12-13,4
2716ebe9a4a0,2023-12-13,4
b7fe80355def,2023-12-13,4
438924059eea,2023-12-13,4
83804453f390,2023-12-13,4
cebdc93fe44e,2023-12-13,4
3375d54aa7f9,2023-12-13,4
10bac6caa2cc,2023-12-13,4
1b75f80dc620,2023-12-13,4
b68661a0801f,2023-12-13,4
d8abe7c9af3d,2023-12-13,4
398674134c6a,2024-02-29,4
9bb7bd3aa5f3,2023-12-13,4
7c9ba1d2bdd3,2023-12-13,4
2c7591ed7b3e,2023-12-13,4
d34d4d061cfd,2023-12-13,4
9437eafe7bae,2023-12-13,4
4e0fbcf99cf9,2023-12-13,4
2e008b673129,2023-12-13,4
cf6af68fd6c8,2023-12-13,4
90e4b1dc3b37,2023-12-13,4
077a9ac8c96e,2024-08-22,4
e5e81e9fdb39,2023-12-13,4
2f7e924953af,2023-12-13,4
b8f656e1c257,2023-12-13,4
e9bee8431255,2023-12-13,4
49db9c973903,2023-12-13,4
7731f5aafc1e,2023-12-13,4
a1890526203f,2023-12-13,4
38049b1df176,2024-05-22,4
dfff59dace03,2024-04-03,4
0e8b2658c62b,2024-04-03,4
1c6196cdf547,2024-07-16,4
dc7191c3296c,2023-12-13,4
9ec228d36440,2023-12-13,4
c2625a0c8a8b,2024-08-12,4
3b4418190c20,2023-12-13,4
d10f92211b7a,2023-12-13,4
2491db08674f,2023-12-13,4
fd0836293fa8,2023-12-13,4
0acbf086d61a,2024-05-04,4
9d6072422e8e,2024-04-20,4
78a8896d4474,2023-12-13,4
b42301424cda,2024-05-24,4
90f299fcafac,2023-12-13,4
c41176e28eec,2023-12-13,4
65f4d67ce285,2023-12-13,4
13c8e0c23737,2023-12-13,4
450b16072b58,2023-12-13,4
ef610fd0608b,2023-12-13,4
a32152514ed8,2023-12-13,4
96ac3a94faba,2023-12-13,4
2a6b394a8e8b,2023-12-13,4
f5217753fd4f,2023-12-13,4
056d36871f9b,2023-12-13,4
3c52b08aaa7e,2023-12-13,4
cccb1cf040ab,2023-12-13,4
fa84119d3a3a,2023-12-26,4
3c3455fb4cfa,2023-12-13,4
1b9c6c457039,2023-12-13,4
f68cb5ff0ca5,2023-12-13,4
3a4698a8b016,2023-12-13,4
e3f1ea117aa2,2023-12-13,4
c296048d49bd,2023-12-13,4
41919e40d738,2023-12-13,4
e08d0bf869d2,2024-08-16,4
06960fd339df,2023-12-13,4
956a0e490f75,2024-09-16,4
3099790ac0cd,2023-12-13,4
53980d452f12,2023-12-13,4
821c8a056370,2023-12-13,4
45c8f54d2563,2023-12-13,4
671c63c3a795,2023-12-13,4
8b688bdfd175,2023-12-13,4
4fb34eceec0b,2023-12-13,4
343514e6bbe7,2023-12-13,4
91d83ebc6238,2023-12-13,4
b55a901fb8ff,2023-12-13,4
eed1e659c9e7,2023-12-13,4
29bcb787d8b1,2023-12-13,4
39b46793f326,2023-12-13,4
97c0030ce843,2023-12-13,4
0a7a1298f428,2023-12-13,4
f277492f1706,2023-12-13,4
2bf8e88dbbd9,2023-12-13,4
40c0a6a21413,2023-12-13,4
2898e9cd3cd8,2023-12-13,4
46a2a3cc0ffc,2023-12-13,4
9f639a2ff0c3,2023-12-13,4
b5d22096cf60,2024-09-12,4
ae0ad3373eca,2023-12-13,4
4a02512090e8,2023-12-13,4
4eb71e27f4c5,2024-09-24,4
8b802d186548,2024-09-09,4
3fcc722fa5bf,2023-12-13,4
6677b2fd619b,2023-12-13,4
223099c9b17d,2024-09-18,4
ace84a131e74,2023-12-13,4
429dcc2a932c,2024-07-14,4
b6a16fd572b2,2023-12-13,4
beb96267ee32,2023-12-13,4
49ba8162fea0,2024-06-18,4
4512b18a0c10,2024-02-12,4
26dade6734b3,2023-12-13,4
2763f568893d,2023-12-13,4
5875ad765801,2024-04-10,4
8cf35712c585,2023-12-13,4
f530596ff8f4,2023-12-13,4
16e8bd0a831f,2023-12-13,4
bd2cf9cc0ab4,2023-12-13,4
46ce134124f2,2023-12-13,4
8e50b79d3001,2023-12-13,4
50baa065beef,2023-12-13,4
7644acd14b07,2023-12-13,4
3813a4020547,2023-12-13,4
cbb2dea99f07,2024-07-14,4
7828df81f2d0,2023-12-13,4
08cdce6118fe,2023-12-13,4
b16531eaa3dd,2023-12-13,4
f6c619cdccf3,2023-12-13,4
e884ebd4a244,2023-12-13,4
8a05cec5a9a8,2024-07-23,4
e61ce10aa786,2023-12-13,4
3a38cb1c2440,2023-12-13,4
2272be3a520d,2023-12-13,4
c5e18a86c28d,2023-12-13,4
f00ee6c59887,2024-08-12,4
b71b57191673,2023-12-13,4
494e0834cfa5,2023-12-13,4
e43c31d8d573,2023-12-13,4
a6d7eb9cad96,2023-12-13,4
6a79b34e5dd5,2023-12-13,4
f044b93e5e51,2023-12-13,4
ebab7ac1ba53,2023-12-13,4
f84421845506,2023-12-13,4
cc4ac7e3d2ce,2023-12-13,4
e6263d9b4d87,2024-04-22,4
02feb2cf88b5,2023-12-13,4
9d4100ba6f11,2023-12-13,4
0cf24b1c3693,2023-12-13,4
e7bdaa503519,2023-12-13,4
5d18b416ed99,2023-12-13,4
722bfad8c167,2023-12-13,4
4327e1f3ea94,2023-12-13,4
23c045747f51,2023-12-13,4
b332a25f1441,2023-12-13,4
dd4dd749000e,2023-12-13,4
49eced5b5421,2023-12-13,4
3f7d8b24f7c7,2023-12-13,4
44d1ba9c948a,2024-09-05,4
7d55f140e7c2,2023-12-13,4
1f778a64958e,2023-12-13,4
6a9c9962dc61,2023-12-13,4
1af06126db23,2023-12-13,4
747dcaef10cf,2023-12-13,4
0a54c7913940,2024-08-22,4
7586d4f4599e,2023-12-13,4
f9f864c3a5f4,2023-12-13,4
29f09dcf9e0d,2023-12-13,4
9992a8f55deb,2023-12-13,4
9b1a986f7ed6,2023-12-13,4
92c1209aeddf,2023-12-13,4
34acf9818b07,2023-12-13,4
a4f3f638e78e,2023-12-13,4
4b7ea164af56,2024-04-23,4
609c8dc307c6,2023-12-13,4
534aded07dc0,2023-12-13,4
78a86a59cf94,2023-12-13,4
980acefe68e0,2024-08-05,4
b81f66dca9a2,2023-12-13,4
0e218149c963,2024-06-21,4
5d880a340859,2023-12-13,4
a3bf691c5ea6,2023-12-13,4
b17b27349d7a,2024-08-05,4
b015752a9f2d,2023-12-13,4
b7d3681ed685,2023-12-13,4
d60ce4e4a4ad,2023-12-13,4
accdcf3b6ef1,2023-12-13,4
c86a7d1f0151,2023-12-13,4
898dfbab2301,2023-12-13,4
7378ee13e9c3,2023-12-13,4
b1a032b43c95,2023-12-13,4
9b6d3fd7b948,2023-12-13,4
529db911ee44,2023-12-13,4
2dac660f33bc,2023-12-13,4
2ae6f78cf3a1,2023-12-13,4
061444a395b3,2023-12-13,4
f02303ef78c5,2023-12-13,4
0022b986c8f0,2023-12-13,4
3e77e93a2843,2023-12-13,4
97944976859a,2023-12-13,4
d0b02043049d,2023-12-13,4
2e1ad8f25273,2023-12-13,4
e4a4205b00a0,2023-12-13,4
978be69b9541,2023-12-13,4
24b8cffc4a30,2023-12-13,4
903abbca42ad,2023-12-13,4
a076b9f6a545,2023-12-13,4
fd2978388bac,2023-12-13,4
a35839e7c6a1,2024-03-25,4
722f29e3c0c6,2023-12-13,4
ad808143d47a,2023-12-13,4
b833aacad920,2024-01-18,4
25297c1384f4,2023-12-13,4
25cd99c3e1e8,2024-09-23,4
3be13520e2cb,2023-12-13,4
7ed9907fb2a0,2023-12-13,4
3ef6820c514c,2024-08-08,4
f4cf20343889,2024-08-05,4
2b12f7ce5f10,2023-12-13,4
ed33a2b2f289,2023-12-13,4
b22bd41ce0bb,2023-12-13,4
08ae8e21a444,2024-03-31,4
85da2505e688,2024-03-01,4
194d8c55c48d,2023-12-13,4
da9629ef8221,2023-12-13,4
2a6ea1c17893,2023-12-13,4
f0a8030adabd,2023-12-13,4
095f56ad8ee7,2023-12-13,4
952b1c3c18b0,2023-12-13,4
796238fd9655,2023-12-13,4
14e190fb4e06,2023-12-13,4
e7e801740b7b,2023-12-13,4
8921d167f26a,2023-12-13,4
f69415548430,2024-05-20,4
e7db0660878b,2024-06-07,4
6c2ef73a37f4,2024-06-07,4
e4673c170d5a,2024-06-07,4
43c372ac543c,2024-06-07,4
ef26960709bf,2024-06-07,4
8a2740129d45,2023-12-13,4
227691cacdd5,2023-12-13,4
0577f5798413,2023-12-13,4
83ff6dd69836,2023-12-13,4
8c8cfa167c4f,2023-12-13,4
c3565699f958,2023-12-13,4
743f4940b27f,2023-12-13,4
6a53655fdfe9,2023-12-13,4
7e7bd3dab69d,2023-12-13,4
bc4e18198585,2023-12-13,4
2dd700cade13,2023-12-13,4
6df320c1c285,2023-12-13,4
cb76df89edbc,2023-12-13,4
2e36fbed6198,2023-12-13,4
e571cfe70872,2023-12-13,4
c33ff1915254,2023-12-13,4
9b3f8e975987,2023-12-13,4
3e3b191ba327,2023-12-13,4
6f4e81ab7362,2023-12-13,4
26a246eb1230,2024-05-16,4
56e8140a6950,2023-12-13,4
a00d82843647,2023-12-13,4
a4d5efbb25d6,2023-12-13,4
d46bc9bcfe46,2023-12-13,4
b0f46ada04c9,2024-04-20,4
56b9e804d6e1,2024-03-19,4
0490f9ff0852,2023-12-13,4
e4b96e7f7102,2024-08-19,4
9cc9ba2ec5a4,2024-08-19,4
4197d836c78b,2023-12-13,4
c1b874b62220,2023-12-13,4
9c39d288a83f,2023-12-13,4
be9d5b9d6986,2023-12-13,4
0bd1661c472e,2023-12-13,4
66dcdf3628de,2023-12-13,4
aa52de8d7028,2023-12-13,4
149200c088c5,2023-12-13,4
99db11cc23ba,2023-12-13,4
f716a234b3f7,2023-12-13,4
1d9b60ee79ed,2023-12-13,4
d6a153928c95,2023-12-13,4
83044e8f052f,2023-12-13,4
1c58497ff6f0,2023-12-13,4
88b01ef0b4c2,2023-12-13,4
0fb6f39fca72,2023-12-13,4
d18ef0f8f670,2023-12-13,4
4f2eb873f6f5,2023-12-13,4
be4764392e15,2024-06-23,4
c04f21b16c09,2023-12-13,4
bac4fa5eaae1,2024-06-07,4
d62802f81f16,2023-12-13,4
edc0da877c34,2023-12-13,4
e51add3c0b01,2023-12-13,4
ecb324e6330d,2023-12-13,4
a9654a33b57b,2023-12-13,4
2f82ff077140,2023-12-13,4
07843cca5f60,2023-12-13,4
69f3ad2c097c,2023-12-13,4
872d41f7cce5,2023-12-13,4
5fa47a5afd73,2023-12-13,4
6e861957c05b,2023-12-13,4
9ffec90ac0d0,2023-12-13,4
bfd65341b109,2023-12-13,4
a3bba58c50e1,2023-12-13,4
61a27226f770,2023-12-13,4
245207cf5402,2023-12-13,4
b32677852f43,2023-12-13,4
c7a1c6089ec1,2023-12-13,4
a0c644e856b4,2023-12-13,4
b6682caa38bb,2023-12-13,4
7ad00f55ac38,2023-12-13,4
2e5049f53201,2023-12-13,4
34d64a533147,2023-12-13,4
cde97a9ec3ef,2023-12-13,4
f1a35d7d01af,2023-12-13,4
9bdefee9e7b5,2023-12-13,4
4cdc4e6529f7,2023-12-13,4
c5f6b4ffc423,2023-12-13,4
20073daefd5b,2023-12-13,4
68f9a995a501,2023-12-13,4
c6d3d9cbf7a8,2023-12-13,4
d577e7a9112b,2023-12-13,4
4ce86d65904b,2023-12-13,4
865a5f2dbf2e,2023-12-13,4
89caab19e9d0,2023-12-13,4
65e0be00e686,2023-12-13,4
8218565b9755,2024-04-03,4
499034b7d529,2023-12-13,4
2a37346a2dc8,2023-12-13,4
e7bfae6a0bc8,2023-12-13,4
ff35e6a8c106,2023-12-13,4
6ff3a373d225,2023-12-13,4
ef719f105bd9,2023-12-13,4
9733b8e63ee7,2023-12-13,4
7d9708e79804,2023-12-13,4
def4adf624b0,2023-12-13,4
4683f1af5101,2023-12-13,4
abd36f8395bf,2023-12-13,4
6ed980098655,2023-12-13,4
e2d816701cab,2023-12-13,4
2abf73aba4e9,2023-12-13,4
075a73fd2d3e,2023-12-13,4
f3a55595e348,2023-12-13,4
cd42219b40fb,2023-12-13,4
097f699811d6,2023-12-13,4
9ed0266094a6,2023-12-13,4
fe52c9c506f6,2023-12-13,4
9fd2adcb728e,2023-12-13,4
2883f571c78b,2023-12-13,4
44de1a6977d2,2023-12-13,4
60af225f5d57,2023-12-13,4
3ddefa4753e9,2023-12-13,4
5fed99133189,2023-12-13,4
69b02ba33b95,2023-12-13,4
27df394a8c07,2023-12-13,4
c45ed34e69ee,2023-12-13,4
2209f99e9183,2023-12-13,4
3d424f6e46ff,2023-12-13,4
57e72b11d536,2023-12-13,4
a3966f2f04f4,2023-12-13,4
700a2fcdc825,2023-12-13,4
9dcc6be80f63,2023-12-13,4
a350451202c0,2023-12-13,4
4e7665adac00,2023-12-13,4
2ce5dcedbabe,2023-12-13,4
7e9e873d2c71,2024-01-23,4
3b3600490b1c,2023-12-13,4
6d3d64b8db45,2023-12-13,4
2b933a1839e0,2023-12-13,4
194df7df7a7f,2023-12-13,4
df0029febb8e,2023-12-13,4
0a144926d201,2023-12-13,4
8c9e120cb8de,2023-12-13,4
5199990bcbcb,2023-12-13,4
d1454ca690ec,2023-12-13,4
6a9aa52e1def,2023-12-13,4
0bb260e9197e,2023-12-13,4
9107f081778a,2023-12-13,4
a11bd80794ad,2024-03-30,4
383543c7c45b,2023-12-13,4
32cfcba43fc2,2023-12-13,4
db9a2b6d051c,2023-12-13,4
c650f36a638e,2023-12-13,4
42f4895e0cd8,2023-12-13,4
e6d31f2ef84b,2023-12-13,4
9437e1791ba2,2024-09-09,4
e18a9661ac30,2023-12-13,4
10e1b3e4bc17,2023-12-13,4
dfff63cadf80,2023-12-13,4
41a8849b1ea6,2023-12-13,4
93cdf8726603,2023-12-13,4
93df3cf13fc1,2023-12-13,4
a13d1d4f0210,2023-12-13,4
c55b66222c3c,2023-12-13,4
f916851d5bc3,2023-12-13,4
ca48bcb86b97,2023-12-13,4
4d47c1c24c0f,2023-12-13,4
c317dcd6988b,2023-12-13,4
7cbac7962028,2023-12-13,4
bf84c0bbd039,2023-12-13,4
8efc0f6d4a6d,2023-12-13,4
8c43ac113311,2023-12-13,4
347f43087e65,2023-12-13,4
839f99d38617,2023-12-13,4
e6d25fa33159,2023-12-13,4
e2b62fc88a2f,2023-12-13,4
8a9a5c5b4184,2023-12-13,4
00f7459b1046,2023-12-13,4
94c02b5dbcdb,2023-12-13,4
6356becf37e5,2023-12-13,4
107da9afcfe2,2023-12-13,4
326bc5487f5d,2023-12-13,4
4b87f18c8e82,2023-12-13,4
71a3b700acc6,2024-01-19,4
8aa3e2306365,2024-04-09,4
373f7c046444,2023-12-13,4
9c60d606d37d,2023-12-13,4
66a7b52ac5b9,2023-12-13,4
e45041fe8af6,2023-12-13,4
67cc05fc5520,2023-12-13,4
68213d05f23c,2023-12-13,4
cfd97a236398,2023-12-13,4
c7399db358e2,2023-12-13,4
ef0504d0c25f,2023-12-13,4
41919e1b1559,2023-12-13,4
1f7f4656862b,2024-09-04,4
162f9af9c6a9,2023-12-13,4
a2aceac5aec6,2023-12-13,4
2b2cfab50359,2023-12-13,4
65807e892fb4,2023-12-13,4
8ce09815874d,2024-09-05,4
c47bfcbc99d4,2023-12-13,4
b65dd6f71f6f,2023-12-13,4
d0883133d86e,2023-12-13,4
998f3bd5783c,2023-12-13,4
1e07b188c897,2023-12-13,4
9149713506a0,2023-12-13,4
3fd366691dbb,2023-12-13,4
46f90f138b28,2023-12-13,4
3920c3256b6e,2023-12-13,4
c883952c05df,2024-09-25,4
e43a4268b7b1,2023-12-13,4
313946afa4ee,2023-12-13,4
aac1a80501da,2023-12-13,4
9abf09d1daae,2024-04-11,4
a975b84dbab7,2023-12-13,4
5fb7f035a84d,2023-12-13,4
6f5e95b88884,2024-04-08,4
d1d02b512312,2023-12-13,4
f0793bc044d9,2023-12-13,4
2d6e6a3c90e2,2023-12-13,4
a371df58740b,2023-12-13,4
f98e1e58fd61,2024-08-08,4
b992535eb57d,2023-12-13,4
d408283735f3,2024-02-14,4
09c54c308a7a,2024-02-14,4
962dd5229d01,2024-02-12,4
82d0878547f2,2023-12-13,4
e6517d5b5092,2023-12-13,4
499716546aa9,2023-12-13,4
1792e7f62ac0,2023-12-13,4
f1073f13026b,2023-12-13,4
186ab5d958cf,2023-12-13,4
722d73182f0d,2023-12-13,4
be4cde58e6f5,2023-12-13,4
3b292ebdbc51,2023-12-13,4
d2a723103e16,2023-12-13,4
a24bf073a6a0,2024-09-03,4
75f23a9c4347,2023-12-13,4
e1bb3e1389e9,2023-12-13,4
501ac019db92,2023-12-13,4
79d880ca6357,2023-12-13,4
e9d84fb42795,2023-12-13,4
575ef5a350ad,2023-12-13,4
b5c492dae539,2023-12-13,4
119b9f0769c2,2023-12-13,4
fd89679cc62d,2023-12-13,4
c11271bff177,2023-12-13,4
7725bcefa0ef,2023-12-13,4
587f03c27163,2023-12-13,4
f4551dc39cf0,2023-12-13,4
73d1ee761200,2023-12-13,4
049a0a3bddef,2023-12-13,4
bbd2d0e48ee6,2023-12-13,4
bc3c2495c0fd,2024-03-09,4
92108b65802c,2024-04-03,4
56d589a8fcb7,2023-12-13,4
ff733b650f7f,2023-12-13,4
2a1822491646,2023-12-13,4
8ddf239d0d9b,2023-12-13,4
f948a65cd8a3,2023-12-13,4
5837dafd03fe,2023-12-13,4
2fdb2da52d77,2023-12-13,4
c27e96b9e52e,2023-12-13,4
ebf2a6dedec8,2023-12-13,4
6c3dfc30b5ec,2023-12-13,4
3a2893870772,2023-12-13,4
5274e8649a56,2023-12-13,4
42b27906da4f,2023-12-13,4
a2dd586c12db,2023-12-13,4
0fc8ac971529,2023-12-13,4
c5729c53650f,2023-12-13,4
bebc23d03e83,2023-12-13,4
204e79ba07d0,2023-12-13,4
7ed29c297733,2023-12-13,4
6f4c602cfd48,2023-12-13,4
848bfe373a13,2023-12-13,4
08a9aa9fcd25,2024-08-19,4
bf67136e4a24,2023-12-13,4
fa63009db3a5,2023-12-13,4
22f977a30165,2023-12-13,4
d281c3cccf6c,2023-12-13,4
91c0eb4d44e2,2023-12-13,4
a8871e93ded9,2023-12-13,4
9980f7c4b116,2023-12-13,4
396ab7fdef2b,2023-12-13,4
132663c72eaa,2023-12-13,4
1a20c025b36b,2023-12-13,4
4e2edcf23803,2023-12-13,4
09366a1235d4,2023-12-13,4
4108a53e1003,2023-12-13,4
88773b230ca7,2023-12-13,4
bca3b92e2222,2023-12-13,4
ea6656ae1dd7,2023-12-13,4
90e4c35e6830,2023-12-13,4
ee9b30590a29,2023-12-13,4
b8cf3d2a8f13,2023-12-13,4
9c52793539b6,2023-12-13,4
282452e5d276,2023-12-13,4
95833d99e8e4,2023-12-13,4
98f7d46da8f8,2023-12-13,4
3fc2c980552e,2023-12-13,4
4123aac1a567,2023-12-13,4
ff9c103fe6a7,2023-12-13,4
6599c7735da4,2023-12-13,4
54482b128129,2023-12-13,4
59eaf2ab9a94,2023-12-13,4
fd92366c38bf,2024-01-27,4
bcb7a03c6b5c,2023-12-13,4
8bef8658f820,2023-12-13,4
8ceaeb425c21,2023-12-13,4
9cbd3e75c39c,2023-12-13,4
400d2909c512,2023-12-13,4
c476f912d04c,2023-12-13,4
b7350b06e86d,2023-12-13,4
423fe9206040,2023-12-13,4
d2925835072a,2023-12-13,4
3b780d1d89a7,2023-12-13,4
25bda72ca892,2023-12-13,4
b8b11785d390,2023-12-13,4
7914de20936e,2023-12-13,4
191fd6a75b74,2023-12-13,4
bab52388d254,2023-12-13,4
0c57ccead50a,2023-12-13,4
54ef8a3a18e2,2023-12-13,4
ed59c56017a1,2024-06-11,4
5e28b921b787,2024-06-11,4
de42ca82e5e5,2024-06-11,4
f480a40e7caf,2023-12-13,4
d5efa61751e1,2023-12-13,4
4f7a900b3b7d,2023-12-13,4
d3986b603960,2023-12-13,4
e9276a7a0fcc,2023-12-13,4
43e0513bfad2,2023-12-13,4
788b353d6cae,2023-12-13,4
fd76f6ca31b2,2023-12-13,4
3e6b58410995,2023-12-13,4
8568ae2992de,2023-12-13,4
97478ec52964,2023-12-13,4
5fee9c7cb282,2023-12-13,4
c2783d19d53e,2023-12-13,4
03e85286fc2b,2023-12-13,4
6f234bd79616,2023-12-13,4
61cd86418f43,2023-12-13,4
4458d1f9a67c,2023-12-13,4
c28766899726,2023-12-13,4
6286ff20826e,2023-12-13,4
0cd49f5f1186,2023-12-13,4
fa3ca637fa03,2024-09-24,4
105b871b4f93,2023-12-13,4
be3dff100a98,2023-12-13,4
3a7b5f6e3ec5,2023-12-13,4
3bcca36c5a74,2024-09-24,4
b98a6c55bfe8,2023-12-13,4
3db491dd53cf,2023-12-13,4
72599c797788,2023-12-13,4
ce145a0bfcc8,2024-04-04,4
08f72521db98,2023-12-13,4
ec66a735df67,2023-12-13,4
7adde35c68ac,2023-12-13,4
ea55b4d2fae7,2023-12-13,4
08dcb6d0c9bb,2023-12-13,4
e6a3ab8acdcf,2023-12-13,4
4aca4c4278b0,2023-12-13,4
ab55b60fb4cf,2023-12-13,4
421f9c25a800,2023-12-13,4
17fef8be74f9,2023-12-13,4
4552f045d49d,2023-12-13,4
d0d95ba197c4,2023-12-13,4
2f7a9a160762,2023-12-13,4
d7b1230feaf7,2023-12-13,4
10a5bd97291b,2023-12-13,4
bafa9052763d,2023-12-13,4
9255e8ec0f15,2023-12-13,4
ae6999915746,2023-12-13,4
80f469648909,2024-03-04,4
555e082c7275,2023-12-13,4
52ec6b2d9cb0,2023-12-13,4
49407f7f0c9f,2023-12-13,4
a9cf8c296d0a,2023-12-13,4
c51e4ec506c9,2023-12-13,4
f74fae8d245e,2024-03-14,4
4bb265f6b9a3,2023-12-13,4
570a50d9949a,2023-12-13,4
c603c2791b05,2023-12-13,4
5e095701f6e9,2023-12-13,4
7834b785b6b5,2023-12-13,4
05e0bda28a5a,2023-12-13,4
71c32731feff,2023-12-13,4
1b03ea820741,2023-12-13,4
3c078aa268de,2024-03-17,4
7f1c01227da1,2023-12-13,4
81f64aa8a647,2023-12-13,4
35afa2005a88,2023-12-13,4
1681ff29303d,2023-12-13,4
bb26e3414b58,2023-12-13,4
5a17b3107ec3,2023-12-13,4
004baa6d47df,2023-12-13,4
b6cad64480b9,2024-03-28,4
44dce75759a7,2023-12-13,4
ec3a8b810a01,2024-01-31,4
e20bdc1794fb,2023-12-13,4
1138b7fcbc1a,2023-12-13,4
7ace50070f94,2024-03-11,4
82d851fa90a3,2023-12-13,4
aac310ad1e71,2023-12-13,4
3ced2d523ff2,2023-12-13,4
3ef36398d7e4,2023-12-13,4
e9d1c39597d7,2023-12-13,4
d200abc0b270,2023-12-13,4
68cb0f7ec189,2023-12-13,4
d60408378b78,2023-12-13,4
6b51822014f5,2023-12-13,4
27eccd543a4b,2024-06-17,4
686c0764dd8e,2024-06-17,4
ec87699553c7,2023-12-13,4
c894d34b7089,2023-12-13,4
9c9e049171f3,2023-12-13,4
5e00f8769119,2023-12-13,4
9dec33a06c47,2023-12-13,4
4b53a00fab29,2023-12-13,4
6604bd4921c3,2023-12-13,4
021df027fac1,2023-12-13,4
9a7e315f3f42,2023-12-13,4
1710514cc95c,2023-12-13,4
3b260de3b7f6,2024-03-21,4
705f6edab68c,2023-12-13,4
7315e81cab62,2023-12-13,4
cbd8645e0c0a,2023-12-13,4
142268d078ba,2023-12-13,4
79689cadd13d,2023-12-13,4
137b44fbb225,2023-12-13,4
d35f5e246f16,2023-12-13,4
01f42a346649,2023-12-13,4
e9de30ddb73d,2023-12-13,4
cbaf7b6c3ef2,2023-12-13,4
23d1df2d82b1,2023-12-13,4
2af56e345f6e,2023-12-13,4
5a7e97626c98,2024-06-28,4
b84f07d816af,2023-12-13,4
dce9ea7da813,2023-12-13,4
0efd102614e7,2023-12-13,4
0480d3b32521,2023-12-13,4
0e10f8a90253,2023-12-13,4
89aa88ff4fa6,2023-12-13,4
13e5caa0e495,2023-12-13,4
778fae444c09,2023-12-13,4
db0476480c6f,2023-12-13,4
f566e6537f53,2023-12-13,4
5f9316e28667,2023-12-13,4
2bc865a9a8da,2023-12-13,4
7af2905b6b3a,2024-06-18,4
eaf67456b763,2023-12-13,4
9aaf19197ef1,2023-12-13,4
139b387ebd59,2023-12-13,4
7446a3d55d0e,2023-12-13,4
259f2c29356d,2023-12-13,4
fcd33abe242f,2023-12-13,4
f260bf0fb49f,2023-12-13,4
01a2ca72b7df,2023-12-13,4
11e1ff060b1a,2023-12-13,4
cc4d82a028aa,2023-12-13,4
ac0341506ebb,2023-12-13,4
d1b95f82a0cd,2023-12-13,4
35009170dd2a,2023-12-13,4
74903e761946,2023-12-13,4
f4e8af2dd2a1,2023-12-13,4
28c49a01b762,2023-12-13,4
436fa1e85a26,2023-12-13,4
bfb034124c77,2023-12-13,4
fbaba0e77e39,2023-12-13,4
7b7e8acaf745,2023-12-13,4
ff649e198b1d,2023-12-13,4
80f662702209,2023-12-13,4
8027b2b6c8f0,2023-12-13,4
cfe48f1562f8,2023-12-13,4
5b0950853a55,2023-12-13,4
5116f36f18b6,2023-12-13,4
632859a1c03f,2023-12-13,4
4d18cdda2411,2023-12-13,4
4193fc7ec6db,2023-12-13,4
bbe88d624a3e,2023-12-13,4
2054b933d980,2024-08-05,4
ccbb339d0d1e,2023-12-13,4
82a706c74d87,2024-06-13,4
f465e98ea1c8,2023-12-13,4
0e8fa087034e,2023-12-13,4
3945c5f394f2,2023-12-13,4
5616755b6236,2023-12-13,4
1f823512ef16,2023-12-13,4
0ee3f2eeab70,2023-12-13,4
3f43d1c6116e,2023-12-13,4
a3fb70ef222e,2023-12-13,4
9eb1cb1b1c5d,2024-01-05,4
df96448c3b51,2023-12-13,4
d7af6919a8ec,2023-12-13,4
978fbaf17a56,2023-12-13,4
79fe699115cf,2023-12-13,4
7a4989bf8f1d,2023-12-13,4
c76c87937e22,2023-12-13,4
d2f0e9eec26b,2023-12-13,4
6ac2d032e691,2023-12-13,4
c1c168b4c7b4,2023-12-13,4
caeaa3afe154,2024-01-16,4
4e83c27f85b2,2023-12-13,4
9311322abaea,2023-12-13,4
9cd49af0f151,2023-12-13,4
714176d949dd,2023-12-13,4
9550f0faccc9,2023-12-13,4
d72583709d34,2023-12-13,4
14e4f965c711,2023-12-13,4
5086f061ff51,2023-12-13,4
491e5de2ec86,2023-12-13,4
d3af02b25515,2023-12-13,4
91c564b703e4,2023-12-13,4
94f6dd139eb4,2023-12-13,4
bef9a5afff2d,2023-12-13,4
358b197acff5,2023-12-13,4
7341016df9c2,2023-12-27,4
55198bab37b4,2023-12-13,4
85bfbc298ac0,2023-12-13,4
ad032f759ad6,2023-12-13,4
f19e46b153bf,2023-12-13,4
25b60e789224,2024-02-16,4
b8f14a76eb21,2023-12-13,4
91b08311081d,2024-01-31,4
2ca191267222,2023-12-13,4
2bd8b24a1bdd,2023-12-13,4
2914b9bb1e0d,2023-12-13,4
b51282c9e3c9,2024-07-01,4
fb3038a35604,2023-12-13,4
372b85d76be0,2023-12-13,4
7fe381bb7035,2023-12-13,4
b6929c03c95c,2024-05-05,4
163f740f3f0b,2024-05-17,4
5f72ac751983,2023-12-13,4
0701512658e1,2023-12-13,4
048d5596050a,2023-12-13,4
53130a0428d0,2023-12-13,4
91c37f007258,2023-12-13,4
91fe2bb2b115,2024-09-26,4
efda0dc4437d,2024-07-22,4
856c29e193ae,2023-12-13,4
6a21372aab60,2023-12-13,4
5ee5e68cde35,2023-12-13,4
ba182d439537,2023-12-13,4
fdf35dfce11d,2023-12-13,4
3a22e0f54fb6,2023-12-13,4
bb4a43114e92,2023-12-13,4
35617e3546e9,2023-12-13,4
e31274d030b8,2023-12-13,4
283c4931660c,2023-12-13,4
6f29ff28191a,2023-12-13,4
aa589ea1dabf,2023-12-13,4
92a778aa67ea,2023-12-13,4
f3fb6209799b,2023-12-13,4
4ef678564d2b,2023-12-13,4
7a5f96251dd9,2023-12-13,4
540705f6fec1,2023-12-13,4
1d56c830e4d6,2023-12-13,4
3af0e3825fbb,2023-12-13,4
cc26e511b9cc,2023-12-13,4
091f3558fdaa,2023-12-13,4
a5de40dd9923,2023-12-13,4
e45ed38b5361,2023-12-13,4
3621f2f73a33,2023-12-13,4
414adcb091ba,2023-12-13,4
38fce4431898,2023-12-13,4
531764e2ac1d,2023-12-13,4
10c3baf25f02,2023-12-13,4
20a389f550a0,2023-12-13,4
3cc9229b3ead,2024-07-08,4
7a6bb860d407,2023-12-13,4
23a07386a9f2,2023-12-13,4
eda3f451ac1c,2023-12-13,4
bf9982aa2742,2023-12-13,4
739dd7520495,2023-12-13,4
8830888c5526,2023-12-13,4
b895c7616708,2023-12-13,4
e167266238d6,2023-12-13,4
b3d3c8220c12,2023-12-13,4
f89ede2f3b92,2023-12-13,4
0082d7c4d384,2024-07-16,4
42e232585b66,2023-12-13,4
69ec1a16c7d9,2023-12-13,4
f3203d259823,2023-12-13,4
fced04e4cdc0,2023-12-13,4
799794edef46,2023-12-13,4
e708ed5118b9,2023-12-13,4
9d0047f7dbea,2024-04-22,4
e891ae98fd42,2024-07-25,4
3ee647760aa8,2023-12-13,4
a557c0723b58,2023-12-13,4
883ae0674708,2023-12-13,4
710a2fa1965c,2023-12-13,4
e667a886808f,2023-12-13,4
2d2d1ca83576,2023-12-13,4
81ce04a699c5,2023-12-13,4
11c798b2f879,2023-12-13,4
c8b3ac831229,2023-12-13,4
c8e6b48d971e,2023-12-13,4
98b42c67a44a,2023-12-13,4
385a415eba95,2023-12-13,4
678bb4beb2de,2023-12-13,4
054ede32b37b,2023-12-13,4
4073bfc6d4ee,2023-12-13,4
a1c208a924ff,2024-01-24,4
02c79df6564e,2023-12-13,4
4fe8f2fdbf23,2023-12-13,4
e3ec3ec53990,2024-01-24,4
d0ed1042709b,2023-12-13,4
5a29671626b9,2023-12-13,4
396ce063075f,2023-12-13,4
7c9e5d98fc8a,2023-12-13,4
9530930c67b1,2023-12-13,4
5f7c6af6f147,2023-12-13,4
6b0eccfd6227,2023-12-13,4
73ca7d016d4d,2024-08-29,4
c875b9f56a74,2023-12-13,4
d2e321959c4c,2023-12-13,4
d5a177086cb6,2023-12-13,4
6f739c4e389e,2023-12-13,4
24a73370ca50,2023-12-13,4
0c70be6cf5bc,2023-12-13,4
b16b1a164222,2023-12-13,4
a3e53c4bddb1,2023-12-13,4
f31eb187a6f0,2023-12-13,4
c1e19320d85c,2023-12-13,4
72b3365e6c1c,2024-05-29,4
7328648c962e,2023-12-13,4
933688564b7f,2023-12-13,4
84b377bb3c26,2024-04-09,4
446feb8f3923,2024-06-23,4
55f0e04b2d9d,2023-12-13,4
2f1cb5b6d663,2023-12-13,4
b8940cfd7325,2023-12-13,4
8d20af1f3bb8,2023-12-13,4
2de86a5c9de3,2024-05-29,4
42098f6eca32,2023-12-13,4
d97b50e3b6c6,2023-12-13,4
6689ae0d0821,2024-02-12,4
dc65349f375f,2023-12-13,4
0e5c754a61bc,2023-12-13,4
cbb80af002fc,2023-12-13,4
f91895d83638,2023-12-13,4
8e605b842709,2023-12-13,4
f020673a6590,2023-12-13,4
4246fe947aa5,2023-12-13,4
5e08cc6103e1,2023-12-13,4
a795cfcaf426,2023-12-13,4
8548b48c59a3,2023-12-13,4
ca03725774c8,2023-12-13,4
49f7a3da6e09,2023-12-13,4
2571a7220771,2023-12-13,4
5cd49a430fe8,2023-12-13,4
9597431eb880,2023-12-13,4
12cdd5910ecd,2024-09-05,4
9f066b143deb,2023-12-13,4
09c10f3f0e3f,2023-12-13,4
11f48f92a3a0,2023-12-13,4
f04a7ed017a2,2023-12-13,4
29295fd53c7d,2023-12-13,4
bca96ecfbc9c,2023-12-13,4
bddc5d36ab03,2023-12-13,4
b7baaab75ef7,2023-12-13,4
2050309ca281,2023-12-13,4
7994262d1d95,2024-08-27,4
6575325a6d05,2023-12-13,4
8304a8b37f06,2023-12-13,4
054c99233086,2023-12-13,4
82af587ffee0,2023-12-13,4
48d6b141b69f,2023-12-13,4
154e6ca4e4aa,2023-12-13,4
2db1f2cb57d7,2023-12-13,4
bdd37696c02d,2023-12-13,4
89b5e34de9fc,2023-12-13,4
e35e2b664e41,2023-12-13,4
3bfda0d2835f,2023-12-13,4
33ed256d41fc,2023-12-13,4
4d4b4bb36ce7,2023-12-13,4
6c727658203d,2023-12-13,4
005addd8096b,2023-12-13,4
810283bf6a09,2023-12-13,4
10214295555b,2023-12-13,4
d44ef565fcfc,2023-12-13,4
b95e8356abce,2023-12-13,4
6287ea84d8f3,2024-09-12,4
406d445f0987,2024-07-31,4
bfbe447da8d1,2024-09-26,4
1905b2a7e96e,2023-12-13,4
e2514b6454a8,2023-12-13,4
65fd2c6aeddd,2023-12-13,4
fe03341e5ded,2023-12-13,4
999fddd76943,2024-02-15,4
d9a0f7753797,2024-02-15,4
cce317e7ecfb,2023-12-13,4
ba5c12767a27,2024-02-14,4
7229eadfbb24,2023-12-13,4
98d9599f8e88,2023-12-13,4
41a1b18aff38,2023-12-13,4
76a351e5adbf,2023-12-13,4
b83dc296b38a,2023-12-13,4
9b520875217c,2023-12-13,4
6dc03f8a8591,2023-12-13,4
d1b115bc335c,2023-12-13,4
5eca72f7acc8,2024-07-14,4
ff7480b01356,2023-12-13,4
6e1154c14b5f,2024-08-22,4
3746c2273828,2023-12-13,4
99e1ede417b7,2023-12-13,4
ae97410b647a,2023-12-13,4
2354ed80015a,2023-12-13,4
9c331450311a,2023-12-13,4
9b3b4425788a,2023-12-13,4
90a11e0a18ca,2024-06-21,4
8bfcf344ed3d,2023-12-13,4
7e06c16a519e,2023-12-13,4
3fb2508f3d84,2023-12-13,4
b9beb3838a9f,2023-12-13,4
65e1ce0b11d3,2023-12-13,4
9239e3f76cc9,2023-12-13,4
ec309e2b3870,2023-12-13,4
3eba1385bbb9,2023-12-13,4
3e881540c8a0,2023-12-13,4
514d64d8c95d,2023-12-13,4
43a473bfe4db,2023-12-13,4
89f789eee4d1,2023-12-13,4
a74ebd9d2017,2023-12-13,4
11fd567dc856,2023-12-13,4
9be36bd32612,2023-12-13,4
f5a1f31b4df5,2023-12-13,4
4773011c0d32,2023-12-13,4
34b635857f34,2023-12-13,4
6a36c68a8681,2023-12-13,4
7b084dc1ffa8,2024-04-24,4
7da33456aab2,2023-12-13,4
29287bbc68a6,2023-12-13,4
1d9883eb2a40,2024-07-04,4
e9f0bd4ee211,2023-12-13,4
63d5a9cb537f,2023-12-13,4
f6c061f9bd78,2023-12-13,4
13128e2a1e32,2024-04-24,4
04a348115b29,2023-12-13,4
f425b0812091,2023-12-13,4
ed5f7beec559,2023-12-13,4
d00035ec442e,2023-12-13,4
d7294145637c,2023-12-13,4
b74b5faf7431,2023-12-13,4
136459187a17,2023-12-13,4
178e2e57ca04,2023-12-13,4
58224748179f,2023-12-13,4
5d84bd56a337,2023-12-13,4
875e3f2c0184,2023-12-13,4
30c602891669,2023-12-13,4
d1b5c7e201dd,2023-12-13,4
50dbbe8ba932,2023-12-13,4
1c2b878205ed,2023-12-13,4
f711727e8690,2023-12-13,4
c0eb8bd7bd17,2023-12-13,4
17372c49056f,2023-12-13,4
08aeaba4eb4c,2024-01-25,4
dc001c37ae84,2023-12-13,4
c9d190041afb,2023-12-13,4
a0ff25a2606e,2023-12-13,4
87d59b1705a8,2024-04-17,4
3699b40e3b88,2023-12-13,4
59a26c09f1d1,2023-12-13,4
f4e2f8433c9d,2023-12-13,4
4ec4f100f621,2023-12-13,4
5fdd7750f1e5,2023-12-13,4
ae6462367018,2023-12-13,4
b706c97d58b4,2023-12-13,4
5f640b5974a6,2023-12-13,4
c35448b72d76,2023-12-13,4
614e3c3b6add,2023-12-13,4
ee76993355cd,2023-12-13,4
b085575ee497,2023-12-13,4
8651faf5d9a3,2023-12-13,4
50559a2f3b2c,2024-04-22,4
404350c576e1,2024-07-24,4
478286a8a062,2023-12-13,4
1541750128ab,2023-12-13,4
e988b20b5066,2023-12-13,4
d089811216db,2023-12-13,4
e52b9d94cf91,2023-12-13,4
aca7e5a38dea,2023-12-13,4
21b86b858de4,2023-12-13,4
224386af045a,2023-12-13,4
c53e7f5ff5cd,2023-12-13,4
71f34d103a75,2023-12-13,4
c140f940dba2,2023-12-13,4
66b6e89b3639,2023-12-13,4
e9b1cfff11ea,2023-12-13,4
601226324817,2023-12-13,4
1bdca15c09e4,2023-12-13,4
063f0d0cf7eb,2023-12-13,4
84af254625d2,2023-12-13,4
d4e6104eb37a,2023-12-13,4
df07aa21834c,2023-12-13,4
956325e0abe4,2023-12-13,4
387b0d051701,2023-12-13,4
577c6c01b5fc,2024-04-22,4
c223156d78af,2023-12-13,4
981142a23a24,2024-09-09,4
6557d16ac0d2,2023-12-13,4
e034ff8716b5,2023-12-13,4
e877ad2e15db,2024-05-28,4
a15afd28f595,2023-12-13,4
e4c3a938fd7d,2023-12-13,4
1e7e14310343,2023-12-13,4
29a2df44adcd,2023-12-13,4
ebd2469bb1da,2023-12-13,4
9c79d8de3256,2023-12-13,4
099bdaee0c13,2023-12-13,4
8969344e6045,2023-12-13,4
062e8ce69112,2023-12-13,4
f2c5e6df38cf,2023-12-13,4
c0a8dcca7cdb,2024-04-03,4
8c1441c992b4,2023-12-13,4
4fc6ad07fc3f,2023-12-13,4
802b007e776a,2023-12-13,4
6dfd7c529979,2024-02-08,4
5e077feaa267,2023-12-13,4
118146ab6383,2023-12-13,4
6790437682c8,2023-12-13,4
99d388c37359,2023-12-13,4
74b71080f839,2023-12-13,4
0e71e838d3b0,2024-03-04,4
722adfaff954,2023-12-13,4
a8d6bff63c97,2024-02-21,4
a9631f35d79d,2024-02-21,4
91750b87b761,2024-02-29,4
f271054fd2a1,2023-12-13,4
c27663e17e0c,2023-12-13,4
35292f290fe1,2023-12-13,4
7542943599c5,2023-12-13,4
c2125b828b38,2023-12-13,4
6ee72463f64e,2023-12-13,4
7cec3a4eeb13,2023-12-13,4
ce45d10791ef,2023-12-13,4
f649511860a0,2023-12-13,4
176ebf5df451,2023-12-13,4
8e2f92ac4bf7,2023-12-13,4
45d7aeea2103,2023-12-13,4
1c8519d07b97,2023-12-13,4
25d4a00325e5,2023-12-13,4
c98bcbba1136,2023-12-13,4
577244c2e5c9,2023-12-13,4
69ba48218741,2023-12-13,4
dba2ff70fe2c,2023-12-13,4
1f0fadbc8fd5,2023-12-13,4
2154e53f6474,2023-12-13,4
7e88f3f3b5d2,2023-12-13,4
cb26601d0db6,2023-12-13,4
e2a6e12519ad,2023-12-13,4
990a4f2571ac,2023-12-13,4
637977e4e8fc,2023-12-13,4
04d222f8a810,2023-12-13,4
d0d6f6b0a07e,2023-12-13,4
9d2e57de0406,2023-12-13,4
94f6fb817c0f,2023-12-13,4
662689be2318,2023-12-13,4
68d6bb9dc1c4,2023-12-13,4
7d8d740972af,2023-12-13,4
41870e2c2782,2023-12-13,4
951435b13261,2023-12-13,4
d8b1555420c9,2023-12-13,4
779a6c476c59,2023-12-13,4
c74917e16954,2023-12-13,4
e1c549ac4b82,2023-12-13,4
150b86ffb55e,2023-12-13,4
75171f71af21,2023-12-13,4
69d1ee1c553d,2023-12-13,4
3013b3aa9155,2023-12-13,4
c167efb069c0,2023-12-13,4
79e9a35f7e95,2023-12-13,4
541b67160712,2023-12-13,4
9271d673983d,2023-12-13,4
59db15caa006,2023-12-13,4
dd727f127dec,2023-12-13,4
52f1f1859800,2023-12-13,4
f2b5fa18a1d8,2024-03-25,4
0c83b4fde96e,2023-12-13,4
cf4b991a1b17,2023-12-13,4
6ab1190bdc2d,2023-12-13,4
1ea7f20e6189,2023-12-13,4
91244a671b6b,2023-12-13,4
5d631eb2ce26,2023-12-13,4
0a53fb1d6e9e,2023-12-13,4
27da38edfea1,2023-12-13,4
0a47eb679288,2023-12-13,4
57ece3966a03,2024-03-07,4
1c5486b2d548,2023-12-13,4
b9c3594f38df,2023-12-13,4
0e3815e0b183,2023-12-13,4
8d4d1754879b,2023-12-13,4
9038439163ee,2023-12-13,4
2326c37b403b,2023-12-13,4
06ccfdec1aa5,2023-12-13,4
88f1ec35c293,2023-12-13,4
c83d30990e68,2023-12-13,4
521ad1035607,2023-12-13,4
684ed32706c4,2023-12-13,4
d1806b5d03bd,2023-12-13,4
38571d92c8f9,2024-07-25,4
e8b3578985b2,2023-12-13,4
e1cb41a0cbb7,2023-12-13,4
b4d05fb82abd,2023-12-13,4
592b24ebf2c9,2024-06-20,4
0a430237b05b,2023-12-13,4
2fdbff181994,2024-02-21,4
6d3f0aa99b77,2023-12-13,4
80870ecc5030,2023-12-13,4
d8201cf01f7a,2023-12-13,4
8b122db9a128,2023-12-13,4
06973be540c3,2023-12-13,4
c794ec839d39,2023-12-13,4
39bd1c465517,2024-02-20,4
4e4b3b4f4f9b,2023-12-13,4
2c29e17623ad,2023-12-13,4
732cb0d281a0,2023-12-13,4
00d45e86cca7,2023-12-13,4
ecf688032e8f,2023-12-13,4
0af65d15cbb7,2024-07-26,4
a4c4b13ce20d,2023-12-13,4
990e0fefb89c,2023-12-13,4
f7669e99230e,2023-12-13,4
8333cc55dfd5,2023-12-13,4
625b7f5c481a,2023-12-13,4
5c5d58a2c719,2023-12-13,4
d6c4dd8fda2a,2023-12-13,4
9f0c429a6e13,2023-12-13,4
3a6203811a16,2023-12-13,4
f667cbad9c1b,2023-12-13,4
aede4fde0e18,2024-03-11,4
1d42347cd6b7,2024-03-11,4
f40e096303ae,2023-12-13,4
539ffbb5b13f,2023-12-13,4
3c125f8cf517,2023-12-13,4
ef7e7b864a9d,2023-12-13,4
6bd407db5450,2023-12-13,4
241778913031,2023-12-13,4
59fccce168c6,2023-12-13,4
580a077c748b,2023-12-13,4
b787b3bbcc3c,2023-12-13,4
d8fb587d52c7,2023-12-13,4
c856cb61ce04,2023-12-13,4
fb4958deec42,2023-12-13,4
f07031c0d816,2023-12-13,4
16b0e4d28c12,2023-12-13,4
db0eba8b0f6d,2024-04-20,4
3c91468a14b8,2023-12-13,4
76c7606d3c23,2023-12-13,4
a307b63a4b5f,2023-12-13,4
6267d49864a3,2023-12-13,4
44af4424a04a,2024-09-11,4
91e4921adb12,2023-12-13,4
043058e59eac,2023-12-13,4
0cb1fd60b2a9,2023-12-13,4
50e64c86b43c,2023-12-13,4
764252cc7870,2023-12-13,4
6f1f87df3ed5,2023-12-13,4
d3b22eb02879,2023-12-13,4
93d81f9ce42f,2023-12-13,4
1b665264464e,2023-12-26,4
2d9fb182e7b2,2023-12-13,4
3ea05118a56d,2023-12-13,4
238af0f146e6,2023-12-13,4
261c03df2159,2023-12-13,4
690465bdb7c8,2023-12-13,4
d15fd5f430ec,2023-12-13,4
4a75c70b09cd,2023-12-13,4
b597163b4d0e,2024-02-21,4
f4337a50f715,2023-12-13,4
2e06a0895f7c,2023-12-13,4
1e73cab7f36c,2023-12-13,4
61e4240a39b9,2023-12-13,4
9f7ddfb8e7b3,2024-01-28,4
53633e8f58e0,2023-12-13,4
86e56f405757,2023-12-13,4
d2e3259f3358,2023-12-13,4
88961d5eb5d4,2023-12-13,4
cffc105d4b68,2023-12-13,4
406f32bd9ff5,2023-12-13,4
74f98e6d9df6,2023-12-13,4
a624a0dea2db,2023-12-13,4
7bc8a027a0dc,2023-12-13,4
17c00a2e3868,2023-12-13,4
eeb58cdabd15,2024-04-20,4
28173354fd01,2023-12-13,4
542495e84ee1,2023-12-13,4
6749dd0f9330,2023-12-13,4
51ab9102e6c1,2023-12-13,4
8fb4df6a47c4,2023-12-13,4
f1a2be4486d0,2023-12-13,4
d07be8614576,2023-12-13,4
0469b587333e,2023-12-13,4
37a54af57dd0,2023-12-13,4
f3ac27a4a20c,2023-12-13,4
4045b9acd7bc,2023-12-13,4
616b5eb76e47,2023-12-13,4
3e93204ce1e8,2024-06-23,4
742e063dc997,2024-09-12,4
f18795da117c,2023-12-13,4
a603378b1919,2023-12-13,4
9227ec34fe28,2024-02-28,4
45e2c9143ecb,2023-12-13,4
54cdac83af12,2023-12-13,4
6a31e2d19dbb,2023-12-13,4
d86b1ea17b79,2023-12-13,4
998e6ab2817e,2023-12-13,4
9b25b8e9ddee,2023-12-13,4
8d2264c240e4,2023-12-13,4
e9d59ba0f9cb,2023-12-13,4
11a4a29ca07e,2024-09-03,4
0ec802509de6,2024-09-03,4
5b956d6ab188,2024-09-03,4
6e98f0dc3d86,2024-09-26,4
a9127b969488,2024-09-12,4
4705b2b34096,2024-09-12,4
17d584eb68d0,2024-01-18,4
43de050bc501,2024-07-01,4
25fb31d6c4d3,2023-12-13,4
ae1af9ef3cb6,2023-12-13,4
67025e7f4cd5,2023-12-13,4
0d5a484447c3,2023-12-13,4
5651bf0d6a95,2023-12-13,4
204e10c5cc78,2023-12-13,4
d073f845f67e,2023-12-13,4
4a7ec9a55ad6,2023-12-13,4
4d9c45e8de02,2023-12-13,4
d862997509e4,2023-12-13,4
63cfcc4b11b0,2023-12-13,4
141486dfc420,2023-12-13,4
b90f823b61e5,2023-12-13,4
757f7018654a,2023-12-13,4
89b463d9ed91,2023-12-13,4
9a144226eedc,2023-12-13,4
e69a91a5a496,2023-12-13,4
f4eadae28000,2023-12-13,4
c2c41e46e764,2023-12-13,4
b8ed81f6a506,2024-08-08,4
2640996d0b4c,2024-02-16,4
33dc359719e6,2023-12-13,4
a35313301375,2023-12-13,4
13ad17b46207,2023-12-13,4
fc0c3fb6a160,2024-05-29,4
b3780962633a,2023-12-13,4
ce4554e063b6,2023-12-13,4
8077e98a515e,2023-12-13,4
59066615f414,2023-12-13,4
3e8b6efb8917,2023-12-13,4
48de059d95c5,2023-12-13,4
3d7f93a7c993,2023-12-13,4
de7c50fa3b71,2023-12-13,4
7822da4af0e6,2023-12-13,4
66dccf9af98f,2023-12-13,4
ab70186d6b6b,2023-12-13,4
cdddac10b840,2023-12-13,4
cb82f40e977b,2023-12-13,4
25c7437d3392,2023-12-13,4
3146b0ee1f74,2023-12-13,4
45c267fbcf52,2023-12-13,4
f2de03b2d86f,2023-12-13,4
ca5ccc57a2b2,2023-12-13,4
122664f0c031,2023-12-13,4
9bb09587c703,2023-12-13,4
58c280ec45d0,2023-12-13,4
88ccd5369b10,2023-12-13,4
26d0c3350c87,2023-12-13,4
b6aff7022436,2023-12-13,4
7ecfde24d603,2023-12-13,4
81b5c33aba6f,2023-12-13,4
e071da107608,2023-12-13,4
dd3e9c0d570d,2023-12-13,4
49c4f881919a,2024-05-28,4
5d260babca0e,2023-12-13,4
d7202fe81b76,2023-12-13,4
2e6e8651e784,2023-12-13,4
91e5e3c01119,2023-12-13,4
ce5de270a820,2023-12-13,4
edf5435839cc,2023-12-13,4
30e91cf4994e,2023-12-13,4
6d4fbe52d63f,2023-12-13,4
614cf9da6188,2023-12-13,4
a42761446afb,2023-12-13,4
6de4ae7561ba,2023-12-13,4
1528c2197449,2023-12-13,4
257e34cb4f5d,2023-12-13,4
6877ad39e4cc,2023-12-13,4
bc2f82a22e11,2023-12-13,4
e7ff6ea67040,2023-12-13,4
95879f411e24,2023-12-13,4
a9d8c085adc0,2023-12-13,4
389412076801,2023-12-13,4
44c942fe217c,2023-12-13,4
bfe4db97c9d4,2023-12-13,4
fef16991d8cb,2023-12-13,4
f60b47ce5431,2023-12-13,4
b7dbe321df28,2023-12-13,4
1baca34be786,2023-12-13,4
b796f1575e2b,2023-12-13,4
9d29e4e3942d,2023-12-13,4
fcd9a9a75dfa,2024-09-12,4
124eab2b341e,2024-09-12,4
b3732f8804f8,2024-02-20,4
16b9ddd0e0b6,2023-12-13,4
a0ddc1126daf,2023-12-13,4
448e82c0e1ec,2023-12-13,4
fb2eee0528a5,2023-12-13,4
cf8024c82fbc,2023-12-13,4
cfe9a1f52ab8,2023-12-13,4
dcd57c3335bb,2024-03-04,4
0f13782518c8,2023-12-13,4
7d8e2fee1517,2023-12-13,4
9a2160650f05,2023-12-13,4
8e33a74d6c58,2023-12-13,4
d5e20e694a7b,2023-12-13,4
4cb75d822379,2024-08-22,4
98b2f7b2b9e2,2024-09-11,4
ff7f8949b1b2,2023-12-13,4
d42382736042,2023-12-13,4
29ad07edada8,2023-12-13,4
3a1352636efa,2023-12-13,4
4516893ef899,2023-12-13,4
063839da6f43,2023-12-13,4
72cec488d064,2023-12-13,4
9e49f00dcda0,2023-12-13,4
10bea47ca968,2024-02-05,4
0e14b9f1bb24,2024-08-08,4
befc15e921ad,2023-12-13,4
0f80e66d9f79,2023-12-13,4
401494b8308e,2023-12-13,4
9ee04dc4ad39,2023-12-13,4
4d83137d656a,2024-05-28,4
2e58990eaa3c,2024-05-28,4
ca8b6775fed6,2024-01-26,4
3e11ea13f0db,2023-12-13,4
57d047abfb5f,2024-09-15,4
185248a66e27,2023-12-13,4
5bbcd6fadbfb,2024-08-01,4
f789a590c54e,2024-06-22,4
bd63c9c77b6b,2023-12-13,4
d2081a5030fa,2023-12-13,4
30690d3b3dea,2023-12-13,4
fb3b3e79c24f,2023-12-13,4
a3f5b2fcc37a,2024-06-20,4
49eeb5c72a00,2024-08-26,4
a367b4bbcef5,2023-12-13,4
13c6ef6596d9,2023-12-13,4
6f22218d5b3c,2023-12-13,4
7df25e1b6648,2023-12-13,4
b765fb59ad23,2023-12-13,4
1a84005973d3,2023-12-13,4
05a2d05134b4,2023-12-13,4
53198b4d14c5,2023-12-13,4
d9308de549c1,2023-12-13,4
248e379ad8d4,2023-12-13,4
b97cc118cbac,2023-12-13,4
9a0783ab6871,2024-03-20,4
171fa38f3405,2023-12-13,4
a765706d86ee,2023-12-13,4
9fea626aca22,2023-12-13,4
b4594b28f61a,2023-12-13,4
50d7d4ce2d8a,2023-12-13,4
cc848172db90,2023-12-13,4
8012a7348da9,2023-12-13,4
2db3e5dabc99,2023-12-13,4
d0e2cb219ad7,2023-12-13,4
829896593a97,2023-12-13,4
f149656acf82,2023-12-13,4
de5431075b9f,2023-12-13,4
285393a8a0cb,2023-12-13,4
efd93a20ae23,2023-12-13,4
24a07f1cf167,2023-12-13,4
c0fbc768ea0d,2023-12-13,4
64003c5e2a35,2023-12-13,4
6434e083f7f9,2023-12-13,4
c35ddaf21d77,2023-12-13,4
f68efb763583,2023-12-13,4
b7e8139d0aec,2024-08-01,4
a34e1395ea6f,2023-12-13,4
727a34756ee1,2024-06-13,4
dfe80b223157,2023-12-27,4
961dc07bd0cc,2023-12-13,4
e61b485b5d05,2023-12-13,4
898465394158,2023-12-13,4
79e29a09b28b,2023-12-13,4
5dea681a9924,2023-12-13,4
f21a5e85d876,2023-12-13,4
14874c51b52d,2024-08-01,4
517d592bf36c,2023-12-13,4
e9e44630790b,2023-12-13,4
57c41f0caeff,2023-12-13,4
edf45cfae7f3,2023-12-13,4
443d6688e0c4,2023-12-13,4
42c977c6bdb3,2023-12-13,4
4f590e03187b,2023-12-13,4
a3839f9a77ef,2023-12-13,4
f9339a2e20b8,2023-12-13,4
c6374fde4094,2023-12-13,4
4fd27336f63c,2024-07-25,4
6bce84e5e9ce,2023-12-13,4
24137f211866,2023-12-13,4
7441ad4acc62,2023-12-13,4
bc8aad28d3ae,2023-12-13,4
350e863d3588,2023-12-13,4
abafdb7f64bd,2023-12-13,4
adb6f8cbd867,2024-08-28,4
8d9a8715ba97,2023-12-13,4
1615c4be0cea,2023-12-13,4
01e53c887cda,2024-09-17,4
d788cc0f8e2a,2023-12-13,4
150608c15f6c,2023-12-13,4
d5fa567f1411,2023-12-13,4
14d9d6699934,2024-08-12,4
5cfcac8518f3,2023-12-13,4
5835652b303f,2023-12-13,4
73e29291c9eb,2023-12-13,4
de2e8f27a9bc,2023-12-13,4
05bbf5ef636f,2024-01-28,4
ed9ade519a40,2023-12-13,4
aa8862c7ef60,2023-12-13,4
1ff9a01a13a9,2023-12-13,4
5c61755389a6,2024-04-09,4
5724064f5944,2023-12-13,4
6867e53c7619,2023-12-13,4
4f44e7d1e918,2023-12-13,4
9db62867468d,2023-12-13,4
f15616a0cddb,2023-12-13,4
de81dc36ecfc,2023-12-13,4
b59d792db659,2023-12-13,4
3a1a2dfdd45a,2024-01-19,4
ca7258d9bea5,2023-12-13,4
09d4664763b7,2023-12-13,4
8829c0304b3b,2023-12-13,4
24d82d940eaf,2023-12-13,4
f71dd2b44a7c,2023-12-13,4
c30aca3ae876,2023-12-13,4
19a06a45ca6d,2023-12-13,4
1133aff9b688,2023-12-13,4
cf3d3471205f,2023-12-13,4
b81b6d6aed8a,2023-12-13,4
b66ccb8659d9,2023-12-13,4
32658f916703,2023-12-13,4
906fa86281b9,2023-12-13,4
20a1a5f2c8ae,2023-12-13,4
870a65dc9653,2023-12-13,4
b19f9a4daafc,2023-12-13,4
f7aecfe7e6d9,2023-12-13,4
d7fd3f899846,2023-12-13,4
a3053dc8b558,2023-12-13,4
b5a77f8e5ea1,2023-12-13,4
abc7ff62a5b8,2024-06-26,4
ba7667e66a16,2024-03-19,4
0ec8e2cf7fff,2023-12-13,4
85427a7d203f,2023-12-13,4
2dedec37c3be,2023-12-13,4
6aaf5d19865f,2023-12-13,4
bd52cc4dc3f1,2023-12-13,4
a80ff6e9ae8d,2023-12-13,4
01ccfcc831fd,2023-12-13,4
4a06d30bd24c,2023-12-13,4
a19ccd74db0f,2023-12-13,4
f3863af24642,2023-12-13,4
c5fcca6bffdf,2024-02-21,4
832a5d76ea6e,2023-12-13,4
a1df7666038c,2023-12-13,4
99f065ac12e8,2024-09-24,4
35c2bf741e8d,2023-12-13,4
45e8d200eeb6,2023-12-13,4
6f8086c36841,2023-12-13,4
5db2699832d8,2023-12-13,4
cab5b06e6c8e,2024-04-20,4
93b0763a4856,2024-04-20,4
66bcafe36b27,2023-12-13,4
3284cee3b0c4,2023-12-13,4
06602f35aac1,2023-12-13,4
a18d6ce25e4b,2023-12-13,4
551221e36e95,2023-12-13,4
eb9eddb0c0c9,2023-12-13,4
768cefbd3231,2023-12-13,4
e790db47e8e7,2023-12-13,4
d40199b2f92e,2023-12-13,4
6141e85c8f4d,2023-12-13,4
cb3d8ff832a3,2023-12-13,4
182d6718a093,2024-06-25,4
dba9c8f26119,2023-12-13,4
f950a5b74e86,2023-12-13,4
e3ede49e538e,2023-12-13,4
9123af45e318,2023-12-13,4
0e2c0afe9a43,2024-02-05,4
1981a6d6b958,2023-12-13,4
d54008de2230,2023-12-13,4
32f21b205c82,2023-12-13,4
c2225f6ceb1a,2023-12-13,4
001829cb707d,2023-12-13,4
b25e6539cc07,2023-12-13,4
ec86277da19a,2024-07-25,4
2dfa840dda57,2023-12-13,4
f370c24be064,2023-12-13,4
30c2e16b8b0d,2023-12-13,4
fd808f873eb7,2024-06-26,4
0e4b3b7ec920,2024-06-26,4
0a8dad1249d4,2024-07-25,4
5768a4815fcd,2023-12-13,4
6660766b0f0f,2024-09-12,4
e64627931bd7,2024-09-12,4
21b715a453d3,2023-12-13,4
fc16bbc7d579,2023-12-13,4
f740ec71984b,2023-12-13,4
81076299931b,2023-12-13,4
6ae529126c6a,2023-12-13,4
dc97d54e8642,2023-12-13,4
46ebd3fe2d48,2023-12-13,4
5eca8585f599,2023-12-13,4
a55c84b32b59,2024-07-02,4
707aa4366f52,2023-12-13,4
d5ed0a214f9d,2024-03-25,4
fe0fb2f071d1,2023-12-13,4
62b5666a2ded,2023-12-13,4
ada84221ac3c,2023-12-13,4
7ee73f5267bd,2023-12-13,4
328bdc0102e6,2023-12-13,4
d456982c51a8,2024-03-25,4
44d67b9a4db1,2023-12-13,4
43c575e6b9b0,2023-12-13,4
9798cb8bb006,2023-12-13,4
f92751493d02,2024-03-25,4
ca68f0d9b834,2023-12-13,4
ec30f9d70734,2023-12-13,4
fb0c362a1ffa,2023-12-13,4
a4573587ad51,2023-12-13,4
6275ae7f69de,2023-12-13,4
38c545eaea11,2023-12-13,4
1bea1020bfcc,2023-12-13,4
571155ba70ef,2023-12-13,4
51e64ed9326e,2023-12-13,4
a5837e332535,2023-12-13,4
8e4ea5ed6cbc,2023-12-13,4
17a5e1e0fa6e,2023-12-13,4
0d386fb42d32,2023-12-13,4
3e8f6f70ad33,2023-12-13,4
2d70fe0362de,2023-12-13,4
e2f0530d0f6e,2023-12-13,4
2b41bf90fcfa,2023-12-13,4
8c700aaab569,2023-12-13,4
2d6d80995471,2023-12-13,4
6c5c306007a1,2023-12-13,4
c2cfaf8d16c0,2023-12-13,4
6c2c567cd937,2023-12-13,4
358e89b5f96b,2023-12-13,4
fc29adcfdf7e,2023-12-13,4
7c2e8af87dee,2024-05-28,4
ee422481c9a6,2024-02-06,4
f32ccfafe3b4,2023-12-13,4
2be1c94bdb5d,2023-12-13,4
11f8a2f6b28d,2023-12-13,4
0a7fdf8ca852,2023-12-13,4
e3ab0076a2ff,2024-08-08,4
4c2ceb84111f,2023-12-13,4
eb119b2a7b79,2023-12-13,4
a4bec02381b6,2023-12-13,4
5b0316c81770,2024-09-09,4
f10f8d554842,2023-12-13,4
9f21f756f675,2023-12-13,4
712f3b780b7c,2024-05-28,4
8fb8f74c71fa,2024-05-28,4
d964395f6a48,2023-12-13,4
ea8f78452b8a,2023-12-13,4
1d05b64ab3ec,2023-12-13,4
35822a2dc126,2023-12-13,4
595b14094412,2023-12-13,4
d05370829f1c,2024-07-31,4
4b739d8491b5,2024-07-31,4
1f2ec8ec57d6,2023-12-13,4
b00e5293c5a1,2023-12-13,4
022b0789d20d,2023-12-13,4
371cac419ee6,2023-12-13,4
52dc08f6d6e3,2023-12-13,4
b7c20387fcdb,2023-12-13,4
403803248712,2023-12-13,4
de38cef48fad,2023-12-13,4
38b9d497cca4,2023-12-13,4
ddc8c6ba124b,2023-12-13,4
6192787b83e3,2023-12-13,4
c0a072920641,2023-12-13,4
524f33127e7a,2023-12-13,4
9dafe3483e5f,2023-12-13,4
4effb7484f2d,2023-12-13,4
74c7a4ab5deb,2023-12-13,4
18e829a8126b,2023-12-13,4
1dd57e056759,2023-12-13,4
86a075f2aa7a,2023-12-13,4
03ecc468aa9c,2023-12-13,4
ae71dd96d7ef,2023-12-13,4
c0426c48f784,2023-12-13,4
060534551cba,2023-12-13,4
226cfa477878,2023-12-13,4
306873b20605,2023-12-13,4
abeeb569545b,2023-12-13,4
975531fa8a1d,2023-12-13,4
2fba94308b95,2023-12-13,4
8ad1e5a5e294,2023-12-13,4
b143d7baba57,2023-12-13,4
c7f3f36e94f8,2024-02-29,4
2bfbfbc357ba,2023-12-13,4
26a9e4c4e2c8,2023-12-13,4
42463d507f72,2023-12-13,4
b269a1b6aa40,2023-12-13,4
978f9fb61697,2023-12-13,4
1e07339127f0,2023-12-13,4
47137f881e3a,2024-06-07,4
0b548593239e,2023-12-13,4
ca24a29d306d,2023-12-13,4
4ed8d89b008b,2023-12-13,4
ab321ddeb394,2023-12-13,4
3e579280bdcf,2023-12-13,4
146d0854de82,2023-12-13,4
0324ea1ed078,2023-12-13,4
37b73a7121e7,2023-12-13,4
ff434d7e0e50,2024-08-28,4
0e7ae5dc551e,2023-12-13,4
503919e426e9,2023-12-13,4
a8b461a19005,2023-12-13,4
b0b4c9bd89e2,2023-12-13,4
c19f129ed1e2,2023-12-13,4
0797f7306bdd,2023-12-13,4
f65d96405392,2023-12-13,4
6bc0862202b0,2024-05-08,4
40b8cbe1be97,2023-12-13,4
300a90b7ec19,2023-12-13,4
40497dd37ba0,2023-12-13,4
5a288d37dc0d,2023-12-13,4
3d08ac04b245,2023-12-13,4
29ff67ddf7ab,2024-03-11,4
32d4aac377c8,2024-03-11,4
a6caea23dc38,2024-03-11,4
345cc8e60b90,2023-12-13,4
227b84c78713,2023-12-13,4
a152eacd8dd8,2023-12-13,4
b313f8974171,2023-12-13,4
01effd394110,2023-12-13,4
d398a63855cb,2024-01-03,4
0ff7391d63e5,2023-12-13,4
3d77c40bfd4c,2023-12-13,4
db5453d8999c,2023-12-13,4
285067e548ba,2023-12-13,4
9b94f722881a,2023-12-13,4
ec682d3fcfe0,2023-12-13,4
3c90c15620e9,2024-09-05,4
e78a53f0cd46,2023-12-13,4
a5228ee96f99,2023-12-13,4
164a22f3b2b8,2023-12-13,4
8c0c7f9ce64c,2023-12-13,4
aa266eeb70bb,2023-12-13,4
e2757ddf6ca1,2023-12-13,4
ec66933e2430,2023-12-13,4
6b24a91b364c,2023-12-13,4
3d06c0216c96,2024-08-22,4
7a015abdcc22,2023-12-13,4
e0e1bf4a5bc5,2023-12-13,4
7fa5bbda2aa9,2023-12-13,4
4670ff8e3c35,2023-12-13,4
a80084fb81a1,2024-08-26,4
5781e629b499,2023-12-13,4
f3dca02f2386,2023-12-13,4
72ee0aa840f7,2023-12-13,4
40733bbdad72,2024-05-29,4
29b5e18f3080,2024-09-05,4
fb628fad7855,2024-09-05,4
c5ad276c1fb4,2024-09-05,4
5d79fa3f9a8f,2024-02-12,4
4e0a7442237b,2023-12-13,4
bb8c63663a60,2023-12-13,4
b5d85ec5848e,2023-12-13,4
252d338ddecd,2023-12-13,4
661ad5d43804,2023-12-13,4
367eced6a801,2023-12-13,4
5e2bd76dd05c,2023-12-13,4
9560cc476b82,2023-12-13,4
ec646f810717,2023-12-13,4
7a38e2e0d1c8,2023-12-13,4
5fcae84839fe,2023-12-13,4
39a59f9858e9,2023-12-13,4
724925952654,2023-12-13,4
dffbaf028ef3,2023-12-13,4
5487e481e36e,2023-12-13,4
e6d1ef82ddfa,2023-12-13,4
621c3358902f,2024-08-28,4
090a285c0265,2023-12-13,4
e4510a5ec732,2023-12-13,4
5dd3943cbe8e,2023-12-13,4
367da665ef8e,2023-12-13,4
7e1e908b7a79,2023-12-13,4
91e8b0883bb2,2023-12-13,4
c6d147f92c53,2023-12-13,4
0e3651d759be,2023-12-13,4
8ffb954d47ae,2023-12-13,4
04a852e50d12,2023-12-13,4
893e0fe669d3,2023-12-13,4
40b0f71d9da0,2023-12-13,4
3ccfc46a9a7c,2023-12-13,4
05c7e5f6663e,2023-12-13,4
3b4dd82cd8a4,2024-03-01,4
7604120587e2,2023-12-13,4
886095df648c,2023-12-13,4
aa25e7a8e673,2023-12-13,4
315ffecdc69f,2023-12-13,4
ee57a10e6d44,2023-12-13,4
fe5d5df9ab60,2023-12-13,4
a8ae9d14e1b6,2023-12-13,4
8afd159fe07d,2023-12-13,4
dcc65beba1d0,2023-12-13,4
20eb051cb400,2023-12-13,4
42c3ab4b8b92,2024-02-01,4
a1f735b25836,2023-12-13,4
8d47acc3412d,2023-12-13,4
69731fcfc598,2023-12-13,4
36e3cc101120,2023-12-13,4
6e773babf31f,2023-12-13,4
4a1cfadea11d,2023-12-13,4
5f41def50e94,2023-12-13,4
9f02c742f21f,2024-08-14,4
b944a757184d,2024-08-14,4
6a6d6fc82f6c,2024-08-14,4
1111ca25fc93,2023-12-13,4
2bf6bca062e8,2023-12-13,4
77b99d7cd15e,2023-12-13,4
109b539d920c,2023-12-13,4
4f7ed9416c3e,2023-12-13,4
2fa4aa523d0f,2024-07-14,4
174dbeff8ec7,2023-12-13,4
9171d2537a5a,2023-12-13,4
de5a9fe55d8a,2023-12-13,4
3b916336c101,2023-12-13,4
853054c80824,2023-12-13,4
bc693e7d2eb6,2023-12-13,4
0b6f14d7fe12,2023-12-13,4
b4f547631ba1,2023-12-13,4
c83f0572e43d,2024-02-21,4
8a3a6483ccab,2023-12-13,4
01b5cffbf15a,2024-05-10,4
b48638b119cb,2024-04-20,4
ab7ae80c0870,2024-04-20,4
b9b03fa5e5e6,2024-05-10,4
3e8c68bd007b,2024-04-25,4
c9e3825dc7a3,2023-12-13,4
93c8e61ca4f6,2023-12-13,4
f897aead6255,2023-12-13,4
b57a7856f778,2023-12-13,4
33b147012c8f,2023-12-13,4
2566dd75171f,2023-12-13,4
4ed3bc949f8a,2023-12-13,4
a7d93b3ec523,2023-12-13,4
3dc30ae69d1f,2023-12-13,4
92eba0897f32,2023-12-13,4
ad2e10615a4d,2023-12-13,4
08dbe6d2400c,2023-12-13,4
3430dc0a21a9,2023-12-13,4
279573d2e3dd,2023-12-13,4
64e5fd8b8f8b,2023-12-13,4
7e5bac202f0f,2023-12-13,4
ce46e5dbd6c0,2023-12-13,4
8d9ff7190eb9,2023-12-13,4
f15d385d4ae6,2023-12-13,4
230a6eff2d13,2023-12-13,4
79fc88da4d62,2023-12-13,4
c6e05c188e8a,2024-03-25,4
3e0fa5c6d2cf,2023-12-13,4
7a94ea8d641c,2023-12-13,4
26751ae27bfe,2023-12-13,4
0494614f6313,2023-12-13,4
3d313468fa39,2023-12-27,4
8ab4c248fd4d,2023-12-13,4
dd2d9030db0d,2023-12-13,4
bd9beae18fe4,2023-12-13,4
b141b491548c,2023-12-13,4
0c3c25c82110,2023-12-13,4
bca8753fac0b,2023-12-13,4
394c69492f96,2023-12-13,4
75877bfb29f3,2023-12-13,4
80f311f05385,2023-12-13,4
61ecabe1ccf4,2023-12-13,4
a87a020a9da4,2023-12-13,4
b68acf73ff99,2023-12-13,4
a03ec4643852,2023-12-13,4
a53c833d8247,2023-12-13,4
96b6fbcc2951,2023-12-13,4
758065d2d331,2024-03-28,4
4cdfa70794f4,2024-04-22,4
7e965c653310,2024-04-22,4
e3d76eba1bc5,2024-04-10,4
e85e6aab0d15,2023-12-13,4
2d1bd23340c9,2024-08-19,4
a8f6515f30b2,2023-12-13,4
de0ff86f81f8,2023-12-13,4
8a3635263488,2023-12-13,4
bfea728733a2,2023-12-13,4
c6a00ad01b89,2023-12-13,4
a228fea2c03e,2023-12-13,4
b64cf0efca45,2024-02-20,4
26ff88edca2d,2023-12-13,4
1d7baaa7e451,2024-09-11,4
52c372873ddc,2023-12-13,4
ef3ea71815e8,2023-12-13,4
8bb43e581484,2024-09-03,4
9f068af722fc,2023-12-13,4
a4409bdf3fa2,2023-12-13,4
3c5a92f39f13,2024-07-24,4
cc725bdc3a92,2023-12-13,4
726e5b3d4fa3,2023-12-13,4
2d4609349630,2023-12-13,4
195b5804f519,2024-08-12,4
5c7931d8fc54,2023-12-13,4
ae185bd45573,2023-12-13,4
05bb739a1dc1,2023-12-13,4
1fd049280b60,2023-12-13,4
39d4bb627f5c,2023-12-13,4
05f223fa3ec0,2024-06-20,4
268a1a1966a8,2024-02-26,4
7a5b1ab92fe4,2024-02-26,4
8102ebad0e0c,2023-12-13,4
9278c0aa6ddb,2023-12-13,4
77e0db53f9fd,2023-12-13,4
e11d99596425,2023-12-13,4
421a353b4616,2023-12-13,4
da40d243aa69,2023-12-13,4
0fcaac0c6acd,2023-12-13,4
77e2562c3890,2023-12-13,4
bf21e88cf4fa,2024-08-08,4
bd22319c9552,2024-08-08,4
8cebf9bdbd92,2024-01-23,4
a49ea60f8a99,2023-12-13,4
0b36cd478cd3,2023-12-13,4
e150b2173ad2,2023-12-13,4
fe9896f80317,2023-12-13,4
02bcf064fcac,2023-12-13,4
3f686d3f5021,2023-12-13,4
9c6d25d781c5,2023-12-13,4
e47e7e942b52,2023-12-13,4
c28c5dca9a59,2023-12-13,4
837d057e2da9,2023-12-13,4
ca30a24e443e,2023-12-13,4
db3793860499,2023-12-13,4
54197bf35af9,2023-12-13,4
8d9143b02639,2023-12-13,4
d694116d39a9,2023-12-13,4
c5a87dfdfdd8,2023-12-13,4
d23cae339def,2023-12-13,4
338dcabf8e62,2023-12-13,4
9912ec8bba38,2023-12-13,4
ef3f478bb9d9,2023-12-13,4
c755b11a8a8d,2023-12-13,4
4358fc0aca19,2023-12-13,4
faa28a989eb3,2024-07-29,4
d78fc26064ec,2023-12-13,4
419f29a0d38c,2023-12-13,4
99050a210a48,2023-12-13,4
89a61879135d,2023-12-13,4
165f54883840,2023-12-13,4
da9be929b212,2023-12-13,4
f0e2d7a79d6c,2023-12-13,4
065edc435002,2024-09-12,4
c2fb3baf3ecf,2023-12-13,4
130ea574e762,2023-12-13,4
fa9e8e05f1fd,2023-12-13,4
0e7e1abae516,2023-12-13,4
2509d9bf857d,2023-12-13,4
2af7d5b0b85d,2023-12-13,4
b5359be87030,2023-12-13,4
2ae343c8d9ae,2024-06-21,4
b61850c55b97,2023-12-13,4
2ce219d50792,2023-12-13,4
d74dead34312,2023-12-13,4
374edf5ad914,2023-12-13,4
5d834dae9ebc,2023-12-13,4
14e5192f6150,2023-12-13,4
069310be3c37,2023-12-13,4
bfc4a5af65af,2023-12-13,4
b7acdeb1d95d,2023-12-13,4
4b797bb271c0,2023-12-13,4
c380a529b275,2023-12-13,4
a9a5306dc244,2023-12-13,4
a1b2eaa38f43,2023-12-13,4
cdf4721ec72d,2023-12-13,4
5916025e7c70,2023-12-13,4
4e1b00111292,2023-12-13,4
7bd8077e05cb,2023-12-13,4
61c2cfa2711f,2023-12-13,4
005d50e1f4fa,2023-12-13,4
e8a32d151f3f,2023-12-13,4
b88ce02aeb62,2023-12-13,4
0543fcbb714e,2023-12-13,4
adaaaa8d5e14,2023-12-13,4
967e9ea558b9,2023-12-13,4
4210ee932df6,2023-12-13,4
67cf7dad08c2,2024-07-11,4
262412e6d71f,2023-12-13,4
2615b787c744,2024-09-10,4
7c77e4d68d15,2023-12-13,4
458ce6148ce4,2023-12-13,4
b24acb127522,2023-12-13,4
a2f6eecde20f,2023-12-13,4
be6f1a880fd4,2023-12-13,4
d1e34563f20b,2024-04-09,4
24249edd5ed0,2023-12-13,4
0149de74eade,2024-01-09,4
8d98451e8c2f,2024-07-17,4
6cf8962d44d1,2023-12-13,4
ca04bdfaddd8,2023-12-13,4
45b033c55d2e,2023-12-13,4
853d3fb330fc,2023-12-13,4
2c1606bfc28a,2023-12-13,4
4949ff3183fb,2023-12-13,4
60c47e51bf4e,2024-08-13,4
ad4c450b70ae,2023-12-13,4
1982c023fb94,2023-12-13,4
a36b00204cbe,2023-12-13,4
f9cb0149a179,2023-12-13,4
cd5f5745c6cf,2023-12-13,4
c9ae69de324d,2023-12-13,4
1b8d0509303d,2023-12-13,4
a4be5ae716d2,2024-06-07,4
b3b3ccb653a2,2024-06-07,4
d0b043b2fc9f,2023-12-13,4
7c17a08f860d,2023-12-13,4
479c97930b0d,2023-12-13,4
31ad1eb8ad1b,2024-08-13,4
1543d54f21f5,2023-12-13,4
9b7df65294ee,2023-12-13,4
db6c50a9e11d,2023-12-13,4
f9228c5005ba,2023-12-13,4
28d5b2998080,2023-12-13,4
67660e92e334,2023-12-13,4
66aa5a33f8cd,2023-12-13,4
1ec264654db9,2024-02-16,4
81ca03329cc0,2023-12-13,4
2906fbc9e11c,2023-12-13,4
8f89b785e592,2023-12-13,4
76dc491fa971,2023-12-13,4
c48c3a3d8c01,2023-12-13,4
152993977e95,2023-12-13,4
863295abad44,2023-12-13,4
2e2a580657b8,2023-12-13,4
ad15410c2a9e,2023-12-13,4
0d937e0f3c98,2023-12-13,4
79ae1f6b562e,2023-12-13,4
f85243ca61e6,2023-12-13,4
d316282f7c78,2023-12-13,4
6d12eae434aa,2023-12-13,4
ee5bc056a1fa,2023-12-13,4
27ce75534065,2023-12-13,4
4aa2950643c7,2023-12-13,4
3112be0d3770,2024-03-18,4
5951cad2f515,2024-03-18,4
e83f256c7c97,2023-12-13,4
2c56ce2a5dd5,2024-06-26,4
f797615b8da3,2023-12-13,4
93984ee37f3f,2023-12-13,4
6cf7fb7b929b,2023-12-13,4
1546bb2757bd,2023-12-13,4
a2644d41d880,2023-12-13,4
e209d7680de8,2023-12-13,4
ea6279869532,2023-12-13,4
5e950c318883,2023-12-13,4
24791b484548,2024-02-02,4
02288b9235a3,2023-12-13,4
ebbeba6379b9,2023-12-13,4
16ed02cef68c,2023-12-13,4
124797d8674f,2023-12-13,4
7e9a09ccb8e9,2023-12-13,4
eef20242bb09,2023-12-13,4
c4dc10a96b5d,2023-12-13,4
c2b66111c91b,2023-12-13,4
773f2a10352c,2023-12-13,4
573ea51e1a74,2023-12-13,4
63cad31f1fa4,2023-12-13,4
df0228657444,2023-12-13,4
9131f7ff91fc,2023-12-13,4
1509b081ab03,2023-12-13,4
0ef4f9536e6c,2023-12-13,4
2e5689ba22bb,2023-12-13,4
487744678e38,2023-12-13,4
e52af33f90bb,2023-12-13,4
7eb06ad03745,2023-12-13,4
f4d020c6df6a,2023-12-13,4
cd4bdf02d0bf,2024-01-15,4
497fae298dbd,2023-12-13,4
1a0a1b0dbb5f,2023-12-13,4
d6c3d606b575,2023-12-13,4
bb8ad69fa0d1,2023-12-13,4
5a6d5e93401a,2023-12-13,4
afcbd4b4d5e1,2023-12-13,4
5c28d37998e8,2023-12-13,4
744dfaa27c1b,2023-12-13,4
b3c9701c4882,2023-12-13,4
69ba74fac5af,2024-04-09,4
c223c3aafa06,2023-12-13,4
1198cdac53a1,2023-12-13,4
280242932afe,2023-12-13,4
0355abb7af3f,2023-12-13,4
0b509ce4aff5,2023-12-13,4
75220cb120df,2024-02-05,4
e4a2c8f26d03,2023-12-13,4
c960426edf16,2023-12-13,4
527d39c44570,2023-12-13,4
c8e78be58153,2023-12-13,4
6e825650367e,2023-12-13,4
b773b08453ee,2023-12-13,4
0033a62250ac,2023-12-13,4
2579286fca14,2023-12-13,4
97239012c0ce,2023-12-13,4
b9f9c3fccec5,2023-12-13,4
b1fbe02736f2,2023-12-13,4
458bd228cbfc,2023-12-13,4
1f966092b8ab,2023-12-13,4
aa70a8d88576,2023-12-13,4
4947b4f5ba45,2023-12-13,4
9a58ef99e3e3,2023-12-13,4
e4bb62e35936,2023-12-13,4
8f3a9de11a6f,2024-08-02,4
11475e3af491,2023-12-13,4
b15adc9a5013,2023-12-13,4
83c6b08e271d,2024-09-19,4
cec181223112,2024-07-01,4
6ae4e1d82c3e,2023-12-13,4
7880e409342c,2023-12-13,4
38863efa8459,2023-12-13,4
f1b4f717b1fe,2023-12-13,4
417df0603f41,2023-12-13,4
d639122c997e,2023-12-13,4
db95e868d677,2023-12-13,4
a102809eac78,2023-12-13,4
d8745d8cb813,2023-12-13,4
abeebbc317be,2024-07-26,4
128f33e1721d,2023-12-13,4
58e8c19aa529,2024-09-06,4
9ba8e517ec1d,2024-01-23,4
921d71d77861,2023-12-13,4
72ec58dcce99,2024-09-04,4
4d9cd98f5018,2024-09-04,4
1aa639dc6a3e,2024-09-04,4
5515edd6e75a,2024-06-04,4
c981422931d8,2023-12-13,4
78b4d8fbae1e,2023-12-13,4
218543e3c41c,2023-12-13,4
95e4ae27ac21,2023-12-13,4
8fd6ff838d9e,2023-12-13,4
0e00df040ada,2023-12-13,4
921f0d91b560,2024-07-29,4
72d51799a376,2023-12-13,4
3380df834265,2023-12-13,4
1988d019b431,2023-12-13,4
84488dd828d4,2023-12-13,4
d2f7fc971df6,2023-12-13,4
3bf9f0c329e2,2023-12-13,4
5a63501c40a8,2023-12-13,4
8702ed14266c,2023-12-13,4
f12a2c8085d2,2023-12-13,4
6bbda9de1ff2,2024-03-04,4
ef229dac8309,2023-12-13,4
5b5634033143,2023-12-13,4
33fccd006dec,2023-12-13,4
93441783fb18,2023-12-13,4
1ea44647eeaa,2023-12-13,4
32d5d64e9b89,2023-12-13,4
7f9598a0a312,2023-12-13,4
5283258d11ac,2023-12-13,4
06b65bff53ef,2023-12-13,4
bd352cc59880,2023-12-13,4
404517d73726,2023-12-13,4
e2681d0d1a80,2023-12-13,4
293375605257,2023-12-13,4
6b08cb5748a0,2024-09-12,4
4bd9a472f8cb,2023-12-13,4
afb7c7a5b41c,2024-09-09,4
d329210ed6f0,2024-09-09,4
64b6c30b7f7b,2023-12-13,4
251625935dbe,2023-12-13,4
0c466e305540,2024-02-13,4
78bcf7358d27,2023-12-13,4
3669ffa4976d,2023-12-13,4
af5da21033c3,2023-12-13,4
ff8e81971192,2023-12-13,4
eed2ef138e80,2023-12-13,4
f2cc5792e260,2023-12-13,4
5dbc03af959b,2023-12-13,4
bdb8361cc27f,2023-12-13,4
7d2d3289fb71,2023-12-13,4
7139b5b41936,2023-12-13,4
bf139c97a862,2023-12-13,4
5b8c34d54d01,2024-09-13,4
463e9d1b0134,2023-12-13,4
286cadb11139,2023-12-13,4
05fe660448c7,2024-08-05,4
4006d7dc01f2,2023-12-13,4
652e6084988d,2023-12-13,4
093830ef33f1,2023-12-13,4
232c14edcc10,2023-12-13,4
dfa7fba71f1c,2023-12-13,4
59ad19c4e9fb,2023-12-13,4
53c123c34a8b,2023-12-13,4
07b60509a34d,2023-12-13,4
936aefe89237,2023-12-13,4
573f2aa3f8e5,2023-12-13,4
4965e554971b,2023-12-13,4
c933a0b71db9,2023-12-13,4
b5ffd9faa808,2023-12-13,4
3b5e791142f3,2023-12-13,4
b297019cb5db,2023-12-13,4
e8fa40aacaa9,2023-12-13,4
902780f0431e,2023-12-13,4
c4fab1d8e19b,2023-12-13,4
279845251139,2023-12-13,4
d28842d44b8e,2023-12-13,4
7df434ee3779,2023-12-13,4
61e39e306340,2023-12-13,4
87d3ea7945e7,2023-12-13,4
c35a5e0b390a,2023-12-13,4
23228be250ab,2023-12-13,4
3a4ea5073e0c,2023-12-13,4
10d848b68c87,2023-12-13,4
19dfe802ea1b,2023-12-13,4
7fb03f1599f4,2023-12-13,4
17dd08113208,2023-12-13,4
0a9a8499ce79,2023-12-13,4
d44dba2563cf,2023-12-13,4
7fe44ecde2bb,2023-12-13,4
eab2edf521cb,2023-12-13,4
943752c2bb73,2023-12-13,4
46af67699a06,2023-12-13,4
30868d86d764,2023-12-13,4
3b655fd98565,2023-12-13,4
575f70c37868,2023-12-13,4
20d03ea39602,2024-04-20,4
de3006f9b608,2023-12-13,4
98ae28b25e45,2023-12-13,4
ec5f05c621da,2023-12-13,4
37ab1aafe55e,2023-12-13,4
9c680aac53ce,2023-12-13,4
61484f83fbbf,2023-12-13,4
1199e1e209e8,2023-12-13,4
b63fc17e3183,2023-12-13,4
d619bdd8fbd9,2023-12-13,4
67d870ea1f98,2023-12-13,4
a2c9734be732,2024-06-03,4
487a53785450,2023-12-13,4
d3eb22fe251a,2023-12-13,4
14ba924f2c7d,2023-12-13,4
18d0dd039cd8,2024-05-13,4
80df8bc66e73,2023-12-13,4
e3f6367637a2,2023-12-13,4
5d2675681e51,2023-12-13,4
df11ca7958f9,2023-12-13,4
ba1e135aa631,2023-12-13,4
9a644de0f30b,2023-12-13,4
d96ff88cf281,2024-08-30,4
09d6a7a13a77,2024-09-03,4
c766d7a3f1e4,2023-12-13,4
ba17afb79386,2023-12-13,4
5809b237fc8b,2023-12-13,4
73c86afffab3,2023-12-13,4
75bdc6fef86f,2023-12-13,4
9734b9236e5a,2023-12-13,4
747f22bb4cc4,2023-12-13,4
bcdd00537f72,2023-12-13,4
b5a0973c292d,2023-12-13,4
8b2b556fa192,2023-12-13,4
395fe00c1ba2,2023-12-13,4
15ed656f848e,2024-09-12,4
2fe8438ddc54,2023-12-13,4
46044346dcf2,2023-12-13,4
32550ffffd83,2023-12-13,4
1a135a0c3e60,2023-12-13,4
4dcde3b3832e,2023-12-13,4
3145d9b07a4a,2023-12-13,4
30e94f69bc0b,2023-12-13,4
ab40a6d8b588,2023-12-13,4
1096101065b6,2024-03-07,4
f428b99b3d22,2024-09-12,4
f3d22b87288a,2023-12-13,4
54b3dccf5bb2,2023-12-13,4
9fec84637d5c,2023-12-13,4
5fce4b5e5738,2023-12-13,4
a0683fb630d2,2023-12-13,4
8f6aeca1a95b,2024-06-21,4
bd45201bf6c9,2023-12-13,4
5629c32a9cc3,2023-12-13,4
bb92d0a15557,2023-12-13,4
1bba828eeb02,2023-12-13,4
9e371c6b78bb,2023-12-13,4
be3c5d712644,2023-12-13,4
85e91e1b6ae2,2023-12-13,4
1c2c7b3b98c6,2023-12-13,4
4cd99aeed4b1,2023-12-13,4
d52a0d4d2661,2023-12-13,4
c9c4a6e34f25,2024-09-26,4
b85cffad44a5,2023-12-13,4
1013b2b5b66d,2023-12-13,4
b81a65c4f9c3,2023-12-13,4
277b85f6f340,2023-12-13,4
e0557c2233fb,2024-01-19,4
eeb9d07a5861,2023-12-13,4
3dccea73f714,2023-12-13,4
4123489c275d,2024-08-26,4
9dc6012632f5,2023-12-13,4
c70586be150e,2023-12-13,4
fbb13afcf861,2023-12-13,4
bb601947b479,2023-12-13,4
f87a3f7f8fa3,2023-12-13,4
7096ae220ee0,2023-12-13,4
a1c07364dada,2023-12-13,4
52a3d27139df,2023-12-13,4
0d7be9c5b735,2023-12-13,4
27a9e243c2e7,2023-12-13,4
427c7de24f1c,2024-09-02,4
691cca538bc4,2024-04-09,4
8c9d638a9581,2023-12-13,4
43e633c3faf3,2023-12-13,4
9c98d60b51d7,2023-12-13,4
82ed736af718,2023-12-13,4
60e5cd1aef7c,2023-12-13,4
fca999151178,2023-12-13,4
a34b95b59f07,2023-12-13,4
307c67285f40,2024-04-16,4
8995828cd415,2023-12-13,4
5172bf3a01d4,2023-12-13,4
77e371f927a5,2023-12-13,4
5b1890fb725f,2023-12-13,4
7464a0ebd828,2023-12-13,4
17359509a8a2,2023-12-13,4
62a07fc17174,2023-12-13,4
9a125a9c104b,2023-12-13,4
b309e32e9b76,2023-12-13,4
9acf4be46381,2023-12-13,4
e56cabdda912,2023-12-13,4
8e5c5081733e,2023-12-13,4
5202cfde5524,2023-12-13,4
94c4d2c1335b,2023-12-13,4
16ce83d2e5a9,2023-12-13,4
285528661eb5,2023-12-13,4
985a02d232d1,2023-12-13,4
6d2218a8ad72,2024-09-23,4
6608a3edb25f,2023-12-13,4
44aa598d89e6,2023-12-13,4
26e50c4fa7d2,2023-12-13,4
1e4ddef3eb33,2023-12-13,4
bb55aafdd5cb,2023-12-13,4
c38e616945ac,2023-12-13,4
62a46c2bdac0,2023-12-13,4
52b346b9de3f,2023-12-13,4
5264bf1f8ad9,2023-12-13,4
485fa7698222,2023-12-13,4
ce2aca322481,2023-12-13,4
dc0964da44ad,2024-09-05,4
c5f41e22fb8d,2023-12-13,4
e5cea584dee6,2023-12-13,4
ef66c678f078,2023-12-13,4
6604cf1ed861,2023-12-13,4
f1ce2d993851,2023-12-13,4
d295e1d0f2c0,2024-04-20,4
7e71be61a33a,2023-12-13,4
f6fe32323f61,2023-12-13,4
27b649d1dbcf,2023-12-13,4
731d44eeb0e4,2023-12-13,4
60f1ff6449fd,2023-12-13,4
76bdae9c7259,2023-12-13,4
82083f098ce7,2023-12-13,4
092aafa45d03,2023-12-13,4
1ec865c8534b,2023-12-13,4
55853d7c4f91,2023-12-13,4
d9c78c707621,2023-12-13,4
ae5d10d41588,2023-12-13,4
d8a691ddcb5e,2023-12-13,4
e3afdbc3b08c,2023-12-13,4
37bb1b54141a,2023-12-13,4
0763ea711e71,2023-12-13,4
393b34622d1a,2023-12-13,4
dbf2727c39e6,2023-12-13,4
84813d5044e6,2024-08-01,4
14a302c21443,2023-12-13,4
854a6a98945d,2023-12-13,4
3640edd47240,2023-12-13,4
d2f975315972,2023-12-13,4
428e4de17e42,2023-12-13,4
9c576befd392,2023-12-13,4
297da5ea064a,2023-12-13,4
e9ed2ca6a2de,2024-03-28,4
35c2ae559a77,2023-12-13,4
34d5b46436cd,2023-12-13,4
727d99c6a601,2024-09-12,4
e7e4333da77e,2024-09-23,4
6fda05e7f4f5,2023-12-13,4
dc25e4b13bd7,2023-12-13,4
cbb785980583,2024-09-23,4
55f624a5c66c,2023-12-13,4
aeb792084d1a,2023-12-13,4
75e1e3ffff84,2023-12-13,4
359024bc20ef,2023-12-13,4
67c2c6ade2f2,2023-12-13,4
743b36bc99fc,2023-12-13,4
d8dfcb571f60,2023-12-13,4
1b45892bb5e6,2023-12-13,4
aef5d4c81053,2023-12-13,4
9bb563483fa6,2023-12-13,4
a23b642e60e9,2023-12-13,4
75ac32201a53,2023-12-13,4
5380043f8a32,2023-12-13,4
aa1fc6d9e345,2023-12-13,4
98175cd1e6cc,2023-12-13,4
3ed3471e5e3d,2023-12-13,4
1a1eee318ff9,2023-12-13,4
6d7af5535997,2023-12-13,4
d468a8a6a544,2023-12-13,4
b0c80443e364,2023-12-13,4
dd1e126cdb95,2023-12-13,4
a1ce9ba6f9ac,2023-12-13,4
05863f3a3a76,2024-08-05,4
e5ac5add14b7,2024-08-05,4
c11e396524e0,2023-12-13,4
c01e77ac0da8,2023-12-13,4
40b1d2a2a9c1,2023-12-13,4
cf866e2b6d99,2023-12-13,4
75d78c595e83,2023-12-13,4
f79d8ea41660,2023-12-13,4
fa2e7d3bbc1d,2023-12-13,4
69df55314575,2023-12-13,4
59ec1e81124b,2023-12-13,4
b03822576950,2023-12-13,4
8d235482f7c8,2023-12-13,4
843b1a3a792a,2023-12-13,4
248a7ee2ba06,2023-12-13,4
e29648b4a82c,2023-12-13,4
c8739fe09f52,2023-12-13,4
ca37bb37e5a9,2023-12-13,4
5081987da3f0,2023-12-13,4
8cf2fab30cbe,2023-12-13,4
1775c18279a0,2023-12-13,4
c5e4c46c5f7c,2023-12-13,4
2ddc955de71b,2024-08-22,4
b4c7f843cb0c,2023-12-13,4
c1eeb88d0f5b,2023-12-13,4
cd97cfec05ee,2023-12-13,4
077e1ed7e3c7,2023-12-13,4
9eaa3552b91d,2023-12-13,4
ab2abdb82fed,2023-12-13,4
99da3a0ba933,2023-12-13,4
0b280bc27775,2023-12-13,4
e852bb0cd67b,2023-12-13,4
8b08f85e19b4,2023-12-13,4
285e9d1f9376,2023-12-13,4
da8cb5bbc805,2023-12-13,4
f9b1737cc57d,2023-12-13,4
7831ff7ddf8c,2023-12-13,4
0b055e274bf5,2023-12-13,4
5794da0961d7,2023-12-13,4
9b2c0df89cba,2023-12-13,4
3aaaa7910441,2024-06-19,4
9d246fef2185,2024-08-14,4
1206dfb7bc56,2023-12-13,4
29509ed3a038,2023-12-13,4
bb6cbb39cb32,2024-08-14,4
b4953a1f64b9,2024-08-14,4
e870213c3c3d,2024-08-14,4
e3b71db07326,2023-12-13,4
3653d6a28f0c,2023-12-13,4
f03e2c8d70a5,2023-12-13,4
43bdaf283b71,2023-12-13,4
36cd7e1119c5,2023-12-13,4
4ccf7e0e209e,2023-12-13,4
64a318aff62e,2023-12-13,4
dcca681c3763,2023-12-13,4
e1cdba329a82,2023-12-13,4
758e46c4fd2a,2023-12-13,4
2304a06993b7,2023-12-13,4
81d90095a9f3,2023-12-13,4
5a6333549243,2023-12-13,4
37181e80e923,2023-12-13,4
85468da957f6,2023-12-13,4
8fd9f7fb8d15,2023-12-13,4
c414a3826fb0,2023-12-13,4
f9461e5cd714,2023-12-13,4
df83d13fe0f8,2023-12-13,4
e532b6aa29ad,2023-12-13,4
4c4ab02de57d,2023-12-13,4
66e1492c09e6,2023-12-13,4
60a09db3ff7c,2023-12-13,4
e2a632620d61,2023-12-13,4
d96d490b5d26,2023-12-13,4
76f17ffcc8aa,2023-12-13,4
14142c3be2e4,2023-12-13,4
578775464ed2,2023-12-13,4
986099021f21,2023-12-13,4
21cd0d410484,2023-12-13,4
25761e06e823,2023-12-13,4
c670bbd28d8a,2023-12-13,4
72162208f1ec,2023-12-13,4
5ddda16d033f,2023-12-13,4
deb52f80639e,2023-12-13,4
ae77e6281194,2023-12-13,4
c5290aab8bc1,2023-12-13,4
5535135ec159,2023-12-13,4
be022f804e99,2023-12-13,4
3e2949d4dec7,2024-07-23,4
f182d97ddb26,2023-12-13,4
32e38b5d9e35,2023-12-13,4
fc0e1464d5ae,2024-07-25,4
8bd357c845a9,2024-09-25,4
1ee919c03ac2,2023-12-13,4
a2bead592257,2023-12-13,4
24734f82a796,2023-12-13,4
dd9d652825c8,2023-12-13,4
aeaa08d3fca9,2024-08-08,4
322fc57646f0,2023-12-13,4
1a2973c18bc4,2023-12-13,4
8b0dcb489816,2023-12-13,4
304f9d3073e9,2023-12-13,4
a5b738e402b3,2023-12-13,4
ecd8bd14f91a,2023-12-13,4
36c605dcf45b,2023-12-13,4
4a13fca30bb3,2023-12-13,4
b06597fb477d,2023-12-13,4
986aff0382a8,2023-12-13,4
8f1dfa816297,2023-12-13,4
22a3ec1ab504,2023-12-13,4
0f1b59d40f42,2023-12-13,4
9b73baecf9dd,2023-12-13,4
1fea1f54a7ec,2023-12-13,4
8e098ccdff81,2023-12-13,4
db1909a87ceb,2023-12-13,4
599f1d4fd756,2023-12-13,4
549059b909c6,2023-12-13,4
6a0b0f254a2d,2023-12-13,4
eb760d8c7bb7,2024-04-20,4
59f19983b38a,2024-07-01,4
47dc4eb77cb0,2024-02-05,4
12d4beecdd06,2024-09-12,4
6915557486ee,2024-07-23,4
ca285acc0bd4,2024-06-07,4
602da28eb363,2024-08-13,4
b9a25cbd644a,2023-12-13,4
b46325820eff,2023-12-13,4
2f57cc4f6a8f,2023-12-13,4
12dfd04b1d96,2023-12-13,4
da1b61d019c9,2023-12-13,4
f4eb7263b9fb,2023-12-13,4
e94ce9518466,2023-12-13,4
f5bfdd9d0824,2023-12-13,4
a44cdadf2b3d,2023-12-13,4
2cb56f86cf4d,2023-12-13,4
1ddb54f8ec8d,2023-12-13,4
e5cebf9a2793,2023-12-13,4
73bc4fe02fb6,2023-12-13,4
7e86f0063b6c,2023-12-13,4
f312668435ca,2023-12-13,4
abd0b1dbb13d,2023-12-13,4
15dd6dd5dac3,2023-12-13,4
10d573f3c601,2023-12-13,4
138774938580,2023-12-13,4
4427cd1def0a,2023-12-13,4
978c4f5ac6d2,2023-12-13,4
a9f1cb3b6ff8,2023-12-13,4
b22106e9b061,2023-12-13,4
7e2c34d15b08,2023-12-13,4
2eea0850bdf1,2023-12-13,4
68e466c2f98a,2023-12-13,4
4ab15f2ad07e,2024-08-08,4
3c93c9e32812,2023-12-13,4
ce20cf76ed36,2023-12-13,4
6bb03ca66802,2023-12-13,4
63eb88e80300,2024-04-09,4
eea7082247bf,2024-09-16,4
a4b10dfa7697,2023-12-13,4
9c7af01c0ec6,2023-12-13,4
5335e6283ff2,2023-12-13,4
7cbe53cab45e,2023-12-13,4
ef6c6fc6b982,2023-12-13,4
dbdf6ad18bf6,2023-12-13,4
4672cdb1b8cd,2023-12-13,4
685acdca1582,2023-12-13,4
9c7ca2011f13,2024-08-08,4
5de3e4aaf54f,2023-12-13,4
ab6944780804,2024-07-29,4
851faf83bc63,2023-12-13,4
18498e66281c,2023-12-13,4
f93d6076d49a,2023-12-13,4
8ee1fa7352e7,2023-12-13,4
59426bf766e7,2023-12-13,4
f75c246286e9,2023-12-13,4
601c1002da0d,2023-12-13,4
dc482aa7d241,2023-12-13,4
6ebd0f89b2ad,2023-12-13,4
0b57f8cbd002,2023-12-13,4
1067211ab51c,2023-12-13,4
16b22351d5e7,2023-12-13,4
c1d7fe5d280b,2023-12-13,4
d0a2c8f70d25,2023-12-13,4
cdb4331cfe42,2023-12-13,4
82cd1f6cba27,2023-12-13,4
9c6f87e39cb4,2023-12-13,4
5015dcb4ecfb,2023-12-13,4
1657461a78df,2023-12-13,4
3868b846a250,2023-12-13,4
fcd2b784e27b,2023-12-13,4
4a3e8b158558,2023-12-13,4
08ccbcb4f409,2023-12-13,4
f6530e990a66,2023-12-13,4
ca04f0caefd3,2023-12-13,4
864dd16afcde,2023-12-13,4
be89a7a72f2b,2024-09-05,4
e8f11dcae334,2023-12-13,4
6cecfc43bd98,2023-12-13,4
c9270ed45c1a,2023-12-13,4
306e44785ada,2023-12-13,4
20ad4ec264a4,2023-12-13,4
80b5cf83b48b,2023-12-13,4
16781188edcd,2023-12-13,4
dcb850400ca7,2023-12-13,4
7b88a5998d60,2023-12-13,4
086a135c91f5,2023-12-13,4
6233806b3e3c,2023-12-13,4
ffc2aa4c7c14,2023-12-13,4
ea82fb168a27,2023-12-13,4
e269631dcb39,2023-12-13,4
15dc87b629e3,2023-12-13,4
e11587f6cf1f,2023-12-13,4
f326105116e1,2023-12-13,4
283a0b64dae6,2023-12-13,4
334f741b61bc,2023-12-13,4
63ad50ca6d7d,2023-12-13,4
1c0ce2c771e0,2024-02-28,4
9515c933180b,2023-12-13,4
8c1eaa53570a,2023-12-13,4
c6ce32d9d678,2023-12-13,4
d44dd01e12eb,2023-12-13,4
162ce7511fab,2023-12-13,4
b1a1f407c27e,2023-12-13,4
f90755096485,2023-12-13,4
9639a86f62ea,2023-12-13,4
a7a82132ab4a,2023-12-13,4
6b713546b54a,2023-12-13,4
a7cff9c0fdd4,2023-12-13,4
06c24c4915e0,2023-12-13,4
d15f119d2503,2023-12-13,4
05623e76a246,2023-12-13,4
cb1b8e1d5dd8,2023-12-13,4
f30afd9e679c,2024-09-03,4
895f92853c33,2023-12-13,4
e49004858bbb,2023-12-13,4
2403ab92796a,2023-12-13,4
7e7fe2d3fcfe,2023-12-13,4
8aa87c2aee29,2023-12-13,4
093f837245bc,2023-12-13,4
739d1900b9a0,2023-12-13,4
9c520b9f4a43,2023-12-13,4
e18fc85777db,2023-12-13,4
532e7919d4d2,2023-12-13,4
f04ae971c869,2023-12-13,4
0ba1a8608e45,2023-12-13,4
9bb7158d91bf,2023-12-13,4
5b78d4f37828,2023-12-13,4
b34191c396f8,2023-12-13,4
84be36731235,2023-12-13,4
cd7f159c9552,2023-12-13,4
390992034f5d,2023-12-13,4
dd9846a43610,2023-12-13,4
8592adc5d6b6,2023-12-13,4
3627e52befc7,2023-12-13,4
75223e4933ba,2023-12-13,4
f09beb739879,2023-12-13,4
56365d6d784a,2024-02-22,4
73de939bb7ee,2023-12-13,4
d693b4803241,2023-12-13,4
f18f6998663d,2024-05-28,4
3b96651edec6,2023-12-13,4
72fe892ee8a1,2023-12-13,4
b9cc2dc393a2,2023-12-13,4
1a9fa827c23b,2023-12-13,4
defcf14306c1,2023-12-13,4
f9a0e548c212,2023-12-13,4
f5fa8bde4a03,2024-07-15,4
b80dbdf1b15b,2023-12-13,4
86ce58278814,2024-07-02,4
3e6a85b79690,2023-12-13,4
25f9e698b493,2023-12-13,4
debe7333d243,2023-12-13,4
8dc07dc3a36b,2023-12-13,4
1d9356c299f6,2023-12-13,4
89a72ba906a1,2023-12-13,4
a314cf8e972f,2024-06-04,4
bb28cd5f7766,2023-12-13,4
d8bca426ae65,2023-12-13,4
36bf6a149f02,2023-12-13,4
fd7464d65a72,2023-12-13,4
b41ecd6bcb90,2023-12-13,4
56f0a3574911,2023-12-13,4
be077228ccb1,2023-12-13,4
d962d93e7d2c,2024-04-22,4
cdcc458ac186,2023-12-13,4
0a9b8e6844b1,2023-12-13,4
4501efafaaa4,2023-12-13,4
1b0b5f9cfd0e,2023-12-13,4
b765468e1946,2023-12-13,4
15600c43e1af,2023-12-13,4
683284cabd79,2023-12-13,4
7a89c1473269,2023-12-13,4
ace26885cb30,2023-12-13,4
c020ce380ece,2023-12-13,4
5151565ef24e,2024-05-16,4
be88f94e02c2,2023-12-13,4
d3794abe165e,2023-12-13,4
a47ab4d30538,2023-12-13,4
18069f6b6862,2023-12-13,4
1f7daf2c9f6b,2023-12-13,4
fedd68f8701c,2023-12-13,4
bc866cb31ccf,2023-12-13,4
d8fd59ad47ae,2023-12-13,4
9672cbdb8534,2023-12-13,4
6c1ce4c4896a,2023-12-13,4
4db97ae0abdb,2023-12-13,4
27bc35d45c96,2023-12-13,4
26ddf069c0a1,2023-12-13,4
e53621aba225,2023-12-13,4
3df382b80ea9,2023-12-13,4
390a978e96aa,2023-12-13,4
5b01c134fde5,2023-12-13,4
cded5e54dc76,2023-12-13,4
c1a3f502b0ff,2023-12-13,4
621e3e02362d,2023-12-13,4
7dcb6c3766b3,2023-12-13,4
c752ca1feb9b,2023-12-13,4
7aa215a60c36,2023-12-13,4
de6afecdfcab,2023-12-13,4
5db78f2812c6,2023-12-13,4
cb97d8c9ba31,2023-12-13,4
6b5d639508b1,2023-12-13,4
2766d18b1b9f,2023-12-13,4
28e5209dccaf,2023-12-13,4
2e91a8826fcd,2023-12-13,4
e7f62c3ef98a,2023-12-13,4
3f280064dc40,2023-12-13,4
a0f4bd2657bb,2023-12-13,4
ec189e5480a5,2023-12-13,4
6b800de75fa6,2023-12-13,4
c75da376a5a1,2023-12-13,4
74d6ed799e21,2023-12-13,4
a49af4d082a9,2023-12-13,4
97d59bee4800,2023-12-13,4
a1fdfe5d63c4,2023-12-13,4
435ee1e52e52,2023-12-13,4
0c0b50aa8b6c,2023-12-13,4
d4a8852e9c4a,2023-12-13,4
4cb711cad7bb,2023-12-13,4
2d69406a2ef7,2023-12-13,4
2f626ce28e16,2023-12-13,4
563a52475d22,2023-12-13,4
1783415a39c7,2023-12-13,4
f2b5e19c8eb3,2023-12-13,4
2e020015526b,2023-12-13,4
8ab8b647b254,2023-12-13,4
6f2a6be14f3a,2023-12-13,4
ff4431e6a727,2023-12-13,4
f1fe43faa3fc,2023-12-13,4
55cc8b45e69a,2023-12-13,4
49208094e8b5,2023-12-13,4
716e7a9dbd3d,2023-12-13,4
15383d9d4d17,2023-12-13,4
90b1eff3bc8b,2023-12-13,4
d5540aca2172,2023-12-13,4
1208f8c0e85c,2023-12-13,4
6fd4ab6f4f96,2023-12-13,4
c074067174c9,2023-12-13,4
7abfc9dd37ff,2023-12-13,4
1e3d71278d37,2024-06-16,4
aeb000b7773c,2023-12-13,4
0c5398324300,2024-06-03,4
4f2f59c2df02,2023-12-13,4
e0eca3b442ce,2023-12-13,4
f5a1997d55e0,2023-12-13,4
783644fe9a0f,2024-06-03,4
2b3ddf2a0c42,2023-12-13,4
6b8a6b373f94,2023-12-13,4
7c896353dc52,2023-12-13,4
fdab92fd6ec4,2023-12-13,4
5ffb5fbc23f5,2023-12-13,4
ec8482c1ecb1,2023-12-13,4
311b9428da85,2023-12-13,4
d1fb23c39c38,2023-12-13,4
e2a133a38326,2023-12-13,4
0b6e356667c2,2023-12-13,4
1f94adadac90,2023-12-13,4
419adba0cb81,2023-12-13,4
4ff3596d511c,2023-12-13,4
7c8bc0f5bf3a,2023-12-13,4
bb103114566a,2023-12-13,4
78cfff573889,2024-04-26,4
0f22794e5fbc,2024-06-25,4
cf9622dde354,2024-06-25,4
27fb9c970cc2,2024-07-03,4
e696576bd067,2024-09-24,4
c3b5ea5ce654,2023-12-13,4
4d28af7c7654,2023-12-13,4
3444da688df9,2023-12-13,4
95ce7fd9e510,2023-12-13,4
577ca1ad1a29,2023-12-13,4
bd95567c4047,2023-12-13,4
195c44d0c46a,2024-04-04,4
1658f16ea9cf,2023-12-13,4
b9000f8bc169,2023-12-13,4
e4ab38087996,2023-12-13,4
79b339e34f09,2023-12-13,4
8f881ab47089,2023-12-13,4
c024d5019549,2023-12-13,4
3608e8859e87,2023-12-13,4
3fe2ddec6704,2023-12-13,4
390b7ac3caa9,2023-12-13,4
5d3937581cba,2023-12-13,4
05d7ac1561c1,2023-12-13,4
9f2d8783fcce,2023-12-13,4
9e3d3a562444,2023-12-13,4
7551ad0d221a,2024-09-05,4
81072c44638f,2023-12-13,4
b2fff3da4c83,2023-12-13,4
d387d2b9a12f,2023-12-13,4
b8b4ee8c15cd,2023-12-13,4
fbfc8ad1bd77,2023-12-13,4
b28dfbd7b3bf,2023-12-13,4
7ad849c5c671,2023-12-13,4
5ce847605725,2023-12-13,4
d5094e0cffeb,2023-12-13,4
92c49d176dac,2023-12-13,4
52339bdbd52d,2023-12-13,4
a1a870632ee2,2023-12-13,4
3f70e6b09438,2023-12-13,4
70e37361b0d0,2023-12-13,4
50cfa8392a85,2023-12-13,4
480749be43f3,2023-12-13,4
dcb031ce0138,2023-12-13,4
1ae4f976f3a5,2023-12-13,4
42aac19c6cce,2023-12-13,4
01b4cad8754e,2023-12-13,4
933f844a40c1,2023-12-13,4
5bfe1100bded,2023-12-13,4
0f116ff0b63a,2023-12-13,4
53f46429c9be,2023-12-13,4
a678fdc7f41f,2023-12-13,4
dea52b8309f2,2023-12-13,4
c8d65a874da0,2023-12-13,4
123eb9dafb2b,2023-12-13,4
487e1008bb8c,2023-12-13,4
c7dc126cde46,2024-01-24,4
febc72d25f77,2023-12-13,4
4b2c9298c15e,2023-12-13,4
c0e8d94fb07e,2023-12-13,4
5a94b7d6cb21,2023-12-13,4
70f4f27f5b60,2023-12-13,4
d63b63612407,2023-12-13,4
f2d2ab8161e8,2023-12-13,4
2cf654bfb786,2023-12-13,4
bb443e9ff8c8,2023-12-13,4
9a27f9ee159c,2023-12-13,4
ed43a1fbfdb4,2023-12-13,4
84efd9e3abbf,2024-04-03,4
07f04cd4841a,2023-12-13,4
c9fd70e5c6aa,2023-12-13,4
527e1eea7f18,2023-12-13,4
a8fbf12cf4e8,2023-12-13,4
24bac17a7d27,2023-12-13,4
fb401bfcedec,2024-02-26,4
c385c93f57ea,2023-12-13,4
41796c70724b,2023-12-13,4
51298e779638,2023-12-13,4
6214e587ff47,2023-12-13,4
e029c01a452a,2023-12-13,4
446a2c5ec996,2023-12-13,4
5d95e68d56be,2023-12-13,4
766c12d4e0bf,2023-12-13,4
44a1498641e2,2023-12-13,4
8bffba16a67d,2023-12-13,4
5ed53250d6fc,2023-12-13,4
75ffda68e11e,2023-12-13,4
702fcebfe3af,2023-12-13,4
a16c7f21f982,2023-12-13,4
7d4acf72285d,2024-07-10,4
9a501606cfae,2023-12-13,4
bdd43428886c,2023-12-13,4
b0d263dab842,2023-12-13,4
2485f5a1d5ef,2023-12-13,4
034037aebd6e,2024-04-01,4
26a9266c42c4,2023-12-13,4
266ae2d7b7e2,2023-12-13,4
ee5c7a63e301,2023-12-13,4
0532ccd6f31d,2023-12-13,4
cd6144c78460,2023-12-13,4
6d42a453d9c1,2023-12-13,4
211171fd6b9b,2023-12-13,4
a8c99d09719f,2023-12-13,4
05ca7c51d3e3,2023-12-13,4
b50c0cac5734,2023-12-13,4
af44058d53c7,2023-12-13,4
2e8fb98cddb3,2023-12-13,4
de9df1c05d25,2024-08-08,4
331e075d71b6,2023-12-13,4
a912858b81dd,2024-02-21,4
84eb06c7fc4f,2023-12-13,4
2c790b1e5862,2023-12-13,4
1b28a4d2385e,2024-08-13,4
b2be89558400,2023-12-13,4
c209b0753ba7,2023-12-13,4
7b32e66dc6ef,2023-12-13,4
e2cd2cbfdf76,2024-09-12,4
d841a37222cd,2024-08-13,4
f1486f3bbf68,2024-09-12,4
031a31cae76e,2023-12-13,4
e4b433ac846d,2024-03-04,4
1f86941883f6,2024-04-22,4
0d2ac0edf1c8,2023-12-13,4
29098e3565ff,2023-12-13,4
50b2381802b5,2023-12-13,4
3086e9d5045d,2023-12-13,4
21362282f346,2024-08-29,4
c1409c64cbf6,2023-12-13,4
aa8b8cb6c658,2023-12-13,4
ac258eb591e2,2023-12-13,4
e062d121c57e,2023-12-13,4
38c6d35259a0,2023-12-13,4
d97767d11ece,2023-12-13,4
616827a4b7d7,2023-12-13,4
1a452a1f9cd2,2023-12-13,4
5fea0593f47a,2023-12-13,4
eb7c1757ccda,2023-12-13,4
05503d744c6c,2023-12-13,4
276778ea3cc7,2023-12-13,4
98fa554676c0,2023-12-13,4
378b61df7177,2023-12-13,4
9d0c6ec9f148,2023-12-13,4
3fab702fa502,2023-12-13,4
78db35d47ffb,2023-12-13,4
04173f42c961,2023-12-13,4
7a1602c29b55,2023-12-13,4
153432ce5c80,2023-12-13,4
5532b9841afc,2023-12-13,4
a7f920b4ed86,2023-12-13,4
01f3310400c5,2023-12-13,4
e54d8a3242ea,2023-12-13,4
8bc852da162f,2023-12-13,4
e6d7a82b6873,2023-12-13,4
bbcba297548b,2023-12-13,4
ce5d4d3f156a,2023-12-13,4
db23906d0562,2023-12-13,4
c1b0d4c768a2,2023-12-13,4
c5bf60aab059,2023-12-13,4
6dffd457cfb1,2023-12-13,4
79cc1d90123b,2023-12-13,4
8b1e0cb0d795,2024-06-04,4
fcca626ed6c3,2023-12-13,4
7b8f2b74e368,2023-12-13,4
896e379fedd2,2024-06-04,4
ab2e27af7b21,2023-12-13,4
d560304efca0,2023-12-13,4
0d58d847bc54,2023-12-13,4
8616a286a0b1,2023-12-13,4
3fe3479b31da,2023-12-13,4
2dc303cf999a,2023-12-13,4
44ffbf9b4193,2024-06-27,4
a74f6f974a23,2023-12-13,4
682552856495,2024-08-28,4
7cf10cf10f85,2023-12-13,4
50db8a17b4c1,2023-12-13,4
74391a80aa0a,2023-12-13,4
90efcab2f1d9,2023-12-13,4
728c302052f4,2023-12-13,4
4d4d6c48b390,2023-12-13,4
f8563c481ea8,2024-04-20,4
dd633200a6d5,2023-12-13,4
86e88782e693,2023-12-13,4
2129b7228680,2023-12-13,4
efa8cf54addb,2023-12-13,4
35143de74138,2023-12-13,4
d4d32b066948,2023-12-13,4
77579cf18c5f,2024-09-02,4
ff217d74f40f,2023-12-13,4
6b9fe91cfa77,2023-12-13,4
b776e4363825,2023-12-13,4
7890420b6a7a,2023-12-13,4
6e0d55116309,2023-12-13,4
b21ef4052a4c,2023-12-13,4
ff2f2843ae2b,2024-09-25,4
ca40673e064d,2023-12-13,4
72b55137bf13,2023-12-13,4
8cff06c8d015,2023-12-13,4
df91a61da72d,2023-12-13,4
36e4ecc0a45b,2023-12-13,4
c5296dd39bba,2023-12-13,4
97c23e1bd03a,2023-12-13,4
8395fc71d792,2023-12-13,4
77265db777df,2023-12-13,4
6559071ab17d,2023-12-13,4
a10dd16cef8c,2023-12-13,4
ff0bf3213fe2,2023-12-13,4
f4593f4b39cb,2023-12-13,4
0f6ee84dc500,2023-12-13,4
2ca122101140,2023-12-13,4
d1366d2ea8c4,2023-12-13,4
adaed6ebfdd2,2023-12-13,4
7c14e84b9421,2023-12-13,4
4392e694b254,2023-12-13,4
52139dc85cf3,2023-12-13,4
f6f6f533c57d,2023-12-13,4
2b335d1276e9,2023-12-13,4
cee6ec6f7ed2,2023-12-13,4
11ec87d50c56,2023-12-13,4
bd9c21a9784d,2023-12-13,4
0b1e12dbae42,2023-12-13,4
14d3371e6bef,2023-12-13,4
cab0b5058a51,2023-12-13,4
c967f064ce50,2023-12-13,4
f936b729d9ef,2023-12-13,4
9cfede15ab84,2023-12-13,4
0f465188f9fe,2023-12-13,4
dfc3e64e5665,2023-12-13,4
c13caf57a4ac,2023-12-13,4
22e7f9234a26,2023-12-13,4
d817cbdd29eb,2024-05-24,4
79941d98f3e0,2023-12-13,4
fdbc351ae872,2023-12-13,4
bd4352b60c44,2023-12-13,4
c1181efb7df1,2023-12-13,4
f921f928fa98,2023-12-13,4
6c36f39697c6,2023-12-13,4
b74fee5c7ab8,2024-01-29,4
a7773325236e,2023-12-13,4
7331d1f8db31,2023-12-13,4
aa1b02e0cc88,2024-09-25,4
638e8eb458d6,2023-12-13,4
088250642409,2023-12-13,4
ac4778daed5d,2023-12-13,4
082bcc2f5705,2023-12-13,4
e2e9f79d2956,2023-12-13,4
3791f03eb39f,2023-12-13,4
1419f6dfcca9,2023-12-13,4
5095c3d3b866,2023-12-13,4
fa3b8440acad,2023-12-13,4
8117deede4d2,2023-12-13,4
14b80be30054,2023-12-13,4
83bbd36752e2,2023-12-13,4
cd89a2867559,2023-12-13,4
6027b1f8d722,2023-12-13,4
ef59d728b1f9,2023-12-13,4
a32218b4fbba,2023-12-13,4
3b0d465c5df4,2023-12-13,4
046245bccba5,2023-12-13,4
02a6b1b5b3b7,2023-12-13,4
dfb3766d35e9,2023-12-13,4
f0085dfcd185,2023-12-13,4
877394ec9110,2023-12-13,4
303f02044ca2,2023-12-13,4
18eafbf15f43,2023-12-13,4
9ecfb142b84c,2023-12-13,4
2a1e0f23e5cd,2023-12-13,4
683129950273,2024-06-07,4
40c3f564c81c,2023-12-13,4
01b05fee7ec4,2023-12-13,4
3a8ed79ebec5,2023-12-13,4
4adf86b13fd1,2023-12-13,4
a9ee09caaf40,2023-12-13,4
9b315748217d,2023-12-13,4
825985dba38b,2024-08-30,4
1253479368c8,2023-12-13,4
d565ecc003d6,2024-05-13,4
d95a06be7258,2023-12-13,4
d2e064a0fa8b,2023-12-13,4
7852ff610151,2023-12-13,4
5e5789c41e35,2023-12-13,4
ac1cbe168755,2023-12-13,4
1f1327a6c1ea,2023-12-13,4
d5070253b310,2023-12-13,4
fec1396a2b84,2023-12-13,4
00e69fd8b695,2023-12-13,4
c394c83099e0,2023-12-13,4
6eccaa5494c9,2023-12-13,4
bfaa63f3fec8,2024-06-14,4
22bf5423775f,2023-12-13,4
4adf61b92534,2023-12-13,4
b6f8fcb59010,2023-12-13,4
8d8700d4687c,2023-12-13,4
fc93088dc2b1,2023-12-13,4
95f7fc6882d6,2023-12-13,4
b6b8f118b9e6,2023-12-13,4
ec2fe7e9882c,2023-12-13,4
3951b33cc47e,2023-12-13,4
e1dd273383b5,2023-12-13,4
af7096646d6f,2023-12-13,4
90322fa7f68c,2023-12-13,4
6b435da81372,2023-12-13,4
d3e0643aae6e,2023-12-13,4
232001a5774e,2023-12-13,4
67ff7ca2ee9f,2023-12-13,4
b382bdd25415,2023-12-13,4
f5cb0aca7bed,2023-12-13,4
c591fd5887ce,2023-12-13,4
49bdeae84839,2023-12-13,4
ad3dd328d831,2023-12-13,4
a9f0edfc94e1,2023-12-13,4
51e7cc554fac,2023-12-13,4
e0961737f0ce,2023-12-13,4
6ed7a75e6ae9,2023-12-13,4
325b9128ddfa,2023-12-13,4
1a3d7d7aa4d9,2023-12-13,4
b1839dfce64a,2023-12-13,4
f3a377e991c0,2023-12-13,4
e95a478c3d7e,2023-12-13,4
12245e1ad992,2023-12-13,4
d80a2e947433,2023-12-13,4
438b13f55a03,2023-12-13,4
18d3f8575699,2023-12-13,4
6c22d2ab911f,2023-12-13,4
baaae21c5b00,2023-12-13,4
72c4f84035eb,2023-12-13,4
7228a34dc028,2023-12-13,4
bf612739f1c3,2023-12-13,4
304f24310d5f,2023-12-13,4
f19f27a09405,2023-12-13,4
8b04165c5dd6,2023-12-13,4
fd7a8161d46f,2023-12-13,4
45cd71f329fe,2023-12-13,4
9f156836f983,2023-12-13,4
a181324113a7,2024-07-16,4
81f8840c0d36,2024-07-30,4
c495db0bdb2b,2024-07-30,4
d3f17087d09c,2024-07-30,4
e3f2c56584bf,2023-12-13,4
a2743023ac09,2023-12-13,4
bf76683488eb,2023-12-13,4
87e79732e40f,2023-12-13,4
2168480090c2,2023-12-13,4
62e570767cf9,2023-12-13,4
1b7358178593,2024-06-27,4
949a0e242ed2,2023-12-13,4
65712078226b,2023-12-13,4
b3171c6720ec,2023-12-13,4
ce4e8c82739b,2023-12-13,4
df00797bd8d1,2023-12-13,4
4a4ec6754818,2023-12-13,4
3652cd941502,2023-12-13,4
2bcee41bfac8,2024-09-01,4
5fed687c2f00,2023-12-13,4
1772b9d5cef6,2023-12-13,4
bc9bf8907516,2023-12-13,4
8f803341aa81,2023-12-13,4
6acdf1cda2d6,2023-12-13,4
3896332912c7,2023-12-13,4
ebbb78e2e51a,2023-12-13,4
fee16e639101,2023-12-13,4
19795f2cdbbe,2023-12-13,4
3b99bdbc31d7,2023-12-13,4
032d77bcd9f5,2023-12-13,4
3a51278022b0,2023-12-13,4
86a92c547d19,2023-12-13,4
bdf8bc9132cb,2024-09-11,4
17abde81f33d,2023-12-13,4
9f45a49e5ee4,2024-09-04,4
09bfb108fda1,2023-12-13,4
ac21de0dbdf2,2024-09-26,4
eb49770917f1,2024-09-25,4
f31be503652a,2023-12-13,4
e101d93b51eb,2024-07-25,4
97bb9b8cb8ed,2024-01-15,4
8ce6abf60356,2023-12-13,4
40c513da4d0f,2023-12-13,4
9ae2b7f112cb,2023-12-13,4
1a918efef45e,2023-12-13,4
7f382473dffa,2023-12-13,4
045bce96b7e2,2023-12-13,4
f00bc7664bd3,2024-02-26,4
ab17ee7c74e7,2023-12-13,4
96055fb8dbdd,2023-12-13,4
f34aa7179c9d,2023-12-13,4
aea8b6350476,2023-12-13,4
dd8a28cb2c92,2023-12-13,4
8d0155a7e813,2023-12-13,4
4c92826fb16d,2023-12-13,4
d259629e44ed,2023-12-13,4
becdc9d23f4b,2024-06-26,4
f15a7f60f83b,2023-12-13,4
062606baeeef,2023-12-13,4
2229f84151a7,2023-12-13,4
66082c2dc43b,2023-12-13,4
454b2b24dc5d,2024-04-24,4
4c0239948579,2024-06-23,4
1a5aee624f4b,2024-06-23,4
4b7a626e9dfe,2023-12-13,4
d82a415f7bfe,2023-12-13,4
6412522f2dfe,2023-12-13,4
ab1c7f4458e4,2024-06-03,4
c7bfb3c3d47f,2023-12-13,4
acef75fe95b0,2023-12-13,4
cdf989ea51a3,2023-12-13,4
cf02757afeb8,2024-04-22,4
c460436c7f2c,2023-12-13,4
22a7dfde1bb9,2023-12-13,4
20c8cc714627,2023-12-13,4
7651fe8dd761,2023-12-13,4
febb379bb77d,2023-12-13,4
6bf680def3b4,2023-12-13,4
ca3f65aed302,2023-12-13,4
ae9c819187bd,2023-12-13,4
3a20b17fddaf,2023-12-13,4
f2199be4e52a,2023-12-13,4
ff6083b9764c,2023-12-13,4
00274a69c705,2023-12-13,4
10040e177e22,2023-12-13,4
783a9e6b6933,2023-12-13,4
8bf60d3cc38f,2023-12-13,4
217fed34e3db,2023-12-13,4
31a698422c1c,2023-12-13,4
c3552c3399d9,2023-12-13,4
8a4530decc78,2023-12-13,4
78528c845086,2024-09-06,4
15c1f42ce69e,2023-12-13,4
fc8cd0f1f4dd,2023-12-13,4
0cab4c1eb10c,2023-12-13,4
63280f5c7575,2023-12-13,4
22c708e463db,2023-12-13,4
4b047f0270f0,2023-12-13,4
a8ae13244530,2023-12-13,4
c2e957595179,2023-12-13,4
62211a44de88,2024-04-22,4
b3ac7731bc16,2023-12-13,4
ff3ef40b73bf,2023-12-13,4
a0d117aff833,2023-12-13,4
e2715205281c,2024-04-09,4
804947d4f871,2024-01-28,4
857baf82bd56,2023-12-13,4
73645ce5cd2c,2023-12-13,4
046d9c9be8ee,2023-12-13,4
7b213a6621bb,2024-08-07,4
bf3ee90c2b40,2023-12-13,4
aed39cb77c13,2023-12-13,4
9f32920e9129,2023-12-13,4
5d86e683f07e,2023-12-13,4
2bb386373fbe,2023-12-13,4
6607906aa9aa,2023-12-13,4
2862c0dbec1d,2023-12-13,4
896e568fcf1d,2023-12-13,4
4b658e1e5314,2023-12-13,4
be66db494f13,2023-12-13,4
06645a8d033b,2023-12-13,4
81a5fdfe4eff,2023-12-13,4
868f1ee11137,2023-12-13,4
c46d2cbb40cd,2023-12-13,4
ede670c50706,2023-12-13,4
1b57472c9130,2024-08-28,4
1665b62133f8,2023-12-13,4
d7b55c6d8d7c,2023-12-13,4
85fd5acec206,2023-12-13,4
ffca0c56e0b9,2023-12-13,4
e81ee3e4ea05,2023-12-13,4
f0d53a7817b7,2023-12-13,4
ccdc63077752,2023-12-13,4
2ab3c4528b8e,2023-12-13,4
76b143d32791,2023-12-13,4
562cf2af1874,2023-12-13,4
37e4609afe26,2024-07-12,4
6016869d5f6c,2024-07-12,4
a6079ab80a8d,2023-12-13,4
37f5d1b5a28c,2023-12-13,4
baf06355045d,2023-12-13,4
64b94f6dcf6c,2023-12-13,4
a8efe5245dc5,2023-12-13,4
05d69fe0b39d,2023-12-13,4
cd35ead78b01,2023-12-13,4
6de77fcaf58e,2023-12-13,4
21d314d04860,2023-12-13,4
04be3cc96a32,2023-12-13,4
cc5f1ab3ad1b,2023-12-13,4
11a128dd0cb3,2023-12-13,4
25ba5c9378e5,2024-09-25,4
7f3e1e3c0693,2023-12-13,4
9b6c50730f41,2023-12-13,4
8be82ca45b35,2023-12-13,4
de1fa9efc478,2023-12-13,4
625af7380c49,2023-12-13,4
737af5d1acfa,2023-12-13,4
7f67f5b36634,2023-12-13,4
9a6718051f36,2023-12-13,4
49586b4830cc,2024-05-28,4
0d435e8225eb,2023-12-13,4
89a3579401e0,2023-12-13,4
335a599bc3f7,2023-12-13,4
87817d417f36,2023-12-13,4
7d6a7851669c,2023-12-13,4
4264777c2ba5,2023-12-13,4
fcc6428cd1c5,2023-12-13,4
b53788de4387,2023-12-13,4
3aefdcfe27ba,2023-12-13,4
d9f4b55d3b6d,2023-12-13,4
83692c2cb347,2023-12-13,4
378e0626f7e7,2023-12-13,4
63ef1672a10c,2023-12-13,4
175bbef612e3,2023-12-13,4
c81e292a8d4a,2023-12-13,4
a7f9bc73200e,2023-12-13,4
a23c2e612a89,2023-12-13,4
fec5f1dfa072,2023-12-13,4
8e2c412947ea,2023-12-13,4
1838d831c0d9,2023-12-13,4
46324a937b37,2024-09-02,4
2888efed33f7,2023-12-13,4
d62ab9a7aaee,2024-08-29,4
0851362bd626,2023-12-13,4
0beda075c035,2023-12-13,4
637412fe81fe,2023-12-13,4
17dc78090de5,2023-12-13,4
19548329cde2,2023-12-13,4
4e0ef6cff251,2023-12-13,4
f7b79d364c8d,2023-12-13,4
853124bf24a2,2024-03-04,4
6e4f919617bf,2024-06-26,4
e85f45f1aa00,2023-12-13,4
584cbff2b783,2023-12-13,4
772976e34f2d,2023-12-13,4
fd8ed1920dd6,2023-12-13,4
7f09cf83c28d,2023-12-13,4
4b644e11c50e,2023-12-13,4
a53c6f18497c,2024-03-19,4
b14e36a3184a,2023-12-13,4
e26161b20257,2024-04-21,4
03f585ed9d66,2024-04-21,4
53036765a440,2023-12-13,4
564fe13b207c,2023-12-13,4
4b155a11b32d,2023-12-13,4
1225ee48f809,2023-12-13,4
d2a425264c62,2023-12-13,4
5233277cd031,2023-12-13,4
5fb47a61e0e3,2023-12-13,4
2c58853bf68e,2023-12-13,4
a18bb5cd76a6,2023-12-13,4
eb44fdf15eea,2023-12-13,4
f9beab4e047c,2023-12-13,4
e0fc2064ae18,2023-12-13,4
2939bb5c1ba1,2024-04-09,4
326d72cd8106,2024-01-22,4
5a648d858c93,2023-12-13,4
f21864df0a96,2024-08-16,4
8f85727209ae,2023-12-13,4
ed29612fea1c,2023-12-13,4
2e32028ec602,2023-12-13,4
c32e3296e671,2023-12-13,4
4299998de181,2023-12-13,4
f40ffd233266,2023-12-13,4
e6d5cf75c3f1,2023-12-13,4
3ddf386c6c4f,2023-12-13,4
dc88a38449b8,2023-12-13,4
e44f64e4ee2b,2023-12-13,4
eee7e927ed8f,2023-12-13,4
e4918d9e4a76,2023-12-13,4
2b1d1ae21a0f,2023-12-13,4
ef09dbc9fa66,2023-12-13,4
7fc8827347f2,2023-12-13,4
7d2a3f71820d,2023-12-13,4
4c699516d3a1,2024-09-03,4
e1cc4dc83d9b,2024-09-05,4
0ed0d1184c95,2024-09-05,4
36f60584a12b,2023-12-13,4
99b4afc08f81,2023-12-13,4
92608e6148f1,2023-12-13,4
90b9a3d5f8f9,2023-12-13,4
02a2d460cde1,2024-01-25,4
97575674de54,2023-12-13,4
3a78d6c5d9a8,2023-12-13,4
697d6d2ce004,2023-12-13,4
48dc9ccfca3b,2023-12-13,4
98a7913a8721,2023-12-13,4
371e392bb6e4,2023-12-13,4
e04278a41612,2023-12-13,4
387add82a73e,2023-12-13,4
1f3b4dfa452d,2023-12-13,4
73592916a0e6,2023-12-13,4
aa49f66dbbbd,2023-12-13,4
e8572c39a82a,2023-12-13,4
305120927a70,2023-12-13,4
2e84a72e2f37,2023-12-13,4
0daf18d81fe9,2023-12-13,4
862f3899ba02,2023-12-13,4
4e17dff7b64f,2023-12-13,4
5c6fbd216ca4,2024-02-28,4
a357a7abafb0,2024-01-10,4
644111a127da,2024-01-26,4
f837fcb56447,2023-12-13,4
0b1f2a60bd7f,2023-12-13,4
7646ce45c976,2023-12-13,4
11da596c6305,2023-12-13,4
9df793d58deb,2023-12-13,4
a89e947f0636,2023-12-13,4
6e3c28fbffd2,2023-12-13,4
86c3d6e60edb,2023-12-13,4
22cfcba442b3,2024-03-12,4
e13af761fce8,2024-07-01,4
88e53e9b8d4f,2024-03-13,4
bd1128dca194,2023-12-13,4
11cf05028664,2024-05-21,4
3a95d538a917,2023-12-13,4
23e3bc46fb5a,2024-08-08,4
afaee449ac21,2023-12-13,4
85e03e8ea798,2023-12-13,4
eaa4b3fac3d9,2023-12-13,4
e27dbc525fec,2023-12-13,4
a0ba1f330d57,2023-12-13,4
61fda504dc0c,2023-12-13,4
7fcde42037ca,2023-12-13,4
4ec226b1494a,2023-12-13,4
b037ac5fdce6,2023-12-13,4
83fcd17b8204,2024-04-27,4
c7e66ba26f5b,2024-04-27,4
f0b9f6428155,2023-12-13,4
47ef6cee0a25,2023-12-13,4
454451ec13db,2023-12-13,4
5cc785c6b16a,2023-12-13,4
64cfd34dbaf1,2023-12-13,4
29118bfd1f35,2023-12-13,4
9b5a32b492e3,2023-12-13,4
6c91f8d361db,2023-12-13,4
fa6e8f28abf3,2023-12-13,4
b2dad18ca413,2023-12-13,4
1acf3f6e03a3,2023-12-13,4
c7723b446f84,2023-12-13,4
d6e78557994c,2023-12-13,4
a007b19a5897,2023-12-13,4
2243cec97a01,2023-12-13,4
0d0f05e80b35,2023-12-13,4
e637cdbff82f,2023-12-13,4
3290ad4bebab,2023-12-13,4
654c4cd15f46,2023-12-13,4
163758b49b9d,2023-12-13,4
10ed82e518da,2023-12-13,4
637d9bb28d0e,2023-12-13,4
619c7721cb4f,2023-12-13,4
3cfacf087de1,2023-12-13,4
fc0bd994713a,2023-12-13,4
f171a4fec6f6,2023-12-13,4
5870e72ffd59,2024-01-19,4
a428a76c3d9f,2023-12-13,4
a9198a0f9313,2023-12-13,4
1e1279430a33,2023-12-13,4
389bdf2bfb77,2023-12-13,4
758d9533d5b2,2023-12-13,4
8c2996445ba7,2023-12-13,4
6baf35cafff0,2023-12-13,4
e1458b14f961,2024-08-01,4
9bc1538b3910,2023-12-13,4
be3b7250209f,2023-12-13,4
fb6ff7b0630c,2023-12-13,4
0d0a0d38bf4e,2023-12-13,4
9cd1bd5f85bb,2023-12-13,4
a3d0361e1faf,2023-12-13,4
b163ca5f89de,2023-12-13,4
d4d762c47461,2023-12-13,4
f960d18e4b25,2023-12-13,4
db299b3bf09e,2023-12-13,4
998a086ac062,2023-12-13,4
ee1539f5b9ab,2023-12-13,4
ba449bb8fa5d,2023-12-13,4
e4b0e22d72c3,2023-12-13,4
7bb1fbd18f3b,2023-12-13,4
aacc4b8b1600,2023-12-13,4
7061f19f1a99,2023-12-13,4
405943aa540f,2023-12-13,4
05edeca4f806,2023-12-13,4
7bd1344f50c8,2023-12-13,4
9be5dc37d515,2023-12-13,4
5860033fe00c,2023-12-13,4
b134835e2a2a,2023-12-13,4
8c30a1cbae84,2023-12-13,4
d5bf476e7431,2023-12-13,4
6160e423c7af,2023-12-13,4
43cae5b3e196,2023-12-13,4
746b2cd2d594,2023-12-13,4
31480b8e9e41,2023-12-13,4
b7072894dd1d,2023-12-13,4
8af22e581437,2023-12-13,4
4edbbc37fd2d,2023-12-13,4
fabfd7daf60a,2023-12-13,4
c22ca0940480,2023-12-13,4
a93c26124898,2023-12-13,4
1fe363f7fc54,2023-12-13,4
123f6d431e7f,2024-02-28,4
b73f3b03c1f7,2023-12-13,4
86f247bb4dd0,2024-09-06,4
ffb30f7dd956,2023-12-13,4
54315609b741,2024-09-05,4
dbadc81a7ade,2023-12-13,4
d9e36d592f5a,2023-12-13,4
5cdb521d15b5,2023-12-13,4
6dbcd0562a6e,2023-12-13,4
f67e880f6e80,2023-12-13,4
13c62be475b6,2023-12-13,4
9c9bcf78315e,2023-12-13,4
38cc4b104f6f,2023-12-13,4
3408f720e3ce,2023-12-13,4
bd8ec26bfe88,2023-12-13,4
3e74744cce14,2023-12-13,4
18e7d4d72511,2023-12-13,4
10689b7f3cb2,2023-12-13,4
bd530a5e8ed1,2023-12-13,4
3111b0b3df64,2023-12-13,4
813f67589d36,2023-12-13,4
ca6576ab5870,2023-12-13,4
79fb3a6c99af,2023-12-13,4
6e998294400e,2023-12-13,4
593cb14f13c7,2023-12-13,4
9bd40588d495,2023-12-13,4
53fb86c5510a,2024-02-20,4
ca3532c0276b,2024-02-19,4
ca58e22d08e5,2023-12-13,4
0f80ab61d43a,2023-12-13,4
b82f4765bad3,2023-12-13,4
dcd9d54ad3d4,2023-12-13,4
f359d0070d27,2024-05-05,4
df27a90a472e,2023-12-13,4
e89f963a133d,2024-07-26,4
1854b3b2b0ec,2023-12-13,4
0ee15b097a7c,2023-12-13,4
dbe854b10051,2023-12-13,4
e8342c131a11,2023-12-13,4
96d233e99b62,2023-12-13,4
6bec0dd7434f,2024-07-21,4
d8d8fa99a398,2023-12-13,4
19338935a8c6,2023-12-13,4
cfd862d53d4e,2023-12-13,4
6bc4c10e4ec6,2023-12-13,4
5cb8fc810201,2023-12-13,4
1b6ca7b3a7aa,2023-12-13,4
194c67afcce9,2023-12-13,4
85331189b8c4,2023-12-13,4
f9baad404540,2023-12-13,4
f7b32c1a413c,2023-12-13,4
04f8c0cec44c,2023-12-13,4
61e30c72bd6f,2023-12-13,4
61a4eded5468,2023-12-13,4
06861368007b,2023-12-13,4
9b38c7e4dba9,2023-12-13,4
8200de2eb1d6,2023-12-13,4
bb62c417c7ba,2023-12-13,4
386e4caa96c0,2023-12-13,4
b30a1abb0290,2023-12-13,4
6cffa23d4997,2023-12-13,4
8fd19004e664,2023-12-13,4
da5888582112,2023-12-13,4
ef6d956ee253,2024-05-21,4
c095c7fecb7f,2023-12-13,4
43e88e76f8bc,2023-12-13,4
b93f5cdf8b3a,2023-12-13,4
ff1dc144bcdc,2023-12-13,4
737b797523fb,2023-12-13,4
0452bd5e488d,2023-12-13,4
fbee43bee916,2023-12-13,4
9703fa9d60cb,2023-12-13,4
24557d20f701,2023-12-13,4
4ea0c5a51a29,2023-12-13,4
ca3971c207f3,2023-12-13,4
b64352310cf3,2023-12-13,4
e23e9bb75589,2023-12-13,4
a8eedd96f742,2024-02-14,4
a08e92a16758,2024-05-13,4
515d729c55d0,2023-12-13,4
ea4e28208473,2023-12-13,4
4de86de68e32,2023-12-13,4
831c9a2ed740,2023-12-13,4
0891481a8759,2023-12-13,4
9111fd713ff4,2024-06-17,4
b9bb074bfc22,2024-06-17,4
e3699e3a5688,2023-12-13,4
007d271e10ee,2023-12-13,4
b9b6a8f0c4d5,2023-12-13,4
25841bed2041,2023-12-13,4
1688fe7e78e9,2023-12-13,4
cfc4e544f8d1,2023-12-13,4
fc90904ee01e,2023-12-13,4
eb155a84b044,2023-12-13,4
0594a495a3b2,2023-12-13,4
e79607212c5a,2023-12-13,4
fb7b7b01f8fb,2023-12-13,4
603440fac4f3,2023-12-13,4
306c28e147b4,2023-12-13,4
a84208daa911,2023-12-13,4
2ebfb6c9ca4c,2023-12-13,4
190d8b6f6526,2024-09-18,4
e01babf2a6b2,2023-12-13,4
16d13c33dce3,2023-12-13,4
9f66b7c15331,2023-12-13,4
cbbc06b68096,2023-12-13,4
c1d0666370bd,2023-12-13,4
bf01116bb1ef,2023-12-13,4
76fdd2ef0dc8,2023-12-13,4
20ce70b2fcdb,2023-12-13,4
606148f3e18b,2023-12-13,4
f53a896df025,2023-12-13,4
755e4076228c,2023-12-13,4
6e4d4fb7c247,2023-12-13,4
6f6cffe92416,2024-08-26,4
aea239946784,2023-12-13,4
2f4c6d05b8f0,2023-12-13,4
c4648ef42d80,2024-07-29,4
9273b3ef0bd9,2023-12-13,4
6010a2a1b8b0,2023-12-13,4
c08b8c75cdda,2023-12-13,4
07fdac99489e,2023-12-13,4
582bcf28bfc7,2023-12-13,4
514addc40cf5,2023-12-13,4
f6bac4c54ba6,2024-01-29,4
3c240f274e61,2023-12-13,4
7bff5b5bbe38,2023-12-13,4
2b6f35ef5aee,2023-12-13,4
f98c5a3c7a52,2023-12-13,4
8a438651b242,2023-12-13,4
32958af0a514,2023-12-13,4
a995ed1c265c,2023-12-13,4
907ae430070a,2023-12-13,4
dafe15369571,2023-12-13,4
c2bb8579ae87,2023-12-13,4
ab3008622e3a,2023-12-13,4
3f904e205a2f,2023-12-13,4
553e9e4624b1,2024-05-28,4
d3bb3663b29e,2024-08-05,4
8962fab6db9c,2023-12-13,4
bbb5e74fe460,2023-12-13,4
877245ad5318,2023-12-13,4
35ffbd6333c1,2023-12-13,4
4693e66040bb,2023-12-13,4
722c0f93fabc,2023-12-13,4
e090e6df4f1e,2023-12-13,4
a1321f39c25e,2023-12-13,4
e2c2e2ed15f8,2023-12-13,4
f4f869bd7df9,2023-12-13,4
65427b2ec308,2023-12-13,4
58271d903051,2023-12-13,4
f3c73114e6ed,2023-12-13,4
30010231881e,2023-12-13,4
851cb52280e7,2023-12-26,4
235efa63baf2,2024-04-14,4
11acc247e66a,2023-12-13,4
0a720c4c38cc,2023-12-13,4
56fc61aefcf9,2023-12-13,4
c1122022e310,2023-12-13,4
d08b0731e174,2023-12-13,4
7f38eeedd9d0,2023-12-13,4
8a1232188cec,2023-12-13,4
8eb811f13109,2023-12-13,4
f3d890c9ef59,2023-12-13,4
aebbc8b8bad3,2023-12-13,4
8a32a56e8b6a,2023-12-13,4
429bc0d656ce,2023-12-13,4
c5d8d5e39619,2023-12-13,4
2a5f43932555,2023-12-13,4
0be3804714de,2023-12-13,4
33c1eb2add24,2023-12-13,4
e4c40ae4a54d,2024-09-03,4
ac88d330a9c1,2024-09-03,4
75b9fe65f567,2023-12-13,4
0920878f3cd5,2023-12-13,4
5d5dce28aea3,2023-12-13,4
9b48e252eee9,2023-12-13,4
e5c77df2be23,2023-12-13,4
d09a11005fa3,2024-05-08,4
d37695a048b2,2023-12-13,4
3dd028f743ea,2023-12-13,4
286fb476d515,2023-12-13,4
ea58bf40537f,2023-12-13,4
bed2167dc54a,2023-12-13,4
6e7f72e36b67,2023-12-13,4
f6c380848db6,2023-12-13,4
ec5c9fe13d4a,2023-12-13,4
9463b6777824,2023-12-13,4
49f8704c9586,2023-12-13,4
e085a780dfb9,2023-12-13,4
f9573b21a451,2023-12-13,4
3ec6ca4b9d8e,2024-05-22,4
3515568a06a8,2023-12-13,4
8b2394ef45db,2023-12-13,4
bd1f1179caf9,2023-12-13,4
4f65f2c3ea01,2024-05-22,4
863ce41c828e,2023-12-13,4
465cfbc5c6f0,2024-09-02,4
24759d6f34ca,2023-12-13,4
7ff79102e5e4,2024-06-26,4
478c19130c79,2023-12-13,4
1f9c31eca296,2023-12-13,4
1c839e9ac05f,2023-12-13,4
23cf7f89653b,2023-12-13,4
d68aa31fa24c,2023-12-13,4
d98cda0bcd77,2023-12-13,4
15d7bea4c245,2023-12-13,4
d75cdab3a9b0,2023-12-13,4
03f8ded6cfbc,2023-12-13,4
7c968430107d,2024-03-27,4
3b5d0223d250,2023-12-13,4
42f017a14915,2023-12-13,4
e73753167a73,2023-12-13,4
559b84761660,2023-12-13,4
8d2b01473274,2024-05-21,4
94f2649b38de,2023-12-13,4
3da54cae4a2e,2023-12-13,4
14eeeac8a95b,2023-12-13,4
5e6643eafef6,2023-12-13,4
de8344f8a575,2023-12-13,4
a56fb9b766b1,2023-12-13,4
9b616437d5f5,2023-12-13,4
e6638feb6f70,2023-12-13,4
e09b899cb6c8,2024-07-09,4
4fbc99a09416,2023-12-13,4
216c97041f14,2023-12-13,4
36083eaac8ce,2023-12-13,4
0ad6da72cff0,2023-12-13,4
2d71e1f69c2a,2023-12-13,4
b9cff7a0b90a,2023-12-13,4
1bb076b0faf4,2023-12-13,4
9d85113506e3,2023-12-13,4
6e7f755b0f3b,2023-12-13,4
ff54507d1e13,2023-12-13,4
7999b482852d,2023-12-13,4
47837689f00e,2023-12-13,4
05b5e131821d,2023-12-13,4
e0e9e77d1405,2023-12-13,4
aa8d7399caac,2023-12-13,4
47e7ae1ccdc7,2023-12-13,4
990182d8f3da,2023-12-13,4
5beefd9121f1,2023-12-13,4
b02453dca5f8,2023-12-13,4
e13d9067cea4,2023-12-13,4
76dc7c3fcdcd,2023-12-13,4
7c13ef308942,2023-12-13,4
1e98054d0f48,2023-12-13,4
8f21a236b449,2023-12-13,4
4d44234a5d2c,2023-12-13,4
f07bf65b250c,2024-09-05,4
d48a074e35bf,2023-12-13,4
e3ef42569eaa,2023-12-13,4
a3a3b6b7968b,2023-12-13,4
afaaa1b45233,2023-12-13,4
8fd076429beb,2023-12-13,4
a9f5ba2e80fb,2023-12-13,4
06830595bf3a,2023-12-13,4
6f1afd355deb,2023-12-13,4
176a799035ed,2024-07-30,4
791a0cb72d5b,2023-12-13,4
0740e1d030a7,2023-12-13,4
f0d660499747,2023-12-13,4
14208e80155b,2023-12-13,4
f915d0b6f799,2023-12-13,4
ccdb0465694e,2023-12-13,4
5c8a70273539,2023-12-13,4
ab5a53403f34,2023-12-13,4
68129aea4688,2023-12-13,4
a21460612c4f,2023-12-13,4
e3d898e95392,2023-12-13,4
9302d8bf253f,2023-12-13,4
f135834baf5d,2023-12-13,4
258a59dacc66,2023-12-13,4
6e863788854f,2023-12-13,4
6bd5c9990650,2023-12-13,4
17e5f8b93e4b,2023-12-13,4
0a45802fa89c,2023-12-13,4
2fe1b5aba4b9,2024-08-04,4
705b902af7aa,2024-04-09,4
77764bde8d42,2023-12-13,4
4d8f5fb873f4,2023-12-13,4
cb5bdbb57437,2023-12-13,4
7c701a367963,2024-03-11,4
d76e656a9016,2023-12-13,4
345cd541986b,2023-12-13,4
155ebb57b36e,2023-12-13,4
0200c664bc02,2023-12-13,4
14e56913e68a,2023-12-13,4
378435e1da8d,2023-12-13,4
da2ab5ebc3a4,2023-12-13,4
5a0205eb24da,2023-12-13,4
08cb92339ebb,2023-12-13,4
df2f046a3a46,2024-09-02,4
83257179f878,2024-06-06,4
1bd048c3b69a,2023-12-13,4
28e270defc6d,2023-12-13,4
9501cbe5395f,2023-12-13,4
5b802c30f302,2023-12-13,4
33fe7c48ff4e,2023-12-13,4
a5024a82accd,2023-12-13,4
155f0a7b1cba,2023-12-13,4
9a5728d9c540,2023-12-13,4
50190e70ed3a,2023-12-13,4
e6a9901209ae,2023-12-13,4
9492ac9939bc,2023-12-13,4
b7f0de71732e,2023-12-13,4
103353327301,2024-09-15,4
6cfdb098673d,2023-12-13,4
f9775c0ed106,2023-12-13,4
10cecf6d7dd2,2023-12-13,4
257dc1f80bc3,2023-12-13,4
75782c1d3da9,2023-12-13,4
68ef4f92d5ef,2023-12-13,4
b982f3c25ad5,2023-12-13,4
9ab6fb31d603,2023-12-13,4
c5d50b95a803,2023-12-13,4
0d4825a8806d,2023-12-13,4
81e0a9446aa7,2023-12-13,4
cc6f5bf57771,2023-12-13,4
b1db3fa1a974,2024-03-26,4
dcf406a43cdf,2023-12-13,4
f8309c17d96e,2023-12-13,4
7110e8e23c34,2023-12-13,4
2a721d2e875a,2023-12-13,4
b4d9593a0953,2023-12-13,4
d505c4ec466e,2023-12-13,4
79f5fa628d52,2023-12-13,4
d9e539f638f5,2024-04-25,4
2668c5a49261,2023-12-13,4
3296dac77492,2023-12-13,4
4ea0b1561edd,2024-08-26,4
b745882ab73b,2023-12-13,4
fcce11a06a74,2023-12-13,4
975ee850d971,2023-12-13,4
e55df2b31007,2023-12-13,4
5e7cf0f680d1,2023-12-13,4
da23f48bdcd3,2023-12-13,4
bd58ed6fa15a,2023-12-13,4
bdb537e6b6bf,2023-12-13,4
21666ec255ba,2024-01-29,4
f0bd2230ace7,2023-12-13,4
bf41a4709f83,2023-12-13,4
530d79d55604,2023-12-13,4
3d3ffd83a794,2023-12-13,4
f37c696740e9,2023-12-13,4
b0a42db32b31,2023-12-13,4
275204ad0998,2023-12-13,4
b302e2972649,2023-12-13,4
d3a96d271830,2023-12-13,4
8d0a14834f04,2023-12-13,4
65cc5f9cb331,2023-12-13,4
4d4de7f7f973,2023-12-13,4
7e11f9e37396,2023-12-13,4
f948e5e4a89d,2024-07-24,4
311162ad64b1,2023-12-13,4
c0a4d560f142,2023-12-13,4
7492af8bd043,2023-12-13,4
3c9753e1ff80,2023-12-13,4
a92990d90060,2023-12-13,4
ad9f4fbd5e95,2023-12-13,4
ff2bd46579d6,2023-12-13,4
43d9a3c7f7eb,2024-08-27,4
fd5072ea6e22,2023-12-13,4
81631de34730,2024-09-03,4
49202aeca0d9,2023-12-13,4
86e6b8a0e488,2023-12-13,4
85778a419ba8,2023-12-13,4
cca1310bd2c6,2023-12-13,4
faa9567312fc,2023-12-13,4
52458be8fc64,2023-12-13,4
d3d50fcd972d,2023-12-13,4
3378838b8d9a,2024-03-31,4
fd02ca2ae898,2023-12-13,4
0d24310dbbe9,2023-12-13,4
8891a3989d22,2024-04-09,4
e227594e590d,2023-12-13,4
9d4456a2f6b2,2023-12-13,4
a4772f267862,2023-12-13,4
aed19efc5797,2023-12-13,4
5ca24342e5f6,2023-12-13,4
a6e234428a56,2023-12-13,4
13ac36caf7ca,2023-12-13,4
5f6783165c19,2023-12-13,4
250dbf2bd4ea,2023-12-13,4
7d3df0946b68,2023-12-13,4
73a988abdd46,2023-12-13,4
ebd6829c5ea5,2023-12-13,4
b7435634aeb9,2023-12-13,4
a39fc15131a7,2023-12-13,4
102a610ecb92,2023-12-13,4
d44fdd6b46c2,2023-12-13,4
3e75c02cd8e4,2023-12-13,4
e709c22fbbaa,2023-12-13,4
349370e22b3c,2023-12-13,4
0167fc0b7d9f,2023-12-13,4
d684cfba7ade,2023-12-13,4
c27f5a925ce2,2023-12-13,4
a070c6166870,2024-09-26,4
d633c58b254f,2023-12-13,4
738d3a65969a,2023-12-13,4
98d1d5531c29,2023-12-13,4
cbcd398f49e1,2023-12-13,4
cd5f3bee5377,2024-05-21,4
0814c80bade3,2024-06-27,4
6739c5d904f5,2023-12-13,4
bb8f7b5dc39c,2023-12-13,4
366c16632b50,2023-12-13,4
eeb485c8a010,2023-12-13,4
8a8c4409f4fa,2023-12-13,4
fd2bf120ecea,2023-12-13,4
dae367276899,2023-12-13,4
c07ffb0dc302,2023-12-13,4
006200c6f9a3,2023-12-13,4
bda2d3fbc7f1,2023-12-13,4
f4d3a07d1708,2023-12-13,4
ac6672106671,2023-12-13,4
4e9d3fb24b4f,2023-12-13,4
b3e225bab110,2023-12-13,4
570406b44b16,2024-03-14,4
858eb76b600c,2023-12-13,4
33a2c89f3129,2023-12-13,4
673be958ead9,2023-12-13,4
11d4b9a313f8,2023-12-13,4
61afe48809a6,2023-12-13,4
4eee54038aa0,2023-12-13,4
82540aabab13,2023-12-13,4
0e4290f0fa64,2023-12-13,4
16803e8717dd,2024-02-08,4
8a12b7fe5e43,2024-05-11,4
383939c956d1,2023-12-13,4
53ddb3673548,2023-12-13,4
9f5b9401d83d,2023-12-13,4
e9c12914de27,2023-12-13,4
a47198759a89,2023-12-13,4
557d99d36d65,2023-12-13,4
2d9218c42c0b,2023-12-13,4
6d12075f0de9,2023-12-13,4
18ade332ca87,2023-12-13,4
118540cc9900,2023-12-13,4
6262a4ce63aa,2023-12-13,4
f4cf55ec3df2,2023-12-13,4
01f5d296eafa,2023-12-13,4
ef24ba162f8a,2023-12-13,4
e9350e3f330d,2023-12-13,4
ba3f22e320fc,2023-12-13,4
e6d8b2c743f1,2023-12-13,4
63b920dbc2e2,2023-12-13,4
4960beee9383,2023-12-13,4
e1c242959521,2023-12-13,4
f1749f4b783b,2023-12-13,4
37d70125a86b,2024-06-04,4
a64dbf5f3e0f,2023-12-13,4
c26d7fd37ff8,2023-12-13,4
0e378ab04ea0,2023-12-13,4
ebe7fdb920f1,2023-12-13,4
04e4ee3b8392,2023-12-13,4
e1e5388e39eb,2023-12-13,4
39cacb34b7a3,2023-12-13,4
43ee46ce104d,2023-12-13,4
b8b450843002,2023-12-13,4
e7cd3c6d9c80,2024-01-25,4
a4b911d8a439,2024-03-13,4
7012f91280e8,2023-12-13,4
c131dad26609,2023-12-13,4
6f3979706a01,2023-12-13,4
c8e0d139701f,2023-12-13,4
9c3da8a35ec1,2023-12-13,4
e37d494f885b,2023-12-13,4
6ae9db86b5ea,2023-12-13,4
bc50d4f2991c,2023-12-13,4
b5c9297d9315,2023-12-13,4
03e6e486bf5c,2024-03-15,4
7c2fa5bbbdfe,2023-12-13,4
2a1d69e30cdc,2023-12-13,4
2af8a4a4a5c5,2023-12-13,4
de080839f947,2023-12-13,4
597bf5eb8f09,2023-12-13,4
8ef69102bf89,2023-12-13,4
510eceff9df0,2023-12-13,4
789e371fece0,2023-12-13,4
5963039b620b,2023-12-13,4
d55634bd1f8b,2023-12-13,4
779fcebcbcdc,2023-12-13,4
27bde2769ce9,2023-12-13,4
18daf4b980a2,2023-12-13,4
9d4108d4e699,2023-12-13,4
1c29fb0ee146,2023-12-13,4
40b36b7ea0c9,2023-12-13,4
e5fa8fcc7685,2023-12-13,4
b19cfdf28496,2023-12-13,4
881b5ebbc19d,2023-12-13,4
7d8479d2b23c,2024-09-12,4
3b0ba20baa94,2024-09-12,4
bf4d4812b9a4,2023-12-13,4
5270afa2b5cd,2023-12-13,4
c2480fcac720,2023-12-13,4
95f93ce046ec,2023-12-13,4
ed627f39abdb,2023-12-13,4
1500df4606ec,2023-12-13,4
81df62063424,2023-12-13,4
92e23e10955b,2023-12-13,4
e8d8a8d042a1,2023-12-13,4
31fad168159c,2023-12-13,4
6b16244d05cb,2023-12-13,4
84db120759a5,2023-12-13,4
7956491c7888,2023-12-13,4
70683e24396c,2023-12-13,4
1adcc5909b86,2023-12-13,4
4f9f5f8ca03d,2023-12-13,4
3b994d704f16,2023-12-13,4
a0e4c560d345,2023-12-13,4
cc23bea9356b,2023-12-13,4
9a348d981756,2023-12-13,4
52669e89aab0,2024-09-23,4
bf7f901f76c2,2023-12-13,4
1479e803ee1d,2023-12-13,4
ad5920a4d8e9,2023-12-13,4
1154105a29f5,2023-12-13,4
62f1e348a7ff,2023-12-13,4
2eea2deb0e66,2023-12-13,4
9869bb2e062b,2023-12-13,4
261e2d4ff0a7,2023-12-13,4
ecf133381058,2023-12-13,4
4ea1752ce890,2023-12-13,4
7f8b8cdc3840,2023-12-13,4
bef02697b3d7,2023-12-13,4
42bf6df2bca1,2024-09-05,4
f4d70e345ae6,2023-12-13,4
976642f8edc7,2023-12-13,4
b90bbbd2ae16,2023-12-13,4
0ab1977504ba,2023-12-13,4
333462937a4d,2023-12-13,4
97a39f8a2a59,2023-12-13,4
b4ac1bc7ff30,2023-12-13,4
0112f3169ee1,2023-12-13,4
e08ca5bc7ebd,2023-12-13,4
a11e919faa68,2023-12-13,4
d0218b0cc153,2023-12-13,4
645adca413b0,2023-12-13,4
4f400df95429,2023-12-13,4
3ef37f27c2c8,2023-12-13,4
5e2a46d8d70c,2023-12-13,4
617274a20aa1,2023-12-13,4
9d7372dd1ca8,2023-12-13,4
3bb723505205,2023-12-13,4
89e4749cf1f6,2023-12-13,4
a1af6022a48a,2024-06-18,4
0980af5d3908,2024-04-02,4
c9c955a97c62,2023-12-13,4
e216c3832544,2023-12-13,4
ceb9045c731b,2023-12-13,4
2b4f2b158096,2023-12-13,4
4ab7343a0448,2024-03-05,4
de1fc603804c,2023-12-13,4
bd7dabe104ca,2023-12-13,4
c4e6bbbf95e9,2023-12-13,4
c3f6c0a2824f,2023-12-13,4
f8b137e886d7,2023-12-13,4
a201b762aaaf,2023-12-13,4
0b82cdc4e5c6,2023-12-13,4
a7f35fd99b34,2023-12-13,4
88faaefb35b1,2023-12-13,4
e71416e43cb9,2023-12-13,4
763f90451068,2023-12-13,4
0a61286b7077,2024-05-17,4
30a908aa1323,2023-12-13,4
0c9d1f108281,2023-12-13,4
80f04d5cd622,2023-12-13,4
9b4731839c3b,2023-12-27,4
f39d87b1ed41,2023-12-13,4
e3b4df920f48,2023-12-13,4
e07d7de60e69,2023-12-13,4
2d741acd3f16,2024-07-23,4
cc0e2f1f464b,2023-12-13,4
6ca119586b56,2023-12-13,4
6956a4ec7896,2023-12-13,4
d0d9e0879ae1,2024-04-09,4
a0e6ba72d20f,2023-12-13,4
58b7e8750fbf,2023-12-13,4
1b9a1bba162d,2023-12-13,4
3337d2e3572f,2024-08-12,4
796692a41d68,2023-12-13,4
ced30dab1d2c,2023-12-13,4
55666624f175,2023-12-13,4
5042c9343b81,2024-01-26,4
9cb908edeef9,2023-12-13,4
c633a7004667,2023-12-13,4
b8ee166c056d,2023-12-13,4
f112bde3cbc1,2023-12-13,4
65ab02fc7d1a,2023-12-13,4
bc6cb8d0028b,2024-09-02,4
a97daa6bcb06,2023-12-13,4
916d570e4266,2024-09-02,4
d07a11738e90,2023-12-13,4
7fcf9cd08c58,2024-09-02,4
73d253df3d11,2024-09-02,4
67a43cc8589b,2023-12-13,4
69f16b00f54c,2023-12-13,4
4277878bcb56,2023-12-13,4
8c6777456f52,2023-12-13,4
f5a59238328a,2023-12-13,4
e04f27e18184,2023-12-13,4
7eb00596805c,2023-12-13,4
4ae00dca971f,2024-02-05,4
9372f6f85a9c,2023-12-13,4
768eb0bf21c8,2023-12-13,4
b426a2c6c037,2023-12-13,4
aff478b89ca6,2023-12-13,4
b6ebace14946,2023-12-13,4
c20396a58542,2023-12-13,4
3f8da64d4ba1,2023-12-13,4
14d608aa896d,2023-12-13,4
9919f61c2b36,2023-12-13,4
4fe5a2721f27,2023-12-13,4
30fe96268f29,2023-12-13,4
123c3bfffde3,2023-12-13,4
12df2d2f63d9,2023-12-13,4
730cb6f46a0e,2023-12-13,4
6c65762486a3,2023-12-13,4
a985193ae73e,2023-12-13,4
fabfe4d14204,2023-12-13,4
e4cca71b2c0c,2023-12-13,4
de8b5ac0f7d3,2023-12-13,4
6e51ff1df462,2023-12-13,4
890ab56370ba,2023-12-13,4
d7dd194124c0,2023-12-13,4
c6327060fb30,2023-12-13,4
2e3e0ab3f947,2023-12-13,4
ac6b97872190,2023-12-13,4
5e87ecd2b568,2023-12-13,4
a9d582e8bf05,2023-12-13,4
d847d52ffd93,2023-12-13,4
23e3b7c4fd81,2023-12-13,4
4541886ad732,2023-12-13,4
6cc7e454458f,2023-12-13,4
338dfa986d2f,2023-12-13,4
7ed87ee1eaef,2023-12-13,4
889b004ac255,2023-12-13,4
0768bffaa79c,2023-12-13,4
427189b05c55,2023-12-13,4
84270a6b62c4,2023-12-13,4
4055be26b152,2023-12-13,4
5196747a75a4,2023-12-13,4
b925bef550c1,2023-12-13,4
489f5998e492,2024-08-08,4
38b187607c98,2023-12-13,4
01c70bb91d56,2024-04-01,4
7cea618d3e4e,2023-12-13,4
7d6319edead3,2023-12-13,4
e8300f42e600,2023-12-13,4
7f997385ed49,2023-12-13,4
1b39ded0b7b6,2023-12-13,4
3296e073ddf3,2023-12-13,4
f23bb3d37772,2023-12-13,4
2efe8a7db65b,2023-12-13,4
7b334c6014da,2023-12-13,4
2e9f473d2b28,2023-12-13,4
78152b3c3d3d,2023-12-13,4
9c588d73884f,2023-12-13,4
0929262202a0,2024-03-26,4
bd5c0f4e801d,2024-07-24,4
d2d105a74609,2023-12-13,4
37635697dd59,2023-12-13,4
884cd089a31c,2023-12-13,4
3e1f8d799d29,2024-09-05,4
515a64c8dc93,2023-12-13,4
ff0c81892de8,2023-12-13,4
02e14d1063fe,2024-09-19,4
a5aa0deb4656,2024-09-19,4
fcf1cd0164ee,2023-12-13,4
2385ed0cdf91,2023-12-13,4
a63961ef4caf,2024-02-27,4
4735efdc4b88,2024-09-12,4
ce651ac09895,2023-12-13,4
5fb437f744ba,2023-12-13,4
8e6fd44e9b63,2023-12-13,4
b3a5e75667db,2023-12-13,4
f30f554c5ef7,2023-12-13,4
80ac823ef44a,2023-12-13,4
2dec0b3f0858,2023-12-13,4
39fde36d6ce3,2023-12-13,4
621e60745ee4,2023-12-13,4
74bd8ab3debb,2023-12-13,4
306241b3bc76,2023-12-13,4
4aceedd63e0d,2023-12-13,4
1e136d71d8ca,2023-12-13,4
9092992ba7d2,2023-12-13,4
0ad50d5bf729,2023-12-13,4
bfbb10183532,2024-08-02,4
ba170d7fb6b7,2023-12-13,4
66f05b505b9f,2023-12-13,4
a1fcfa9e6032,2023-12-13,4
41c0ebbc09c5,2023-12-13,4
4b28acf4fa8b,2023-12-13,4
e0688109aee9,2023-12-13,4
00963f5677a0,2024-04-26,4
f08687f29546,2024-04-26,4
f7aba190b096,2024-04-26,4
1bf08af55dfb,2024-08-13,4
cc2ef2dcac99,2023-12-13,4
63897e8911a4,2023-12-13,4
26811153fdcb,2023-12-13,4
124fde11105f,2023-12-13,4
70398992b359,2023-12-13,4
967dc6ce10b7,2023-12-13,4
ae79010570f4,2023-12-13,4
aca0ac69a8fe,2023-12-13,4
0bb5299fbf5b,2023-12-13,4
70c443d6e4d4,2023-12-13,4
c9c33d705f49,2023-12-13,4
227e2fc8d4db,2023-12-13,4
4f1b194bb2f8,2023-12-13,4
0453adee8d76,2023-12-13,4
4d339c204e21,2023-12-13,4
a8ac5d257dce,2023-12-13,4
40d743652d80,2023-12-13,4
3aa7f95dc7d4,2023-12-13,4
0085a8f894a6,2023-12-13,4
391b8180606b,2023-12-13,4
f03d29a15d03,2023-12-13,4
716db3fec994,2023-12-13,4
2a5341f28afb,2023-12-13,4
298ce902cb6a,2023-12-13,4
0241aa015268,2023-12-13,4
891ecf466830,2023-12-13,4
60a1384eef68,2023-12-13,4
f0378a72478e,2023-12-13,4
399d11596567,2023-12-13,4
d0b74682a251,2023-12-13,4
ce66b6e349c6,2023-12-13,4
056ffc7b0403,2023-12-13,4
36803027ed28,2023-12-13,4
8e8ac5855ac8,2023-12-13,4
a0dc8148df01,2023-12-13,4
428a87d632a4,2023-12-13,4
1643cd824730,2023-12-13,4
87ab26b72c22,2023-12-13,4
c598b6c873fe,2023-12-13,4
f0968630cf18,2023-12-13,4
f24f0c2a219d,2023-12-13,4
e83c42c64fa8,2023-12-13,4
c1f8d1fd7ffa,2024-02-08,4
49209054c2a9,2024-06-26,4
5e305e81ca72,2023-12-13,4
4c1dba9a41f4,2023-12-13,4
6bad7441fd4c,2023-12-13,4
642e15ed6c16,2023-12-13,4
048c334f062a,2023-12-13,4
ef6beea87b24,2023-12-13,4
5a4c5125ce08,2024-08-08,4
b73ce2074a45,2023-12-13,4
243189409db3,2023-12-13,4
aff3a636d597,2023-12-13,4
6192b4b060f7,2023-12-13,4
5fcbfda957ae,2023-12-13,4
538ea6432eda,2023-12-13,4
b7bda80246d8,2023-12-13,4
27eb49d79a25,2023-12-13,4
e0a4d40d4bd9,2023-12-13,4
c8046b3b8b1d,2023-12-13,4
ee865acdae75,2023-12-13,4
f45308aa47aa,2023-12-13,4
2e53ed1b4721,2023-12-13,4
50746012b178,2023-12-13,4
9ceaf22fe6c6,2023-12-13,4
1381c38611e9,2023-12-13,4
1e88a795cadc,2023-12-13,4
e28e045ee051,2023-12-13,4
1b4e615c4b66,2024-04-21,4
ac65e7730354,2024-04-21,4
a6b646691c33,2024-04-22,4
cfb999edea8e,2024-07-25,4
7b36f6bc846a,2024-08-08,4
dbe6881fb316,2024-02-12,4
4c421f305799,2023-12-13,4
785bde61fc3c,2024-03-14,4
194d858bc3c9,2024-09-05,4
a31f49ec3171,2023-12-13,4
51519b9eb2ee,2023-12-13,4
b0d24502fb66,2023-12-13,4
d6c0f7cefe6d,2023-12-13,4
d985b4134d51,2023-12-13,4
5d95a1b9c46d,2023-12-13,4
c24f40505116,2023-12-13,4
d31b1d45fdd6,2023-12-13,4
6639d290cf46,2023-12-13,4
e9b80e06c475,2023-12-13,4
331f8b25236a,2024-03-18,4
8936921b0aab,2024-03-18,4
4b68c310a27b,2024-01-29,4
ec745293bc8e,2023-12-13,4
d3e1aef91a3f,2023-12-13,4
24d8bcbe9d2c,2023-12-13,4
ac94d3698243,2023-12-13,4
4257ca2258f8,2023-12-13,4
6e42b981bd73,2023-12-13,4
50d55a0f62dc,2023-12-13,4
7d8ecbab7957,2023-12-13,4
179933d2bbd0,2023-12-13,4
ea2823a23635,2023-12-13,4
f84d244095bf,2023-12-13,4
46714b04b8bb,2023-12-13,4
ada3eaa93bac,2023-12-13,4
ddf899bc56ce,2023-12-13,4
221f22bac1cf,2023-12-13,4
71a361306e7b,2023-12-13,4
1d2a5a2a5168,2023-12-13,4
e0105bc2c1f4,2023-12-13,4
cb89977cbb0a,2023-12-13,4
1fb084903cdd,2023-12-13,4
da1e7fc24792,2023-12-13,4
96204c01ea93,2023-12-13,4
34d10196dd0a,2023-12-13,4
6cd5a96f2753,2023-12-13,4
71d6dc745f49,2023-12-13,4
394605b94c3d,2023-12-13,4
24494b3e6649,2023-12-13,4
9c7626a76df3,2023-12-13,4
97bb48850934,2023-12-13,4
315cbe20e16e,2023-12-13,4
beb95de47289,2023-12-13,4
507692a032cc,2023-12-13,4
f7201ca2cba1,2023-12-13,4
bd814a74c23f,2023-12-13,4
3ed5273a74e8,2023-12-13,4
d74a6d5323d9,2023-12-13,4
6bd0d1f80711,2023-12-13,4
1e0b5651494a,2023-12-13,4
3adbd1991340,2023-12-13,4
510edcbc601a,2023-12-13,4
dcf76842e2c0,2024-03-25,4
b0bc22ba9cb8,2023-12-13,4
e141ad4fd632,2023-12-13,4
06bc41e8d53f,2023-12-13,4
383eda871fca,2023-12-13,4
75a435426869,2023-12-13,4
e4f65efd99d9,2023-12-13,4
f5ee50dd5645,2023-12-13,4
a725079c3dc1,2024-04-15,4
3265792fc9dc,2023-12-13,4
bcb452396ce4,2024-06-10,4
65878b7bed5d,2023-12-13,4
f0c2857afa61,2023-12-13,4
249aaa595dbf,2024-03-27,4
599f0dc85917,2024-01-22,4
e858d18a2a2b,2023-12-13,4
26644589ec11,2023-12-13,4
1dc10ba8bdf3,2023-12-13,4
93fd3ced9d80,2023-12-13,4
648d59fd3f2e,2023-12-13,4
14a22f2ba5e0,2024-07-08,4
ca8b4037d9c1,2023-12-13,4
177f8af63bd5,2024-04-20,4
6c4ab581e079,2023-12-13,4
2cadafe05b9a,2023-12-13,4
87291ccb85d3,2023-12-13,4
918ddd0a3082,2023-12-13,4
bd00e88acb89,2023-12-13,4
2edd79298759,2023-12-13,4
f1679e170f93,2023-12-13,4
67d913c8307e,2023-12-13,4
98a4f7ce1c35,2023-12-13,4
cb3fff9bdd99,2023-12-13,4
416cc90cf5fa,2023-12-13,4
71e748dee18f,2023-12-13,4
de24ec537232,2023-12-13,4
59b84decb354,2023-12-13,4
1e7f76d78456,2023-12-13,4
eb423957d30d,2023-12-13,4
6a096a9d6477,2023-12-13,4
f3926b46407b,2023-12-13,4
7f3dabd358c5,2023-12-13,4
47465666925c,2024-03-26,4
d82089e12c67,2024-09-03,4
af584cef8e85,2024-09-03,4
22cc3eae8e74,2023-12-13,4
091c37614a79,2024-04-12,4
67462c40e05a,2023-12-13,4
588ca02d99ae,2024-04-12,4
8ea25d08f6b9,2023-12-13,4
81c7b7aa61ac,2023-12-13,4
a1666fae25ee,2023-12-13,4
698e719aa4ca,2023-12-13,4
e341c8c584a1,2023-12-13,4
2b3f71d19985,2023-12-13,4
3382ca2e6e8d,2023-12-13,4
8cbc390126a1,2023-12-13,4
9faccc8b02c4,2023-12-13,4
bc2e03d7197d,2023-12-13,4
57d0264c5f38,2023-12-13,4
3e345856ba35,2023-12-13,4
6c19d35e406c,2023-12-13,4
8517caa59ac8,2023-12-13,4
abdc341acd25,2023-12-13,4
0bbde879ec12,2023-12-13,4
626a96d9c74b,2023-12-13,4
11fda7fc3943,2023-12-13,4
d58c9d40aecd,2023-12-13,4
4b05776dfa1e,2023-12-13,4
df1dedd1f27a,2023-12-13,4
9851ac5c7980,2023-12-13,4
66e5b71e926b,2023-12-13,4
972ea3f529f1,2023-12-13,4
eb8eae945917,2023-12-13,4
abf765697ac1,2024-05-08,4
a77dcf25d30c,2023-12-13,4
1840630ded83,2023-12-13,4
f8187571525c,2023-12-13,4
4c9db7e32ef3,2023-12-13,4
dfe0d6d2cc0c,2023-12-13,4
28903e670932,2023-12-13,4
8384f4eda9a4,2023-12-13,4
24ab2ac62d58,2023-12-13,4
13ba93e0ea2b,2023-12-13,4
7a4f5cb944b7,2023-12-13,4
ff095aaab25d,2023-12-13,4
abaff2f9afd4,2023-12-13,4
1f6c91361be1,2023-12-13,4
0414364e63f7,2023-12-13,4
4eba8d11863f,2023-12-13,4
63599f4c902d,2023-12-13,4
6e24f1e4416c,2023-12-13,4
715224d3e5bc,2024-06-04,4
13a31f54ce1b,2024-06-04,4
d6f849e25799,2024-05-28,4
578a77efab9a,2024-06-04,4
d314825ee199,2023-12-13,4
59642adabc88,2023-12-13,4
eaeef43f1b7b,2023-12-13,4
d60b257a9734,2023-12-13,4
2ad086c08134,2023-12-13,4
e8ce176d1fd8,2023-12-13,4
ec81750d565a,2023-12-13,4
5ed0338278af,2023-12-13,4
7d8cbb4a02b2,2023-12-13,4
29110f131717,2023-12-13,4
05cd033f73f3,2023-12-13,4
75271b2196fe,2023-12-13,4
d1d9be55a3ab,2023-12-13,4
b1a760be8e5c,2023-12-13,4
e20f33efa3af,2023-12-13,4
701426b7cf16,2024-02-29,4
3d8ec48ed020,2024-02-29,4
735d5ffbc6d5,2023-12-13,4
317b538c9869,2023-12-13,4
cbb819b6b7c9,2023-12-13,4
aa4380a6bc58,2024-04-15,4
ddf87fd15e2e,2023-12-13,4
697b28322cff,2023-12-13,4
3120af4d711a,2023-12-13,4
e0d86b8aff2a,2023-12-13,4
cca154058588,2023-12-13,4
57182bd9c33c,2023-12-13,4
105d487b6296,2023-12-13,4
67652bac69ad,2023-12-13,4
7c4e59a73a37,2023-12-13,4
1a46e25be54b,2023-12-13,4
ab386b6bd87b,2024-06-25,4
9f09ec513219,2023-12-13,4
398bf6aeb4c1,2023-12-13,4
93efb85fe7ba,2023-12-13,4
d1dba72d5d7d,2023-12-13,4
ee48e0dc685c,2023-12-13,4
a91bfdb780a7,2023-12-13,4
ae1e36c2c68c,2023-12-13,4
c59575b1b764,2023-12-13,4
e48bc0598a7f,2023-12-13,4
1d2eff460ff5,2023-12-13,4
3ac199fd3bcc,2023-12-13,4
f9f71e89783a,2023-12-13,4
144b8a690139,2023-12-13,4
a02ec4c04c05,2023-12-13,4
de63a6a1101d,2023-12-13,4
2c995ce7abc0,2023-12-13,4
5f3114373ddd,2024-09-26,4
16131ed1d549,2024-09-26,4
89f8dbdfb420,2024-02-19,4
94528084ca9d,2024-06-18,4
7ae7fc6d78d8,2023-12-13,4
f2532015594f,2023-12-13,4
6f8ecef212e8,2023-12-13,4
bae1d3a6b74a,2023-12-13,4
170026ea591e,2023-12-13,4
b9a932fc9aee,2023-12-13,4
3cd2420dabd4,2023-12-13,4
35e63e744c45,2024-04-25,4
1d92c3f04a69,2023-12-13,4
19484d4e3894,2023-12-13,4
38952101055c,2023-12-13,4
65df699019f9,2023-12-13,4
ab0d1213a756,2023-12-13,4
4df6e028129f,2023-12-13,4
643abf278f9d,2023-12-13,4
0a964a46f263,2023-12-13,4
40a6b314ec65,2023-12-13,4
bcc3252e1eeb,2023-12-13,4
5549ee6b92da,2023-12-13,4
a5a967fc8f2b,2023-12-13,4
4f939a816e3d,2023-12-13,4
0b4572f5bd08,2023-12-13,4
2cb4d949d5e5,2023-12-13,4
1851e9b4b170,2023-12-13,4
b9c2d49ebdbf,2023-12-13,4
3cb007ba71b9,2023-12-13,4
9cbea2247adf,2023-12-13,4
25fa20e8b352,2023-12-13,4
0477d0802d45,2023-12-13,4
e8f3f1d5546d,2023-12-13,4
8f7ec8a04d6c,2023-12-13,4
9f4f79fa1f5c,2023-12-13,4
ca2d0aca133d,2023-12-13,4
d7e01bde7252,2023-12-13,4
b0343f841960,2023-12-13,4
acd635fb2bda,2024-09-09,4
8258af6b2b19,2024-06-26,4
add1b1b43829,2024-06-26,4
7abd78dd27e6,2023-12-13,4
09f44d327571,2023-12-13,4
f1fa4eec4e38,2023-12-13,4
bfdddf99a5d4,2023-12-13,4
5fcf68738493,2023-12-13,4
55dfd6963719,2024-08-01,4
6bf03363a634,2023-12-13,4
c0abffb7b886,2023-12-13,4
6734f278f64d,2023-12-13,4
2f49ff91ffbe,2024-06-21,4
7970d43f42a9,2023-12-13,4
4c0e10a01f40,2023-12-13,4
96fb0c08b519,2023-12-13,4
fb1e7f90eb81,2023-12-13,4
d7e25d788dd2,2023-12-13,4
7bdda53d2661,2023-12-13,4
09c375b4e892,2023-12-13,4
cf8c74785482,2024-06-04,4
1402d25c21d6,2023-12-13,4
c0ea7a32a284,2023-12-13,4
3c848fb99709,2023-12-13,4
204efef80b53,2024-08-20,4
30405437b4ea,2023-12-13,4
d24c0c230852,2024-04-02,4
1b9b6b014511,2023-12-13,4
5cb50337b463,2023-12-13,4
f2c1fc645193,2023-12-13,4
78370eb71109,2023-12-13,4
c83a1d441b0f,2023-12-13,4
6c09f7b5f445,2023-12-13,4
b4c26b710a11,2023-12-13,4
743013bc3501,2023-12-13,4
e9952aa1d3fa,2023-12-13,4
faa8a4929637,2023-12-13,4
3c290955ce29,2023-12-13,4
d50d1fff8f3a,2023-12-13,4
a9c9465e1661,2023-12-13,4
2f0ab968441f,2023-12-13,4
1d26d84aa925,2023-12-13,4
b10dff42fe4b,2023-12-13,4
c4d12bc7add6,2023-12-13,4
c94df568f36f,2024-06-19,4
7ff6528677e4,2023-12-13,4
cd920476490f,2023-12-13,4
d507caa827bb,2023-12-13,4
eb76258b69f8,2023-12-13,4
279601974e5e,2023-12-13,4
d34e1d1bc614,2023-12-13,4
2c2dbdb81689,2023-12-13,4
370aff0c5ce7,2023-12-13,4
a26fda49caea,2023-12-13,4
83bcfb0d62ae,2023-12-13,4
82bd50826e94,2023-12-13,4
ddac76c678a0,2023-12-13,4
3443fd5e22ff,2023-12-13,4
b6077dbbb65f,2023-12-13,4
f1bd61b8919e,2023-12-13,4
1bab4557766a,2024-08-13,4
7173c7c56221,2023-12-13,4
91f12a457c40,2023-12-13,4
fc93b62406d0,2023-12-13,4
110fd6f670f0,2024-09-24,4
7d5ce766c7d4,2023-12-13,4
d38a2a4e5976,2023-12-13,4
1ba493053c46,2023-12-13,4
7593c311b3c0,2023-12-13,4
68973a9e7e63,2023-12-13,4
33303fcf5fa4,2023-12-13,4
58c74659c980,2023-12-13,4
980bbfd7ef07,2023-12-13,4
c13ce5f1f783,2024-05-21,4
a4826f09fcc3,2023-12-13,4
fe0c621457cf,2023-12-13,4
fcbbfc4a41ee,2023-12-13,4
468167aaf2e5,2024-09-12,4
8c5ab5602bf9,2023-12-13,4
a687200206e3,2023-12-13,4
21f5cf33a680,2023-12-13,4
27552fd7d9d7,2023-12-13,4
e176b4aff6f3,2024-04-23,4
d3a9bef708f9,2024-08-13,4
559d11eae75a,2023-12-13,4
9c2ceca86c29,2024-08-07,4
954e0ce3dd01,2024-07-25,4
75e6dd972c4a,2023-12-13,4
55a6661ee683,2024-05-21,4
81dd5a9e1b5c,2023-12-13,4
9029a54a0683,2023-12-13,4
95125c0c1629,2023-12-13,4
82cfa7884c68,2023-12-13,4
82af762e4801,2023-12-13,4
b03b5cf44e87,2023-12-13,4
7e608b308e14,2024-01-25,4
ae5770d8e2d0,2023-12-13,4
9aa56aaf5f2a,2023-12-13,4
d8dc7e74f7cf,2023-12-13,4
bbee2f428005,2023-12-13,4
c27d736a49b9,2023-12-13,4
45d19024774d,2023-12-13,4
0a0e964a1858,2023-12-13,4
a2b38f1e687f,2023-12-13,4
1d45d51fc18b,2023-12-13,4
c1b3cc50df86,2023-12-13,4
0eb2c4a9e34c,2024-06-07,4
e7f4abb40e02,2024-06-07,4
4eb83c8ba1d4,2023-12-13,4
1ecd72b0e811,2023-12-13,4
eb0f9eb1a342,2023-12-13,4
e5a9b6150a8e,2023-12-13,4
156617da100e,2023-12-13,4
e9764ceeaf32,2023-12-13,4
21ff169bf530,2023-12-13,4
7291734f67ba,2023-12-13,4
4a230c6a2d74,2023-12-13,4
d901b1325fec,2023-12-13,4
20ef2e189ffc,2023-12-13,4
0959aeb2414c,2023-12-13,4
27f55b6ccc09,2023-12-13,4
3a7b7207e9e7,2023-12-13,4
34b8574982e3,2023-12-13,4
7417ab949c1a,2023-12-13,4
e31f3283826c,2023-12-13,4
9b9f2eb5def1,2023-12-13,4
760ba000d11c,2023-12-13,4
5bc01e198c5d,2024-07-24,4
ab93477cd517,2023-12-13,4
4643bc7902e0,2023-12-13,4
0a627d488d5f,2023-12-13,4
8db850cb9f41,2023-12-13,4
a632b4fbf9e3,2024-01-12,4
e7901b87566a,2023-12-13,4
d17432476eb7,2023-12-13,4
0e5d4219890d,2023-12-13,4
6f4b464f5c4d,2023-12-13,4
406990fda8be,2023-12-13,4
a51208839e65,2023-12-13,4
21cdcd66a264,2023-12-13,4
0ff2cd6cd7dd,2023-12-13,4
7dcce9e042b6,2023-12-13,4
090585612fff,2023-12-13,4
4aa0919cfdd9,2023-12-13,4
72c457a37134,2024-03-25,4
715bf38ccb39,2023-12-13,4
3a23db1a465b,2023-12-13,4
58cf843c7afc,2024-03-25,4
891f3780b229,2023-12-13,4
7b7d14e6cf64,2024-08-28,4
4b8132bd98b2,2024-09-23,4
3cc22542f525,2023-12-13,4
5ed43be0f63e,2024-04-25,4
af8b11a15db1,2024-04-25,4
8d980e310c68,2024-04-25,4
46a902f087ab,2024-04-25,4
505452bbde7d,2023-12-13,4
51f56026c5bf,2023-12-13,4
36063bb37fa5,2023-12-13,4
7284438b3c0e,2023-12-13,4
4e1ecf1e2b26,2023-12-13,4
79c8034b06f9,2023-12-13,4
811add884a1a,2024-07-09,4
abaa63d0641b,2023-12-13,4
0294c4bcd281,2023-12-13,4
be55b97fcda3,2023-12-13,4
e1091b0a3a7d,2023-12-13,4
97adf3885d48,2023-12-13,4
b02f028fa592,2023-12-13,4
8c66bb58de45,2023-12-13,4
da0692f41866,2023-12-13,4
ff8f767e4800,2023-12-13,4
29889479d596,2023-12-13,4
d126f166b92a,2023-12-13,4
d71b73564105,2023-12-13,4
0b05c4bec05c,2024-08-14,4
b504367b0ce9,2023-12-13,4
b50b79d0a0e7,2023-12-13,4
707aff3738d3,2023-12-13,4
7d47c0f2234a,2023-12-13,4
7106d83524a4,2023-12-13,4
b1c14d6af435,2024-07-24,4
982c7212a50b,2023-12-13,4
c7b448822ffc,2024-02-06,4
bb8544268849,2023-12-13,4
bca955fb50e3,2023-12-13,4
3e8db7e45e7b,2023-12-13,4
618d3433f173,2024-07-11,4
78532f6809af,2023-12-13,4
630343c2c0bc,2023-12-13,4
14643b879b5a,2023-12-13,4
03a49407f2e8,2023-12-13,4
e1fb3e82e070,2023-12-13,4
f451f8def3b0,2024-04-27,4
efbfcf1c20a7,2023-12-13,4
54df7fd92f7e,2023-12-13,4
fb38d67bb760,2023-12-13,4
56a254c27103,2023-12-13,4
bf8c494639fa,2023-12-13,4
cfc6857bcc30,2024-01-23,4
6e614604ff3b,2023-12-13,4
23829d7b9a33,2023-12-13,4
013ec8607a16,2024-03-22,4
47db8ba671d1,2024-02-15,4
c16432b9a1e9,2023-12-13,4
18371826f96a,2023-12-13,4
63480210b83e,2024-07-31,4
326b2cc60eac,2023-12-13,4
6d0ded530fe1,2023-12-13,4
633d21ce78be,2023-12-13,4
0e9b89fee2a1,2023-12-13,4
6fd53e4ccd68,2023-12-13,4
bde50ac94d41,2023-12-13,4
991837cefebc,2023-12-13,4
8a8bbdf5c251,2023-12-13,4
b2753ff9662b,2023-12-13,4
dab40327ac49,2023-12-13,4
2ba83fddc80e,2023-12-13,4
44d1f256c1bb,2023-12-13,4
db6ad4c5ab27,2023-12-13,4
33146632a2f6,2023-12-13,4
4a5e82701deb,2023-12-13,4
73764314f77d,2023-12-13,4
e87a2507a1be,2024-07-04,4
c0197a11005d,2023-12-13,4
710d94d60250,2023-12-13,4
36b1cfb1a0c2,2023-12-13,4
c20e59b2ece7,2023-12-13,4
9e62e7719f41,2023-12-13,4
75b1f6511cc5,2023-12-13,4
d120337ab1d8,2023-12-13,4
c002d248ca11,2023-12-13,4
215b8b1d4335,2023-12-13,4
3b46351b60e1,2023-12-13,4
198ea34ad183,2023-12-13,4
17a5b102fcfb,2023-12-13,4
214d60cd0a2f,2023-12-13,4
8602bcfbf94f,2023-12-13,4
c0f576f1aa6e,2024-03-19,4
7c3fbc7f36d8,2023-12-13,4
50b3322df51a,2024-08-12,4
ea4b955d476e,2023-12-13,4
65a302002ba0,2023-12-13,4
c20dd1629152,2023-12-13,4
9a5e76f09ec9,2023-12-13,4
6a2c06e8fc05,2023-12-13,4
5b8eb8b79b76,2023-12-13,4
2efbec7a3cd9,2023-12-13,4
1093a38ad46f,2023-12-13,4
3317d3b7f5c2,2023-12-13,4
e821fed34a2f,2024-09-10,4
583d2d41a653,2024-09-03,4
3bdc2a4998e2,2023-12-13,4
bc38e14960df,2024-09-02,4
a1958da0ab7b,2023-12-13,4
f91f66188f8d,2023-12-13,4
99fbc47a2133,2023-12-13,4
0ee584b7d849,2023-12-13,4
16bf1b535c8b,2023-12-13,4
1c4055b306b2,2023-12-13,4
89a9e1154d4b,2023-12-13,4
68242908b37f,2024-02-05,4
7050208eb1d9,2024-08-21,4
312f9585bb5b,2023-12-13,4
d4f53e235c59,2024-08-29,4
6b9f13274691,2024-09-19,4
d75b629aaaef,2023-12-13,4
45a475187640,2023-12-13,4
f96708e23a7b,2023-12-13,4
800fa7ab126c,2023-12-13,4
61edf9c46945,2023-12-13,4
c7e1575163eb,2023-12-13,4
719a5bbaf540,2023-12-13,4
9e9f1001df3c,2023-12-13,4
af92d380e830,2023-12-13,4
878ac60ef5ae,2023-12-13,4
161972d6df2d,2023-12-13,4
ee1867cdb29b,2023-12-13,4
c6b85a5f5629,2023-12-13,4
f5c77d6544c6,2023-12-13,4
785d210c9b44,2023-12-13,4
107789eb1efa,2023-12-13,4
a1bfdaa9468e,2023-12-13,4
ff5bb6b4300c,2023-12-13,4
2719b2475fab,2023-12-13,4
5cb301722484,2023-12-13,4
e504906a6ffc,2023-12-13,4
5e11c30d588e,2024-05-29,4
3b2ec2799ace,2023-12-13,4
b5e6b49e7696,2023-12-13,4
78a561193a1d,2023-12-13,4
7df8c1e6589b,2023-12-13,4
e7f2f549da1f,2023-12-13,4
091e5ddfe2ce,2023-12-13,4
a7c59632ada2,2023-12-13,4
b710bdd07b03,2023-12-13,4
851e790a9628,2023-12-13,4
66af3f982691,2023-12-13,4
f06339206a4f,2024-02-26,4
3113548a6d54,2023-12-13,4
8c308c1953b0,2024-09-17,4
34e56061488a,2023-12-13,4
dc3f33c2ddab,2024-05-11,4
3030dcbb2d7e,2024-05-11,4
f1a31c28075e,2024-05-11,4
18875195ac1b,2023-12-13,4
dc66bd5a051b,2023-12-13,4
418c8757e8d4,2023-12-13,4
21dc0bb83e30,2023-12-13,4
f34b4198f4f7,2023-12-13,4
fa20d1cc8115,2023-12-13,4
b264849ef0ea,2023-12-13,4
cb608aaa8976,2023-12-13,4
e7bf48b49419,2023-12-13,4
3c5e145ca0c7,2023-12-13,4
9c9b1521969c,2023-12-13,4
498728cb84b9,2023-12-13,4
79e5efb1fa51,2023-12-13,4
af00d4c4a5d6,2023-12-13,4
72712b35b4de,2023-12-13,4
d04bb6f9848e,2024-08-25,4
520ef99e7285,2023-12-13,4
3620da0d7597,2023-12-13,4
6e540f0abfcb,2023-12-13,4
e2e05bf0c662,2023-12-13,4
f4d377ed235d,2023-12-13,4
a1264f157102,2023-12-13,4
3841203cd0d9,2023-12-13,4
365ab2937dd0,2023-12-13,4
dccc34d70e8a,2023-12-13,4
e31c33fb4119,2023-12-13,4
79ff4d60e600,2023-12-13,4
355da60ff933,2023-12-13,4
13d6a1cd24bb,2023-12-13,4
211f4cf5809c,2024-07-03,4
318129e6732c,2024-01-24,4
f52981993967,2023-12-13,4
4715a160ca27,2024-01-24,4
49121d848dfd,2023-12-13,4
18c5986aac37,2023-12-13,4
4d25bb0b0511,2023-12-13,4
46eb2a4ce79c,2024-06-23,4
26780f604c9c,2023-12-13,4
26ed544cc3ba,2023-12-13,4
25ffdad724d1,2023-12-13,4
1dc70a010c6a,2023-12-13,4
0e098e73a685,2024-08-13,4
2feda69aee4a,2023-12-13,4
263ad97dfc9b,2023-12-13,4
1f1371bfef59,2023-12-13,4
3864ffbdd007,2023-12-13,4
2fa8918431c6,2023-12-13,4
6a8cb0ca9e2b,2023-12-13,4
fec0dd4dbb91,2023-12-13,4
7440d0c8fc6d,2023-12-13,4
80aa4dac9b6f,2023-12-13,4
8454a4d8ca6f,2023-12-13,4
5103030b2a77,2024-08-13,4
8126a4f9b34e,2023-12-13,4
b23a2880aa25,2023-12-13,4
21b8dfbd361a,2023-12-13,4
81e546c3ac97,2023-12-13,4
b576b8166b68,2023-12-13,4
ff740afd4dde,2023-12-13,4
b1fe86a36a26,2023-12-13,4
46b5a856aa4b,2024-08-22,4
5b28acc700f2,2023-12-13,4
b09fbea6b94d,2023-12-13,4
ddf5b731bb1f,2023-12-13,4
ceb98776c397,2023-12-13,4
95f5228f35c6,2023-12-13,4
5d951a730b9a,2023-12-13,4
1b474f24e35b,2023-12-13,4
8d3c7074002e,2023-12-13,4
4a84d7a253e3,2023-12-13,4
a6c4680bd27d,2023-12-13,4
d101ce64aaed,2023-12-13,4
07eb2222d62e,2023-12-13,4
fe30e57afa4b,2023-12-13,4
77ca0a803593,2023-12-13,4
9e74b0d086eb,2023-12-13,4
764cf257e49a,2024-05-15,4
d0415da83dd4,2023-12-13,4
d1aad7ef3af4,2023-12-13,4
3094cc3c9890,2023-12-13,4
e26eea2646a3,2023-12-13,4
bd2aa7a683fc,2024-04-14,4
2a3b4423817b,2024-09-12,4
49cbf4a8dada,2023-12-13,4
e915a441af0b,2023-12-13,4
35bd118a18b4,2024-07-24,4
6c0abbd5a254,2023-12-13,4
837e64099bcb,2023-12-13,4
4cf0bb777594,2023-12-13,4
2d90aa4da862,2023-12-13,4
e6467b48e0af,2023-12-13,4
d345e51155e0,2024-02-09,4
76236a6959eb,2024-04-20,4
be28ab85732e,2023-12-13,4
1c689e54c578,2023-12-13,4
ed4a81d054a5,2023-12-13,4
f6705cd92931,2023-12-13,4
7c1dc0b93f36,2023-12-13,4
909bd124b501,2023-12-13,4
2c5f6e3236e0,2024-03-04,4
e64cc168fc3b,2023-12-13,4
ef2c75d03fb4,2023-12-13,4
3889078418c0,2023-12-13,4
e3db44bc8092,2023-12-13,4
f6607bc53b55,2023-12-13,4
44c88d4cb05a,2023-12-13,4
26411ac96085,2023-12-13,4
d664cb659bd3,2023-12-13,4
4f24f7655536,2023-12-13,4
eed29925d8b7,2023-12-13,4
f56a561c1576,2023-12-13,4
967e348f1935,2023-12-13,4
6a3b9c7c0464,2023-12-13,4
43061f24fbae,2023-12-13,4
245abe1b167b,2023-12-13,4
2e655e0b49ab,2023-12-13,4
17e147cd82ce,2023-12-13,4
02b084825609,2023-12-13,4
6f395b5d35d5,2023-12-13,4
116fc170f4d8,2023-12-13,4
1963db4fccba,2023-12-13,4
29d5b40fc027,2023-12-13,4
5938c8dedd47,2023-12-13,4
d7b1203906af,2023-12-13,4
2fea483d3a5c,2023-12-13,4
f8db309f0a00,2023-12-13,4
755c2c81eb92,2023-12-13,4
fe4a00653cbe,2024-05-03,4
ceca46810062,2023-12-13,4
7348df4270df,2023-12-13,4
4bff46d76e59,2023-12-13,4
7290d410e4aa,2023-12-13,4
338b54f8889f,2023-12-13,4
6b5a452dca99,2023-12-13,4
e18ee87d0281,2024-09-24,4
74e763506b2e,2024-09-06,4
43ac71fa974f,2024-09-06,4
1646d5b98b18,2024-09-06,4
90863440c9d7,2023-12-13,4
2948735c140e,2023-12-13,4
412a760870c1,2023-12-13,4
6f790765e831,2023-12-13,4
31477a1a2ae0,2023-12-13,4
521cb26d033d,2023-12-13,4
5dd81a6984b5,2023-12-13,4
783ed93af461,2023-12-13,4
b5fe52922727,2023-12-13,4
53373bd97638,2023-12-13,4
651c34ed4958,2023-12-13,4
43ad9440663f,2023-12-13,4
e8da9c15cfa4,2023-12-13,4
1f9489b9b591,2023-12-13,4
6664e1c90026,2023-12-13,4
3479885b10e8,2023-12-13,4
c33b78eecd6c,2023-12-13,4
75fe8dcd0c01,2023-12-13,4
20278fe88665,2023-12-13,4
5af1d0c5ffd3,2023-12-13,4
4594857f8f14,2023-12-13,4
ac82952e346d,2023-12-13,4
4a343afd2743,2023-12-13,4
de397a609453,2024-08-22,4
7e8ce790baa1,2023-12-13,4
10ac1a4c4692,2023-12-13,4
63f36cd1a242,2023-12-13,4
73a63cacb027,2023-12-13,4
d71e73615501,2023-12-13,4
03be80e23c37,2023-12-13,4
d5ad5e53e1d9,2023-12-13,4
1451ae10d7bd,2023-12-13,4
9a2123994b37,2024-09-24,4
ea7e02a653a2,2024-09-10,4
c1d32f120260,2023-12-13,4
901f6e4153ff,2023-12-13,4
cc808b7b5a32,2024-03-04,4
b8829481ab3b,2023-12-13,4
d3670d7b9518,2023-12-13,4
59e84304b00a,2023-12-13,4
251123ed5355,2023-12-13,4
1943a8230377,2023-12-13,4
1625770f670d,2023-12-13,4
908281bfa372,2023-12-13,4
e2c27e7b24b7,2023-12-13,4
66296e20e15a,2023-12-13,4
c4d4bc23138a,2023-12-13,4
68248b45eb3f,2023-12-13,4
61b37f9a84a7,2023-12-13,4
0cfff7e4126c,2023-12-13,4
5863eb604221,2023-12-13,4
cdfcbd961ce1,2023-12-13,4
3c15aaa8adb4,2023-12-13,4
188dd906e477,2023-12-13,4
6f857619a3cb,2023-12-13,4
217afe5d5355,2023-12-13,4
d1376310dd91,2023-12-13,4
afc1a9fcbcd4,2023-12-13,4
31b89a976095,2023-12-13,4
71a11dc091a8,2023-12-13,4
68b1397119e1,2023-12-13,4
f3c06ac8099b,2023-12-13,4
8a544301b0b5,2023-12-13,4
f43bd6120082,2023-12-13,4
f202f07102b7,2023-12-13,4
9b9ae0e88f89,2023-12-13,4
935302893a8f,2023-12-13,4
a22c79c7ea5b,2023-12-13,4
1fc452e0a241,2023-12-13,4
1261efffc79c,2023-12-13,4
071783548796,2024-09-05,4
b734a3e408f5,2023-12-13,4
c6d4cbc4553c,2023-12-13,4
29a1ef2c3f0c,2023-12-13,4
6e23b34c7c22,2023-12-13,4
44207296e163,2023-12-13,4
c4682e2c619e,2023-12-13,4
618ac00db6e7,2023-12-13,4
8a56211449ec,2023-12-13,4
37cf2c59326d,2023-12-13,4
25c633e4a669,2023-12-13,4
2f33c656fa7b,2023-12-13,4
51b813c33359,2024-07-25,4
48f31ed7143e,2024-04-15,4
5ae004dd9ecf,2023-12-13,4
7e24e99a081a,2023-12-13,4
4b6895649d76,2023-12-13,4
3983eeec8388,2023-12-13,4
14a4a0156def,2023-12-13,4
2d1370da96ac,2023-12-13,4
a9ee9513cb2d,2023-12-13,4
47852a051a82,2023-12-13,4
842a4679d466,2023-12-13,4
c405559a11b0,2023-12-13,4
ef2787f1d06f,2023-12-13,4
0a522fe48fd3,2023-12-13,4
bff5803aaa2b,2023-12-13,4
f18b19c69d3b,2023-12-13,4
839834e49863,2023-12-13,4
46d902334b23,2024-06-20,4
7c111ba4702f,2023-12-13,4
cf81428a820e,2024-05-22,4
45d0e74bf875,2024-09-23,4
b217079cca31,2023-12-13,4
7aee3d3baba3,2023-12-13,4
2352ecef1366,2023-12-13,4
cd8fdc376d11,2023-12-13,4
53ce1f66132f,2024-08-21,4
d3858db7de5d,2023-12-13,4
15c1967eba7d,2023-12-13,4
0972c87ddb1e,2023-12-13,4
de8f2705a02b,2023-12-13,4
1368ed283192,2024-09-06,4
98f723419539,2023-12-13,4
4c09c72c54f3,2023-12-13,4
1aa1247d717f,2023-12-13,4
868858d8400d,2023-12-13,4
6b9644446615,2023-12-13,4
b3606eafdc44,2023-12-13,4
7b9b180fb168,2023-12-13,4
007215fe206b,2024-07-24,4
b3909a49f141,2023-12-13,4
fb8e3f81b29f,2023-12-13,4
1ad0b0acfea1,2023-12-13,4
d668126a419f,2023-12-13,4
b7c95783f300,2024-05-18,4
d6a2343187f7,2023-12-13,4
8b6e5c8dfa55,2023-12-13,4
d2092ff65fda,2023-12-13,4
babec6e1886d,2023-12-13,4
353f645dd9eb,2023-12-13,4
c2302e342d28,2023-12-13,4
74eaae24cea6,2023-12-13,4
827995539dbc,2023-12-13,4
6d057c969530,2023-12-13,4
8f668993a415,2023-12-13,4
a3d293c00f7e,2023-12-13,4
d58251c1e800,2023-12-13,4
baddb18933d5,2023-12-13,4
4932de2de13a,2023-12-13,4
9803c19facb3,2023-12-13,4
8cd4447db211,2023-12-13,4
c96ceedaf552,2023-12-13,4
1291f9a3211c,2024-02-15,4
b063ec5d3035,2023-12-13,4
d3c8b6581511,2024-09-16,4
28f7d6898238,2023-12-13,4
f93e22d6bd6e,2023-12-13,4
bee0b5f612e1,2023-12-13,4
169c12368d5e,2023-12-13,4
7cb1c4b9ad50,2023-12-13,4
a199da3b9fb9,2023-12-13,4
c918d1d6c13e,2023-12-13,4
5ffeca4fbd43,2023-12-13,4
ab15ad24d869,2024-09-19,4
30c20a1c56c5,2023-12-13,4
7a7e0b5b3fa7,2023-12-13,4
85702f162da8,2023-12-13,4
44c6687edd55,2023-12-13,4
77fce742ed9f,2023-12-13,4
060ebe19a5ec,2023-12-13,4
3db1bfb4c1b3,2023-12-13,4
c2279063aa25,2023-12-13,4
46ad88981d04,2023-12-13,4
7669696c8cc6,2023-12-13,4
98d67e0758ce,2023-12-13,4
d8df933168d8,2023-12-13,4
d3088c1e99b7,2023-12-13,4
b644ff02b2f8,2023-12-13,4
7b2dfcdbfe07,2023-12-13,4
2a716ec182e7,2023-12-13,4
5c853a2a7326,2023-12-13,4
d0c055300e70,2023-12-13,4
82dfa245dea2,2023-12-13,4
f784162eeefe,2023-12-13,4
9e37b78541c0,2023-12-13,4
a867ab016783,2023-12-13,4
1e957bde0855,2023-12-13,4
7ca8fcaae5e3,2024-08-29,4
f6d60e101aab,2023-12-13,4
9c9b5ea8ccd6,2023-12-13,4
7cb73a7f2bed,2023-12-13,4
530695554687,2023-12-13,4
778863d9f66e,2023-12-13,4
c4b7d75e76a1,2023-12-13,4
72299f0def98,2023-12-13,4
1db8d809bfef,2024-08-08,4
43956be3e9be,2023-12-13,4
ca19a1a86267,2023-12-13,4
7018c2adbfff,2023-12-13,4
b095cc33f27f,2023-12-13,4
2874fb7169ab,2024-02-21,4
3918969c667c,2023-12-13,4
b2f35440e645,2023-12-13,4
0d6ea764935a,2023-12-13,4
58c76aa12bce,2023-12-13,4
4a5f04425f04,2023-12-13,4
80edbdf18119,2023-12-13,4
60a3cc755f27,2023-12-13,4
6cf70373488e,2023-12-13,4
c52135188aef,2023-12-13,4
418ea4045efb,2023-12-13,4
42eee01233c4,2023-12-13,4
357cf12708ae,2023-12-13,4
81e981352de6,2023-12-13,4
69f61854a82e,2023-12-13,4
e5959358c327,2023-12-13,4
bd5013e8acfc,2023-12-13,4
173e59a5b435,2023-12-13,4
d59d1b5ea2e6,2023-12-13,4
0863f156d1ea,2023-12-13,4
374b3adcc564,2023-12-13,4
34a664d5ab47,2023-12-13,4
11415b397fdc,2023-12-13,4
f21d6d1e7f95,2023-12-13,4
7d3dce624663,2023-12-13,4
35c92067c1ca,2023-12-13,4
3f65ffbd3769,2023-12-13,4
5cf95bb82011,2023-12-13,4
611ce5751c97,2023-12-13,4
986dbd10687c,2023-12-13,4
7d00ac420f39,2023-12-13,4
cb54cff53dbb,2023-12-13,4
39c0e7b52fba,2023-12-13,4
81f7353cb18f,2023-12-13,4
0d25e3d95e0a,2023-12-13,4
942af80a5ff9,2023-12-13,4
db761b68c9d8,2023-12-13,4
afc41ef376cb,2023-12-13,4
292548b265c9,2023-12-13,4
45255a23bb6d,2023-12-13,4
86fcd85d765c,2023-12-13,4
bf9fa2249b9c,2023-12-13,4
694d41e46746,2023-12-13,4
9627de3d4f76,2023-12-13,4
a2cbb07f2e96,2023-12-13,4
4065068f5c3c,2024-07-25,4
193cc1cb619e,2023-12-13,4
0dacb656f1f4,2024-07-19,4
c41a7f829411,2024-02-29,4
ec0742365629,2023-12-13,4
56fd42524ca8,2023-12-13,4
1af45f61385e,2023-12-13,4
0302313641b0,2023-12-13,4
583af5efc397,2024-08-28,4
93abb3c9a86f,2023-12-13,4
1d82c3c493e2,2023-12-13,4
d98754596b3b,2023-12-13,4
6c64a3b0b9e3,2023-12-13,4
42c748bd2020,2023-12-13,4
18ae1e627740,2023-12-13,4
814f54cc8763,2023-12-13,4
e88b36c4ba34,2023-12-13,4
fca15d4f238a,2023-12-13,4
6af9fb1d6de9,2023-12-13,4
4a07d71154fc,2023-12-13,4
60cc10e70e89,2024-04-09,4
3159047d3ae7,2024-04-17,4
0dc5a5dbe3c1,2023-12-13,4
e9c0c5857350,2023-12-13,4
639a88508b9e,2023-12-13,4
851ac369566f,2023-12-13,4
9815b8c986e2,2023-12-13,4
61596dfefa9a,2023-12-13,4
75ea433a9763,2023-12-13,4
2c7fa86c1497,2023-12-13,4
7f27b43a7e3c,2024-08-26,4
bba465217aaa,2023-12-13,4
ec8a4cc372d3,2023-12-13,4
9ec2154f1315,2023-12-13,4
23eafe6a92c9,2024-06-03,4
e1ed0bbfbb67,2024-09-01,4
459ce4886ba8,2023-12-13,4
2a588845a5b7,2023-12-13,4
eb1741affba4,2023-12-13,4
4559d426390e,2023-12-13,4
3173a45e3bca,2023-12-13,4
202e87846eff,2023-12-13,4
bfcac8bd0961,2023-12-13,4
e97f60792a7c,2023-12-13,4
b3ff9fb89766,2023-12-13,4
9941158b865f,2023-12-13,4
1ca55c2c75f7,2024-09-04,4
fff9aabc5046,2024-04-09,4
5cfae385098e,2024-04-09,4
61899b88ebeb,2023-12-13,4
91df881e816a,2023-12-13,4
78deacd6a130,2023-12-13,4
2e364a7e078b,2023-12-13,4
45af3a20fd84,2023-12-13,4
7877a586d36b,2023-12-13,4
2f2e5c91c6d6,2023-12-13,4
b568135541ea,2024-01-19,4
7200105641ae,2024-04-09,4
ab9a368ea5af,2023-12-13,4
280e64353cfd,2023-12-13,4
91f7dc69401b,2024-03-10,4
7db0c09bd891,2023-12-13,4
a7da9fd8ea83,2024-03-19,4
bbb59dd0e0a0,2023-12-13,4
ea15e0964476,2024-09-12,4
08d07b4654b7,2023-12-13,4
0b211fdb94a9,2023-12-13,4
694e6be81eb6,2023-12-13,4
18b27fc79bf2,2023-12-13,4
034c867fcf82,2024-08-15,4
9ffa28d12bfe,2023-12-13,4
355a2ce0ee94,2023-12-13,4
dad90757bc62,2023-12-13,4
8ecbbbc42d62,2023-12-13,4
6225cd466bdd,2023-12-13,4
750d95737357,2023-12-13,4
edcec4195407,2023-12-13,4
e4607f88bf0a,2023-12-13,4
27f3cf710cb2,2023-12-13,4
21dacf400277,2023-12-13,4
2883307cceae,2023-12-13,4
d86a692f5524,2023-12-13,4
0f7628bde179,2023-12-13,4
7244d2b1df8f,2023-12-13,4
26851adb1703,2023-12-13,4
8be84a86a284,2023-12-13,4
1e659588ccca,2023-12-13,4
315a0435dc94,2023-12-13,4
cebdaa379a6c,2023-12-13,4
2052459cc232,2023-12-13,4
65157fb403b3,2023-12-13,4
809b751db270,2024-09-12,4
fbcad6b44832,2023-12-13,4
309d5f8e6f7a,2023-12-13,4
d74d4a0844e9,2023-12-13,4
e090d8f594ae,2023-12-13,4
706c6a80b946,2023-12-13,4
f1c48736af2a,2023-12-13,4
8a47c42557f0,2023-12-13,4
8da0a08394e1,2023-12-13,4
6e084b503410,2024-06-07,4
3f122b4e990c,2023-12-13,4
5ada19122e86,2023-12-13,4
61ddfb6623b7,2023-12-13,4
1b465c1bd2e6,2023-12-13,4
31eb0fec6164,2023-12-13,4
4e4eb60aa34c,2023-12-13,4
805ffaf1202a,2023-12-13,4
c3d7be97562e,2023-12-13,4
3bc9b90f419e,2023-12-13,4
5bbf7ca3747e,2023-12-13,4
168651ade7a6,2023-12-13,4
955b6682cf46,2023-12-13,4
f24c30d5a472,2023-12-13,4
bce824b52b0d,2023-12-13,4
7f69f15de0d5,2023-12-13,4
a1e0e1bb145e,2023-12-13,4
8a437ce4364d,2024-04-14,4
e9ec4fece5b1,2023-12-13,4
babd35f90936,2023-12-13,4
66ec60988e8d,2024-03-10,4
55d7250bf206,2023-12-13,4
5f82ca26f59c,2023-12-13,4
6ce1f44a1c9a,2023-12-13,4
6d688c2801ef,2023-12-13,4
d62bc1445fc5,2023-12-13,4
0c6f59174edd,2023-12-13,4
8541e8ec5aab,2023-12-13,4
c1243251268e,2023-12-13,4
e97c50ef192c,2023-12-13,4
fce754e47997,2024-03-07,4
4c0188692474,2023-12-13,4
f13a1a4b5e3c,2023-12-13,4
56719b4979f1,2023-12-13,4
d067619cdbd8,2023-12-13,4
a66153073ae5,2023-12-13,4
99de310cad9c,2023-12-13,4
c6c303bf206c,2023-12-13,4
6c7274fef14c,2023-12-13,4
c1ef3911503f,2023-12-13,4
4362c1ae805b,2023-12-13,4
f0aa6784d540,2023-12-13,4
e69c37bec6d4,2023-12-13,4
37457767fdea,2023-12-13,4
28fe8e7cda87,2023-12-13,4
74dac7c0963f,2023-12-13,4
c99440867554,2023-12-13,4
2e43a3188326,2023-12-13,4
490e2aa60867,2023-12-13,4
63161948a95a,2023-12-13,4
ca5e3cd1e1b4,2024-09-05,4
b48bf5cd79ec,2023-12-13,4
15b9a02fc11e,2023-12-13,4
048dd9b11a02,2023-12-13,4
016796a1ad17,2023-12-13,4
d5c5a671c30e,2023-12-13,4
e674fdfce6b7,2023-12-13,4
780ffad19831,2023-12-13,4
d5d19c29a6af,2024-04-27,4
2e07d50a2c43,2023-12-13,4
0a9493fdd71f,2023-12-13,4
d219369bd18d,2023-12-13,4
4232caa20b45,2023-12-13,4
fa8ea90f132a,2023-12-13,4
7b3a293d4ef1,2023-12-13,4
c5f38f353725,2023-12-13,4
0231e1e4d5ae,2024-05-20,4
7c056ba351c7,2024-08-08,4
20775137bc92,2023-12-13,4
559966ae4367,2024-06-13,4
e2f2803bbdb3,2023-12-13,4
88cd52bd3c7a,2023-12-13,4
d6d7ccfadd43,2023-12-13,4
a7227c40ddc4,2023-12-13,4
bd5ea8afa75f,2023-12-13,4
7ca7c438c037,2023-12-13,4
6c4836a2b761,2024-05-21,4
17ff8425c310,2024-08-05,4
a5c98510b4b8,2024-05-05,4
eb4e98283fa2,2023-12-13,4
3d486c9d457e,2023-12-13,4
df6960aa0e55,2023-12-13,4
7aa3b2d44328,2023-12-13,4
1c7b50ce47c2,2023-12-13,4
8d1eccd5a41b,2023-12-13,4
f2c1ff6b5259,2023-12-13,4
957804d90c63,2023-12-13,4
b47c62436b38,2023-12-13,4
6201cc4b876a,2023-12-13,4
1bb270e169c7,2023-12-26,4
072d4213cdb3,2023-12-13,4
daa46ef49b7a,2023-12-13,4
a0012a45860e,2023-12-13,4
2314b88b09db,2023-12-13,4
067793ba4df5,2023-12-13,4
b09efffb8bb1,2023-12-13,4
97808fd0c337,2023-12-13,4
a3b9bad81bf3,2023-12-13,4
c0e0a88d85a8,2023-12-13,4
45cdbca64f44,2023-12-13,4
b49919095c52,2023-12-13,4
96924412a926,2024-04-09,4
1db5c417b6ff,2024-04-09,4
8e15e8c27760,2024-04-09,4
4768bb16cafe,2023-12-13,4
3aa03b19bfae,2023-12-13,4
2f7b1e4b06dc,2023-12-13,4
9c51a3312781,2023-12-13,4
ac40eb42c3b0,2023-12-13,4
66d0b8ea1359,2023-12-13,4
598d26e4c5d4,2024-03-15,4
3a62d823cbf3,2023-12-13,4
4cf130c36544,2023-12-13,4
b5cfb7c76de9,2024-07-22,4
e1ad4d7633f0,2023-12-13,4
109bfc7510e8,2023-12-13,4
5b44fabd40e7,2023-12-13,4
d5d9d2536080,2023-12-13,4
624275180cce,2023-12-13,4
9e290e768ba4,2023-12-13,4
ca3f5ee7ab1c,2023-12-13,4
7092606a834c,2023-12-13,4
554a7befb34c,2023-12-13,4
fa6496aef95e,2023-12-13,4
0105424d1eac,2023-12-13,4
d095b2ad3f85,2023-12-13,4
9007591885c7,2023-12-13,4
c6ba98412f41,2023-12-13,4
9ff26924e96f,2023-12-13,4
66b77400ea20,2023-12-13,4
247c657bb66e,2023-12-13,4
82e5d1446493,2024-01-25,4
335bda062c12,2023-12-13,4
eb802b90190e,2023-12-13,4
9572eebbe67a,2023-12-13,4
42baadcbfb08,2023-12-13,4
0512ff7a59b8,2023-12-13,4
8745e9e125c7,2024-04-02,4
627cd65e0374,2023-12-13,4
46483e2fb132,2023-12-13,4
7b44eb950158,2023-12-13,4
77ff94d879a7,2023-12-13,4
075ccd14b0d7,2023-12-13,4
b099ce175807,2023-12-13,4
56edb7bdecaf,2023-12-13,4
b816d6e57d97,2023-12-13,4
88c6e68e6b49,2023-12-13,4
c954a3a9fae4,2023-12-13,4
020a552cc4b1,2023-12-13,4
8bda984a9653,2023-12-13,4
79a0ef3405ee,2023-12-13,4
c47d407f1cf6,2023-12-13,4
69e542735cd2,2023-12-13,4
afd3bf9fe2bf,2024-05-24,4
260135f77173,2023-12-13,4
42b3dd5646ac,2024-05-28,4
4b4c11d5ce1d,2023-12-13,4
74b5870107ca,2023-12-13,4
6e8029bdc791,2023-12-13,4
ba1fc9590b44,2023-12-13,4
726b46e8f1b7,2023-12-13,4
a437dace575d,2023-12-13,4
83fc7ef9b415,2023-12-13,4
22869a1ef5f8,2024-09-05,4
1ef51e804054,2023-12-13,4
95a1ba1b6617,2023-12-13,4
36ae4ecf1c00,2023-12-13,4
43ee65fb8be2,2023-12-13,4
b6272d576158,2023-12-13,4
1916feb4aac2,2023-12-13,4
14849c8f909c,2024-09-23,4
74a28a4f63c6,2023-12-13,4
7a040ff65ca4,2023-12-13,4
ec721eaea352,2023-12-13,4
a659343ada4c,2024-08-05,4
c5a72bb3b030,2023-12-13,4
526d41f31cd6,2023-12-13,4
c49d296d203b,2023-12-13,4
e10772be984b,2023-12-13,4
5512e7a6a3ae,2023-12-13,4
e503cdcfd354,2023-12-13,4
e2bed9c9dc1a,2024-02-21,4
ec091429dad3,2023-12-13,4
e6686d990c5d,2023-12-13,4
7351e0bfdf67,2023-12-13,4
7e77d452ae90,2023-12-13,4
04f8b7e46f3c,2023-12-13,4
ecd7f9b609b1,2023-12-13,4
6b292f678986,2023-12-13,4
3c97571dcf73,2023-12-13,4
a2da304c3c79,2023-12-13,4
9c9221fd01bc,2023-12-13,4
558a01a8957b,2024-08-22,4
bf94c8fe0812,2024-08-22,4
721a448a410f,2023-12-13,4
2b11db8d9e34,2024-09-02,4
f1d2c45681c0,2023-12-13,4
119a2272e9b4,2023-12-13,4
b94f691b68fd,2023-12-13,4
5adf6c793f22,2023-12-13,4
d42eb3f46142,2024-09-23,4
fceea9d7cc99,2023-12-13,4
a19da3458d33,2023-12-13,4
424154f5fc2b,2023-12-13,4
a2a0a273c2cb,2024-08-07,4
0217891abe14,2023-12-13,4
8657458f84fa,2023-12-13,4
9db6bed65d65,2023-12-13,4
6aecf08bcd8c,2023-12-13,4
bef3bc94c55e,2023-12-13,4
c924f6b9fc86,2023-12-13,4
d645013e4e7e,2023-12-13,4
5bb41393d116,2023-12-13,4
500da7196bfa,2023-12-13,4
f1888f86721c,2023-12-13,4
91af891e364e,2023-12-13,4
2aff1d4a2fb2,2023-12-13,4
f61715cf299c,2023-12-13,4
4e6b3c70fe00,2023-12-13,4
3fc246d9bad4,2023-12-13,4
a052744b77d3,2023-12-13,4
a18eb9c323ba,2023-12-13,4
f5fb1f4c5824,2024-07-22,4
f91e2957e6f4,2023-12-13,4
061aaa200336,2023-12-13,4
1fdbfb7fa177,2023-12-13,4
e30114c99ce6,2023-12-13,4
4261cbf1cb13,2023-12-13,4
3ae077561b63,2023-12-13,4
a0d95e96f681,2023-12-13,4
2db137f1059d,2023-12-13,4
645968f90cc8,2023-12-13,4
2b1d723644c6,2023-12-13,4
fa3177cfd23b,2023-12-13,4
2ad9920e7190,2023-12-13,4
5a71f41ed723,2023-12-13,4
a66fdf2c0ae7,2023-12-13,4
2848d834e4a2,2023-12-13,4
6bc399382ef9,2023-12-13,4
38b513776508,2023-12-13,4
17e034612739,2023-12-13,4
7cc784707a81,2023-12-13,4
d3deb022e0fa,2023-12-13,4
3f51ef38a9f1,2023-12-13,4
f6f3f60ba6bc,2023-12-13,4
1fbe6f22f916,2023-12-13,4
58be3caf1c38,2023-12-13,4
4b84c6d5b581,2023-12-13,4
179ec7e63372,2023-12-13,4
e81bcf25595e,2023-12-13,4
1be917d6f89e,2023-12-13,4
aa7bd0edb846,2024-08-16,4
5967f8a7132a,2023-12-13,4
8ce033dce2e0,2023-12-13,4
aed73a0bcdcc,2023-12-13,4
8914bc2405e5,2024-08-12,4
30142c52c8b5,2023-12-13,4
70c6570e2588,2023-12-13,4
63da0a620724,2023-12-13,4
154ce462a303,2023-12-13,4
51672a773b04,2023-12-13,4
1ab309498535,2023-12-13,4
67f31dc5dca3,2024-08-08,4
6402808de4c8,2023-12-13,4
4d5885bd22ca,2024-06-23,4
fab9be8fd2c0,2023-12-13,4
7f0bd129e950,2024-07-29,4
00727e9b17f7,2023-12-13,4
55242d4f9670,2023-12-13,4
8461b56a0858,2024-08-12,4
219cde81aa67,2023-12-13,4
0de5fe62590d,2023-12-13,4
947dc1d486a8,2023-12-13,4
bde833ebc430,2023-12-13,4
0d442dd33566,2023-12-13,4
6e0e63e5f04c,2023-12-13,4
5a7fde44da79,2023-12-13,4
316cabcb6044,2023-12-13,4
bd4e3027d1ed,2023-12-13,4
5109d4f5d8eb,2023-12-13,4
1752677f36c2,2023-12-13,4
7deae24e9bed,2023-12-13,4
8a52124fcc33,2023-12-13,4
a9f853f251a4,2023-12-13,4
b259c035c91f,2023-12-13,4
b94f496fd667,2023-12-13,4
81920c5cea2b,2023-12-13,4
d9390f60c958,2023-12-13,4
e91ec9e0bc5c,2023-12-13,4
aa64a4291b36,2024-06-11,4
f41069cdea91,2023-12-13,4
285925f2590c,2024-04-22,4
abd1314c7aa5,2023-12-13,4
8d52d1d4b2c9,2023-12-13,4
5818a1f4a7b1,2023-12-13,4
107c1dccf94f,2023-12-13,4
301ab3da516b,2023-12-13,4
6eed523c5a67,2023-12-13,4
38d7124059c1,2023-12-13,4
4578719bd88b,2023-12-13,4
2e694483545f,2023-12-13,4
cbf93ec5240c,2023-12-13,4
c65bcef18785,2023-12-13,4
10c019e9f343,2023-12-13,4
40361e767d3b,2023-12-13,4
be8ea58e12c2,2023-12-13,4
e850fe109873,2023-12-13,4
73d9a9e5dc13,2023-12-13,4
3b313bc5cd0f,2023-12-13,4
cbda3739e241,2023-12-13,4
d84cd5afa1ef,2023-12-13,4
e745ca336811,2023-12-13,4
c512c7ec68bc,2023-12-13,4
35a32db460d5,2024-06-24,4
e8093ada4931,2023-12-13,4
91e58584db06,2023-12-13,4
e38af75c98db,2023-12-13,4
e07de222a762,2023-12-13,4
4aaf78390456,2023-12-13,4
17d437a53346,2023-12-13,4
042fbdcf362b,2023-12-13,4
46100f222d10,2023-12-13,4
e3faf51fe9f7,2023-12-13,4
c55430541a3e,2023-12-13,4
196ad810836e,2023-12-13,4
d7afcfd7fafe,2023-12-13,4
29a66e626d9d,2023-12-13,4
f1ec25c27195,2023-12-13,4
7d17c643d6f6,2023-12-13,4
69a712615719,2023-12-13,4
c773b828528f,2024-09-10,4
04f6d16cd334,2024-09-11,4
755c32ac1ce5,2024-02-21,4
6196842759d7,2023-12-13,4
b889d72cfdb9,2023-12-13,4
667881276649,2023-12-13,4
cc8e5b900a64,2023-12-13,4
c38deb2bb656,2023-12-13,4
7f093ae1bf33,2023-12-13,4
39fb87e991be,2023-12-13,4
0d209673385f,2023-12-13,4
6fa8315c37c7,2023-12-13,4
02841a739364,2023-12-13,4
49b5a85e3b4c,2023-12-13,4
a5fe7de18f80,2023-12-13,4
f9f2e3c1bdc0,2023-12-13,4
518dfb371051,2023-12-13,4
b15a593cf4d1,2023-12-13,4
00a2d3e19050,2023-12-13,4
e2c5e9332fbb,2023-12-13,4
66702d1cc894,2023-12-13,4
115cc8d2aeca,2023-12-13,4
8d0a2068aa75,2023-12-13,4
04ed92964b95,2023-12-13,4
ef15f30b1bfb,2023-12-13,4
ab27e5bd0857,2023-12-13,4
83dae0aa5d57,2023-12-13,4
ca0f4025a93b,2023-12-13,4
a0c96264aa6c,2023-12-13,4
b0872ca09eb1,2023-12-13,4
4018c7708a4e,2023-12-13,4
aedbe998fc6f,2023-12-13,4
a8cb976781ce,2023-12-13,4
f613ddf39ebf,2023-12-13,4
4bd11f8de719,2023-12-13,4
09311d792cc0,2023-12-13,4
6d7044105da4,2023-12-13,4
656ab65fb5e8,2023-12-13,4
74d7be1e856b,2024-06-18,4
96c7d39441ed,2023-12-13,4
3b4c8badda0c,2024-06-18,4
8b67550de8dd,2023-12-13,4
11f7c85e75ed,2023-12-13,4
346f431d3a1b,2023-12-13,4
3ea923ec5cdc,2023-12-13,4
b9612144ee48,2023-12-13,4
034086cd6096,2023-12-13,4
e9b92813def5,2024-08-12,4
3bcf2a614d9f,2023-12-13,4
c2d027f3e327,2023-12-13,4
6fbe0aec7e1c,2023-12-13,4
63cdc5e4edba,2024-01-18,4
15995916e845,2023-12-13,4
5dde513bdace,2023-12-13,4
4f93f80deb70,2023-12-13,4
124df924f69c,2023-12-13,4
ecfcd14b9b08,2023-12-13,4
7e84c1b79334,2023-12-13,4
614aea1b9bb8,2023-12-13,4
128248ec9379,2023-12-13,4
ae2890f783b8,2023-12-13,4
92543c68fd9b,2023-12-13,4
d0d2ac309a39,2023-12-13,4
341c1c6a14c3,2023-12-13,4
de16503a8d18,2023-12-13,4
ab611c5cef62,2023-12-13,4
98c5dcdb9ee3,2023-12-13,4
71104b1b1170,2023-12-13,4
59e74245e91e,2023-12-13,4
f1ad124b3bd7,2023-12-13,4
792dbe99e23f,2023-12-13,4
aaf59c018712,2023-12-13,4
8ed1aaaf2503,2023-12-13,4
850d36ba819b,2023-12-13,4
be228a95a472,2023-12-13,4
7689c0271b6c,2023-12-13,4
e53af0890dad,2023-12-13,4
724163621c34,2023-12-13,4
8c7de1e5a7f4,2023-12-13,4
3a698cf234e0,2023-12-13,4
ac0c0b67f659,2023-12-13,4
6ee67bd237c9,2023-12-13,4
70653009263d,2023-12-13,4
3ba108687540,2023-12-13,4
b3d8fe66f1a0,2023-12-13,4
44b8b0ae8345,2023-12-13,4
92f125352de7,2023-12-13,4
ddd62b3e0f97,2023-12-13,4
179d16a31f90,2023-12-13,4
958e27a5816d,2023-12-13,4
1bb70292bd53,2023-12-13,4
36821ce2287c,2023-12-13,4
eb6ef7df698c,2023-12-13,4
627f6724c86a,2023-12-13,4
e61522240b9b,2023-12-13,4
fec08900d974,2023-12-13,4
83811e860527,2023-12-13,4
25927b7ecba9,2023-12-13,4
fb597c14b1bc,2023-12-13,4
4404e7661b6e,2023-12-13,4
fd2c14c89c5b,2023-12-13,4
25d00adb27fd,2023-12-13,4
3f2edbca45ea,2023-12-13,4
2a8891a82021,2023-12-13,4
c54190bd94b0,2023-12-13,4
9db80103bc7a,2023-12-13,4
cf66b8247f73,2023-12-13,4
7de7563484af,2023-12-13,4
25582b2f902e,2023-12-13,4
1184f8878fed,2023-12-13,4
2342f7e5beb4,2024-04-04,4
536734c74d1b,2023-12-13,4
ee7b9307813f,2023-12-13,4
f8f52d1a1cf0,2023-12-13,4
23385e916fa5,2023-12-13,4
858628f86fc3,2024-08-15,4
75996b6ef190,2023-12-13,4
05fc1b542923,2024-07-24,4
ddd877c4ed32,2023-12-13,4
d06e91333045,2024-06-09,4
38828810e42a,2023-12-13,4
45a0c678258a,2023-12-13,4
ffeac00fb302,2023-12-13,4
91801bef0619,2023-12-13,4
79e55159f97d,2023-12-13,4
d7b54423680b,2023-12-13,4
20f14d3d4541,2023-12-13,4
16faf4a1d88a,2023-12-13,4
09f5999c99c1,2023-12-13,4
802654599bc5,2023-12-13,4
7baea7e8c171,2023-12-13,4
6254604c0c08,2023-12-13,4
136395cf6eec,2023-12-13,4
6ea9f0f8c583,2023-12-13,4
696e22c48aa0,2023-12-13,4
78e3d123d01c,2023-12-13,4
ec73c182f521,2023-12-13,4
4683d4361bdb,2023-12-13,4
42e0f5c44244,2024-01-31,4
ffc2ac36d706,2023-12-13,4
935b0d7c80d9,2023-12-13,4
b518a2a2010d,2023-12-13,4
14ba45ed1611,2023-12-13,4
1836fe5549b0,2024-01-23,4
406c4ce18c38,2024-01-23,4
16866a23098d,2023-12-13,4
9baca7858bc6,2023-12-13,4
5aa015cfce4a,2023-12-13,4
b4361ed91d98,2023-12-13,4
d84a6da68e50,2023-12-13,4
40eeb3bda6d0,2023-12-13,4
8430243ff88e,2023-12-13,4
f7a0b3609c75,2023-12-13,4
4e14b230d997,2023-12-13,4
2f47c685ca5b,2023-12-13,4
d9eb934081c3,2023-12-13,4
11a15ffc2460,2023-12-13,4
0cac5effb2e4,2024-06-18,4
606593e15a9d,2024-09-18,4
a6b4eafa6a78,2024-09-18,4
eabfce10aeb2,2024-09-18,4
1dd063737b82,2024-09-18,4
3e6e29b5953c,2024-09-18,4
482ea44f1cec,2024-09-18,4
7ddd13acc3af,2024-02-14,4
bd30354d059e,2024-05-03,4
479421eb7226,2024-02-14,4
2e166d7f1479,2023-12-13,4
614f930aafe8,2023-12-13,4
8d4b34e8405a,2023-12-13,4
28939a5b696f,2023-12-13,4
9ea06ea4eb04,2023-12-13,4
bd3cf85df911,2024-08-26,4
80c1e1cfdf46,2023-12-13,4
f3019dac45e1,2023-12-13,4
36acdf051d21,2023-12-13,4
ace595f4b268,2023-12-13,4
8e76b50122be,2023-12-13,4
64a5835fe5ed,2023-12-13,4
b5be662a4443,2023-12-13,4
65d51a2f3efb,2023-12-13,4
dbb96bd9aa54,2024-01-23,4
fe9959833ff8,2023-12-13,4
10d53e8ea20a,2023-12-13,4
2f9ec130b509,2023-12-13,4
009e9405250a,2023-12-13,4
02dc863a2ac1,2024-03-04,4
c17b340a9ec9,2024-03-04,4
4c6621e9db12,2023-12-13,4
968536c10269,2023-12-13,4
5c1e7a25bcf0,2023-12-13,4
873fb333f8ef,2024-03-14,4
d7e359bc7df4,2024-04-22,4
ea50af03a9ce,2024-09-06,4
60d5e5908c9e,2023-12-13,4
a85476b663bd,2023-12-13,4
8722a6868c40,2023-12-13,4
792aaa613e04,2023-12-13,4
5b41fd9ddf77,2023-12-13,4
00c3cf697dbb,2023-12-13,4
945691b22dc4,2023-12-13,4
85b479e60be7,2023-12-13,4
60efd75ad8ca,2023-12-13,4
ee7a89b99c8e,2023-12-13,4
477da40e34c1,2023-12-13,4
d570224e3506,2023-12-13,4
504a26186545,2023-12-13,4
ca24af617954,2023-12-13,4
9a02da64050e,2023-12-13,4
d3b0bd043cd6,2023-12-13,4
7f526dd448ad,2024-08-05,4
435d55413080,2023-12-13,4
af62a8403015,2023-12-13,4
ea28ac1a0375,2024-09-08,4
aff65297051a,2023-12-13,4
6fb71bef7f08,2023-12-13,4
0a5d000cd803,2023-12-13,4
85d97d4fbd8d,2023-12-13,4
1dad7cd9cd26,2023-12-13,4
26dfb6d2c253,2023-12-13,4
78c0cf73dc15,2023-12-13,4
c8df3d12d1f9,2024-06-10,4
27b06a024316,2024-07-18,4
f5ceb08e4812,2024-07-18,4
4dc53589c64a,2024-07-18,4
557c7530e11d,2023-12-13,4
06d74a9ab86a,2023-12-13,4
d6cb39a0fe89,2023-12-13,4
0b9af7ffbf54,2023-12-13,4
5a07b4f66db3,2023-12-13,4
78d3b6977914,2023-12-13,4
a1e24636db37,2023-12-13,4
ff68f1531683,2023-12-13,4
4c66d57853fa,2023-12-13,4
b162c8ba5b48,2023-12-13,4
ddfcf556aa21,2023-12-13,4
17460e91b617,2023-12-13,4
5c0242f5c553,2024-07-05,4
6b48dcb6b0b5,2023-12-13,4
dd996d6167ce,2023-12-13,4
22e2943768f5,2023-12-13,4
326e74ddcf15,2023-12-13,4
2a016ea9c7ae,2023-12-13,4
bb073e1d44cb,2023-12-13,4
47255ee1bce5,2023-12-13,4
33045abda64e,2023-12-13,4
17cffd3d0cec,2023-12-13,4
8d66e11e762c,2024-01-18,4
c1c646f61309,2023-12-13,4
4edb7b04c131,2023-12-13,4
7993a385a19a,2023-12-13,4
ce69ae3b01ec,2023-12-13,4
876dab1525bc,2023-12-13,4
96827f16ecc6,2023-12-13,4
f17292932211,2023-12-13,4
a198f37c5833,2023-12-13,4
4509dbb9b489,2023-12-13,4
86b13f0705ab,2024-07-24,4
4b72939e05ed,2024-02-21,4
aa79dfcf5251,2023-12-13,4
3233cf5db497,2023-12-13,4
685a1ea695ae,2023-12-13,4
c8067b126f58,2023-12-13,4
bcc92bf3468c,2023-12-13,4
0fd2ea66fc97,2023-12-13,4
c5132d939dc5,2024-06-19,4
406b3109d59c,2023-12-13,4
dbfa51dc0b78,2023-12-13,4
3378eb23b704,2023-12-13,4
1e7234b451fa,2023-12-13,4
cdfb24359831,2023-12-13,4
ed6c5d033737,2023-12-13,4
d34ff3fc5149,2023-12-13,4
4bf82a36fb44,2024-07-08,4
f3b16898630b,2023-12-13,4
14f9bae8a217,2023-12-13,4
5d4a3b5dd116,2023-12-13,4
ebf06c0499e5,2023-12-13,4
276f08e461d5,2023-12-13,4
9d2a2a3c5c9e,2023-12-13,4
a6f4cfc745d7,2023-12-13,4
c61de77c0b55,2023-12-13,4
61c2ce5766b1,2023-12-13,4
0d42ded7560f,2023-12-13,4
3d194c8c2590,2023-12-13,4
8040134aa3e2,2023-12-13,4
9872042f2d2e,2023-12-13,4
f5b36b9daf40,2023-12-13,4
05c0595bb3fc,2024-07-28,4
6db176611074,2024-06-16,4
b4e7ac09a7d3,2023-12-13,4
b05c9fd10dfd,2023-12-13,4
029f72f6913c,2023-12-13,4
39ea48f7a28a,2023-12-13,4
b7710e5fe075,2023-12-13,4
899caebab09e,2023-12-13,4
60292782a754,2023-12-13,4
e3df909bc951,2024-09-05,4
282d45bd4196,2023-12-13,4
b2147027a411,2023-12-13,4
94857ef47ce5,2023-12-13,4
df4dd163d2e8,2023-12-13,4
2a539f601d2f,2023-12-13,4
d4a77d22c45c,2023-12-13,4
678b15e79067,2023-12-13,4
78ec92704304,2023-12-13,4
f31b28d116be,2023-12-13,4
36f42322d789,2024-09-03,4
e8055962e456,2024-06-27,4
50919fe6aeeb,2023-12-13,4
864df3b8aec0,2023-12-13,4
3bfc1d74d1f4,2023-12-13,4
5235f19fd2a1,2023-12-13,4
3649f8ddffb1,2023-12-13,4
b26e7aaf90e8,2023-12-13,4
401eb8d03f1a,2023-12-13,4
843c162d8f58,2023-12-13,4
9093caaf44ba,2023-12-13,4
4346ab99efcb,2023-12-13,4
7ead8b62b4bd,2023-12-13,4
839c44120aa4,2023-12-13,4
78c5d2539aa5,2024-08-07,4
f25fb0f19f1a,2023-12-13,4
805e7e75ff0e,2023-12-13,4
3962a65b3595,2023-12-13,4
9f022bbd7c90,2024-08-05,4
cd532805668f,2024-08-05,4
6bd670ca335e,2024-08-05,4
eb8aed708888,2023-12-13,4
1041d7b54476,2023-12-13,4
ef1ea9b852d0,2023-12-13,4
e9a9078df42c,2023-12-13,4
fc63899464fd,2023-12-13,4
1c4ea6094b62,2023-12-13,4
d4a7793fb4d0,2023-12-13,4
4be25f6dee56,2023-12-13,4
3a67e4696302,2024-05-28,4
01c1e9f5775d,2023-12-13,4
e666f86f8015,2023-12-13,4
8acf1d1a462d,2023-12-13,4
d7e740a0c98d,2023-12-13,4
f68ae1748b7b,2023-12-13,4
f62b92c6ca35,2023-12-13,4
ee4372f98e65,2023-12-13,4
0c177085dc7d,2023-12-13,4
82dfc429b8c5,2023-12-13,4
f4c60dd03376,2023-12-13,4
bb6b44d05ec4,2023-12-13,4
21ee94849da9,2023-12-13,4
8acff1efbe5e,2023-12-13,4
8b6a63f4eb18,2023-12-13,4
7dc258974aec,2023-12-13,4
2e54c50350a6,2023-12-13,4
6ee67f6c46f6,2023-12-13,4
05e6584df758,2023-12-13,4
eed06fa2bbf5,2023-12-13,4
f1fb945da1de,2023-12-13,4
1de6fa97f9b0,2023-12-13,4
c656aaaded62,2023-12-13,4
ffee0df66392,2023-12-13,4
14304f7ccd80,2023-12-13,4
d7b78b49bb3a,2023-12-13,4
6d6f75f72b62,2023-12-13,4
1ced975517e0,2023-12-13,4
7ef01ef1c103,2023-12-13,4
b8987094f2de,2023-12-13,4
0a26152d7bc8,2023-12-13,4
0e451ccffdd7,2023-12-13,4
44ded38352b3,2023-12-13,4
69b1d494159d,2023-12-13,4
188bac9afa3b,2023-12-13,4
864ff1887916,2023-12-13,4
3d3078dd7ec2,2023-12-13,4
6468b4f3c353,2023-12-13,4
6035e78adee1,2023-12-13,4
25b0f4cc3a25,2023-12-13,4
db6a393329b3,2023-12-13,4
2e3096a6dd4d,2023-12-13,4
55396813af5f,2023-12-13,4
8838b5ecc4e2,2023-12-13,4
869190b07567,2023-12-13,4
20cbc3faaaec,2023-12-13,4
5e54e65ce3c0,2023-12-13,4
f7a92531788d,2023-12-13,4
5522730ad180,2023-12-13,4
d49d796e0fcb,2023-12-13,4
7ec440faa0c2,2023-12-13,4
720373261853,2024-09-18,4
d61c252e95c5,2023-12-13,4
c24c1c6999bd,2023-12-13,4
90596a57d733,2023-12-13,4
70c578e58b20,2023-12-13,4
82d1957211e8,2023-12-13,4
e26df5d6527b,2023-12-13,4
d225ae3e30c0,2023-12-13,4
dca3089f4c21,2023-12-13,4
09ef06891efa,2023-12-13,4
67068a0437d0,2023-12-13,4
6b914022ed20,2023-12-13,4
ca661a8f46a2,2023-12-13,4
55802a970fab,2023-12-13,4
fae4ffe11b50,2023-12-13,4
f3425a688b62,2023-12-13,4
b7538db9c4be,2023-12-13,4
124746da60b8,2023-12-13,4
6658c54f0ddf,2023-12-13,4
77a6b5af4aa6,2023-12-13,4
dbbde03fec73,2023-12-13,4
fa0e1e860a52,2023-12-13,4
1199bbc5a89e,2023-12-13,4
2223cd2c01c7,2024-09-02,4
327ac8fdf7b6,2023-12-13,4
f3f5fafea94e,2023-12-13,4
4974e5bacc44,2023-12-13,4
b52229bc29e4,2023-12-13,4
77bb17096f87,2023-12-13,4
7e6b3af12f97,2023-12-13,4
5a3eba6fed1e,2023-12-13,4
faf93b897ffb,2023-12-13,4
c2c27b5d1d7f,2023-12-13,4
c44a6b311d75,2023-12-13,4
223e3ea1fda2,2023-12-13,4
82ae5bb61987,2023-12-13,4
fd724db16ab7,2024-05-28,4
f8caaaebfc67,2023-12-13,4
6123993062f5,2023-12-13,4
d73a14e8c385,2023-12-13,4
08d74472dfaf,2023-12-13,4
d2dcc6cabd36,2023-12-13,4
c61de8899e4a,2024-08-26,4
e57d25d6d6f8,2024-08-01,4
93ef0f20a237,2023-12-13,4
127a65ca73d1,2023-12-13,4
9b561ac30434,2023-12-13,4
45444b5df2d1,2023-12-13,4
24695ee127af,2024-08-25,4
3dd6b77c8dd3,2023-12-13,4
21c6a6c3f5e5,2023-12-13,4
8067b5e24e17,2023-12-13,4
c2e05e4b65de,2023-12-13,4
0b3aaacdab26,2023-12-13,4
ae376cd3dc07,2023-12-13,4
6386a1ea4b08,2023-12-13,4
2f58fbcba233,2023-12-13,4
4acb3be11f0b,2023-12-13,4
86ddd7c2fa53,2023-12-13,4
f8b2de4e65fe,2023-12-13,4
34d7a8a28004,2023-12-13,4
b4e0bac35005,2023-12-13,4
e3f5af31173d,2023-12-13,4
d489223074df,2023-12-13,4
0347aca2e961,2023-12-13,4
3d036dd629b5,2023-12-13,4
3a8d11d1b3ae,2024-01-30,4
531a9f5490e9,2023-12-13,4
223b5e819c74,2024-03-20,4
5e12c28911b9,2024-07-22,4
05e7e560df19,2023-12-13,4
8ab850c0c739,2023-12-13,4
1a0ced9f2aaa,2023-12-13,4
90fe0b3d20e8,2023-12-13,4
4b63435491de,2023-12-13,4
1ce33e560240,2023-12-13,4
fdc146c92b29,2023-12-13,4
3b5fc5b9ad20,2024-01-18,4
c85b4f0e069d,2024-01-18,4
ac497f3296b6,2023-12-13,4
d0bd6b744046,2023-12-13,4
978baf9e32a0,2024-08-14,4
41bee3e52e74,2023-12-13,4
509b9e70bbeb,2023-12-13,4
e6417ea2aac1,2024-09-12,4
1dc1a611908f,2024-09-12,4
811a664f11e7,2024-08-13,4
c8e079024f9b,2023-12-13,4
26a2bef817b3,2023-12-13,4
35819460055b,2023-12-13,4
a2cfd8033c4c,2023-12-13,4
cd4bcb36ffd0,2023-12-13,4
f595d847fb63,2024-03-28,4
f0e14b304999,2023-12-13,4
4f3a6be8741b,2023-12-13,4
e8310f85339a,2024-03-28,4
f44a9427c2ae,2023-12-13,4
7c694f9aa4cf,2023-12-13,4
56e6a7edbcfe,2023-12-13,4
6e7d8672c410,2023-12-13,4
6b47bef576b2,2024-08-25,4
879bc16d9dba,2023-12-13,4
81a6ffef269a,2023-12-13,4
b85906815932,2023-12-13,4
fb5478f6e027,2023-12-13,4
1d761620e65c,2023-12-13,4
75023236f4aa,2024-09-17,4
8f628554c882,2023-12-13,4
309bf0c67192,2024-08-20,4
d20143cae948,2024-03-04,4
90d392c63de1,2024-08-20,4
acce086d161a,2024-08-20,4
77536971710e,2023-12-13,4
023b5a32ff33,2023-12-13,4
cdfa942d9d66,2023-12-13,4
87c78d17be6c,2023-12-13,4
9dfe7718f44e,2023-12-13,4
a80d3c70c72c,2023-12-13,4
8596f58dee11,2023-12-13,4
3286efc669a3,2023-12-13,4
efc4841ea371,2023-12-13,4
2078668639b4,2023-12-13,4
6c0cf6930e6e,2023-12-13,4
9e3ec79ccc47,2023-12-13,4
4ba7bd3885d1,2023-12-13,4
0b1c42f51193,2023-12-13,4
e28c8ace7f20,2023-12-13,4
90278b3e7a6c,2023-12-13,4
4eed1c026457,2023-12-13,4
9d1caccfe432,2023-12-13,4
72214d6d57ef,2023-12-13,4
905571517567,2023-12-13,4
9070b50ee275,2023-12-13,4
b3487fcb4d6b,2023-12-13,4
51bac237fd61,2023-12-13,4
748f2fa3368c,2023-12-13,4
4a08154bf71c,2023-12-13,4
0c582b3fca24,2023-12-13,4
661595423131,2023-12-13,4
715a1f993cac,2023-12-13,4
94a53942676c,2023-12-13,4
ffea55e3589f,2023-12-13,4
ad0ad446497d,2023-12-13,4
15cef788e297,2023-12-13,4
2da4798ca491,2023-12-13,4
d2b9233dfe53,2023-12-13,4
03ff8c59b1e7,2023-12-13,4
9ab41cddc163,2023-12-13,4
ecc94ab86025,2023-12-13,4
72f7e01f4b14,2023-12-13,4
3e00c3430223,2023-12-13,4
36d1d91bdecc,2024-09-10,4
325e4690e97f,2023-12-13,4
bd48d93dbba9,2023-12-13,4
9a8300d8b274,2023-12-13,4
43ff89a5dd2f,2023-12-13,4
7e1d941338fb,2023-12-13,4
26a31fa17ceb,2023-12-13,4
22f95165db28,2023-12-13,4
7a2e7f1b8e6a,2023-12-13,4
8d8ecb700c59,2023-12-13,4
913592a8b1ce,2023-12-13,4
9bca098b2182,2023-12-13,4
ecec2646e34e,2023-12-13,4
95df53a689b8,2023-12-13,4
0c9cb4eea2d8,2023-12-13,4
789457327a37,2023-12-13,4
69cb743b7b7a,2023-12-13,4
4d0b69febfe9,2023-12-13,4
7dab69bdbf45,2023-12-13,4
6a8257fb92d2,2023-12-13,4
6267174d47a3,2023-12-13,4
be6534edc974,2023-12-13,4
a33014bd248d,2023-12-13,4
2857a0472695,2023-12-13,4
e887737795ea,2024-03-06,4
212b2db2135e,2023-12-13,4
64a88152e23b,2023-12-13,4
3b0f124dd102,2023-12-13,4
60aa6d693c35,2024-01-25,4
91f6ed7bd304,2024-06-07,4
ccfd31d86e41,2024-09-24,4
342aaca5e3ff,2023-12-13,4
46280d0244c6,2023-12-13,4
0b21ad5d1f8c,2023-12-13,4
8f7dc243b201,2023-12-13,4
daa97db60a18,2023-12-13,4
6bbe6a2dce53,2023-12-13,4
0a14cfeacd70,2023-12-13,4
29359400b2dd,2024-07-31,4
a66335f73372,2023-12-13,4
f6e52e28f3bd,2023-12-13,4
f3f27a42216a,2023-12-13,4
d14cfbbe5dbd,2023-12-13,4
592586ffb6f9,2023-12-13,4
c7f002cf76a2,2024-04-10,4
da3483eaa4f9,2023-12-13,4
f38a8c73816d,2024-07-16,4
6b9ed41cf366,2024-09-02,4
86a82fefdf90,2024-09-04,4
2720f43d4153,2023-12-13,4
a961a86ee168,2023-12-13,4
dd37871ad556,2023-12-13,4
c7c4a52e5429,2023-12-13,4
ac3b090ec2ae,2023-12-13,4
a0150a854b1e,2023-12-13,4
7a4d94b5071a,2023-12-13,4
864ace4747ea,2023-12-13,4
1a4eb5ec768a,2023-12-13,4
3cebf8f97774,2023-12-13,4
dc74f3c76f6b,2023-12-13,4
837b52a3d252,2023-12-13,4
02449bc5f33c,2023-12-13,4
e2849c4e84ed,2023-12-13,4
46475d5a8fad,2024-08-30,4
b821dce4c39e,2023-12-13,4
e4e7003adf55,2023-12-13,4
6264d42a73ed,2023-12-13,4
4339695d554c,2023-12-13,4
d888e0b31a4c,2023-12-13,4
f4b686a86b89,2023-12-13,4
009788312f95,2023-12-13,4
76aff419fd08,2023-12-13,4
eea3e063c5f4,2024-05-08,4
0d3780179766,2023-12-13,4
2ca32791f2d3,2023-12-13,4
dbef23286c00,2023-12-13,4
c6a978531e94,2023-12-13,4
baa7186803ed,2023-12-13,4
5fbe7f47cb73,2023-12-13,4
80b6f2721bab,2023-12-13,4
835db3e66acc,2023-12-13,4
5ea38d44be71,2023-12-13,4
150c4bf71dba,2024-03-20,4
574a7adb7508,2024-03-20,4
ef2bb1bfc792,2024-04-27,4
b9d7d6474c92,2023-12-13,4
3488785c9913,2023-12-13,4
03d7b7610940,2023-12-13,4
dc1cef40aa8d,2023-12-13,4
192e7ececc80,2023-12-13,4
714f15937108,2023-12-13,4
7cd9b30d622e,2023-12-13,4
5fc6259a650b,2023-12-13,4
4b3c75af2377,2023-12-13,4
c9907d666332,2023-12-13,4
aec743d75d3a,2023-12-13,4
fe5bd7c56dda,2023-12-13,4
5644d1b7a27f,2023-12-13,4
b9160c607257,2023-12-13,4
99998e3f3c0a,2023-12-13,4
a3c643e5c8dd,2023-12-13,4
8a92ed2f479e,2023-12-13,4
8baf67d0a597,2023-12-13,4
18c0da3a783a,2023-12-13,4
f845dfcf23ff,2023-12-13,4
182bea8bc23f,2023-12-13,4
a1670627844c,2023-12-13,4
0e3f7083083f,2023-12-13,4
49cd13320434,2023-12-13,4
4d0024c8181b,2023-12-13,4
67cc8e650251,2023-12-13,4
073c58faa774,2023-12-13,4
4df4caef9f5a,2023-12-13,4
0ac734e34a4e,2023-12-13,4
20c43a4c21bf,2023-12-13,4
9147a3890c8a,2023-12-13,4
a97d00c19903,2023-12-13,4
81860d4fad51,2023-12-13,4
e23cf99b58aa,2023-12-13,4
f9b93045f3b9,2023-12-13,4
be59c6e7c49b,2023-12-13,4
1c1a3875d08f,2023-12-13,4
5b1186e756b6,2023-12-13,4
5d955c696468,2023-12-13,4
e92906521fae,2023-12-13,4
dddd8bf82c77,2024-05-17,4
9eee87c046b1,2023-12-13,4
ce08d42f418a,2023-12-13,4
9ba28cece4c8,2023-12-13,4
c98a094c6c1d,2023-12-13,4
93c4a37aa3d8,2023-12-13,4
4ea5ec87544c,2023-12-13,4
4c47e52218ba,2024-07-15,4
db53f2cbfa08,2023-12-13,4
aba9ac9e047a,2023-12-13,4
f9c6c1bcd013,2024-05-29,4
aa2c464558bc,2023-12-13,4
8c676585f068,2023-12-13,4
1010f553ba93,2023-12-13,4
35c524c7e3bc,2023-12-13,4
135634d2573d,2023-12-13,4
151de1465821,2023-12-13,4
891a2e03b939,2023-12-13,4
c8cabd4f3030,2023-12-13,4
fc92d8d3a29e,2023-12-13,4
ddc5face27d9,2023-12-13,4
6a6b3dbf766c,2023-12-13,4
65110d2ed0e5,2023-12-13,4
bde5b0fbd7a2,2023-12-13,4
832482a2c3e8,2023-12-13,4
4e27ffa4a3dd,2024-04-10,4
597f6f52c7d2,2024-08-19,4
93d131eabb69,2024-06-26,4
0eb2fe8b345a,2024-06-26,4
028bcd046b01,2023-12-13,4
db8cd574beab,2023-12-13,4
531c9f8e9fcf,2023-12-13,4
c9170abffe3c,2023-12-13,4
e7822cafdaa0,2023-12-13,4
7149611b352c,2023-12-13,4
8cc0331e2f31,2023-12-13,4
87d56787dcfc,2023-12-13,4
7ab84cc41b37,2023-12-13,4
8985dd204493,2023-12-13,4
fd44a6d9fe3a,2023-12-13,4
1b997331fa34,2023-12-13,4
e3fcfa6494f7,2024-05-28,4
5384532b1e4f,2024-08-08,4
af44f80a7a25,2023-12-13,4
f6304307ab65,2023-12-13,4
2a04a8340a60,2023-12-13,4
4caf6ee0b378,2023-12-13,4
bb71024009cb,2023-12-13,4
d1d6dcd6caf3,2023-12-13,4
48a9f56244b4,2023-12-13,4
e344f18d134b,2023-12-13,4
c6ebcfaf3bec,2023-12-13,4
85de73e6a3f7,2023-12-13,4
546753b81102,2023-12-13,4
ee71de05d514,2023-12-13,4
dde4df1b3c91,2023-12-13,4
7b4ac795b83d,2023-12-13,4
6a90e7c2429e,2023-12-13,4
72a4e4577bf7,2023-12-13,4
fd9eef2eac96,2023-12-13,4
34b077353fd5,2023-12-13,4
d185794d2662,2023-12-13,4
e00e89fa3645,2023-12-13,4
ede00b831f86,2023-12-13,4
10e282b76f5d,2023-12-13,4
b2022d99615c,2023-12-13,4
15e14433099e,2023-12-13,4
9e6245a7ab2a,2023-12-13,4
2c21f0a27f0f,2023-12-13,4
ddbe186f70e9,2023-12-13,4
841a185cdd05,2023-12-13,4
cccc5c6ddb11,2023-12-13,4
3bc59e25c16f,2023-12-13,4
103d86ad7076,2023-12-13,4
30d0857216e8,2023-12-13,4
44e980a5598d,2023-12-13,4
dd0298c72105,2023-12-13,4
d9363f0dbbfd,2023-12-13,4
5f0dc8862599,2023-12-13,4
c5fef89f7bde,2023-12-13,4
e3e2e0f1823b,2023-12-13,4
ecb19e53bb4b,2023-12-13,4
ef6aa2f4b0f9,2023-12-13,4
1385f9e88e3a,2023-12-13,4
625e4229f669,2023-12-13,4
e9ed79e86192,2023-12-13,4
6ac93a844945,2023-12-13,4
e24bb4b044ac,2023-12-13,4
ecee25481a28,2023-12-13,4
746d72ec7667,2023-12-13,4
d72dd27a8bf0,2023-12-13,4
07e7a883b1f5,2023-12-13,4
8bc26bcf1c7a,2024-09-17,4
533bb53a9aef,2024-08-05,4
6bd4838a8624,2023-12-13,4
4f75857920a8,2023-12-13,4
a28cc2a36e08,2023-12-13,4
e02e93e179f3,2024-07-24,4
3fe69c3913fa,2024-08-19,4
020285b5870d,2023-12-13,4
021e0d49cd97,2023-12-13,4
097b13a17073,2023-12-13,4
47f993861d35,2023-12-13,4
ed6012815bfa,2023-12-13,4
1993ba73c7da,2024-03-05,4
a6e596517584,2023-12-13,4
5076d72e731e,2023-12-13,4
df574882023f,2023-12-13,4
1639b2d66dee,2023-12-13,4
4399ec9e2fd2,2023-12-13,4
5705de05d56d,2023-12-13,4
8527f4e6b640,2023-12-13,4
d6c21ae5f8a3,2023-12-13,4
388ca6866ef3,2023-12-13,4
ed8c93ed2782,2023-12-13,4
a72cb08c8e4e,2023-12-13,4
2118b3eefb3a,2023-12-13,4
6c6eeccb01ee,2023-12-13,4
57ebf70e3ffa,2023-12-13,4
14aa90a582ca,2023-12-13,4
860e63c5c21b,2023-12-13,4
d5a32a6c967f,2023-12-13,4
f07952906fa7,2023-12-13,4
3f8284f7debd,2023-12-13,4
888de39b2fb7,2023-12-13,4
1a58d556c08d,2023-12-13,4
66a6079f65cd,2023-12-13,4
037a1f51ac45,2023-12-13,4
1fbead0281b4,2023-12-13,4
3de40464b91d,2023-12-13,4
2450d48c8d19,2023-12-13,4
3bcea9a07b9a,2023-12-13,4
fab6a5ec7db8,2023-12-13,4
dece43d74171,2023-12-13,4
d5fba643aa87,2023-12-13,4
14b786f3be7b,2023-12-13,4
d2a3ac50ad87,2023-12-13,4
fff8e7c7f94f,2023-12-13,4
4ad057636a18,2023-12-13,4
e31ad227f0af,2023-12-13,4
d764ad12ee75,2023-12-13,4
07bba8b6424a,2023-12-13,4
690471953e75,2023-12-13,4
ab64106940ad,2023-12-13,4
a339cb144720,2023-12-13,4
58e3189bd162,2024-08-07,4
09d8bf445607,2023-12-13,4
be3c3b5ec42f,2023-12-13,4
7f2622543c60,2023-12-13,4
cead54e709ad,2023-12-13,4
db333b79df53,2023-12-13,4
f1262fdf27ed,2023-12-13,4
0f2c6163d589,2023-12-13,4
8fe612cc8e64,2023-12-13,4
ad761120493e,2023-12-13,4
7b674a0358f3,2023-12-13,4
2315aa52b0c4,2023-12-13,4
79fec7356f30,2023-12-13,4
04b51d577557,2023-12-13,4
ee1a1f305bc1,2023-12-13,4
99e04d254f81,2023-12-13,4
fb4cc0a01117,2023-12-13,4
365dfbdb495b,2024-04-20,4
804d8db4fdc6,2024-04-11,4
aa8c4fd7ff01,2023-12-13,4
d5e5c9321bd8,2023-12-13,4
c21a67db7236,2023-12-13,4
b6505b1fe64e,2023-12-13,4
f9d81ae680fd,2023-12-13,4
310328173cba,2023-12-13,4
7a52f469f315,2023-12-13,4
85ab0061cf26,2023-12-13,4
56382323ee15,2023-12-13,4
8c270c4efbfe,2023-12-13,4
c2d3d538f07b,2023-12-13,4
534465a0faf1,2023-12-13,4
9c6da3be909d,2023-12-13,4
e6bdb63cb7c5,2024-07-03,4
d379baf969d4,2024-07-03,4
b1a9754cdacf,2023-12-13,4
894a72fa3829,2023-12-13,4
c8ad34e1e849,2024-04-23,4
8c987c75e3ad,2023-12-13,4
9f6d8e934c8f,2024-02-27,4
db3dd417574a,2024-04-23,4
cd33700389c7,2023-12-13,4
f54ea7cd9665,2023-12-13,4
21f6c36c15d0,2023-12-13,4
92bc0f97dc88,2023-12-13,4
0c1cd05c9bf0,2023-12-13,4
3f28a40d6ad7,2023-12-13,4
040394168d58,2023-12-13,4
7e7e65a115dd,2023-12-13,4
5184000c9632,2023-12-13,4
2981a11a65f1,2023-12-13,4
ca50e3d87e08,2023-12-13,4
86c193a2862b,2023-12-13,4
8225b3485c42,2023-12-13,4
9d7e0cdc9264,2024-07-11,4
89162c184581,2023-12-13,4
bccf8b76ca42,2023-12-13,4
4dff43db8a5e,2023-12-13,4
f8d2bda8f045,2024-06-25,4
d3e30a181ea2,2023-12-13,4
06c7bba7c584,2023-12-13,4
604159f86dd2,2023-12-13,4
cdeed7b83f58,2023-12-13,4
26e717ee4103,2023-12-13,4
f3f0a853f61b,2023-12-13,4
7275b434335e,2023-12-13,4
59103e4b40f4,2023-12-13,4
2348ffdce8b3,2023-12-13,4
134ede126746,2023-12-13,4
7d62aa94502c,2023-12-13,4
4586b9f99126,2023-12-13,4
6d574d89ae2a,2023-12-13,4
29af17b25bd3,2023-12-13,4
38ce0d88b7b5,2023-12-13,4
3ca2d6b3d924,2023-12-13,4
6f4cdfcf78eb,2023-12-13,4
97c10026e886,2023-12-13,4
3bb46b1728cf,2024-04-26,4
5f95651e2d2e,2023-12-13,4
b79a396c36fb,2023-12-13,4
e186cdc7a9c9,2024-09-04,4
2298513539d5,2023-12-13,4
2380a7f6039e,2023-12-13,4
6863d0f6243a,2023-12-13,4
2de287e567a3,2023-12-13,4
1962289c7626,2023-12-13,4
819b7948e314,2023-12-13,4
8f26acb91666,2023-12-13,4
e636e7a0ee4f,2023-12-13,4
6dc9c601fdd4,2023-12-13,4
a6502a7d1583,2023-12-13,4
c71d2182c2a4,2023-12-13,4
55f5d67f3885,2023-12-13,4
fd076e3edf43,2023-12-13,4
10930272a897,2023-12-13,4
43ec2d6d3df4,2023-12-13,4
0749d2094a16,2023-12-13,4
46d6de9f3377,2023-12-13,4
249764a0df1d,2024-09-03,4
b7c8d73deff0,2023-12-13,4
bcab6d206f55,2023-12-13,4
f538435134a3,2023-12-13,4
8a9c42077064,2023-12-13,4
6f7e464d6676,2024-05-13,4
e4d1a712d48a,2023-12-13,4
0f21ad20ce21,2023-12-13,4
d8078419326d,2023-12-13,4
49db7042ba7c,2023-12-13,4
4a4aed496832,2023-12-13,4
a7156871c7a8,2023-12-13,4
1c4d38436922,2023-12-13,4
1fbdcac39fbb,2023-12-13,4
b0d6523c5f8a,2023-12-13,4
2a3a5d1ad053,2023-12-13,4
42910fa6c44a,2023-12-13,4
6be04b512473,2023-12-13,4
f4c8ae815ea3,2024-03-22,4
7ae9c85fe4a2,2023-12-13,4
fd521a88a44b,2023-12-13,4
f6a2e81f6979,2023-12-13,4
eabcd9da5a8e,2023-12-13,4
bd8815665363,2023-12-13,4
499bf89b8d77,2023-12-13,4
2df1bce2dfb4,2023-12-13,4
47dea3d2ee9d,2023-12-13,4
8146bd6f47cd,2023-12-13,4
2d1ab7dba541,2023-12-13,4
d694b342319b,2023-12-13,4
02e60156871c,2023-12-13,4
43e328ea8c00,2023-12-13,4
054873413570,2023-12-13,4
1deea739ffc6,2023-12-13,4
a84c8bc67168,2023-12-13,4
7426849f1e1e,2023-12-13,4
3f321267786d,2023-12-13,4
35f4ab2a1cce,2023-12-13,4
8b3f14db30b9,2023-12-13,4
5478a812aa24,2023-12-13,4
574a0ce6f467,2023-12-13,4
4b97624b11eb,2023-12-13,4
dde8b92d52e0,2023-12-13,4
a86616cb0e81,2023-12-13,4
82fb45065034,2023-12-13,4
c774a80c17a7,2024-05-21,4
4cd92f80f2da,2023-12-13,4
07a36b89d15a,2023-12-13,4
c84cbf601946,2023-12-13,4
601b36c51e30,2024-05-15,4
2ddab65d9ebf,2023-12-13,4
7bed8359e8de,2023-12-13,4
cd2380d9addd,2023-12-13,4
5bf9ede850df,2023-12-13,4
9f2c0dac6c86,2023-12-13,4
22db7a27d642,2023-12-13,4
9ab3c608a03b,2023-12-13,4
1fe12f2dcbfb,2024-05-13,4
57173178d4f4,2023-12-13,4
37faf08eed2b,2023-12-13,4
f920a7e18f2b,2023-12-13,4
e0bd11eb69dc,2023-12-13,4
d39c347f2fa8,2023-12-13,4
68ab8225eec0,2023-12-13,4
b1093ad12e96,2023-12-13,4
8bcfbb950bdb,2023-12-13,4
b049939727c5,2023-12-13,4
6af989645e55,2023-12-13,4
ec5f99c1f678,2023-12-13,4
1cf947508b37,2023-12-13,4
d4b9bea9ec66,2023-12-13,4
15bfb5c4a844,2023-12-13,4
46debf77da4f,2023-12-13,4
95416d766ab9,2023-12-13,4
b12655965a3e,2023-12-13,4
5bdbf2f3e5c4,2023-12-13,4
6311de0c588a,2023-12-13,4
0fdaa2bda7df,2023-12-13,4
3cd356f6471f,2023-12-13,4
bb8fb8a4acf5,2023-12-13,4
acd30b4aef14,2023-12-13,4
81dc7cda799a,2023-12-13,4
1cb272b22f87,2023-12-13,4
40a37abbb60d,2023-12-13,4
207a5f9e5c81,2024-09-19,4
460dab47c4cb,2023-12-13,4
8a8e14e9eeb9,2023-12-13,4
11fd01574db5,2023-12-13,4
668cf15bf4f7,2023-12-13,4
8a52d2bfcbc1,2023-12-13,4
cd1a37726116,2023-12-13,4
ea1227391f07,2023-12-13,4
b1c318abf902,2023-12-13,4
1cb452f6ab5a,2023-12-13,4
570f238f9421,2023-12-13,4
867dfacdd1a6,2023-12-13,4
01fecb3e94af,2023-12-13,4
7dea4e479585,2023-12-13,4
83a8ba75b7a6,2023-12-13,4
1be815adc64a,2023-12-13,4
6b2f7f9814d9,2023-12-13,4
eb31dfa10f9c,2023-12-13,4
17de349be4c1,2023-12-13,4
021e10e8cbf6,2023-12-13,4
98f11cf4104e,2023-12-13,4
be7bd2f95367,2023-12-13,4
540cc1c69969,2023-12-13,4
42e8463c1b3a,2023-12-13,4
9fcdc9f82b0e,2023-12-13,4
1c75eb774774,2023-12-13,4
f7daccd5e243,2023-12-13,4
1358fb5a8709,2023-12-13,4
4efa0dd67782,2023-12-13,4
256b7aba2601,2023-12-13,4
751658f8ea7c,2023-12-13,4
5b696fa0d7b0,2023-12-13,4
59700a600734,2024-06-23,4
c7bcbf571ecd,2023-12-13,4
f8706f548680,2023-12-13,4
93c47e2634d9,2023-12-13,4
5877d215a212,2023-12-13,4
d36c6f4ec21b,2023-12-13,4
ef9bf833a6e5,2023-12-13,4
4ba5a0cca74d,2023-12-13,4
d7c382064576,2023-12-13,4
d4f3ea585638,2023-12-13,4
d61154617ef2,2023-12-13,4
82c8de7b4626,2023-12-13,4
736bf26b1770,2023-12-13,4
95682d94fca7,2023-12-13,4
e1e1ef7ba879,2023-12-13,4
d0ee4c69f754,2023-12-13,4
bdd11823b01a,2023-12-13,4
e71dac2d7dd1,2023-12-13,4
3bdca39c074e,2023-12-13,4
7e1031a9b986,2023-12-13,4
c5698938311d,2024-05-28,4
f6987afa29c5,2023-12-13,4
7dfc2470a03b,2023-12-13,4
679867622fc6,2023-12-13,4
77b21c803efb,2023-12-13,4
5f54bd80af12,2023-12-13,4
97534cff09f3,2023-12-13,4
db79bbb13109,2024-07-05,4
73679727e35e,2024-05-13,4
d307c7bebbae,2023-12-13,4
3ac3260ad392,2023-12-13,4
c0b3fc243a39,2023-12-13,4
6612a829075a,2023-12-13,4
80faed14ab8c,2023-12-13,4
c15b750fb539,2023-12-13,4
17b5210d40b6,2023-12-13,4
61955de6c217,2023-12-13,4
f247f860e0ad,2023-12-13,4
0c673b3605cb,2023-12-13,4
23c0b757af54,2023-12-13,4
e8a31ed8ca10,2023-12-13,4
3fdf1ad91fd7,2023-12-13,4
f8b7dbe3d608,2023-12-13,4
6a88eaf949c3,2023-12-13,4
5776f7cda3f5,2023-12-13,4
669b3de0a5e1,2023-12-13,4
752ae0d811e8,2023-12-13,4
bc07289d4902,2023-12-13,4
a4de75434e15,2024-04-03,4
0f9464dbd0e6,2023-12-13,4
0735034613bc,2023-12-13,4
5ce299c0e260,2023-12-13,4
ce0f9b563da2,2023-12-13,4
0c4db811a02e,2023-12-13,4
7677d99fdec3,2023-12-13,4
bddfe84cfa22,2023-12-13,4
2fa971c5e2c0,2024-05-30,4
730ca39112f4,2023-12-13,4
902133940300,2023-12-13,4
e501397f660c,2023-12-13,4
0cdee18815d5,2023-12-13,4
d033262d60d2,2024-08-19,4
fdba6ef80c19,2023-12-13,4
60f47f1a6bd6,2023-12-13,4
dc7b42472271,2023-12-13,4
dfc29cf539c3,2023-12-13,4
c76cc4647d99,2023-12-13,4
544a3001175d,2023-12-13,4
ed4eb35a5239,2023-12-13,4
d9160be84d68,2023-12-13,4
8534715fe09c,2023-12-13,4
0ece5959fe90,2023-12-13,4
288edc3aaf7f,2024-08-28,4
ee7fdca638d1,2023-12-13,4
f138f087f6aa,2023-12-13,4
49903614eaee,2023-12-13,4
405149a6a30a,2023-12-13,4
5a43aef787d3,2023-12-13,4
a363d7ad666f,2024-09-23,4
540b7f9fded0,2024-09-23,4
b48c315157c9,2023-12-13,4
1947d96579a4,2023-12-13,4
1691f96e0fc0,2023-12-13,4
d43b82ac712e,2023-12-13,4
24c43c59c712,2024-06-27,4
db9a3a8d51a7,2024-02-06,4
60b219b77e9d,2024-01-31,4
edd984ebb2c3,2023-12-13,4
ca0f2458e167,2023-12-13,4
fd2a6fda5520,2023-12-13,4
3746055cc037,2024-06-24,4
2e2bf11033cd,2023-12-13,4
cdd3f6f94609,2023-12-13,4
4b7d059feee0,2024-07-11,4
37b7c297fba5,2024-07-11,4
583f450b1371,2023-12-13,4
950d0594584b,2023-12-13,4
62ee8ad9561a,2023-12-13,4
bf519321afd0,2023-12-13,4
ddd8c54ed70c,2023-12-13,4
40a6fc904f67,2023-12-13,4
43bf31f28bb0,2023-12-13,4
2fc222dd941b,2023-12-13,4
45f78059ef94,2023-12-13,4
1508e22e6712,2023-12-13,4
fd904ce00ab4,2023-12-13,4
aeb7aa5b7f10,2023-12-13,4
791711117260,2024-06-23,4
5afbfc85e4c3,2023-12-13,4
d93bea101f92,2023-12-13,4
4dda944dca92,2023-12-13,4
79e1a51830c5,2023-12-13,4
f5b589e17d3b,2023-12-13,4
bf17544c6adb,2023-12-13,4
64d71756ec63,2024-02-19,4
b2e8dc3ecc38,2023-12-13,4
599082659fc1,2024-02-19,4
4d9b790d051a,2023-12-13,4
eb2c803e8932,2023-12-13,4
312c1a120d1c,2023-12-13,4
ad57952b7b26,2023-12-13,4
13939303b8d6,2023-12-13,4
560c7ab9cd0a,2023-12-13,4
785ab4ad21fa,2023-12-13,4
9cb2c5b84625,2023-12-13,4
535cdfefb75b,2023-12-13,4
61789c67ebc6,2023-12-13,4
1b9d35f57773,2023-12-13,4
1a78d18d4881,2023-12-13,4
881614fc02ec,2023-12-13,4
e8ab4fce74c8,2023-12-13,4
040013416ae1,2023-12-13,4
f56fb27d38a1,2023-12-13,4
d42583f6a50e,2023-12-13,4
de733eaf655c,2023-12-13,4
ae3ab74c6e62,2023-12-13,4
3f02ac15c9fb,2023-12-13,4
9aaad7ed5188,2023-12-13,4
62b5b89868d3,2023-12-13,4
0d0af04a2544,2023-12-13,4
aa9b1d42c7d4,2023-12-13,4
4cf1e19b49c9,2023-12-13,4
a7540074b690,2023-12-13,4
b59ed83075ad,2023-12-13,4
4e1900abb923,2023-12-13,4
448675bb116f,2023-12-13,4
c2a51b475ed0,2023-12-13,4
6f3e1430c9c1,2023-12-13,4
5e1feda99f5c,2023-12-13,4
a2b53b29fa44,2023-12-13,4
c5c0eee4b69a,2023-12-13,4
4c8d37ff5c23,2023-12-13,4
75e8d9cd829b,2023-12-13,4
c5521dd8cc81,2023-12-13,4
d4c033ffc75d,2023-12-13,4
c752b54d6937,2023-12-13,4
0bf1baddcf34,2023-12-13,4
b04d202ba55b,2023-12-13,4
cda38edf618f,2023-12-13,4
3d7eb6329e8c,2023-12-13,4
a1ee1b870049,2023-12-13,4
a88ce23d300f,2023-12-13,4
53774f35b377,2023-12-13,4
884d91b11b91,2023-12-13,4
0ee1d328f86f,2023-12-13,4
d9b8a718d3b6,2023-12-13,4
097c94091ea4,2023-12-13,4
eac4249745b6,2023-12-13,4
e9430e023164,2024-03-17,4
0e71cef8e293,2023-12-13,4
3a3a00061e41,2024-03-17,4
ae5ce065a3f3,2024-03-17,4
29c2052967eb,2023-12-13,4
aeede85e43f7,2023-12-13,4
4473d8bcd4a2,2023-12-13,4
ecbca064019f,2024-07-24,4
8ae4227ce1fb,2023-12-13,4
d4c12b491a74,2023-12-13,4
0bfb4f56403d,2023-12-13,4
b8fe3d4e62cf,2023-12-13,4
7fcac15c07bb,2023-12-13,4
07f7d3fab058,2023-12-13,4
969e4f8ccbda,2023-12-13,4
ba7c2d59aa47,2024-09-04,4
c83e306afaab,2023-12-13,4
e64f7266e4f3,2023-12-13,4
e2799a80e0ec,2023-12-13,4
f44020838901,2023-12-13,4
a5db90a03957,2023-12-13,4
b303d75bc320,2023-12-13,4
ee05df774887,2023-12-13,4
4a42911804f6,2023-12-13,4
f1d3ba1c1338,2023-12-13,4
0262174beaaa,2023-12-13,4
22b01a3d8e05,2023-12-13,4
f9f509f7f8c6,2023-12-13,4
d9d680a0977a,2023-12-13,4
9db2eb1f6afb,2023-12-13,4
3ee54658ac68,2023-12-13,4
1c5fdf42e63f,2023-12-13,4
78619c37eb46,2023-12-13,4
35f5a6f2d129,2023-12-13,4
99abf422b4f5,2023-12-13,4
866d49331f5b,2023-12-13,4
07a2d1507ff3,2023-12-13,4
6b21c1039d5e,2023-12-13,4
0abea6bb9602,2023-12-13,4
60f200c70487,2023-12-13,4
1596e01d0a10,2023-12-13,4
21bb9a8533fb,2023-12-13,4
29f89a5e01ca,2023-12-13,4
914c1607f7c3,2023-12-13,4
f97289838caf,2023-12-13,4
335a325b15bb,2023-12-13,4
d61fa4555b3e,2023-12-13,4
d90bc3ec7c6a,2023-12-13,4
ced83fc9e950,2023-12-13,4
2bfa8f4eb64a,2023-12-13,4
2a1270a8dc84,2023-12-13,4
bdcc45b653f9,2023-12-13,4
86134211a14e,2023-12-13,4
c8ab741de3cd,2023-12-13,4
2761ee3cbfa6,2024-06-20,4
fcf17785d2b6,2023-12-13,4
bcf516006d1b,2023-12-13,4
c7f5c4c01dd9,2023-12-13,4
2a29a3333cf1,2023-12-13,4
5d0e8e074adf,2023-12-13,4
89a8ab9d9fb9,2023-12-13,4
50cb0f51328a,2023-12-13,4
297850b803e1,2023-12-13,4
815789dc7865,2023-12-13,4
376e184c94a6,2023-12-13,4
f27941045557,2023-12-13,4
49f201603846,2023-12-13,4
43c579ce2ecd,2023-12-13,4
10fe631f2fcd,2023-12-13,4
c53be0978d25,2023-12-13,4
d01f5a9a52cb,2023-12-13,4
393689c97532,2023-12-13,4
3769fb1ffa72,2023-12-13,4
3a5404ac97d9,2023-12-13,4
5ce1f2691043,2023-12-13,4
6dfd5f29672b,2023-12-13,4
33c3a9544ec2,2023-12-13,4
5a347c11641e,2023-12-13,4
e903bfa3b0fe,2023-12-13,4
8c059b5ff483,2023-12-13,4
51e6adcad050,2023-12-13,4
a629fb7d125c,2023-12-13,4
74e1f186ad8d,2023-12-13,4
4341eb9f6557,2023-12-13,4
dba14ac2cbec,2023-12-13,4
63281f3bdffb,2023-12-13,4
a7743ce1e189,2023-12-13,4
5837d7bb85fe,2023-12-13,4
1458c973da2f,2023-12-13,4
9543f7a95f32,2023-12-13,4
3d6a92d39bf7,2023-12-13,4
cc525bc8e6e5,2023-12-13,4
10f7aba6b60b,2023-12-13,4
a5099a80d541,2023-12-13,4
2f0f38c925a8,2023-12-13,4
5b7215a367d1,2023-12-13,4
cc0a3235865a,2023-12-13,4
d087b5f8b394,2023-12-13,4
16b5da8ebe4c,2023-12-13,4
f005d8223151,2023-12-13,4
25aa2a6fb0f9,2023-12-13,4
dbe9a2486a4f,2023-12-13,4
5361744b2971,2023-12-13,4
d0c9245beb0d,2023-12-13,4
758be0ddd2be,2023-12-13,4
93452f66499f,2023-12-13,4
730df1b5c76e,2023-12-13,4
cc3520129766,2023-12-13,4
39ae13400c7c,2023-12-13,4
9b3088ec8e04,2023-12-13,4
4c59fb0af6ea,2023-12-13,4
92d9fd26b273,2023-12-13,4
805dfabb385b,2023-12-13,4
9c2be41532eb,2023-12-13,4
9cd0daef0a30,2023-12-13,4
2e18f684ffa4,2023-12-13,4
8d18adc81472,2023-12-13,4
3645b493e766,2023-12-13,4
2963aa612ea6,2023-12-13,4
57e7c896df6e,2023-12-13,4
459286a3e271,2023-12-13,4
2b2469c0ebef,2023-12-13,4
49413c094568,2023-12-13,4
b88f9d50009a,2023-12-13,4
3bbf680a8938,2023-12-13,4
d60e3e27dcde,2023-12-13,4
4441c7575221,2023-12-13,4
41799fef5bb7,2023-12-13,4
8d555291eb18,2023-12-13,4
1bd72c655c88,2023-12-13,4
4e5a77dcd678,2023-12-13,4
a8676611d8c8,2023-12-13,4
69da7e0dc56b,2023-12-13,4
1b54757444c5,2023-12-13,4
01681559b1bb,2023-12-13,4
dca9faa3d0f4,2023-12-13,4
5d8d9e702154,2023-12-13,4
5cd3da489951,2023-12-13,4
42974e8171ea,2023-12-13,4
aef9997fb0f0,2023-12-13,4
79f826c4ed4c,2024-07-01,4
2f08a777fa27,2024-07-01,4
07bc2f18546b,2024-08-15,4
3180b53e8c58,2023-12-13,4
d544af14b2d1,2023-12-13,4
7db28a3e1a5f,2023-12-13,4
f5111c21ec8b,2023-12-13,4
3b5bec5638c4,2023-12-13,4
1372dd1bc897,2023-12-13,4
113bb44169cb,2023-12-13,4
4637f749ec79,2023-12-13,4
3d9e211adb25,2024-09-12,4
9a3071a7a70d,2023-12-13,4
e1e2ec7f960a,2023-12-13,4
79f6e4c97891,2023-12-13,4
e0d252973490,2023-12-13,4
b5039ab1440d,2023-12-13,4
c7d8c0391342,2023-12-13,4
015c6eeee6e2,2023-12-13,4
ba0321211dcb,2023-12-13,4
42ad86bbd0f1,2023-12-13,4
7dc075fd863a,2023-12-13,4
ae7dfc7a8050,2023-12-13,4
06c07f200613,2023-12-13,4
80b270898121,2023-12-13,4
c626b92368aa,2023-12-13,4
b3db578e7002,2023-12-13,4
df048561ed85,2023-12-13,4
b5325a4108da,2023-12-13,4
0405e2d11700,2023-12-13,4
bf1250c398ab,2023-12-13,4
9dbc190356a7,2023-12-13,4
828aab7b33e1,2023-12-13,4
8dfac24be9c6,2023-12-13,4
a279b7a48145,2023-12-13,4
bb1e8b238be9,2023-12-13,4
0d804a9080bf,2023-12-13,4
f946100e2a99,2023-12-13,4
82f4ea0ff289,2023-12-13,4
4a9961fb9a76,2023-12-13,4
2233129798da,2023-12-13,4
c804f94c3dbd,2023-12-13,4
200740faf724,2023-12-13,4
4cf8dc6e7c71,2023-12-13,4
a56d298cc7c1,2023-12-13,4
d4165e0dadea,2023-12-13,4
355f7e5a1505,2023-12-13,4
d092a84b314b,2023-12-13,4
efab6a1bfda6,2023-12-13,4
7468ff4ca75e,2023-12-13,4
a4785ffbd5ac,2023-12-13,4
f84f3a86dcd8,2023-12-13,4
63164c334007,2023-12-13,4
38ebab3d11f0,2023-12-13,4
f9d6eeea9ec1,2023-12-13,4
c21fda117e58,2023-12-13,4
33295f4f7d1a,2023-12-13,4
38505aa32e52,2023-12-13,4
adb2c6f64d50,2023-12-13,4
26130d3b955c,2023-12-13,4
202462d50539,2023-12-13,4
10336a114372,2023-12-13,4
b4039809a230,2023-12-13,4
1eed3a4782bf,2023-12-13,4
ab3b149209de,2023-12-13,4
44383c4c7926,2023-12-13,4
8477d49f0c7b,2023-12-13,4
233b810af973,2023-12-13,4
696da2be638e,2023-12-13,4
e51f91d79237,2023-12-13,4
d41e2280ebfd,2023-12-13,4
8f97a087d4bb,2023-12-13,4
b71af2fe00b2,2023-12-13,4
8370219a9e4c,2023-12-13,4
5971fa205ae2,2023-12-13,4
1661d6231d80,2023-12-13,4
0d46d5000d19,2023-12-13,4
351bcdd0fe41,2024-04-09,4
6e193d92d7a3,2023-12-13,4
dbdbed2ea16e,2023-12-13,4
c216fd7aa07d,2023-12-13,4
4b7cd0a1de3f,2023-12-13,4
e085f86119a0,2023-12-13,4
691efe978da0,2023-12-13,4
f500a41ef425,2023-12-13,4
7f623aa17f3d,2023-12-13,4
981d36d7a5ab,2023-12-13,4
9252f9b85d72,2023-12-13,4
8b9cb9ba9ba1,2023-12-13,4
ba9fa5ee59a0,2023-12-13,4
44e593621c5e,2023-12-13,4
ea60987d4f61,2023-12-13,4
6dec223049c1,2023-12-13,4
194f1cb1cc47,2023-12-13,4
63b4109cca75,2023-12-13,4
8bde05c4283f,2023-12-13,4
f75107ff4f06,2023-12-13,4
fe0e2d6eba61,2023-12-13,4
8193d244cfc0,2024-09-25,4
2bb963781d0f,2023-12-13,4
fd593f8f32cf,2024-09-25,4
771613cde733,2023-12-13,4
dd56fcadfb2c,2023-12-13,4
9b3ccc70045e,2023-12-13,4
e60d890f2812,2023-12-13,4
e911e4d61d7a,2023-12-13,4
8da037cb0729,2023-12-13,4
916d961d0796,2023-12-13,4
ac412c2183b5,2023-12-13,4
3e25ad475f2a,2023-12-13,4
f8d32131c876,2024-04-25,4
63efdb31c0a2,2023-12-13,4
f1241d95e0ec,2023-12-13,4
a30f0a56c043,2023-12-13,4
787869cb6ed4,2023-12-13,4
1d5d90258e8c,2023-12-13,4
4e578278a78e,2023-12-13,4
b3d638907206,2024-05-13,4
bd2085584a25,2024-06-04,4
1b217ac3fdb8,2023-12-13,4
bdb3f501433b,2023-12-13,4
0ae7d73c3938,2023-12-13,4
6e5009f04946,2023-12-13,4
efae9c0e7ea7,2023-12-13,4
5792a62669cf,2023-12-13,4
b067c270d597,2023-12-13,4
631c0ed59495,2023-12-13,4
e1129e516ed5,2023-12-13,4
bda864825bfc,2024-03-04,4
d263f3cd29f9,2024-03-04,4
57f8e97a7834,2023-12-13,4
5c5775b8b118,2023-12-13,4
34afd24e157a,2023-12-13,4
f664c57f8a8d,2023-12-13,4
e493d62f18f9,2023-12-13,4
33269e61f481,2023-12-13,4
9761f9454331,2024-04-09,4
0cd18e6f89be,2023-12-13,4
ca3a7458bec2,2023-12-13,4
67132d498c73,2023-12-13,4
fec433a61154,2023-12-13,4
9142f09ac85e,2023-12-13,4
09caa1dc9ce2,2023-12-13,4
a4bad822db4e,2023-12-13,4
7490434982c8,2023-12-13,4
a90b74d0f2f8,2023-12-13,4
35b09e0bbdf8,2023-12-13,4
ae4cbf289a1b,2023-12-13,4
0a020c446b11,2023-12-13,4
a415ec8d81cd,2023-12-13,4
1df52364e3fa,2023-12-13,4
8ac6fbb3dba9,2023-12-13,4
24716ee5f334,2023-12-13,4
5d331ae0f15e,2023-12-13,4
042a6ab1eea8,2023-12-13,4
0be7745fe91e,2023-12-13,4
132f37d3cd5e,2023-12-13,4
f4159feb168c,2023-12-13,4
edde6162a678,2023-12-13,4
4ce128edba6e,2023-12-13,4
4e87b0b616f1,2023-12-13,4
67ff1365cad6,2023-12-13,4
646fbe0a1b48,2023-12-13,4
247be0b11631,2023-12-13,4
9bd30dd0c4b6,2024-05-24,4
baa5b096539b,2024-05-24,4
596802828099,2024-03-14,4
97fc98e73b8c,2023-12-13,4
aee5945fb2de,2023-12-13,4
d8b672be7ddf,2023-12-13,4
7d9d441790ac,2023-12-13,4
30dbccabb75b,2023-12-13,4
33da55793acc,2023-12-13,4
9a535c3638b2,2023-12-13,4
255669429079,2023-12-13,4
e38a02835321,2023-12-13,4
8a6820c1828a,2023-12-13,4
efdba4087044,2023-12-13,4
2f791b5b9fb1,2023-12-13,4
4547eacc2360,2023-12-13,4
a62e76953a16,2023-12-13,4
f0fb740d8068,2023-12-13,4
9ad6978de70b,2023-12-13,4
5801b1b84783,2023-12-13,4
242295723f7e,2023-12-13,4
9bd3e40455c7,2023-12-13,4
1d4b3d81e1b5,2023-12-13,4
8a2cffdcd027,2023-12-13,4
d7d4b492bb69,2023-12-13,4
61696ca39349,2023-12-13,4
149d61229ca6,2023-12-13,4
59e3ff0eb197,2024-01-28,4
d387c81a4fe4,2023-12-13,4
564adb5b85e0,2023-12-13,4
01454183ddb5,2023-12-13,4
4032741cc8d6,2023-12-13,4
15788356a09e,2023-12-13,4
e3bb740486b4,2023-12-13,4
c7d2713419ed,2023-12-13,4
66a006794527,2023-12-13,4
75cf12467ba4,2023-12-13,4
422b673d398f,2023-12-13,4
ddb03c985e05,2024-06-04,4
be725b417d06,2024-06-04,4
65fdc25715fe,2023-12-13,4
21a5e30cbc13,2023-12-13,4
175357ebaf48,2023-12-13,4
eb0cb1cc9879,2023-12-13,4
01f8a341fe43,2023-12-13,4
657c079f32be,2023-12-13,4
441f1957fd21,2023-12-13,4
8fb69c91c10b,2023-12-13,4
82e4394c5c78,2023-12-13,4
c80b62dce551,2023-12-13,4
25ba46e92452,2023-12-13,4
ea18eabbe185,2023-12-13,4
1667cdf37b96,2023-12-13,4
1d08bb39879d,2023-12-13,4
2e23d17b0f1d,2023-12-13,4
9dbfbe998d05,2023-12-13,4
716dda365ccd,2023-12-13,4
6d0f07566808,2023-12-13,4
f31603accf2a,2023-12-13,4
99650d611ad2,2024-07-02,4
7863fc493a80,2024-07-02,4
4c07745b2b1b,2024-02-19,4
d91bb33a8b3b,2023-12-13,4
85418ed4c83a,2023-12-13,4
4a686d3c9040,2023-12-13,4
33acb610d055,2024-03-21,4
4ce0f6b0dbd6,2023-12-13,4
2eb2cdfd8e3b,2023-12-13,4
66f2de193117,2023-12-13,4
29f7c5e889da,2023-12-13,4
a803286d89ba,2023-12-13,4
b2dceb0c9d66,2024-02-26,4
4e4f7517c101,2023-12-13,4
7053e439869d,2023-12-13,4
96f743917aac,2023-12-13,4
60fc2bee0cd8,2023-12-13,4
acfc3bf984fc,2023-12-13,4
8826154a5d97,2023-12-13,4
b6cfd0dc3694,2023-12-13,4
75190fa1259b,2023-12-13,4
7eb0482d4685,2023-12-13,4
932d99d86281,2023-12-13,4
638a7d6ec56b,2023-12-13,4
ec8bc613207b,2023-12-13,4
33dbb6a11a0a,2023-12-13,4
3c9fbeb963b3,2024-03-13,4
10bd2c22a434,2024-04-15,4
9186f5b344bd,2023-12-13,4
4501d509366e,2023-12-13,4
586472ac361b,2023-12-13,4
4ae2863c62f2,2023-12-13,4
a2f07ba0a32f,2023-12-13,4
12b59856fdb2,2023-12-13,4
aaf169da967f,2023-12-13,4
b86615dff4ec,2023-12-13,4
7cbacf8a6890,2023-12-13,4
dbf3a1c2ec43,2023-12-13,4
d08aeaf80781,2023-12-13,4
cb8ccca5fef1,2023-12-13,4
ecfc53ddfcb6,2023-12-13,4
a1a85a5a80ac,2023-12-13,4
a5c3af1d8df3,2023-12-13,4
7f493dd5df42,2024-03-07,4
850954e619ab,2024-03-07,4
2fccf1d3d4df,2024-03-07,4
b817463d2e44,2024-03-07,4
1e999a52ba56,2023-12-13,4
3ba1b6e1bfa1,2024-09-16,4
d4ebd9532930,2024-09-02,4
a603e5909f94,2023-12-13,4
f1b236ec1495,2024-04-09,4
0f536d4d0777,2024-04-09,4
5e44a1b56f3b,2023-12-13,4
5a17bd110f04,2023-12-13,4
af316ff8fa95,2023-12-13,4
8b74d1ae53e3,2024-08-13,4
3c315a875345,2024-09-02,4
673d3ab3fb27,2023-12-13,4
c20c875a82ba,2024-03-13,4
7547bc47440c,2024-03-13,4
dc4c17a9ece4,2023-12-13,4
feac414a79f1,2024-03-13,4
0d22155a7fed,2024-03-13,4
4b0c54b18dba,2023-12-13,4
e7bdc915cc59,2023-12-13,4
888501a4df0c,2023-12-13,4
5dae08338af5,2023-12-13,4
c2bfa29813a1,2023-12-13,4
da7a4cbad876,2023-12-13,4
147163cf2fe5,2023-12-13,4
2ac2913ee284,2023-12-13,4
1749a901cf31,2023-12-13,4
dee4ca05a147,2023-12-13,4
0c65e5f1af96,2023-12-13,4
fccac4a025f2,2023-12-13,4
5037cb4412d3,2023-12-13,4
731c538f9c55,2023-12-13,4
bc664f91a860,2023-12-13,4
4b8a15e928f8,2024-08-15,4
beff8209281a,2023-12-13,4
122285eb0f42,2023-12-13,4
f847f1a9b16c,2024-05-14,4
62febdc7ced7,2023-12-13,4
085a76d4aede,2023-12-13,4
62e5d3dfa4c9,2023-12-13,4
e4f32d96adc7,2023-12-13,4
46198ed8977d,2023-12-13,4
f1b1bf0b44d1,2023-12-13,4
5ea0a7a09f24,2023-12-13,4
7ba8dba2f158,2023-12-13,4
d0cdb2216232,2023-12-13,4
8d9924c7cc57,2023-12-13,4
acf2f31a4a4d,2023-12-13,4
10b0c42275b8,2023-12-13,4
a60fcab3a24a,2023-12-13,4
e23f383095d2,2023-12-13,4
a4a92411128b,2023-12-13,4
2e2ced8d5fd0,2023-12-13,4
ad8f51d38e25,2023-12-13,4
c1cc6deb378f,2023-12-13,4
d26fab713c64,2023-12-13,4
7e95cfdcc61c,2024-08-27,4
cf1a5689eb9d,2023-12-13,4
89113edb0ac3,2023-12-13,4
fcb5ff148fd1,2023-12-13,4
49b258152510,2023-12-13,4
e98f6149840a,2023-12-13,4
c8b2c8c0b58b,2023-12-13,4
9a0dccc8df08,2023-12-13,4
f7c5619d922d,2023-12-13,4
a2d4793a7565,2023-12-13,4
f842c8d98ec0,2023-12-13,4
460f12ded148,2024-04-16,4
c345982a43ee,2024-02-27,4
80cf0fca9932,2023-12-13,4
86c76f40ffb9,2023-12-13,4
bb5e28b6d88f,2023-12-13,4
c746bf3bd61e,2024-04-09,4
51d1edf0d627,2024-04-09,4
69ac90420afd,2024-04-09,4
502bfe41dfae,2023-12-13,4
08a06d2cc7e0,2023-12-13,4
f7f7fc601d1f,2023-12-13,4
29d83ef5b651,2023-12-13,4
41c09bbaf978,2023-12-13,4
27b468d9f68c,2023-12-13,4
d0ab6afb4898,2023-12-13,4
b2bed436d6c9,2023-12-13,4
56e0d991d628,2023-12-13,4
4bda715e4c84,2023-12-13,4
e11040778c89,2023-12-13,4
e5193a925419,2023-12-13,4
e974f95ea27e,2023-12-13,4
d5443c567da6,2023-12-13,4
c91d8b9b1446,2023-12-13,4
0cb6590a931e,2023-12-13,4
89ef5526286f,2024-05-24,4
4c18a14c0e33,2024-05-24,4
9f5281011aa0,2023-12-13,4
02b9c32fb5bb,2023-12-13,4
94091497006a,2023-12-13,4
69abf6eebc76,2024-08-13,4
3fd47822d5fc,2023-12-13,4
64f611a05aa1,2023-12-13,4
b37bafbe2a36,2023-12-13,4
cc618b973ee2,2023-12-13,4
f54a7d2824ab,2023-12-13,4
b89be7d80ce6,2023-12-13,4
4a72f62c025d,2023-12-13,4
30c7b157be67,2023-12-13,4
dfc7335bdd02,2023-12-13,4
08f3d99efca1,2023-12-13,4
c6a0078338cb,2023-12-13,4
3e7a614bac45,2023-12-13,4
76930da661c7,2023-12-13,4
ba630b29082a,2024-04-16,4
9a5f32841f48,2024-04-16,4
a15f47d26922,2024-04-16,4
eba9bffa4e03,2023-12-13,4
90ebde586d3d,2023-12-13,4
5ad9e4fe2863,2024-03-25,4
b718310fd277,2023-12-13,4
29e5bbcd72d8,2023-12-13,4
356531fec992,2024-08-07,4
cfd7910b3251,2023-12-13,4
ddeff9fbbedf,2023-12-13,4
a691b95d7dc6,2023-12-13,4
dcd2d36360a4,2023-12-13,4
442255b0595b,2023-12-13,4
09e9486c64b6,2023-12-13,4
2e2679e7e5bf,2023-12-13,4
b60540832400,2024-03-26,4
56314dfefd6c,2024-03-26,4
bdaf6c9728e9,2023-12-13,4
324623c7fc7e,2023-12-13,4
3535063ceb42,2023-12-13,4
654388b53dd4,2023-12-13,4
56a2a2a0f2af,2023-12-13,4
5e707e071f92,2023-12-13,4
60f8929f38fc,2023-12-13,4
a26fff433b17,2023-12-13,4
e748c5a8b57b,2023-12-13,4
f04ecd4d1a67,2023-12-13,4
52c2c8e13326,2023-12-13,4
46ce4ce89f6b,2023-12-13,4
264ec4433b34,2023-12-13,4
9505ae829832,2023-12-13,4
0378668ef701,2023-12-13,4
f5cf9beddc1d,2023-12-13,4
2fbfc1595039,2023-12-13,4
a25ea5a18810,2023-12-13,4
d772be844448,2023-12-13,4
7564233ed28b,2023-12-13,4
84fbd1b92b61,2023-12-13,4
6b4cbf41da39,2024-04-09,4
180470efff12,2023-12-13,4
ec50f809fb60,2023-12-13,4
8757ba6a8450,2023-12-13,4
251ca5da2003,2023-12-13,4
2b44ed7265a6,2023-12-13,4
207ec54aa5a4,2023-12-13,4
1cf5e05bfcfb,2023-12-13,4
90de9c45d8f4,2023-12-13,4
b2c9105715a8,2023-12-13,4
5820f64f224c,2023-12-13,4
b31ebd83a3f8,2023-12-13,4
426119980986,2023-12-13,4
e79cceb72cb1,2023-12-13,4
e3b8d62f1d4c,2023-12-13,4
b20602f6c5bc,2023-12-13,4
843eaa321299,2023-12-13,4
fe867f0f5c2b,2024-04-08,4
d6cad2955771,2024-08-21,4
c19b83d45328,2023-12-13,4
a7fcf79a814f,2023-12-13,4
4906066d41e9,2023-12-13,4
cc6e75821bf5,2023-12-13,4
57f6f314c80c,2023-12-13,4
8b6d77a72984,2023-12-13,4
648115e0fb11,2023-12-13,4
fdefd0745786,2023-12-13,4
e0ad825e8a2c,2023-12-13,4
e6e2ab7e485c,2023-12-13,4
aeb62b82a1fc,2023-12-13,4
133bfe5846f5,2023-12-13,4
edf209e93fcc,2023-12-13,4
d96ac446f791,2023-12-13,4
6108556af2da,2023-12-13,4
f4da151d1755,2023-12-13,4
5943b5766d2a,2023-12-13,4
eff0988cd252,2023-12-13,4
738a8b908f49,2023-12-13,4
25c1d8b2d6c6,2023-12-13,4
0c9ddc7dbe0a,2023-12-13,4
a82f8b0bc74d,2023-12-13,4
91729326d400,2024-09-26,4
c994f76a7838,2023-12-13,4
646e3a1c32a4,2024-05-24,4
e51188d6e4cf,2023-12-13,4
1c6f2f46cddc,2023-12-13,4
55f4681a26ab,2023-12-13,4
0ee462969f7e,2023-12-13,4
4dd25512ed8e,2023-12-13,4
84d53f99f463,2023-12-13,4
6a33a8357dca,2024-02-08,4
eac2f498bf31,2023-12-13,4
be102a18428e,2023-12-13,4
8f9233c4f689,2023-12-13,4
be6dcd51b9a4,2023-12-13,4
adec6c329672,2024-03-14,4
7a675a977b18,2023-12-13,4
f1042b5f3810,2023-12-13,4
1095a91e16bf,2023-12-13,4
7af4528ef282,2023-12-13,4
aa6ab317c1bc,2023-12-13,4
70704984d519,2023-12-13,4
ae41456d4f3d,2023-12-13,4
7dcdd27f2c29,2023-12-13,4
ba7bac17a13b,2023-12-13,4
1f5b96752e43,2023-12-13,4
480bd8ea305e,2023-12-13,4
e5d71836b2b8,2023-12-13,4
cd2ef7f49217,2023-12-13,4
371f171c6b31,2023-12-13,4
3026a39bd3a9,2023-12-13,4
38d8633f943c,2023-12-13,4
51d873e6aadb,2023-12-13,4
dc9e8a3e6567,2023-12-13,4
28e5e4b4031d,2023-12-13,4
c53f487beefc,2024-09-13,4
a5aebf13b209,2023-12-13,4
5cb53f6b911d,2024-03-27,4
53153160b3fa,2024-03-27,4
505687314ad9,2023-12-13,4
73472a26df27,2024-06-26,4
c282f628be86,2023-12-13,4
15fb2b73ec2a,2023-12-13,4
b5597b848f2b,2023-12-13,4
e2f683e71a4f,2023-12-13,4
6c50abea0b83,2023-12-13,4
9e3448088962,2023-12-13,4
dc4ea624e7d1,2023-12-13,4
95da83ab8f75,2023-12-13,4
343f2620a965,2023-12-13,4
323273240e77,2023-12-13,4
24dc788e8838,2024-03-25,4
8c082b1eb3bf,2024-03-25,4
3ae3647ddfae,2023-12-13,4
4aa625381d82,2024-04-14,4
3687d56c00e2,2023-12-13,4
e4a9bf8b57f6,2023-12-13,4
25b7f7bdb615,2023-12-13,4
60b93eda822a,2024-02-06,4
90d19d0fb2b2,2023-12-13,4
b5f26c669614,2023-12-13,4
95c6556e0d99,2024-09-05,4
b7b19e9a8719,2023-12-13,4
7080a38c0f96,2023-12-13,4
54b358086882,2023-12-13,4
7f894237889a,2023-12-13,4
e6f7be50079b,2023-12-13,4
5455800b6232,2023-12-13,4
8f313ba42f9b,2023-12-13,4
14eb2fb2a102,2023-12-13,4
6e017e0bdd3e,2023-12-13,4
96b65cfa0cee,2023-12-13,4
7e044a2e909c,2024-09-25,4
8b39462e321a,2024-09-25,4
0aaed68d3e0d,2024-09-25,4
3ff9dbd5c564,2023-12-13,4
b82a1a8de316,2023-12-13,4
be2f9a99f304,2023-12-13,4
0ec064cfad8c,2023-12-13,4
818e05aca488,2024-09-03,4
7bb51e7ea3d7,2024-04-11,4
1de3283c5a12,2023-12-13,4
192e0540adaa,2023-12-13,4
9c8f5155b2b3,2023-12-13,4
488ddff6cdd6,2023-12-13,4
c6772fe4e509,2023-12-13,4
7390a33d7f34,2023-12-13,4
fe178cb6850f,2023-12-13,4
c18431a5a0ed,2024-05-05,4
4a850f3ec0dc,2023-12-13,4
07fd314b1668,2023-12-13,4
1afe839dd9c3,2023-12-13,4
67f670b61e9e,2023-12-13,4
dfd6089bddd7,2023-12-13,4
3f89e56da9ff,2023-12-13,4
9f5700d50404,2024-09-25,4
886eed139491,2023-12-13,4
105dc9741851,2023-12-13,4
8fc9d6fa2785,2023-12-13,4
994eca495f7f,2023-12-13,4
12aaf219fe6b,2024-07-16,4
4eb078d1aadb,2023-12-13,4
713201765889,2023-12-13,4
80e2fd0700df,2023-12-13,4
bafc7a1d3f53,2023-12-13,4
c639eb2c67fa,2023-12-13,4
a091d58cbe4c,2023-12-13,4
0bd1c4214eb8,2024-05-03,4
e2cdd178ba96,2023-12-13,4
1786d8b61d0e,2023-12-13,4
acd0f3b088e6,2023-12-13,4
f42fa257a98a,2023-12-13,4
85537c0fec5e,2023-12-13,4
489b8fc1e99c,2024-09-06,4
c8868966f595,2024-09-06,4
c778239104bb,2023-12-13,4
016db4a24696,2023-12-13,4
00a2fd4d1f78,2023-12-13,4
9a95efc2a689,2023-12-13,4
191ea3440195,2023-12-13,4
2db9bd44b526,2023-12-13,4
9d59cee931e4,2023-12-13,4
ec457f328311,2023-12-13,4
3a845446579b,2023-12-13,4
d8885fa38f58,2024-03-28,4
ba560ca4ea32,2023-12-13,4
d6fdfea77110,2023-12-13,4
6dabe25f8d9f,2023-12-13,4
bccdf54c5e35,2023-12-13,4
e3bb18398626,2024-09-26,4
d897180012c7,2023-12-13,4
162665c6cd0f,2024-01-11,4
4bd3e741ee8b,2023-12-13,4
d26e3fbc6eab,2023-12-13,4
01e6b8e05725,2023-12-13,4
234e581eca1e,2023-12-13,4
32733e9be932,2023-12-13,4
e2bfca1ce834,2024-05-08,4
dc98a8766d95,2024-06-09,4
52aab26bb3f2,2023-12-13,4
a6c47c6539de,2023-12-13,4
08c8e0aa396c,2024-02-27,4
d20bf30688e7,2024-03-28,4
405cef53d704,2023-12-13,4
45cd78a384ca,2023-12-13,4
cb9e8b3b3636,2023-12-13,4
56711cb3b240,2023-12-13,4
73bc708d6310,2023-12-13,4
e2a7baf372f8,2023-12-13,4
8527eed4df3d,2024-03-22,4
7824013519b9,2024-03-22,4
a196086cd03c,2023-12-13,4
badb5d267d60,2023-12-13,4
c081a1b24715,2023-12-13,4
a29a0901af38,2023-12-13,4
a8f371f697cc,2023-12-13,4
f42d014dd6e1,2023-12-13,4
c8b1d6f9121f,2023-12-13,4
d8528f0fbb7a,2024-08-08,4
5e43622e76ae,2023-12-13,4
3a0ff8fd35b9,2023-12-13,4
2f23c9778b82,2023-12-13,4
b67ca79bac7e,2023-12-13,4
ac86039f1a6f,2023-12-13,4
a78a1605755b,2023-12-13,4
418d3757e0c5,2023-12-13,4
93117d2ca760,2023-12-13,4
bb9851927d25,2023-12-13,4
506a40c48496,2023-12-13,4
25f39aacf5ae,2023-12-13,4
440aea9fa147,2023-12-13,4
2a51a8123cf7,2023-12-13,4
f7e2fe13cef2,2023-12-13,4
757b871b8dbe,2023-12-13,4
1237b40e6fd0,2023-12-13,4
dad2d9867ac8,2023-12-13,4
d35f93ada059,2023-12-13,4
c02c84ba50f0,2023-12-13,4
ac903e3c89da,2023-12-13,4
78d39d5684c3,2023-12-13,4
09e78a45c7be,2023-12-13,4
441a5ddc136c,2023-12-13,4
c7387c6ec660,2023-12-13,4
b21fe81b3181,2023-12-13,4
51f52b0e2e5d,2023-12-13,4
352ff71c422b,2023-12-13,4
65ecbd4ee5c6,2023-12-13,4
7c9ad6fd5146,2023-12-13,4
f52c8a9fb12e,2023-12-13,4
f3311be9a7ad,2023-12-13,4
c98e5fb82d2a,2023-12-13,4
419803fe825b,2023-12-13,4
6cafc2bd1271,2023-12-13,4
7e5c5052f82b,2023-12-13,4
4f4f2915eed3,2023-12-13,4
058d14cc6032,2023-12-13,4
45b0d46a9045,2023-12-13,4
5af8c0692fbd,2024-08-19,4
741902719a81,2023-12-13,4
4e986226d40b,2023-12-13,4
8ff0896f83fc,2023-12-13,4
4851e1ea41fa,2023-12-13,4
f08fd5363a68,2023-12-13,4
885f2c036559,2023-12-13,4
e23f07c8b2ba,2023-12-13,4
97a4b405358d,2023-12-13,4
b9724a235e4f,2023-12-13,4
fbd671288071,2023-12-13,4
93bcab7c17bf,2023-12-13,4
d630e89a72af,2023-12-13,4
40d94301a196,2024-04-05,4
1a1433f6f18b,2023-12-13,4
ad69b26b166d,2023-12-13,4
0bc7d64b7fab,2023-12-13,4
6b59522f4cb1,2023-12-13,4
81086b0ec00e,2023-12-13,4
35df5820ab10,2023-12-13,4
704beb682999,2023-12-13,4
567d86a10520,2023-12-13,4
26de7003dc05,2024-09-26,4
1b78a586a7ff,2023-12-13,4
b3971aca8660,2024-09-26,4
8723bfee4bb6,2024-09-26,4
596f9a9a9267,2023-12-13,4
d6f3efac6825,2023-12-13,4
72f0eb724922,2023-12-13,4
8f035ef6c311,2023-12-13,4
19af4085461e,2023-12-13,4
f39743072074,2023-12-13,4
0e91b28e7045,2023-12-13,4
5633f47224cc,2023-12-13,4
5aa9bbb068d0,2023-12-13,4
be3ff7269088,2023-12-13,4
23e021a71a0f,2023-12-13,4
9821424fb474,2023-12-13,4
337497fbe475,2023-12-13,4
4c9130175f6b,2024-08-29,4
a6a4ffc83dd3,2023-12-13,4
d726009ff53f,2023-12-13,4
2f7f318b86cd,2023-12-13,4
1b680aaee45b,2024-09-09,4
a9b2034bc5b5,2023-12-13,4
e2522c8c0503,2023-12-13,4
3d86e6829ee5,2023-12-13,4
449a56d51a5c,2023-12-13,4
e8b0c5c3d475,2023-12-13,4
0cc9e31ff2d9,2024-03-26,4
ef2ba95a3ef9,2023-12-13,4
5f2e31ea2bbe,2023-12-13,4
1703c51d72cf,2023-12-13,4
bb71cd415e48,2023-12-13,4
4a6684dd99ec,2023-12-13,4
1b25f6dd7409,2023-12-13,4
7ec2657cd2e7,2023-12-13,4
042eb9c29e10,2023-12-13,4
2ff026c8a304,2024-08-25,4
38783f97aa05,2023-12-13,4
105254f63a26,2023-12-13,4
77ebcc86dab2,2023-12-13,4
6e35f789737f,2023-12-13,4
710a49e0bc4e,2023-12-13,4
971750af54e3,2023-12-13,4
d446bc35401e,2023-12-13,4
92bb9f126cf6,2023-12-13,4
e32502f7036f,2023-12-13,4
3bbd69b74aaf,2023-12-13,4
dfad1fe74002,2023-12-13,4
8ebbb694f4fd,2023-12-13,4
d27403fbb099,2023-12-13,4
7ae629b22cc0,2023-12-13,4
9518f1c4c1db,2023-12-13,4
5f5fcc143a9f,2024-03-18,4
eae8759efcac,2023-12-13,4
ce42cab5654e,2023-12-13,4
49033242eb93,2023-12-13,4
78384b5b4540,2023-12-13,4
3fdde3c86575,2023-12-13,4
7a86e6ad04f5,2023-12-13,4
afe101033c11,2024-09-03,4
880b39cd31de,2024-04-14,4
8c5f265f0fb8,2023-12-13,4
bb9cd6be6401,2023-12-13,4
d0d823d8a1b6,2024-08-07,4
3b842c3c84d7,2023-12-13,4
1f6055c86674,2023-12-13,4
73a3faa36c23,2023-12-13,4
ee50f4db7a26,2023-12-13,4
2dcb75e4b0d5,2024-07-25,4
5932cb198fbd,2024-07-25,4
b709d9e48c87,2023-12-13,4
eab440e47065,2023-12-13,4
5cc7c0bcc9fd,2023-12-13,4
dabbfc7a5398,2023-12-13,4
630cb1d623af,2024-05-15,4
338ad3c75e45,2024-05-24,4
6e778b7819d5,2024-05-15,4
c90cbd2aaa76,2024-05-15,4
8e9d4de02c1a,2024-08-15,4
83646a74184d,2024-08-15,4
ac308a9142be,2023-12-13,4
a4bb78c67c1a,2023-12-13,4
1b66559875e1,2023-12-13,4
72b515d1df03,2023-12-13,4
cc292ab8a6b0,2023-12-13,4
918615beda34,2023-12-13,4
701bdab97c52,2023-12-13,4
66a9f49d9a60,2023-12-13,4
37430e7e9b6d,2023-12-13,4
d09081ef13a2,2023-12-13,4
31cf07a5f75e,2023-12-13,4
b7d104b5edb6,2023-12-13,4
d0a331909419,2023-12-13,4
25c027cd578a,2023-12-13,4
84baac55872d,2023-12-13,4
2ed442e5d3a9,2023-12-13,4
bf213ecb51be,2023-12-13,4
b8198fb00848,2023-12-13,4
b51f231275f8,2023-12-13,4
59a94719f1b0,2023-12-13,4
308fc0e950a1,2023-12-13,4
bdf19c5b5155,2023-12-13,4
b8f0e33e0819,2023-12-13,4
303d4032e8b6,2023-12-13,4
c6a8b9d6fa2d,2023-12-13,4
37609b43aa0c,2024-05-15,4
465de923b115,2023-12-13,4
f2fd851c016e,2023-12-13,4
2f9b083f86d3,2023-12-13,4
1f5b93302326,2023-12-13,4
ba3271337fb5,2023-12-13,4
5bf9a62f3ec8,2023-12-13,4
88cdd1ea2e9f,2023-12-13,4
051ff37442a6,2024-09-12,4
0306e09d928c,2023-12-13,4
60a2dfba1e4b,2023-12-13,4
bf4ba6f27347,2023-12-13,4
cdfc8b5fb303,2023-12-13,4
8a1557a51ce1,2023-12-13,4
0ecebe594928,2024-09-02,4
ebccc860f037,2023-12-13,4
e6f7fa3039f7,2023-12-13,4
ccb3b46ae931,2023-12-13,4
9c795aea6172,2024-03-20,4
60170adc3b5d,2024-03-25,4
dd94e2bc5601,2023-12-13,4
78cba9948657,2023-12-13,4
a789575c555f,2023-12-13,4
278d9b7ff05a,2023-12-13,4
293677d959c4,2023-12-13,4
f355ae18f06c,2023-12-13,4
6261bbfede9b,2024-09-03,4
296b38a1a0ce,2023-12-13,4
110a47e1ac6f,2023-12-13,4
616549e58f6f,2023-12-13,4
43d92eb4a393,2023-12-13,4
49c3577bb08b,2024-01-31,4
931a8a90483a,2023-12-13,4
7060e9e731ee,2023-12-13,4
5e24a6b9922e,2023-12-13,4
90e9e72b4985,2023-12-13,4
31e756c280aa,2023-12-13,4
6744bcd5b596,2023-12-13,4
a4577d85d50b,2023-12-13,4
3c9eaf4966a5,2023-12-13,4
bb03eab17568,2023-12-13,4
de542bad9d8a,2023-12-13,4
89578ee831fa,2023-12-13,4
2412baae74da,2023-12-13,4
9f972f27a1a4,2023-12-13,4
35f346986cc2,2023-12-13,4
ea062c37babd,2023-12-13,4
a6c26a5deeb7,2023-12-13,4
0449cbeaf64f,2023-12-13,4
6138709790a5,2024-03-11,4
a58abda6d5b4,2023-12-13,4
29f84af8899b,2023-12-13,4
2a402d9df35d,2023-12-13,4
f787aa01904c,2023-12-13,4
6a36bad625b6,2023-12-13,4
bf3f95a89a97,2023-12-13,4
ccdcd398fd2e,2023-12-13,4
cf37d671b004,2023-12-13,4
ac2e71039d9a,2024-02-13,4
d804be762da0,2023-12-13,4
f78e9d3e7f60,2023-12-13,4
d84f9d182062,2023-12-13,4
7dec09c6f50f,2023-12-13,4
5aac65c2b5c0,2023-12-13,4
2269cada2a79,2023-12-13,4
2259e131a783,2023-12-13,4
7ceb1de7750a,2023-12-13,4
822b9c993b3b,2023-12-13,4
ff77967e2e85,2023-12-13,4
52abdcb8c903,2023-12-13,4
435ac158ee29,2023-12-13,4
5c67c95d8581,2023-12-13,4
83f80155e787,2023-12-13,4
b1efc37b829f,2024-09-09,4
e8805a3cdfd6,2024-07-23,4
362b2ecbbe37,2024-06-27,4
adba492dcc51,2023-12-13,4
f348a526fc48,2023-12-13,4
4e5af75e7197,2024-08-13,4
a4c69f849377,2023-12-13,4
02f169ca1bf5,2024-01-23,4
3cc6174447c6,2024-01-23,4
a055b8c09a20,2024-01-23,4
28443b5c53d6,2024-01-23,4
5acd62b71e82,2023-12-13,4
ca15372278fe,2023-12-13,4
70c915168a2d,2023-12-13,4
1376ef82d0e5,2023-12-13,4
77528aacdb54,2023-12-13,4
d9a0a98deb79,2023-12-13,4
f26048e91252,2023-12-13,4
dc2dfd450a6f,2023-12-13,4
3f9696c4e34f,2023-12-13,4
144a0f3bac0c,2023-12-13,4
0f39c6d9e909,2023-12-13,4
42f77f284eed,2023-12-13,4
8511a8c44107,2023-12-13,4
8cb8cb580113,2023-12-13,4
acda0f0aa547,2024-03-29,4
65711947cf0b,2023-12-13,4
fc4d63f3c53a,2023-12-13,4
ac81eba36b70,2024-09-18,4
168e26a0310d,2023-12-13,4
13be38839171,2024-02-27,4
8aa2905cea03,2024-03-22,4
e76b68e33835,2023-12-13,4
ac21eb4876c4,2023-12-13,4
89470919bd5e,2023-12-13,4
f1ba30d53940,2023-12-13,4
cf5578c84c5f,2023-12-13,4
4f185c82f351,2024-08-13,4
0df99cfa432d,2023-12-13,4
8f937aeb4df8,2023-12-13,4
ed451809f6e7,2023-12-13,4
6fb72e5f6cdf,2024-01-31,4
d268c8d814f3,2024-01-31,4
bdb13aa4491c,2024-01-31,4
622f259f5c7f,2023-12-13,4
f6eaf64bbae2,2023-12-13,4
a7a2698f8d90,2023-12-13,4
c138d1de3a7a,2023-12-13,4
14b4233d2639,2024-09-05,4
be27b937ffe8,2023-12-13,4
e89b84e389a8,2023-12-13,4
c8dd8a7220c8,2023-12-13,4
4d14ef3bbff9,2023-12-13,4
9e1acdf0024f,2023-12-13,4
1b9a4af306ed,2023-12-13,4
da7988442580,2023-12-13,4
e87d8f2511d9,2023-12-13,4
d864668a8dda,2023-12-13,4
2280ece1b0f3,2023-12-13,4
7d94abeab65c,2023-12-13,4
8687e05c1b7d,2023-12-13,4
48f21b0c5624,2023-12-13,4
1fe0ed4befd8,2023-12-13,4
3847046ed1cb,2023-12-13,4
1b662a0662df,2023-12-13,4
e90ee02a15a1,2023-12-13,4
d3431d4afd59,2023-12-13,4
827557cb9c3a,2024-07-19,4
d62d8a0a6503,2023-12-13,4
9a03d7ff3010,2023-12-13,4
6b0ebfc1d51f,2024-08-29,4
c156f13eaa60,2024-03-18,4
6ad880628d60,2023-12-13,4
649da4b36071,2023-12-13,4
6520e5116b79,2023-12-13,4
c86e015ba19c,2023-12-13,4
d55041a570ba,2023-12-13,4
3f3b6c725163,2023-12-13,4
bd4dfd0eaf0f,2024-09-02,4
cb0e6c11f9ce,2024-07-24,4
3217e8bb400f,2023-12-13,4
010c999f1acf,2023-12-13,4
82f6bb11e36a,2024-09-16,4
5c3eeb7aecab,2024-09-16,4
70c94597c71d,2024-09-16,4
1a2bbef23c1d,2024-09-16,4
0fcc57edcb9b,2024-09-16,4
32d776589444,2024-09-16,4
63c68ba5ca80,2023-12-13,4
495385f4b6bc,2024-03-14,4
c5b811e400cc,2024-03-14,4
0d8859923544,2023-12-13,4
6a049ba54866,2023-12-13,4
f78cb1bd4abb,2023-12-13,4
ab152a11c412,2023-12-13,4
c5ac7252f110,2023-12-13,4
54acf007ec70,2023-12-13,4
13f20cf6471e,2023-12-13,4
9be92bc17cc6,2023-12-13,4
2f5a824c0583,2023-12-13,4
17db969af01e,2023-12-13,4
7aee5430e38d,2023-12-13,4
8351d6626fab,2023-12-13,4
4e5a01309827,2023-12-13,4
255b1811a9e5,2023-12-13,4
467aada297e3,2023-12-13,4
092bc755c94c,2023-12-13,4
69188a107409,2023-12-13,4
e6001574ce29,2023-12-13,4
9dbda3ef49cd,2023-12-13,4
32e76800fd74,2023-12-13,4
7d9f6b401993,2023-12-13,4
dd19733625ab,2023-12-13,4
acf1ad038682,2023-12-13,4
6284a701fd4f,2023-12-13,4
1de3874f4887,2023-12-13,4
4849204b00e1,2023-12-13,4
2f4ebcbe1361,2023-12-13,4
a39bdc6317eb,2023-12-13,4
89e8c0f75bb5,2023-12-13,4
8edf3674a72f,2023-12-13,4
7f2d858415ba,2023-12-13,4
80c37b559c88,2023-12-13,4
095432f54022,2023-12-13,4
b7a57d260d83,2023-12-13,4
6402e77c9d78,2023-12-13,4
5dd7b32c1b74,2023-12-13,4
57cb5e6c2983,2023-12-13,4
46ed82474304,2023-12-13,4
e328f835c803,2024-04-10,4
78528cabbfc0,2023-12-13,4
bf116249c420,2023-12-13,4
f56f0f815337,2024-06-11,4
47c9a0f71927,2024-08-07,4
92cbf69d4531,2023-12-13,4
6efbe5a2b956,2024-03-13,4
92926709c95c,2024-03-13,4
52b833a8eeaf,2024-06-28,4
fb4c6511597e,2023-12-13,4
7ef3bb3eb2f8,2023-12-13,4
3a5b578fa513,2023-12-13,4
884f81426245,2023-12-13,4
e0b2e92acb00,2023-12-13,4
132283bcc0c5,2023-12-13,4
89754919c607,2023-12-13,4
932e57f5d15e,2023-12-13,4
7e99fdedc784,2024-06-13,4
2d8d31eb7dce,2023-12-13,4
ad04856a1777,2023-12-13,4
5d68efaa353e,2023-12-13,4
a2820d39e7b7,2023-12-13,4
899328e2a815,2023-12-13,4
0362eba4dbff,2023-12-13,4
09d4a5cf9d67,2023-12-13,4
1e999ee4bc41,2023-12-13,4
cea5aa10f240,2023-12-13,4
22641349f269,2023-12-13,4
e3300820812c,2023-12-13,4
64b9b7af9913,2024-09-03,4
1a43423056c4,2023-12-13,4
4b4ec00ac868,2023-12-13,4
6917b505f2eb,2023-12-13,4
cb6a857d11d0,2023-12-13,4
eed7aec6f4eb,2023-12-13,4
a825b30b08a6,2023-12-13,4
7713b50a2dd9,2023-12-13,4
a956fc43c8cd,2023-12-13,4
dece0a555ee5,2023-12-13,4
2264f1a90d98,2024-05-29,4
67a01259982c,2024-09-03,4
e27371827bd7,2023-12-13,4
0b31a265d43e,2023-12-13,4
667d35363326,2024-06-23,4
f5819a3a2b74,2023-12-13,4
61fa7343ef56,2024-04-20,4
6160a05b9ddd,2023-12-13,4
a4628c88f90c,2023-12-13,4
66dfd9bccc3a,2023-12-13,4
3643d01270ce,2023-12-13,4
de649107f718,2023-12-13,4
71ab8b24484a,2023-12-13,4
f10000b4a926,2023-12-13,4
c42e98bb6b47,2023-12-13,4
ef1a93ee6773,2023-12-13,4
5aabf4a5c958,2023-12-13,4
9fd7dbfc626d,2023-12-13,4
0758ed35fb76,2024-05-24,4
2445c6ba805d,2023-12-13,4
63b1b81734e0,2023-12-13,4
127b4e9dceed,2023-12-13,4
982408fce9d1,2024-09-26,4
856b6db33b39,2023-12-13,4
8e76f40dd2cc,2023-12-13,4
4db57350fddb,2023-12-13,4
b0ea19adbd90,2023-12-13,4
39d69b2a624e,2023-12-13,4
0724c80e49db,2023-12-13,4
72abdde0572f,2023-12-13,4
152bfba4ad8a,2023-12-13,4
01a9b1ad0c23,2023-12-13,4
a11e992fa1a2,2023-12-13,4
b4b638d9c86f,2023-12-13,4
fb68e2a4d2bb,2023-12-13,4
0e1d68e128f5,2023-12-13,4
124eeffd1e5e,2023-12-13,4
28accd10b692,2023-12-13,4
e09f9a9509bc,2023-12-13,4
0c9df677a6fe,2023-12-13,4
586fcc3d4086,2023-12-13,4
caf4efd33bdf,2023-12-13,4
7bdb57d111b7,2023-12-13,4
30d801c343b1,2024-04-09,4
a1f7bae225ff,2023-12-13,4
0a1f23cd4049,2023-12-13,4
cc5234a783f9,2023-12-13,4
b9c36f855227,2023-12-13,4
57c363541ec8,2023-12-13,4
1432096255b8,2023-12-13,4
2fb00dbd6313,2023-12-13,4
6bd6a2924953,2024-03-27,4
536358b416e7,2024-03-27,4
8520fd9472b0,2024-03-27,4
375c3dbd2406,2024-03-27,4
1c774f21ec76,2023-12-13,4
beca5f75be5d,2023-12-13,4
a2da057c2f32,2024-03-27,4
25cf88bde035,2023-12-13,4
c24cf7a9e809,2023-12-13,4
d34b4961f795,2023-12-13,4
498d8a640f46,2024-03-28,4
d65756d6ad54,2023-12-13,4
76c31beb9431,2023-12-13,4
ab1a1bde995f,2024-08-27,4
5e79a0a557c4,2023-12-13,4
cb067a392101,2023-12-13,4
001b302a9387,2023-12-13,4
527828bee7f1,2023-12-13,4
be21a6610261,2024-05-30,4
540649a647ae,2023-12-13,4
626291cc0578,2023-12-13,4
e5492e3e560f,2023-12-13,4
30f48a9890c9,2023-12-13,4
a67ec504f555,2023-12-13,4
56f40d3eb8cb,2023-12-13,4
717cbc7304d0,2023-12-13,4
5a3cb05762dc,2023-12-13,4
2715d77c7430,2023-12-13,4
192874de6326,2023-12-13,4
c84d20570863,2023-12-13,4
a0178f1b8034,2023-12-13,4
6088f49b86d3,2023-12-13,4
35d17046a3a2,2023-12-13,4
f602aceaf5b5,2023-12-13,4
aa9e0a151bed,2023-12-13,4
a01b345c5f9e,2023-12-13,4
571b5eedb726,2023-12-13,4
ccdce0ef16f9,2023-12-13,4
6731bc9c4d52,2023-12-13,4
a9c6c01a0472,2024-02-12,4
39af17954180,2024-02-12,4
8f0496342c70,2024-02-12,4
5bad3a28e954,2024-02-12,4
f0f46bfe5859,2024-02-12,4
e5767691918c,2023-12-13,4
2ce644e89802,2023-12-13,4
06d8891e7043,2023-12-13,4
2709ec5407ca,2024-04-11,4
1879955401c6,2023-12-13,4
3572316f3342,2023-12-13,4
7636a6cf74ac,2023-12-13,4
04de332291e2,2023-12-13,4
520087954bf2,2023-12-13,4
6073375fecdd,2023-12-13,4
ab4544e5cbfb,2023-12-13,4
745a75a9ffbc,2023-12-13,4
0297f8f65b3c,2023-12-13,4
8b232afaf9ea,2023-12-13,4
cb28bfe50d42,2023-12-13,4
23eb68910f53,2023-12-13,4
17591fe99c00,2023-12-13,4
ed6ffea1e9cb,2023-12-13,4
2754aded4a57,2023-12-13,4
b6f4b4015e56,2023-12-13,4
1185a88b9437,2023-12-13,4
6d76b779664e,2023-12-13,4
4fe360518bd2,2023-12-13,4
a62e2b03bf00,2023-12-13,4
2fd91a9fc88d,2023-12-13,4
ce793cc9ec9d,2023-12-13,4
cbb35adc5914,2023-12-13,4
d03941a74f5c,2023-12-13,4
56b00bc1f2a5,2023-12-13,4
2ff550136647,2023-12-13,4
72db6d48c5ee,2023-12-13,4
c41ef839acda,2023-12-13,4
fc072998e9cd,2023-12-13,4
71b21569271d,2023-12-13,4
66d8c84e3559,2023-12-13,4
a8e7c53c46d5,2023-12-13,4
0fc00443f763,2024-02-25,4
1a3575595d58,2023-12-13,4
e516f5320697,2023-12-13,4
260afda7fccb,2024-04-11,4
e4e089c5c61d,2023-12-13,4
55c0195a98a4,2023-12-13,4
117b9986cbe0,2023-12-13,4
4cd7d53c56f4,2023-12-13,4
615eb129ddad,2023-12-13,4
4051e9304fdc,2023-12-13,4
7eab22bba8fe,2023-12-13,4
339ca0bb0d8f,2023-12-13,4
a27c10507bc5,2024-01-24,4
933e75ae22d1,2024-07-10,4
6f1b1a8007e5,2024-07-10,4
4b318568c60b,2024-09-03,4
82ca9466a31f,2024-09-03,4
80f785b95f44,2023-12-13,4
e57f094d7a7e,2023-12-13,4
e4bebba07f34,2023-12-13,4
d3fe921cd1ec,2023-12-13,4
589a6420d2cc,2023-12-13,4
7295bd933fc0,2023-12-13,4
474b311c6d83,2023-12-13,4
3de776768a6b,2024-02-01,4
efb2f591327d,2023-12-13,4
8b16286ed46e,2023-12-13,4
cbda2004bbae,2023-12-13,4
e9ac8ac096f2,2023-12-13,4
70aa992ec5d5,2023-12-13,4
c99ae3b4cfbd,2023-12-13,4
9e2471059282,2023-12-13,4
9ef7943ccb14,2023-12-13,4
f06d4ff74a97,2023-12-13,4
06ea3437093a,2023-12-13,4
3e183bf9d1d0,2023-12-13,4
04a8ac87c582,2023-12-13,4
445a7d4b2bd2,2023-12-13,4
96d5f4f0d83b,2023-12-13,4
16bc4dc071c3,2023-12-13,4
577bf288a097,2023-12-13,4
158ead82922a,2023-12-13,4
2efe9376e139,2023-12-13,4
34ce9f8b1d81,2023-12-13,4
55c1c6600185,2023-12-13,4
487f05fd842b,2023-12-13,4
e6bdde6ebb32,2023-12-13,4
753fa15635d8,2023-12-13,4
2a9ccf0d8301,2023-12-13,4
2770501d47cb,2023-12-13,4
2725f1ee8f7c,2023-12-13,4
6de73b072f00,2023-12-13,4
bde9be57bc50,2023-12-13,4
88aaa06184ab,2023-12-13,4
0a732090805d,2023-12-13,4
6d362b38a36e,2023-12-13,4
d4fa35f95993,2023-12-13,4
1c03ec3025be,2023-12-13,4
48fe9763f4e0,2023-12-13,4
98f4b60e5463,2024-07-24,4
8db4b70e6b47,2023-12-13,4
72389c210ac4,2023-12-13,4
8cf0511f6bc1,2023-12-13,4
fa427a1f6d5a,2023-12-13,4
64717ddf3012,2023-12-13,4
0f880dd21743,2023-12-13,4
86223ecd72ad,2023-12-13,4
cf77c3fc1631,2023-12-13,4
4d1f62683b7f,2023-12-13,4
48611825ffa1,2023-12-13,4
ec5efa8dbe11,2024-01-10,4
e8e593666ce0,2023-12-13,4
d04509bc7385,2023-12-13,4
c82b08df4f42,2023-12-13,4
0991f14f2757,2023-12-13,4
778d5fb06335,2024-01-10,4
9999699e22cc,2023-12-13,4
541246a55acd,2023-12-13,4
59b00033b09c,2023-12-13,4
5f4f182029d9,2023-12-13,4
6e00840b35cb,2023-12-13,4
3a93491ce7ff,2023-12-13,4
8eb48f02419e,2023-12-13,4
61eb1e1ed365,2023-12-13,4
b54be40c080f,2023-12-13,4
6c097c06d3c5,2023-12-13,4
898784f37ee7,2023-12-13,4
03d42ffb79fe,2023-12-13,4
8e57e4bea706,2024-09-11,4
be2494c31154,2023-12-13,4
04fb09e68d5d,2023-12-13,4
c398310b39e5,2023-12-13,4
d2b837da881f,2023-12-13,4
1810d5efd732,2023-12-13,4
4de1830952b8,2023-12-13,4
0392a1b252d7,2023-12-13,4
228f6c3b003a,2023-12-13,4
b42581f4c6e2,2023-12-13,4
d5990f9de183,2023-12-13,4
4533e44da510,2023-12-13,4
3c0bd8376034,2023-12-13,4
c68a6596d94e,2023-12-13,4
ffec7b3c43a8,2023-12-13,4
824098fc3753,2023-12-13,4
98dfab42dd8c,2023-12-13,4
51d403b6f0f6,2023-12-13,4
7384fc7cb4bf,2023-12-13,4
31e39b6fd025,2023-12-13,4
0acd0f939b1b,2023-12-13,4
a2660d1c7ebc,2024-03-13,4
8d908e699588,2024-03-13,4
623b55c169b4,2023-12-13,4
832ce8e8005f,2023-12-13,4
58c16b30d3bb,2023-12-13,4
8c50f4609046,2023-12-13,4
4f2372f34223,2023-12-13,4
1a3f380b0205,2024-07-23,4
193a7a8cc22e,2024-07-23,4
d8ac8f9f4470,2024-09-23,4
7e6675a67d79,2023-12-13,4
879e5ca8d613,2023-12-13,4
96e017c253bb,2024-05-31,4
b3effb0baa57,2023-12-13,4
20d067064d00,2023-12-13,4
39595186591e,2023-12-13,4
4bc7e846e7e0,2023-12-13,4
04ce045ea3be,2023-12-13,4
5720c32f541e,2023-12-13,4
225fba3b108d,2023-12-13,4
d8c2a7492a4c,2023-12-13,4
daa0375e3342,2023-12-13,4
8d9f7a708d21,2023-12-13,4
965685261ce9,2023-12-13,4
8fc555f5e0d5,2023-12-13,4
216037146ddf,2023-12-13,4
e15dee87bdbd,2023-12-13,4
854d274bf438,2023-12-13,4
873014d1fbb7,2023-12-13,4
4427b7c8492e,2023-12-13,4
0b25a908475f,2023-12-13,4
89fe07c83157,2023-12-13,4
010731812ffe,2023-12-13,4
13bfb00957c4,2023-12-13,4
bef038e73377,2023-12-13,4
7b4a805304db,2023-12-13,4
6cd60927180a,2024-09-04,4
96b2a622d9ff,2023-12-13,4
2001f015cbca,2023-12-13,4
0d1a602fa11e,2023-12-13,4
17b48474f832,2023-12-13,4
4835e4217dde,2023-12-13,4
a7320a7fa007,2023-12-13,4
8fec5b292138,2023-12-13,4
4197a38f5dcb,2023-12-13,4
1d0ab1c3b236,2023-12-13,4
550fddf13a7d,2023-12-13,4
091f9ee2a06e,2023-12-13,4
b7004b3fc8d1,2023-12-13,4
397115d624d7,2023-12-13,4
fe5adb60259e,2024-02-08,4
171758e879c3,2024-02-08,4
761e243ad182,2023-12-13,4
5fe76094d3f5,2023-12-13,4
627049246710,2023-12-13,4
8c48fcd56bdf,2023-12-13,4
77d12d88c66e,2023-12-13,4
a4c4484ba38d,2023-12-13,4
8c854fc32850,2023-12-13,4
de38741520b6,2023-12-13,4
4b0109242d62,2023-12-13,4
0e248c4f0003,2023-12-13,4
a2b7af900a15,2024-07-25,4
bc4b0a734029,2023-12-13,4
79bc4dd7009b,2023-12-13,4
aaeb534f0eea,2023-12-13,4
d6ace9dffc8f,2023-12-13,4
ea66f2c6667b,2023-12-13,4
b510ba7b9ecb,2023-12-13,4
e4c0a00828c0,2023-12-13,4
1e0d704c725d,2023-12-13,4
42af4b1cbb2d,2023-12-13,4
12e97713f2be,2023-12-13,4
22835dff660f,2023-12-13,4
23b2c33128c7,2023-12-13,4
be3634ead058,2023-12-13,4
5db44abdaf42,2023-12-13,4
7551f377b215,2023-12-13,4
666fbbbc0204,2023-12-13,4
c88242834536,2023-12-13,4
49bf895dece9,2023-12-13,4
66e6f31aa9ba,2023-12-13,4
b29871e9bc35,2023-12-13,4
4c6d273c9191,2023-12-13,4
679781fdb737,2023-12-13,4
fb620ef6bf44,2023-12-13,4
68a293a44202,2023-12-13,4
2811c2123f03,2023-12-13,4
d67c7788a979,2023-12-13,4
3c5e2131c728,2023-12-13,4
9cfd0d8099c3,2023-12-13,4
0fc000333fdd,2023-12-13,4
7c7f7670cdc1,2023-12-13,4
447d1d540274,2023-12-13,4
d6aa7d570dbe,2023-12-13,4
490f43d6414d,2023-12-13,4
fc23ff127fc0,2023-12-13,4
85b96839453a,2023-12-13,4
2833d55d84a7,2023-12-13,4
9de1ae0053ac,2023-12-13,4
d7d6fd27dd52,2023-12-13,4
218bf4442fd2,2023-12-13,4
fabdf58b0097,2023-12-13,4
28a26947d2b4,2023-12-13,4
ee03fe95d244,2023-12-13,4
4a5b78538e95,2023-12-13,4
751a230c5806,2023-12-13,4
61127adc4aad,2024-09-09,4
5faa2783c450,2023-12-13,4
a6b6bfbc73b9,2024-04-15,4
587776f6b525,2024-09-24,4
36cbd6c1b8f4,2024-09-24,4
09b509528a05,2023-12-13,4
213e329fe1cb,2023-12-13,4
cd7f2151e4ae,2023-12-13,4
2fd8dd15caef,2023-12-13,4
efe7e9e9c125,2024-01-18,4
9689654e4165,2024-01-18,4
455dc98003dc,2023-12-13,4
761882ecfd90,2024-06-27,4
8be64671fa62,2023-12-13,4
c7510ce91db5,2023-12-13,4
ffd99b59b861,2023-12-13,4
cfa7842e0a9a,2023-12-13,4
a1b2661570aa,2023-12-13,4
40e1942e8d68,2023-12-13,4
1d9db0b02009,2023-12-13,4
ef73231093a2,2023-12-13,4
ea2178218581,2023-12-13,4
cd77744b83e1,2023-12-13,4
bcf54c2dfe82,2023-12-13,4
be95f1762553,2023-12-13,4
1650ba7b7fe4,2024-02-11,4
7dfd30939d26,2023-12-13,4
ffe6a5137dc3,2023-12-13,4
31dd192d0d0b,2023-12-13,4
c344a7874a14,2023-12-13,4
b3233b05a62a,2023-12-13,4
f0c97818113e,2023-12-13,4
de99a3a11b6f,2023-12-13,4
440a6b87ac2c,2023-12-13,4
a2c3a2086b01,2023-12-13,4
1fad7c0981e0,2023-12-13,4
4add8bd36943,2023-12-13,4
f0652291f610,2023-12-13,4
94693c24c7c8,2023-12-13,4
bd4a86b240c0,2024-01-04,4
86f7d7edca79,2024-01-04,4
dcc678e825de,2023-12-13,4
6c56e33321e6,2023-12-13,4
ddc7d471379e,2023-12-13,4
73ef9d1c927f,2024-04-24,4
3580c9cb7e13,2024-04-24,4
93d3ddd08144,2024-09-24,4
eb40e7d6f632,2024-09-24,4
eaaef6554443,2024-09-24,4
c2e8a242d440,2023-12-13,4
82069544b9f3,2023-12-13,4
991f2f94c08b,2024-07-17,4
233319273495,2023-12-13,4
bc33ac0b3012,2023-12-13,4
63eaf29e7f3d,2023-12-13,4
d07441f6ca15,2023-12-13,4
d37db3e3f2de,2023-12-13,4
57c35af4bfa9,2023-12-13,4
1c5e04b2f570,2023-12-13,4
ad0e036c30af,2024-09-13,4
e8dcef415e86,2023-12-13,4
bf7b5a134842,2023-12-13,4
f4fbeea6b9d2,2023-12-13,4
ddea7fbc133b,2024-05-14,4
654481912de3,2023-12-13,4
d295e31430a9,2023-12-13,4
796a61a73be2,2023-12-13,4
c80899d35e40,2023-12-13,4
79ff891b53b3,2023-12-13,4
6ea59b603961,2023-12-13,4
027d4f8d7ac0,2023-12-13,4
010e12e54155,2023-12-13,4
cfcb9a088510,2023-12-13,4
08b6a5c7d07f,2023-12-13,4
0886051ce2f4,2023-12-13,4
caa1dac1279d,2023-12-13,4
7460cdf36221,2023-12-13,4
5691c0a687fe,2023-12-13,4
f4af39abd49a,2023-12-13,4
ad3012eacfa0,2023-12-13,4
9c5e06c0726d,2023-12-13,4
d9510bcd0f86,2023-12-13,4
0aaf423be888,2023-12-13,4
5f39b3d64816,2023-12-13,4
4ddb19c19430,2023-12-13,4
c6fd1b441140,2024-09-05,4
216b81f5c0c1,2023-12-13,4
da840b06edf8,2023-12-13,4
1e7bf13c52e5,2023-12-13,4
fd55619b0c57,2024-09-16,4
b837820369ee,2023-12-13,4
8e89bd507c08,2023-12-13,4
6f71f9d5d10d,2023-12-13,4
ccd11300248e,2023-12-13,4
1e6329aeb704,2024-09-05,4
d151492a6d3a,2023-12-13,4
ee2f14e4be0c,2023-12-13,4
7a0b7554477a,2023-12-13,4
122585089304,2023-12-13,4
16128a8bcda1,2023-12-13,4
844ebc8a1c63,2023-12-13,4
224d92c6720b,2023-12-13,4
50d81403e8da,2024-09-04,4
59cea14bc6c8,2023-12-13,4
6e6fafdc2600,2023-12-13,4
44a182e46e49,2023-12-13,4
946da04a04cd,2023-12-13,4
826bf330bdeb,2023-12-13,4
a8b499778c6c,2023-12-13,4
f12f60b23645,2023-12-13,4
b156a8f2d795,2023-12-13,4
d71c71345958,2023-12-13,4
ec06b1e90b65,2023-12-13,4
10d5a6a782d1,2023-12-13,4
44aa328ebce7,2023-12-13,4
c2b05dd1af42,2023-12-13,4
4a7fd008f8bf,2023-12-13,4
c693ded9082a,2024-05-21,4
877952dbc72a,2023-12-13,4
537f8f8c7d2a,2023-12-13,4
541253794477,2023-12-13,4
1f8cebafb87b,2023-12-13,4
cccce94f0652,2023-12-13,4
74a1270eb166,2023-12-13,4
bd79537c60cb,2024-07-17,4
f7ed2650960d,2023-12-13,4
fe7d98ec073a,2024-03-26,4
716131f35bc7,2023-12-13,4
4aeb5cc49422,2023-12-13,4
0704878c802c,2023-12-13,4
515786cae4f9,2024-02-01,4
4d836d3eb3b5,2023-12-13,4
c647de0770b4,2023-12-13,4
e07edb848d8a,2023-12-13,4
b4f792a6490f,2023-12-13,4
ad23a7f09015,2023-12-13,4
99f577a2ed90,2023-12-13,4
72620ed80eb6,2023-12-13,4
9ee5eded00cf,2023-12-13,4
67322261c73c,2023-12-13,4
fef34068e4ac,2024-06-18,4
d59a03027436,2024-09-24,4
4cdd57e9bd16,2024-06-18,4
ce629faddd03,2024-06-18,4
a083c6381f50,2024-02-08,4
7b6b44ac82d3,2024-02-08,4
531286ab843f,2024-02-08,4
004f5402c1d9,2023-12-13,4
85e3efa0da1a,2023-12-13,4
2a3ca92e4f09,2023-12-13,4
683f97bb6daf,2024-03-21,4
e6f31fffcd3f,2023-12-13,4
08c647818940,2023-12-13,4
ff449b6efa52,2023-12-13,4
33f914d4d3d4,2023-12-13,4
53fbfb531671,2023-12-13,4
deac06c86e5e,2023-12-13,4
dbe59590b50f,2023-12-13,4
bdd4009fe629,2024-02-13,4
05d998ab7501,2023-12-13,4
722688259fd3,2023-12-13,4
1b2438a7664b,2023-12-13,4
e0753d4ab22d,2023-12-13,4
29ca68ba9504,2024-01-30,4
08c1f1ff7424,2024-02-13,4
e8f40a4825d3,2023-12-13,4
4e6256833a4d,2023-12-13,4
a744e66501b9,2023-12-13,4
a4ccec3dbd4e,2024-01-15,4
bf00a9d93d26,2024-02-01,4
ef4fcbaddf3d,2024-07-22,4
9ea023f42ddd,2024-09-01,4
04e8226fcc07,2023-12-13,4
569750c6fb35,2024-09-20,4
7fd7e9961d35,2024-08-22,4
479c3405f689,2024-03-13,4
acbc6b7923d7,2024-09-05,4
1a6785b6f6f4,2023-12-13,4
2330b789cb2a,2023-12-13,4
657a72af2548,2023-12-13,4
8b4cc0bc9b20,2023-12-13,4
8aea44f0b5b0,2023-12-13,4
b3c70c779ee9,2023-12-13,4
e2296f53502e,2023-12-13,4
781463c44616,2023-12-13,4
d1793fec3471,2023-12-13,4
67f15eadc15c,2023-12-13,4
2e888ceae0fc,2023-12-13,4
2960ea1ff6c8,2023-12-13,4
0e99d6d0b3fe,2023-12-13,4
cca35334b7fa,2023-12-13,4
b5f88f58d7d2,2023-12-13,4
77b84a84134d,2023-12-13,4
3604b49c88d9,2023-12-13,4
d6804828ee01,2023-12-13,4
7e80b3813cfb,2023-12-13,4
23917e48e6a1,2023-12-13,4
36de0f413491,2023-12-13,4
3cf59b769b53,2023-12-13,4
63c6c65ec6d2,2023-12-13,4
f6065b7f2e5c,2023-12-13,4
b41f016869d8,2023-12-13,4
282afd8930ca,2023-12-13,4
6d9d81d73a13,2024-05-21,4
3ce7dd5ca6ac,2024-03-01,4
5ec8eafeb7ce,2023-12-13,4
f11e4509597c,2023-12-13,4
5fe14c55a596,2023-12-13,4
e569fec02e53,2023-12-13,4
7b6dd7d08fbd,2024-09-04,4
200e0fe564e2,2023-12-13,4
22d4f576d27d,2023-12-13,4
be85e3b7ed78,2024-09-09,4
47f8da44055a,2023-12-13,4
2a5eb0a207ac,2023-12-13,4
b9f635dc9e7f,2023-12-13,4
186d2e760acc,2023-12-13,4
985317775ffe,2023-12-13,4
56a85ccaad0e,2023-12-13,4
889a9cd2e289,2023-12-13,4
18d554c7ae89,2023-12-13,4
441faf6052b5,2024-01-09,4
030a4c2ceaf3,2023-12-13,4
c5ed3fb28979,2023-12-13,4
da87a2062973,2023-12-13,4
2e889ce177eb,2023-12-13,4
066864356081,2023-12-13,4
efc01909a13a,2023-12-13,4
c396b2ad2b54,2023-12-13,4
43122ab4d690,2023-12-13,4
e532b58868d0,2023-12-13,4
17098065598a,2023-12-13,4
dc38b1c96fb6,2023-12-13,4
e82cd1e3aeba,2023-12-13,4
3d2390e12a75,2023-12-13,4
42e48d7fd023,2023-12-13,4
6554c47ff021,2023-12-13,4
6b7545f55390,2024-02-26,4
e532ab2bcc68,2023-12-13,4
ee5d24da97a3,2023-12-13,4
8139270b4684,2023-12-13,4
b229e2aed3f4,2023-12-13,4
82b3d58a8be4,2023-12-13,4
dd421990fa3a,2023-12-13,4
a6efd3b0a8b5,2023-12-13,4
eaf56e09b1cf,2023-12-13,4
559c8a73b808,2023-12-13,4
5c62e79a9862,2024-08-06,4
27d12fd9f94f,2023-12-13,4
8aa3bf9a8efb,2023-12-13,4
8485c7606193,2023-12-13,4
ab2d81ed3432,2023-12-13,4
5c87c163a27e,2023-12-13,4
f73bb77c0eeb,2023-12-13,4
ea4b109bd74f,2024-08-06,4
aed1ad8c7e00,2024-06-13,4
61dd27bc9e62,2024-06-13,4
676cdc9b1900,2023-12-13,4
0062dbaa1e6e,2023-12-13,4
b9da1dff9f52,2023-12-13,4
947406fcafdb,2023-12-13,4
03f91b4c71ea,2023-12-13,4
20b66e661aa1,2024-09-10,4
dcee7c877e6d,2023-12-13,4
e1fa0409d1ed,2024-04-11,4
aec9880ce210,2023-12-13,4
82bc2bebdae3,2023-12-13,4
ac98814e50c5,2023-12-13,4
8e6496706dcd,2023-12-13,4
7f4179cd7446,2023-12-13,4
e2463c021b59,2024-09-11,4
9db2478b37b2,2024-09-11,4
3d79ccc418fd,2024-06-26,4
d5397e23e237,2023-12-13,4
aa1b14929db4,2023-12-13,4
2cca0817e380,2023-12-13,4
235298cbe7fb,2023-12-13,4
30666f2b8c5a,2023-12-13,4
0b483dd9ace2,2023-12-13,4
8d189cae36fc,2023-12-13,4
e0c776c294a3,2023-12-13,4
012ef2d0d634,2024-07-24,4
c622aa9a3320,2024-08-28,4
e65acaf59afe,2024-08-28,4
ca23eef638cd,2023-12-13,4
bc83daae4cde,2023-12-13,4
1c67e46ba115,2023-12-13,4
97605c9f6e5b,2023-12-13,4
1400e76bd2fb,2024-08-06,4
3446f2d7d55a,2024-08-06,4
b43e583d6534,2024-08-06,4
33d93daae37c,2023-12-13,4
4f7f6f67dd79,2023-12-13,4
ef8633549c3d,2023-12-13,4
9d7c0b5559e4,2023-12-13,4
65d6e5eef6cf,2023-12-13,4
0dfc7133cc04,2023-12-13,4
0da8d526490d,2023-12-13,4
5fa24ccc0043,2023-12-13,4
46a4484895c5,2023-12-13,4
c7c753549dfe,2024-09-11,4
fea96fd3996f,2023-12-13,4
18bdb769bc2e,2024-05-29,4
9d3203523cc7,2024-05-29,4
eba9a5fc2bd2,2024-09-12,4
45910cf1e3ed,2024-02-26,4
e61f8b031708,2024-07-21,4
6162385264d0,2023-12-13,4
ab51a7d1971a,2023-12-13,4
670a256dc16a,2023-12-13,4
36467c6f408a,2023-12-13,4
bf4dfa2336fa,2023-12-13,4
4f2398686b46,2023-12-13,4
fa0c79e36486,2023-12-13,4
21a870255fc5,2023-12-13,4
f0aa7fb33c84,2023-12-13,4
515546513dcf,2023-12-13,4
47b77b9793e0,2023-12-13,4
0ffa3df7548c,2023-12-13,4
48553334352f,2023-12-13,4
52085ad69c85,2023-12-13,4
118398273aa8,2023-12-13,4
34af0ef77df6,2023-12-13,4
8afa4d95a8ef,2023-12-13,4
3541ee2378a3,2023-12-13,4
d71e1bb31807,2023-12-13,4
71cbd3f9e9a9,2023-12-26,4
5725137435be,2023-12-26,4
96695eb614c7,2023-12-13,4
4af7e8c6fb7d,2023-12-13,4
d8838026294a,2023-12-26,4
63b78e8f29f3,2023-12-26,4
e1f07ea905f6,2024-01-15,4
b688beb1a1cb,2023-12-13,4
0de5b73cde40,2024-04-24,4
84baa91b66fa,2023-12-13,4
5fb25a2ed717,2023-12-13,4
23de75fb9090,2023-12-13,4
e8252ae2284a,2023-12-13,4
7c824fd38ec1,2023-12-13,4
0e0b8598963f,2023-12-13,4
04e1acdb272b,2023-12-13,4
a0a99549e7de,2023-12-13,4
76f99376ccf6,2023-12-26,4
77f09d82f5a5,2023-12-13,4
09aabf3f4a69,2023-12-13,4
9835e1483598,2023-12-13,4
0d4db96f9f63,2023-12-13,4
65ada3034957,2024-05-24,4
725cb9a98968,2023-12-28,4
1260f89d74e4,2023-12-13,4
ce3e43bed004,2023-12-13,4
7ad150ce2773,2024-08-05,4
8a8f896fedd4,2023-12-13,4
37de09c0ed30,2023-12-13,4
577bff687af7,2023-12-13,4
4517cdeded34,2023-12-27,4
5d39f7cfef0d,2023-12-13,4
88b51c7fafa0,2023-12-13,4
26fbb8192ebb,2023-12-13,4
99d799f96069,2023-12-13,4
9d12851f6153,2023-12-13,4
aab3ef8fa84e,2023-12-13,4
86dc73e65c13,2023-12-13,4
78042b06c675,2023-12-13,4
fc7b0b7343f6,2023-12-13,4
d3433dced3d9,2023-12-13,4
526437234455,2023-12-13,4
8a294072cd77,2023-12-13,4
a6e5a35742cf,2023-12-13,4
1f630310e27a,2023-12-13,4
7001c868247d,2024-04-11,4
5e827f947cec,2024-04-12,4
ce476c2ccfe5,2024-06-26,4
5963bc886749,2024-06-26,4
64e415256501,2024-05-14,4
0e2558214770,2024-05-14,4
52c96efbb7ba,2024-01-15,4
1b5040fb36db,2024-01-15,4
4ed6dfeedf75,2024-01-15,4
14dc207f7337,2024-01-15,4
fa4c5f3e03c8,2024-01-15,4
183406b0d299,2024-02-08,4
58be768cbede,2023-12-13,4
4b188afdc7a4,2023-12-13,4
da41b1eb9618,2023-12-13,4
2260fd693047,2023-12-13,4
d93deda68416,2023-12-13,4
5c15a8ff1d5a,2024-03-07,4
82fe4491f665,2024-03-07,4
65b961cd0c04,2023-12-13,4
393fe092764e,2023-12-13,4
a5a506c33825,2023-12-13,4
89cebe0b8c5b,2024-01-29,4
72d35a887a20,2024-08-27,4
4d763d03b812,2023-12-27,4
187885f2682b,2023-12-27,4
5569c35c3917,2023-12-27,4
6017f065e3c8,2023-12-27,4
342cef176ca7,2023-12-27,4
8c25d4cd72cc,2023-12-13,4
a573fd37603e,2023-12-13,4
abb2184b51a6,2023-12-13,4
54ed85db31b1,2023-12-13,4
1107bf838fec,2023-12-13,4
fb5dad018d46,2023-12-13,4
af3866128650,2024-07-17,4
ec847ef0bb6b,2023-12-13,4
1abe58e7ea38,2024-09-12,4
5a800300bd90,2023-12-13,4
7e521468b65c,2023-12-13,4
1c7309b65e82,2023-12-13,4
ac212513ae03,2024-01-26,4
9a12edeb07d7,2024-05-13,4
a68110d6a75b,2024-02-21,4
f0e3e3fcdb30,2023-12-13,4
52f3ee4c62db,2023-12-13,4
7093e06a2171,2023-12-13,4
e8ed3bf92eee,2024-07-24,4
26496a2c1704,2024-07-24,4
efb1a91bbb35,2023-12-13,4
f5bfb2d9cfc1,2023-12-13,4
f97d5773afa4,2023-12-13,4
0c5aefeeb5f7,2023-12-13,4
63dfabbe9c15,2024-09-03,4
98ee04c8bc88,2023-12-13,4
906a5403b50a,2023-12-13,4
2c6bbfcbe475,2023-12-13,4
0f783a465d9f,2023-12-13,4
70d4d1a41573,2023-12-13,4
5321efa07ac0,2023-12-13,4
3c7c3aedf7c6,2023-12-13,4
809a59e2627f,2024-09-24,4
63f6001c15ee,2023-12-13,4
86c637355cb2,2023-12-13,4
5d4920f5b1a0,2023-12-13,4
fa81a6397b60,2023-12-13,4
604dac81499b,2024-07-08,4
fb7c291fae63,2023-12-13,4
175e08408dbb,2023-12-13,4
cc4fe24321a6,2023-12-13,4
9242d9a11e3f,2024-06-26,4
a6bc4bdd55a3,2023-12-13,4
34972a20f867,2024-09-12,4
e6b88e3ad07c,2024-04-04,4
5ab4abb40943,2023-12-13,4
cb26f06e7b72,2023-12-13,4
ab72b0e92cc5,2023-12-13,4
01f71119db72,2023-12-13,4
c7c15895b5ca,2023-12-13,4
32d37eb91fd6,2023-12-13,4
0543c94a5e26,2024-09-16,4
c99bd3941ba0,2023-12-13,4
7d03c6d93c3d,2024-03-05,4
3405b4b45bed,2024-03-05,4
438af0b02b72,2023-12-13,4
c900dd9f6b6d,2023-12-13,4
d3cf5877a55b,2023-12-13,4
a5b0e1724f21,2023-12-13,4
1b4b08b0db60,2023-12-13,4
39e8ba9802af,2023-12-13,4
fd778846c94a,2023-12-13,4
c3be7cf2d14e,2024-08-16,4
851410d2704b,2024-03-12,4
ecc762bd7a4f,2024-03-13,4
c2b0d35c83c4,2023-12-13,4
d3093a850b96,2024-01-23,4
209f6aca3737,2024-08-23,4
a8584a2f4299,2024-07-08,4
1e7270cc7d3f,2023-12-13,4
d893ed486e7b,2024-07-08,4
c126d80edeb7,2024-02-02,4
ea03f4dc3fb7,2023-12-26,4
c81e6900576f,2023-12-26,4
6445e078b375,2023-12-13,4
3de9be22790f,2023-12-13,4
29e78411b0b0,2023-12-13,4
2c61936074db,2023-12-13,4
c5ac96aa5cbf,2024-08-16,4
d1ce7d255075,2024-01-25,4
32a43166b1db,2024-08-18,4
78c623580009,2024-01-09,4
bd50ad7c8d46,2024-01-09,4
d3bbad8f2aca,2024-01-09,4
db3de263811c,2023-12-13,4
03ef5c04552d,2023-12-13,4
fd9c69e6e8f3,2024-02-13,4
4774d4d37278,2023-12-27,4
61a269da7857,2023-12-27,4
15409d398779,2023-12-13,4
847329f055ae,2023-12-13,4
ae2e0ebf1390,2024-02-26,4
ba69d59dab45,2024-02-26,4
08aa6767d4bb,2023-12-13,4
e84ea86e3b05,2024-01-11,4
dae29fdb8177,2023-12-13,4
8c17a2b26d8c,2024-01-11,4
f86bfb6b39fd,2023-12-13,4
df47e9d66d15,2023-12-13,4
02e79cd6a484,2023-12-13,4
1d79f367c4c5,2023-12-27,4
ef40f54dfdbb,2023-12-27,4
827472ee708c,2023-12-27,4
a56f6b81ba5e,2023-12-27,4
47f28493635a,2023-12-27,4
f63ff847298f,2023-12-27,4
24233bb47470,2024-02-01,4
f3d5957a0683,2024-02-06,4
45a8ebd75525,2023-12-27,4
70b64a2f60f0,2023-12-27,4
bd677a56a4f2,2024-09-24,4
721b5fc17667,2024-09-05,4
50bf3eb1edb2,2024-01-24,4
dcf92c6da826,2024-01-25,4
ba89b330cbad,2024-04-01,4
d8166c6ca64e,2023-12-26,4
769507f6f391,2023-12-26,4
52922f38b251,2023-12-26,4
3d8abde91f52,2023-12-26,4
f80467c42a76,2023-12-26,4
661390bf0170,2023-12-26,4
75246a8d52b4,2023-12-26,4
b5bbdcefa506,2023-12-26,4
db29cf5bcaca,2023-12-26,4
1c4036eabbd0,2023-12-26,4
351f87732d16,2023-12-26,4
9dcbb817e3e6,2023-12-26,4
1c877315e107,2024-01-14,4
8cbbc4622d4b,2024-01-14,4
a98e214c27be,2024-01-14,4
8db495174cfc,2024-01-15,4
9c365d7d9ed9,2023-12-29,4
3fd74e87ae58,2023-12-29,4
a65711d382fd,2024-01-28,4
133c987636e4,2024-01-28,4
9a200ca4d8fe,2024-07-25,4
fac9d3b02509,2023-12-26,4
9d3831a32699,2024-08-13,4
4c67f4ff8cb7,2024-08-13,4
027a847a5c97,2023-12-13,4
947358a84027,2023-12-26,4
ed57da741022,2024-01-15,4
84eeaad483f0,2023-12-26,4
1a6673c70dba,2023-12-29,4
4fba567b7a6d,2024-01-11,4
8555f5d8267d,2024-08-09,4
418692abc7df,2023-12-13,4
ce9649d114b1,2024-08-01,4
bc68c9aacce0,2024-09-09,4
dea7011bb43a,2024-03-06,4
d91e6f2a0e5c,2024-06-04,4
223909e6184d,2024-06-04,4
9b5e79ebd130,2024-06-04,4
1bf3a2658771,2024-02-12,4
e9c6cb1b5c54,2023-12-27,4
404d1744daab,2024-02-13,4
14ac225dc9f2,2024-02-14,4
df170909bb82,2024-01-24,4
e57a3469febd,2023-12-29,4
c06ca63a3a3d,2024-01-21,4
002555e3c4fa,2024-01-10,4
ef03c3ae4cb1,2024-01-10,4
24d7a42d4323,2024-08-05,4
82d2d7c67282,2024-01-22,4
2d97d984b0e5,2024-04-07,4
ca5657d10659,2024-01-16,4
b7eae31be79f,2024-01-11,4
f0219de08a03,2024-01-11,4
0ed759ab067d,2024-07-17,4
b6f6fcf36c66,2024-01-09,4
1bbc3092dc7f,2024-01-10,4
3cc09e4dff6a,2024-01-10,4
60065c837c56,2024-01-10,4
f5dd5397304d,2024-01-10,4
bc931ca8d788,2024-01-26,4
0aae57d47782,2024-01-26,4
9c1fe7a12efa,2024-01-15,4
6b88f2f5b5ba,2024-01-15,4
11d054607db6,2024-01-15,4
1e1d6a17017c,2024-01-09,4
1176da3b0b06,2024-01-09,4
d4bcb8d6cc1f,2024-01-09,4
f7bad2cb8b02,2024-01-09,4
750c82027f13,2024-01-09,4
6411b4dea374,2024-01-09,4
4155d86f0d0f,2024-01-09,4
d36f145a9638,2024-01-09,4
827d23688dbd,2024-01-09,4
994c8e39533b,2024-01-09,4
8f4107c5f18c,2024-01-12,4
76ec38272f43,2024-02-25,4
a6958f980640,2024-02-15,4
cb1e5cf28320,2024-01-23,4
fe137a69f38f,2024-02-06,4
f92463369375,2024-01-19,4
82eb22786dc3,2024-01-19,4
a68c6af8f4a0,2024-01-19,4
45476ac2bc25,2024-09-05,4
3f72d0c3c5db,2024-01-19,4
27152da956d4,2024-01-19,4
a17ccd3d863d,2024-01-25,4
92a1e6070b9d,2024-01-15,4
721828427ecc,2024-01-15,4
8b3c1e5a8177,2024-01-15,4
c1c45efbd5b1,2024-04-22,4
09a73dd409b7,2024-01-21,4
9e39c9b5b0a6,2024-06-18,4
a7382388cb88,2024-09-17,4
536da7fdf0fa,2024-06-14,4
e0ceeca9c9cc,2024-01-18,4
48db5a3fb767,2024-01-22,4
b5875a93380c,2024-01-22,4
dc89a3652965,2024-08-06,4
8a033ccf55a6,2024-09-24,4
e8ce527bc8ad,2024-01-23,4
d90498542de4,2024-01-23,4
16c7734140be,2024-01-23,4
c8d74a044a21,2024-01-23,4
87bcba341246,2024-01-23,4
f38eb9a24235,2024-01-23,4
367ade44c168,2024-01-23,4
e8dd7e5173ac,2024-01-23,4
af4a7cdfc6aa,2024-01-23,4
0ea52050198d,2024-01-23,4
c22182ff43cf,2024-01-23,4
73b2a5becfa4,2024-01-23,4
15ae2e00c827,2024-01-23,4
e4123caec23d,2024-01-23,4
68e43906bad7,2024-05-28,4
041dccfd281e,2024-04-09,4
f1a7368d628b,2024-03-07,4
15771332ab8e,2024-03-07,4
eec28cafde61,2024-02-06,4
785ad43d8fd6,2024-01-19,4
523d99a2f3b4,2024-04-02,4
4e3ced6f94be,2024-04-02,4
fd5cd37dcfb9,2024-08-23,4
c8d25addc2fa,2024-01-21,4
73e10b52843d,2024-08-27,4
b433bee2ecb3,2024-08-27,4
5b5dccf18475,2024-02-20,4
df67ce95f8f2,2024-01-24,4
f1fcfc4f9d16,2024-01-22,4
58919eb3e6d0,2024-01-22,4
7474669fc455,2024-01-22,4
09596b9b9eaf,2024-01-25,4
22e35ca622d9,2024-01-25,4
095ec7747f2e,2024-02-06,4
74585652f729,2024-02-06,4
bb6945a957a8,2024-02-06,4
5801cf9196f9,2024-01-24,4
978f4d606166,2024-09-06,4
79663982bdb9,2024-02-07,4
cd95bd78b47d,2024-01-24,4
a755fc06d8c7,2024-01-25,4
be665d1dd802,2024-03-19,4
18f12d5a0431,2024-03-19,4
26e1d9664449,2024-03-19,4
bf213ae01f25,2024-02-27,4
d40ee4879221,2024-09-03,4
f67395fd2cce,2024-09-06,4
6340022b7d64,2024-09-03,4
9c5d2aa5db44,2024-01-25,4
24554154784b,2024-02-12,4
10a620ce0408,2024-02-12,4
5f89c86339b8,2024-02-12,4
1098277dcb4d,2024-02-02,4
3ac1782a2424,2024-01-24,4
667ba20b2bd2,2024-07-24,4
2f7526352720,2024-02-12,4
b81205988c45,2024-04-23,4
fae31938026b,2024-02-26,4
fc50e33791be,2024-01-27,4
e2410ae45f38,2024-02-29,4
3c2748f9252e,2024-02-13,4
ccc1d739eb10,2024-02-12,4
7e3c52dcba03,2024-02-05,4
a221aa4c06c9,2024-02-05,4
0010323c7e62,2024-07-24,4
bf7100fba312,2024-01-29,4
6da112d7e744,2024-02-05,4
8003b2addfd4,2024-02-04,4
5eec8c9bb94f,2024-02-04,4
cfab49c60729,2024-02-04,4
ac675af6b6e1,2024-02-04,4
6640f2eacac3,2024-05-21,4
e25e042506d7,2024-01-25,4
0e7d16d0a0d7,2024-07-10,4
9dffe738cd68,2024-02-13,4
bd03b5aa50fd,2024-01-29,4
26c556d0322a,2024-01-29,4
b648855a46f6,2024-09-24,4
4252b5d0c2e7,2024-02-12,4
ef0196f6042a,2024-07-01,4
bc3fe95dc02e,2024-02-01,4
47deb9b397b1,2024-09-19,4
ca799db64829,2024-09-19,4
232219e702b0,2024-02-05,4
f35fc0b9cc0c,2024-02-05,4
c3a9157924a3,2024-02-05,4
5555a46c22a2,2024-02-11,4
d90a13ffb733,2024-02-19,4
df025dcbe52a,2024-03-19,4
9eced0c971b2,2024-02-04,4
eec6e181cc09,2024-02-04,4
806e5e209454,2024-02-18,4
caa28a339a24,2024-02-07,4
c1b92df9153a,2024-02-07,4
f41a05082de3,2024-03-11,4
416a0b6381a5,2024-03-11,4
51d3225799a3,2024-02-21,4
d21283f6a6c1,2024-02-07,4
66c21a2d5898,2024-07-09,4
17bb02038daa,2024-02-11,4
032933f01a82,2024-02-01,4
c8a94067eaa4,2024-02-01,4
da7fb24a6f8a,2024-02-01,4
ef5c981fab19,2024-07-24,4
3ceeef6f2842,2024-03-26,4
26b9464afe2d,2024-02-01,4
5a6e5ae14cf5,2024-01-31,4
29aa33048f37,2024-01-31,4
466a82f83d4f,2024-01-31,4
fe8f7a42b8cc,2024-01-31,4
144c32881579,2024-01-31,4
b16dad791f8a,2024-01-31,4
d7d9fdfd2fda,2024-01-31,4
4f0855b6885c,2024-01-31,4
156cec10481c,2024-01-31,4
a5a6e10b7914,2024-01-31,4
36bbb0d9c276,2024-01-31,4
ca3f345f9c3f,2024-01-31,4
a7e2f94f1b8f,2024-01-31,4
7f4b152d9cda,2024-01-31,4
c21748bce07d,2024-01-31,4
ced5cfb8d6d1,2024-02-02,4
494aa02036ed,2024-02-13,4
ffb8e8f147da,2024-04-22,4
f8fb4ff1adc1,2024-04-22,4
dc1cb8d12843,2024-02-01,4
03dd8fc0b40b,2024-02-01,4
1893848684a5,2024-02-13,4
5fd99df9c1c9,2024-02-13,4
fc3697939a8a,2024-04-22,4
28d089a2f0d5,2024-06-03,4
13481c339d5b,2024-02-20,4
24d5f5d65139,2024-03-05,4
ad467dce6d85,2024-03-05,4
eac8882f70ce,2024-03-05,4
412cfa3d99af,2024-03-05,4
1cc0475984b1,2024-02-20,4
01688308168b,2024-02-20,4
1997a4e223fe,2024-02-14,4
70f8568a1ea5,2024-02-12,4
39bfd57bb89d,2024-08-21,4
991e9586aceb,2024-02-13,4
ac814c38fdfb,2024-02-13,4
9e731e8592c5,2024-02-22,4
b0a2fa90eeb6,2024-03-11,4
0e9d91807cad,2024-03-11,4
b5dae565dbf0,2024-04-24,4
cf98adca7fb1,2024-03-07,4
d20a6f6dd0ab,2024-02-07,4
a6a184d53e1e,2024-02-07,4
d4b26b234146,2024-02-07,4
c27174919fd4,2024-02-07,4
b788883dde29,2024-02-07,4
b88c2fc04831,2024-02-07,4
4ea30e75c907,2024-02-07,4
31458e256bef,2024-02-07,4
d86e69a26f0c,2024-02-07,4
ec7ed48d7955,2024-02-07,4
dc76444479b2,2024-02-07,4
9f52b8b9e070,2024-02-07,4
5e4b5e33644d,2024-02-07,4
12612cf7d8ad,2024-02-07,4
e5c4c6fed80b,2024-02-07,4
5e3f3d7f3362,2024-02-07,4
3888c9547e70,2024-02-08,4
0973df3ff57f,2023-12-13,4
289245549e37,2024-02-08,4
e19fcdec0c78,2024-02-08,4
3ed7587fa182,2024-02-08,4
91fef6e52062,2024-02-08,4
f3a9fe74f871,2024-02-08,4
05f24f2f76ad,2024-02-08,4
def8019e13e8,2024-02-08,4
a49d9469520f,2024-02-08,4
2df3255a44c6,2024-02-08,4
a58401c8a166,2024-02-08,4
796ca2779c9d,2024-02-08,4
bc2da40426a4,2024-02-08,4
62db25d3132f,2024-02-08,4
c0fd969b2abd,2024-02-08,4
51c1c39d0426,2024-02-08,4
382f81e024ea,2024-02-08,4
9d46f26091fe,2024-02-08,4
6b009865c3e9,2024-02-08,4
e0f5ffc03c77,2024-02-08,4
a23256237747,2024-02-08,4
42083fc398df,2024-02-08,4
ac3655bb924d,2024-02-08,4
a8bd1b931cb9,2024-02-08,4
1b1c5ae2bdf0,2024-02-08,4
a9a9520a33bc,2024-02-08,4
07c9b72420b5,2024-02-08,4
4e9467cdaaf6,2024-02-08,4
99f45abbad2e,2024-02-08,4
6bf9f107cedf,2024-02-08,4
ca99a610fed2,2024-02-08,4
91b95a0c74b6,2024-02-08,4
f7a45a4b499c,2024-02-08,4
b1a3794fa74c,2024-02-08,4
bc54b12e0d56,2024-02-08,4
85febbe54cf2,2024-02-08,4
01bf10ca0c31,2024-02-08,4
e006171c6b8b,2024-02-08,4
60856275035d,2024-02-08,4
0619a05c6ed0,2024-02-08,4
9a3842420040,2024-02-08,4
a941f4e2585d,2024-02-08,4
b17db722c61e,2024-02-08,4
a1af0bc892cd,2024-02-08,4
105bb1001e95,2024-02-08,4
c716fb18fda4,2024-02-08,4
f114efbaad35,2024-02-08,4
25ee71e06b7d,2024-02-08,4
756823657776,2024-02-08,4
ee0f1e42902d,2024-02-08,4
ef7acc679d76,2024-02-08,4
3300a9ccbfbe,2024-02-08,4
921dcffa7f83,2024-02-08,4
356af1deaa81,2024-02-08,4
476bf2177fda,2024-02-08,4
36d2cb661c31,2024-02-08,4
2c84f530c85b,2024-02-08,4
87f3b45940dc,2024-02-08,4
e1a9eb4adb93,2024-02-08,4
d6de21f7087f,2024-03-19,4
d61cd6d58921,2024-02-14,4
34949b6268ae,2024-02-08,4
f44cd0160b15,2024-02-08,4
c625425e65dc,2024-04-23,4
fe88141754e8,2024-04-09,4
2904920b98e6,2024-02-27,4
702bf8fa7950,2024-02-26,4
51eb7fea0c02,2024-03-03,4
4824b0bc09f9,2024-09-18,4
bff1c9dd0d84,2024-03-04,4
950248b4c7af,2024-02-27,4
b9388151d490,2024-05-13,4
e63997cce7f9,2024-03-19,4
1d50b1f60947,2024-06-10,4
eacb50096ddb,2024-02-13,4
6788e52abe5d,2024-02-19,4
42d490607f0f,2024-02-26,4
a023e43685b7,2024-02-26,4
bf84191cd072,2024-02-26,4
89025811689c,2024-09-02,4
9c18b90300ee,2024-02-20,4
51b698b89c7b,2024-02-20,4
2008ef956b62,2024-09-12,4
ef64120702ce,2024-03-26,4
70e9f5980bf6,2024-02-19,4
eacf532160a2,2024-04-23,4
e6efdc280334,2024-02-13,4
14231a4458d8,2024-04-20,4
2d2b5b790caa,2024-04-20,4
9748ba26e455,2024-04-20,4
0c28c21df854,2024-04-04,4
446a433d646a,2024-03-21,4
33826fab999f,2024-02-28,4
48b68da34591,2024-02-22,4
1e36949bd039,2024-04-01,4
37632b90d820,2024-02-19,4
adb82f22f325,2024-03-03,4
6a5b17a2fd57,2024-05-13,4
3460f346e8d6,2024-02-27,4
badd34eb7017,2024-03-13,4
e252cbb253c2,2024-02-20,4
48e30c101215,2024-02-20,4
a8f33be207a8,2024-02-20,4
d8a7e8db8ccd,2024-02-15,4
4ba24735ced3,2024-02-15,4
82b2be61a8f2,2024-02-15,4
c9b3f875fd37,2024-02-15,4
5d84823cd6f8,2024-02-15,4
a9c980fb8421,2024-02-15,4
1ec0139f1c87,2024-04-09,4
d66d0df5dae9,2024-02-26,4
46c15ada97d4,2024-02-26,4
b8532601bcca,2024-03-20,4
207ce3443501,2024-02-26,4
90644100303a,2024-02-26,4
d1843e17e495,2024-02-26,4
0f2a0921f307,2024-02-26,4
81ec5bf78aaa,2024-02-26,4
7eb11b0c37a0,2024-02-26,4
9d55a7d37972,2024-02-26,4
1842f51e068f,2024-02-27,4
4b0752a23026,2024-02-29,4
c55f4c7e9264,2024-02-29,4
98250cd64709,2024-02-29,4
cb8220854261,2024-02-29,4
64c1232b5455,2023-12-13,4
1e7fb76a67ab,2024-02-29,4
01f6eaea616b,2024-08-06,4
e4506b517bc9,2024-02-15,4
5e6f6e486f63,2024-02-28,4
c2a85c99f9c9,2024-02-22,4
be8d532e1454,2024-02-16,4
14c95ac0c502,2024-02-16,4
44d205934132,2024-02-25,4
be3117942d4b,2024-02-22,4
ab2a6060d5b9,2024-02-22,4
8a0ffbba3ea6,2024-02-29,4
8515f375f5db,2024-02-29,4
e270536c878a,2024-03-06,4
87dfa0f11195,2024-03-06,4
6fb35250b053,2024-03-06,4
86a43d7421b4,2024-02-22,4
4a16081b5891,2024-02-26,4
d441a51894d3,2024-02-21,4
881550c9fc9a,2024-03-04,4
30488c29e679,2024-02-27,4
e82614d1cc33,2024-02-20,4
a143ea3d5e95,2024-03-13,4
a4b6b5f4058e,2024-03-13,4
4d59f849cdd5,2024-03-13,4
b4f43c361b93,2023-12-13,4
f052f1f9da7c,2024-03-13,4
6f014ebc6b4d,2024-03-13,4
ac5128b244ba,2024-03-13,4
bddf272c4c5a,2024-03-13,4
8e345e0b8976,2024-03-13,4
90c5dc8d4204,2024-02-27,4
397c810d580f,2024-02-27,4
11000d93e03c,2024-02-29,4
9e7fdc2857c9,2024-02-29,4
e803fb1b0311,2024-02-29,4
4afdce458b1c,2024-02-29,4
c3fd984910bb,2024-02-25,4
769e0d740b53,2024-02-25,4
7fb21b1aa40a,2024-03-25,4
c20f0d5de1a7,2024-04-08,4
40d3fbfb5826,2024-03-20,4
4c1ffb72f9d3,2024-04-21,4
1042afc426b4,2024-03-03,4
0c3491aa3422,2024-03-03,4
3fcec291e441,2024-02-22,4
bae6efdc0742,2024-03-11,4
6418f881895e,2024-04-16,4
84cd20000db8,2024-03-11,4
8e8667be0d77,2024-03-11,4
fe3e5c5e5ba0,2024-02-29,4
3b7b8cce9f2b,2024-02-26,4
8ab8f084ae33,2024-08-05,4
bd1843210498,2024-03-04,4
0d2a9b694643,2024-03-11,4
75b783bd8c36,2024-03-11,4
23a74fd329cf,2024-04-08,4
0c65f0ad08bb,2024-04-08,4
a69b1232c088,2024-04-08,4
64e2eb9f8680,2024-02-25,4
189cc66ceb06,2024-03-04,4
04ba0947632e,2024-02-28,4
ce1da0a4f9dd,2024-03-04,4
dba4a849c797,2024-03-04,4
4e057ea2d689,2024-03-04,4
cc54adf6d05a,2024-03-05,4
0f9f024c6351,2024-03-18,4
339baf9ef75b,2024-03-18,4
0ae0a1448a94,2024-03-03,4
14c1c5af2539,2024-03-13,4
8260357aeba2,2024-08-29,4
3dd011ff1900,2024-03-13,4
85edd20d97a2,2024-03-13,4
a42701a4b30a,2024-03-13,4
1472e1a16ea4,2024-02-27,4
ae79ce729d15,2024-06-25,4
2fdd028b66b4,2024-04-23,4
1b57d0308369,2024-02-29,4
30bcbb1fb7be,2024-02-29,4
926ab4a1b016,2024-02-29,4
0e6f8c6c147d,2024-03-07,4
abcbae87c3d9,2024-03-11,4
412e64a6edbf,2024-03-07,4
97dab4670896,2024-03-07,4
05441c6fadf5,2024-08-19,4
f6a86c1b9ea6,2024-08-19,4
8522634ce31d,2024-04-04,4
355ac19533c2,2024-02-28,4
1c7a5d18553a,2024-02-28,4
cf1636849dbc,2024-02-28,4
4ac059926829,2024-03-04,4
0c9b63327534,2024-04-09,4
582abf566bfa,2024-04-09,4
7c955040f58d,2024-04-09,4
33e77fed01f6,2024-04-09,4
79154c076165,2024-04-09,4
6d19f3da5c4f,2024-03-05,4
86fe10946971,2024-03-05,4
235a0ab8b793,2024-03-04,4
5920e7f5fc92,2024-03-04,4
e866bad08b17,2024-07-15,4
1be5d2025c7d,2024-07-02,4
23a2f909cfc5,2024-04-09,4
7d674eb2d76c,2024-04-11,4
b4f4565c9f55,2024-03-26,4
f954212c5fec,2024-04-07,4
6ba4201677ed,2024-08-14,4
49cb4f7c2089,2024-05-21,4
deb01b4fd382,2024-03-25,4
86f14b0bf67e,2024-03-25,4
9cb07dfdbed8,2024-03-27,4
19b61577c4ad,2024-03-26,4
8107b5900f2c,2024-03-11,4
71ff57d3c336,2024-03-12,4
b01fb50ffe08,2024-03-12,4
3f1293d96c41,2024-09-11,4
01ee8ce4e3c3,2024-03-15,4
cfdd11a7c84f,2024-03-15,4
99ed7fe5f356,2024-03-10,4
440a88d259a4,2024-03-10,4
147e42316175,2024-03-10,4
043555498780,2024-03-10,4
75efe906676d,2024-04-09,4
2a4355eded20,2024-04-09,4
129dd217860b,2024-04-09,4
8c1929241f98,2024-03-11,4
427ec42880e1,2024-03-24,4
45147bcacc53,2024-03-07,4
e8810ccddb38,2024-03-24,4
8022e019e91c,2024-07-29,4
d0e0aa485ae1,2024-03-26,4
f097d032910d,2024-03-12,4
36300a0fa228,2024-08-13,4
09f274e655df,2024-03-12,4
2b0aff707618,2024-09-04,4
7c43a1448819,2024-03-14,4
6845c7976760,2024-03-11,4
a170fdece0a6,2024-03-11,4
fa32f52faa93,2024-07-16,4
61a064e1ce7a,2024-03-11,4
1e716b1a6572,2024-03-11,4
4e0fcee55750,2024-03-11,4
60cce8e7b6ba,2024-03-20,4
c4b42719cdb5,2024-03-20,4
d1dcaf67812f,2024-03-20,4
10c40598bfa5,2024-03-20,4
96f8f8d05928,2024-03-20,4
79de952930da,2024-03-11,4
9ce23d43b59d,2024-03-11,4
c5d1f634dca4,2024-04-01,4
57fa3742695d,2024-09-26,4
3d05e474e473,2024-03-20,4
1e2c2b075780,2024-03-20,4
03a9ed0275b7,2024-03-13,4
727cb50d06df,2024-03-26,4
be1f08723403,2024-03-20,4
ade9954ed519,2024-03-20,4
526f80a63fa2,2024-03-14,4
bd02ae70eb82,2024-03-14,4
4d8ab60aee8a,2024-06-07,4
898db2a7869b,2024-03-19,4
9ff818a14d5f,2024-03-19,4
156f5c1f13ad,2024-03-19,4
6143cdc68d75,2024-09-02,4
a2b631cc383b,2024-03-19,4
fa39781f48f4,2024-03-19,4
f883c745575f,2024-08-01,4
19bcee388600,2024-08-30,4
721d4b335ea7,2024-07-19,4
1c049a7bdbda,2024-03-19,4
ec61e2e350da,2024-07-29,4
376c672dada5,2024-03-14,4
1b10ee85318f,2024-03-14,4
08dd0f9853c5,2024-03-18,4
b54de5496f2a,2024-03-18,4
5453327b7178,2024-03-18,4
4db692d6195b,2024-03-18,4
7882093ba544,2024-04-08,4
2f4d415c1452,2024-04-21,4
0c3371e75edb,2024-03-26,4
1fcddbc8a419,2024-04-09,4
34ac25ce1196,2024-03-19,4
00773a26d0f6,2024-03-18,4
e22338bbee1d,2024-03-18,4
52f35807e168,2024-03-18,4
52da095fd214,2024-03-21,4
752e7574a57f,2024-03-20,4
9515c689d64f,2024-04-11,4
bb470dee73d1,2024-07-22,4
4bd01bec3d50,2024-08-19,4
41c603d74244,2024-07-22,4
ff1a539e4128,2024-07-22,4
69344b19f099,2024-04-07,4
204d96b4fbb7,2024-04-08,4
239e8deb87c3,2024-04-01,4
3cc6c4002338,2024-04-02,4
23b4e6179db7,2024-04-02,4
18d31224bc8a,2024-03-29,4
c6d58db0e944,2024-03-26,4
0d98ae2eb474,2024-03-26,4
28c579af2989,2024-03-31,4
cc14c96804b4,2024-04-08,4
fb044a2d3fa8,2024-04-08,4
4c6c7c66c949,2024-04-08,4
e6301b7d32cf,2024-03-25,4
acab151d692f,2024-04-11,4
2e0f1419bdf5,2024-04-08,4
468455f49cea,2024-03-25,4
0bdc38718184,2024-09-17,4
d6595b4666e1,2024-03-19,4
6b5eaf5e3f4b,2024-03-21,4
a00b0b5891d2,2024-03-29,4
01e7b53ac963,2024-03-26,4
205b5d77030a,2024-03-26,4
56bc210e8502,2024-03-26,4
0f5c9fb36fde,2024-03-26,4
06ede7263108,2024-03-26,4
b1f4704c0791,2024-03-26,4
c6ea823dff31,2024-03-26,4
a5cc71453b41,2024-03-26,4
580f3abd06e3,2024-03-26,4
0834d54523ae,2024-04-02,4
bfc5e49c3906,2024-04-02,4
114f67f5788c,2024-04-02,4
e828fa730190,2024-03-20,4
7c0accefef7f,2024-03-20,4
a2a78ba174e7,2024-03-20,4
a008eff591fb,2024-04-04,4
62683304f562,2024-03-22,4
1329e1b320b7,2024-05-03,4
e5bc24b3e3b7,2024-05-03,4
3520e60fb2ce,2024-05-13,4
13c8fefbee0d,2024-03-25,4
3f2919b56f2b,2024-06-19,4
de7821979504,2024-03-28,4
ca4487c8459d,2024-03-28,4
7555f3cee1e6,2024-03-28,4
1f5e50a767c0,2024-04-04,4
876849be35cd,2024-04-04,4
4d7f48ea4ba9,2024-04-04,4
42ce76c14ea4,2024-03-28,4
85e2a395db5d,2024-03-25,4
cc4b383242ba,2024-04-03,4
22ccb90e0222,2024-04-04,4
59bc611ea9de,2024-04-03,4
241b9256eca2,2024-04-04,4
74ab4ff8da13,2024-03-27,4
6f5341d7af5e,2024-03-26,4
bc1a0e57abc1,2024-04-23,4
7e21c3090e95,2024-04-23,4
ce9a2b1faf2d,2024-04-20,4
b96ac293f0ab,2024-04-20,4
af9d5bb2a868,2024-09-12,4
f74daf2c9530,2024-05-30,4
9a2c89d849a3,2024-05-30,4
c1f945be35d6,2024-05-21,4
10700b1195cc,2024-05-21,4
1fc897eb2881,2024-04-03,4
e23bdcc05ec4,2024-04-03,4
697efac62c5d,2024-08-15,4
532e1c1d9778,2024-03-26,4
e1765be8c3e6,2024-03-29,4
45b43830761c,2024-04-01,4
e02796987b0e,2024-08-11,4
42e334755eb3,2024-04-02,4
d36b3ecd0d28,2024-05-20,4
96a446484dbe,2024-03-27,4
988e4a3f3584,2024-03-27,4
087a08961764,2024-03-27,4
036efc8a81fc,2024-03-27,4
0c5fade5eeb6,2024-03-27,4
ed00771fbe05,2024-03-31,4
42bff60b6363,2024-03-31,4
a0f42a077c5c,2024-03-31,4
d2cba0387ceb,2024-03-31,4
f5be4078eb17,2024-04-05,4
3393b92fec90,2024-04-05,4
d3fb83ca7212,2024-04-05,4
00da1772d972,2024-04-05,4
01b4bbd6cefc,2024-04-05,4
73169d3e4fb2,2024-04-05,4
8f147bbb83c4,2024-04-05,4
7b46f62ceb6b,2024-04-08,4
b58a40cba43d,2024-04-02,4
51c6e5894ab3,2024-04-20,4
05cfaa84b36c,2024-03-28,4
663ac6837910,2024-03-28,4
f0112df10982,2024-03-30,4
6d4f1937faed,2024-03-30,4
3cf9f445d540,2024-04-03,4
33d5a48d4910,2024-03-30,4
7cb8417b45a0,2024-03-30,4
9565e8623ec6,2024-03-30,4
43fa7a57be76,2024-03-30,4
a20dcf13fca6,2024-03-30,4
7c8dd9ba9a0b,2024-03-28,4
170dd3803616,2024-04-11,4
2aec24fd59b7,2024-05-06,4
90592e330fe6,2024-05-06,4
554124f2aebd,2024-05-15,4
d9f2032d50af,2024-04-09,4
ac605b33a26f,2024-04-10,4
47a2376ae3c2,2024-04-10,4
57e275de7f3b,2024-04-07,4
6fcd0edc27d9,2024-04-07,4
f0a68c43c701,2024-04-07,4
bee9d622144e,2024-04-09,4
f92328b885b8,2024-03-29,4
4633b35a36fa,2024-03-29,4
1f7eaa93a5c9,2024-03-29,4
70e2aaa11cd4,2024-03-29,4
8c2c1bf7d28c,2024-03-29,4
2c98e28d4161,2024-04-10,4
780bbbe53dc8,2024-04-22,4
23c985b75e8e,2024-03-29,4
3ad6d175e924,2024-04-24,4
e57fa07b392f,2024-03-29,4
780d73a2b4f6,2024-03-29,4
39122a4270d5,2024-03-29,4
13a55de3c6df,2024-03-29,4
4efcc8ca8ad3,2024-04-20,4
b163f394fe80,2024-04-01,4
b5e37f4ebf88,2024-04-04,4
a467ff7f2e27,2024-04-24,4
f00136054cc8,2024-04-26,4
cd42013f7f61,2024-04-23,4
65bf90daaa34,2024-04-10,4
1b240e56c0ea,2024-04-05,4
c21de539e19d,2024-04-10,4
1b74bf38058a,2024-04-10,4
a1e7d7900cb3,2024-04-02,4
b4229429dae9,2024-07-07,4
533215d23115,2024-07-07,4
a9c97f8cd40a,2024-07-07,4
1a3fe28cf1b4,2024-07-07,4
5ba4ea213c54,2024-04-05,4
c8041a81d82e,2024-04-05,4
407b186f9359,2024-04-02,4
0dfd10c164ed,2024-09-11,4
fecf22b72390,2024-09-11,4
643e90f13f6c,2023-12-13,4
605225ac5eeb,2024-04-05,4
7d591ab3a67b,2024-04-08,4
26923fe598f3,2024-04-05,4
4531d8b9891f,2024-04-09,4
cf0b76b533d4,2024-04-02,4
1d3c8e7630a1,2024-04-02,4
ee38572a5a52,2024-06-01,4
f3894c8f1474,2024-04-03,4
93d76989442d,2024-04-24,4
82cb614aab52,2024-04-20,4
5726371d844a,2024-04-05,4
4a1c173462fe,2024-04-11,4
ea79193ad785,2024-04-04,4
c0cdbf650a93,2024-04-16,4
35a822019fe7,2024-08-13,4
eefdf4fe0d0d,2024-05-20,4
210c69d031d8,2024-04-23,4
d7d1af90c095,2024-05-05,4
eebd2ab3a57b,2024-04-10,4
940449a3c855,2024-04-22,4
41fd54f72263,2024-04-22,4
122926322aca,2024-04-22,4
9817cafcc66f,2024-04-09,4
766fb3492872,2024-04-11,4
a275737de87e,2024-04-11,4
69f25f35ac53,2024-04-16,4
93cccfd66943,2024-04-14,4
9e2bb7f0a4c8,2024-04-22,4
efaf2b95110d,2024-04-11,4
94ff0e2a2f3b,2024-04-11,4
51c311d6f37c,2024-04-11,4
5f9751aebb6a,2024-04-07,4
745771ba4f41,2024-04-26,4
1d7045f8500e,2024-04-09,4
04f6121cddc4,2024-04-09,4
ec0162e9efd1,2024-04-23,4
0a782f898134,2024-04-23,4
00c76368f791,2024-04-25,4
2ab59c601e6f,2024-04-25,4
51a3ddc1ce72,2024-04-25,4
4a56a6f7f81e,2024-06-07,4
1e855b06652e,2024-04-08,4
81bbdfecb2f6,2024-07-25,4
dc356abe0bbb,2024-09-25,4
faf21ce6b90c,2024-05-08,4
769a7eec09e4,2024-05-08,4
2df14f9d3011,2024-08-06,4
01ca6a43c84f,2024-08-29,4
096d64a2b874,2024-05-13,4
bc625908d193,2024-08-29,4
0c49f3408a26,2024-04-16,4
ff7419c62a75,2024-04-14,4
4926e95d53c2,2024-04-14,4
4083e698cf28,2024-04-14,4
c6d3e42c666d,2024-04-14,4
dd50659937ab,2024-04-14,4
d7b46af9d584,2024-04-11,4
1fab12690529,2024-04-11,4
fce12fe56424,2024-04-11,4
317151ed27ce,2024-04-20,4
9c6460db5e08,2024-04-20,4
2b8f287677f2,2024-04-20,4
11370fe1a34f,2024-06-11,4
e9a687140fea,2024-05-08,4
51554497a0ea,2024-05-08,4
b0d221e022af,2024-04-22,4
12d6ca232717,2024-04-22,4
163a57c5673d,2024-04-22,4
e3049304d957,2024-04-15,4
cacd11dcbe7f,2024-04-16,4
eac137bc2899,2024-04-16,4
d03a316f4a2c,2024-09-11,4
a33c18b2a1b3,2024-04-12,4
33b3bf663516,2024-05-29,4
0d20ae20ec25,2024-04-16,4
aae8e9666d35,2024-04-20,4
44094376ec09,2024-04-20,4
907adfd4ff1f,2024-04-26,4
2d8c4f8e1a7a,2024-04-26,4
bb0ac750ea1a,2024-04-26,4
aff2554ee823,2024-04-12,4
76ecc2decf85,2024-09-12,4
ae4c9edb3742,2024-04-12,4
454b3c0ff602,2024-06-26,4
28239717149a,2024-04-12,4
9ca1d3bc6dfa,2024-04-12,4
00b3b5a83593,2024-04-12,4
7b97314674f8,2024-04-12,4
5a94378701bb,2024-06-26,4
3cd2ab7db262,2024-05-21,4
6d5e11b3601a,2024-04-12,4
23257f69aa73,2024-04-12,4
11ac524326f6,2024-06-26,4
0c6d26eec0c0,2024-07-24,4
65cf32411feb,2024-09-12,4
38da700db833,2024-06-26,4
aa3320af6504,2024-04-21,4
462c71915996,2024-04-21,4
a95fdf14e278,2024-04-21,4
b90bedb5161f,2024-04-21,4
ec37597fb168,2024-04-21,4
5b290de4f006,2024-04-21,4
0aafb79fb381,2024-04-20,4
574c2691057c,2024-04-20,4
40113b74e31b,2024-04-20,4
f3b890007c9c,2024-04-20,4
b6f8f177d912,2024-05-30,4
d54294dd7548,2024-04-21,4
d437855a8a30,2024-04-22,4
c58d247b8787,2024-04-20,4
5bc801f4ea50,2024-04-20,4
598cb7953f67,2024-04-25,4
ccb66ce806c7,2024-04-25,4
bd89cab9ceb1,2024-04-25,4
ab16e6d6b71d,2024-04-25,4
41face1751a4,2024-04-25,4
f67943db70f9,2024-04-21,4
977cb1ae746b,2024-04-25,4
4a846342620c,2024-04-25,4
e6cb172fce1c,2024-04-25,4
ac4c0360dc92,2024-04-25,4
6e41b2808b68,2024-04-25,4
881a6985543a,2024-04-25,4
b4912e8de0d9,2024-05-13,4
c352d5026c24,2024-04-25,4
10cb40cdebe9,2024-05-20,4
b919ed7f6275,2024-04-23,4
9f8a9b088f12,2024-04-24,4
bbe417e3a4e8,2024-04-24,4
5343a31c26f8,2024-05-02,4
ea00cfb22503,2024-05-02,4
2a2303cbc4b5,2024-05-02,4
475c9c4d07d2,2024-05-08,4
66c56696bb46,2024-05-08,4
513215706b8a,2024-05-17,4
7dd23a3c8ec4,2024-05-03,4
f66b2c71f16f,2024-05-29,4
34f588d0f241,2024-09-15,4
701dad22644f,2024-04-20,4
4d5ce883916d,2024-04-20,4
c459038a2549,2024-04-20,4
bad5bcbb664b,2024-04-16,4
a2cb3670c5bd,2024-04-16,4
b465620cfda3,2024-04-22,4
06f66dc4cc87,2024-04-17,4
d90fea4bb74a,2024-04-24,4
c08c8286f836,2024-04-20,4
3066d89f91e9,2024-06-07,4
c39a05a9566b,2024-04-24,4
7257ea43fb01,2024-09-04,4
05a40b477442,2024-04-16,4
8175a71335bb,2024-04-16,4
5fdff071647b,2024-04-16,4
5119b0b39832,2024-09-11,4
eaac46e71b78,2024-04-17,4
0c5f4d31432d,2024-04-24,4
4d88bfdeb02e,2024-04-20,4
3051dd6bd77e,2024-06-04,4
e319a7c87c23,2024-04-21,4
2147809d51a4,2024-04-22,4
36d7db2bd304,2024-04-20,4
2ba339f716f5,2024-09-25,4
ecf224845a68,2024-04-26,4
ea0eceddf74e,2024-04-26,4
62454a8666f1,2024-04-16,4
4c78b7cf651a,2024-04-16,4
2d4946ab3d61,2024-04-17,4
c18a23aa6c3f,2024-04-16,4
61ffa22143de,2024-06-17,4
72c26fb310d1,2024-04-26,4
0cb8ed59d528,2024-04-26,4
ed4549b70b20,2024-04-26,4
db8fa7f27147,2024-04-26,4
e6e4eea71423,2024-04-26,4
0fa1c3e3299c,2024-04-26,4
a693277cf080,2024-04-26,4
358ed00c69fe,2024-04-26,4
3f7b6f2f0b24,2024-04-26,4
109d26b64260,2024-04-26,4
e71e612ad573,2024-04-26,4
8a5b9a967a9d,2024-07-07,4
c077b0586501,2024-04-26,4
fdad26a47a23,2024-04-26,4
2b3db9148abd,2024-07-07,4
119f1144cd90,2024-07-07,4
591d5a22cfbc,2024-07-07,4
8b9c07fe913d,2024-04-26,4
ad1806eb7703,2024-09-18,4
14e76d7b94a1,2024-04-20,4
10657766816b,2024-05-03,4
11537456b2ed,2024-05-27,4
84eab90dd2d7,2024-04-24,4
d619109e21e8,2024-04-22,4
ffbc629ed498,2024-08-08,4
5542203fa4b8,2024-04-25,4
586faf01d265,2024-04-25,4
748e516be6ee,2024-04-24,4
73ccf4385331,2024-04-24,4
d00e7e4bf7dd,2024-08-19,4
53f1e06189a3,2024-08-28,4
c3ec1ca4968d,2024-04-20,4
7a8bbbb559c4,2024-08-21,4
7b7220491287,2024-04-22,4
1f2a5a24761d,2024-04-22,4
887f8d6b0734,2024-04-22,4
b25099b818cb,2024-04-20,4
193f2d585e2d,2024-04-20,4
ef4d90119401,2024-04-20,4
d2aceb340285,2024-04-20,4
1f159bf8e2d1,2024-05-03,4
a5cbda414086,2024-04-23,4
5f5e6e68c83c,2024-04-25,4
676d5a42e151,2024-05-06,4
dc61a579d453,2024-05-08,4
3287a0f720e4,2024-04-25,4
41749cf742df,2024-04-25,4
fe90d623b60d,2024-04-25,4
87a74f2451c2,2024-04-25,4
a3fa6cd68120,2024-06-27,4
208fb22fefcb,2024-05-18,4
a44b07a0fece,2024-04-25,4
155cc2f16182,2024-04-26,4
614f31d01713,2024-04-25,4
d56fd6622764,2024-05-05,4
057cb12637ff,2024-04-25,4
f879c42b86a4,2024-04-24,4
355121fe9ff8,2024-04-24,4
88159fd93476,2024-05-03,4
6afd16a236b3,2024-09-23,4
16cf3faaa41f,2024-09-23,4
c794a7a246ac,2024-04-26,4
90371baa5fd6,2024-04-26,4
c6284238439a,2024-05-08,4
2514acf2a756,2024-06-07,4
2db029526d73,2024-04-25,4
1448634c6f18,2024-04-25,4
77e94e4f8f28,2024-04-25,4
1d0a9604bada,2024-04-25,4
ecdc76cb5add,2024-06-13,4
7e5968279d7e,2024-05-16,4
01b92c4fddb6,2024-04-25,4
a4e2f4e60476,2024-05-17,4
8ea327bc93fd,2024-05-20,4
fbebd739cc09,2024-05-20,4
22a56b3e299c,2024-05-20,4
83a36d648e52,2024-05-20,4
3d269a37e168,2024-08-20,4
eab06776c685,2024-05-20,4
24076a5bb24c,2024-04-26,4
1697419d1708,2024-04-26,4
e854d89ac3a9,2024-05-05,4
2e2dabc764b5,2024-05-05,4
1e355f534ff3,2024-05-05,4
eb5dad2091ce,2024-04-26,4
34cce01f8112,2024-04-26,4
e3456f8a94d4,2024-04-26,4
8d3612f6bb6c,2024-04-26,4
6e898c8cd02d,2024-04-26,4
ee9f627e1394,2024-05-21,4
f79b0c49f512,2024-09-18,4
119235508406,2024-05-02,4
479a20c58818,2024-04-26,4
de952be70a22,2024-04-26,4
595130242ff8,2024-04-26,4
f27884aa8ca3,2024-05-15,4
3bea634de8bf,2024-05-15,4
3a9fa41f41b9,2024-05-15,4
a8ac9be8bdde,2024-05-15,4
31a6fc4694aa,2024-05-08,4
d2d2a5085b77,2024-05-20,4
59f0b69e7316,2024-05-20,4
095da7a464b7,2024-04-26,4
8627103d2434,2024-04-26,4
4a8b64cddccb,2024-05-28,4
de37bf79e24e,2024-06-21,4
57baac1e692e,2024-04-27,4
d75a92fa459e,2024-05-15,4
a162df3be29c,2023-12-13,4
722eef359f05,2024-05-21,4
15a5468fa05b,2024-05-05,4
750ea6b49b82,2024-06-09,4
1b2dc72a5cfe,2024-05-05,4
049978167354,2024-05-05,4
6fbb741991d1,2024-05-06,4
2e51f741fdb9,2024-05-05,4
50e7e61be7e1,2024-05-05,4
a903983e985e,2024-05-05,4
bb7da89247e1,2024-05-05,4
5ff3cb65d201,2024-05-05,4
3504b592a363,2024-06-09,4
f8417972d52d,2024-06-09,4
f0f379624e18,2024-05-08,4
775b84d23093,2024-05-08,4
86c64962dc61,2024-05-03,4
90257c0d5637,2024-05-03,4
8b30c4a3980f,2024-05-08,4
28f9fdba7716,2024-05-21,4
d8ecfa029673,2024-05-21,4
42fca24b26ae,2024-05-06,4
f03b9c5b6b58,2024-05-06,4
4e2690c52f78,2024-05-06,4
22a03aa474db,2024-05-06,4
3995e6879cc3,2024-06-30,4
f5b4ad25fc26,2024-06-30,4
5b0e536a5d9b,2024-05-21,4
8dd81ab74228,2024-05-08,4
6b31db8e21c5,2024-05-08,4
9f78c82bd2cf,2024-05-08,4
57eea903e79d,2024-05-27,4
e59995cd0b5a,2024-05-30,4
6efd84dfff67,2024-05-13,4
e1144cc2f102,2024-09-04,4
cdfafe3feadd,2024-05-08,4
047d53bbb725,2024-05-08,4
8c696a2bc229,2024-05-08,4
c7d0c361cef4,2024-05-08,4
2727681200ad,2024-05-08,4
eecaf9e03d88,2024-05-08,4
bcd6718d353d,2024-05-08,4
a00830ff52ac,2024-05-08,4
59f20a3c76bc,2024-05-21,4
52549c5a9fcb,2024-05-21,4
b68018f6e7ba,2024-05-21,4
c3d08d28204d,2024-05-21,4
0b2d3fb9cb1e,2024-05-21,4
3f4e9fafe6e0,2024-05-21,4
e1c75a2c986b,2024-05-21,4
d5a74ec51fe9,2024-06-25,4
6588438ea7fc,2024-08-05,4
52bdcb50035c,2024-05-14,4
1fe35ab67f6a,2024-05-20,4
e664c697d1c9,2024-05-13,4
d415e7d31c90,2024-05-21,4
f61b43f32b31,2024-05-21,4
6f9a8816e170,2024-05-21,4
3403de2874c5,2024-08-21,4
c07e57e0a701,2024-05-13,4
5222c528294d,2024-05-13,4
267ecc3f8677,2024-05-13,4
29f7ae3a88d0,2024-05-13,4
f6ba25a3079d,2024-05-22,4
72d09511b8b2,2024-05-13,4
ee9daf06240b,2024-08-21,4
4add870509af,2024-05-24,4
dff7b8de47e5,2024-05-21,4
5ded30f9dd8f,2024-05-13,4
ff98ba8bebb4,2023-12-13,4
25235fded851,2024-05-10,4
db32587e3546,2024-05-13,4
879f5945f089,2024-05-28,4
65b161c78ac5,2024-05-28,4
7f5498e6e8d6,2024-05-29,4
382de37c68e5,2024-05-15,4
766afcce8f2d,2024-06-01,4
594b9c6c6fa3,2024-05-21,4
246f5d1badbc,2024-06-10,4
5fa545606434,2024-06-10,4
a578d252892e,2024-06-24,4
fb3cf2e9b434,2024-05-21,4
6b8f0c4f7537,2024-05-21,4
060068fabc72,2024-05-24,4
5434e7199b97,2024-06-21,4
dbf0b3565490,2024-06-24,4
679acbb425fd,2024-06-24,4
f3b425323192,2024-05-08,4
aa9abafe908d,2024-05-08,4
f9cd6d9c9e19,2024-05-08,4
294b3b0d69c6,2024-05-17,4
6dcb6e2da42d,2024-05-21,4
c068b6c598f0,2024-05-21,4
cebe4b0c4449,2024-05-15,4
1b41c62c356d,2024-05-24,4
44e70f9eeb1e,2024-05-28,4
2de4de9da628,2024-05-17,4
e572d98cb665,2024-06-01,4
e5e92719f8f2,2024-05-21,4
986f5573a03d,2024-05-21,4
79836d07b33d,2024-05-21,4
f80f111487ba,2024-05-21,4
c25b9fb694fe,2024-05-14,4
00ced233a38e,2024-05-14,4
b6b07db30585,2024-05-20,4
ffcbdd9b9641,2024-05-14,4
976c0531f441,2024-05-14,4
5f8b3e439073,2024-06-24,4
9020105ae640,2024-06-24,4
87bd50aa8402,2024-06-16,4
b8d6008a81cc,2024-05-29,4
e1bf79d8e8f5,2024-05-29,4
c0cabc02a4d2,2024-06-04,4
d12ea84f0aaf,2024-07-01,4
546d7a33d23e,2024-05-13,4
f4cc1c5f5050,2024-05-13,4
7d42afab8229,2024-05-13,4
d9008cc4d83f,2024-08-01,4
66020652e141,2024-07-30,4
845c65cd5c4c,2024-05-24,4
4deb14ffee19,2024-05-21,4
14216c47dcc1,2024-05-21,4
febb6d82feb0,2024-07-03,4
f17f90e8e659,2024-07-03,4
199c2e03ddc2,2024-05-30,4
6cd7b0cee1d5,2024-05-30,4
84d79482b121,2024-06-30,4
87190f90c6c0,2024-05-15,4
69585cb8c9a1,2024-05-24,4
ef1f529b15f2,2024-05-16,4
5f78ffc09dc3,2024-06-03,4
e60e82ea3e5d,2024-05-15,4
58add1af4b56,2024-05-15,4
f37325c456b5,2024-05-15,4
7ba7b7c30a11,2024-05-15,4
a361dede26fd,2024-05-15,4
e83cbafa2039,2024-05-22,4
ac38ace181c4,2024-05-15,4
28d3fab53af9,2024-06-20,4
fc19fc331aa3,2024-06-23,4
0ffe791eb352,2024-05-30,4
c1ce6736bd30,2024-05-20,4
890f293b098c,2024-05-20,4
75d8aa1c1be5,2024-05-30,4
a2b4ef7a36f6,2024-05-20,4
447d3c96830d,2024-05-20,4
0ce9b85eed79,2024-05-30,4
ddd1c95a6e75,2024-05-24,4
95e30757e36b,2024-06-24,4
eceef79bb523,2024-06-24,4
7214401fa9ed,2024-06-24,4
558226fb31d9,2024-05-17,4
4750f765f3ac,2024-05-17,4
c5475394f0f2,2024-06-24,4
f07bd96c9fdb,2024-07-02,4
f4b50afda438,2024-05-27,4
a2cc48e87dd0,2024-06-18,4
84a281139d35,2024-07-03,4
fb87c3173e82,2024-06-03,4
48fa973c884a,2024-05-24,4
b696d0254b96,2024-05-24,4
08fa810d7326,2024-05-24,4
f95f71cb7ff9,2024-05-24,4
7096642b37e9,2024-05-24,4
d7c0c8f02b37,2024-05-24,4
72ab818a61f7,2024-05-21,4
1726a5ee31fe,2024-05-21,4
b3dc96093e6b,2024-05-21,4
e9e7783dadfb,2024-05-21,4
54373e647e43,2024-05-21,4
a751502fb394,2024-05-21,4
27678366f11a,2024-05-21,4
fa7871e3db44,2024-05-21,4
e02df631e5e8,2024-05-30,4
931236f7c5d2,2024-05-24,4
b53520bdd560,2024-05-23,4
681e308516ac,2024-06-11,4
be69354a47bd,2024-06-11,4
671c5c7139b8,2024-06-11,4
5cb3f3933f73,2024-05-30,4
3e620ca4d45f,2024-09-05,4
be7b073d218d,2024-05-28,4
760e50da1dab,2024-06-20,4
66e1450f1abc,2024-05-27,4
681b2e508dd5,2024-08-19,4
ad620586023b,2024-05-28,4
90800151fc4d,2024-05-24,4
cc42b5ae206c,2024-05-24,4
60697d8d2bdd,2024-05-24,4
4e1e9c97bacf,2024-05-29,4
b44922bae5ab,2024-05-29,4
8b32dda0e778,2024-05-28,4
c80586d704b3,2024-05-28,4
e207f60c3d80,2024-05-28,4
9adc0fd5e6ee,2024-05-28,4
6d81f7a4f191,2024-05-28,4
d3caca6f3cfb,2024-05-24,4
8cfd49a9a5c4,2024-05-28,4
cbca65a69d86,2024-05-28,4
809771396c86,2024-05-28,4
90ab6ff92059,2024-09-17,4
1d9e322f9294,2024-09-17,4
2b731939f784,2024-09-17,4
96e1b93e472e,2024-05-29,4
3c2ba8284b73,2024-05-24,4
510087813057,2024-06-09,4
a632c9447fbc,2024-05-28,4
a8a2c9c27623,2024-05-28,4
533d74d8eab4,2024-05-24,4
ed7f98c9e849,2024-05-30,4
448b0bc8cbe9,2024-05-30,4
0d8f9ee076e2,2024-05-24,4
0decd375c116,2024-06-07,4
c20f29c4e6b4,2024-06-07,4
3ede35c6c366,2024-05-30,4
7031b524e88b,2024-06-07,4
690e306b75b8,2024-06-24,4
8dd6434e9c62,2024-06-24,4
932423243f83,2024-06-13,4
5d9616d8baa1,2024-06-13,4
60e4d7b565de,2024-05-30,4
2cbe817f6c0c,2024-06-04,4
092a2dad2a61,2024-05-29,4
2e6ab27e22ab,2024-04-05,4
7a5426ca81fd,2024-05-29,4
26e8ef8c942e,2024-05-29,4
e1547495c5b7,2024-05-29,4
374be166768f,2024-05-29,4
c6462fa4f562,2024-05-29,4
e7888bd919e8,2024-05-29,4
188c40b7e0d2,2024-09-03,4
e23c8297fff4,2024-05-28,4
4dedfe3022d3,2024-06-27,4
e209700af863,2024-06-03,4
14f39e9a6f52,2024-07-30,4
3839d5605680,2024-08-01,4
fca900768891,2024-07-11,4
8ca85ec98137,2024-05-31,4
0929666b330e,2024-05-31,4
841af59c944e,2024-05-30,4
db46335b9c46,2024-05-30,4
68f3ae728cab,2024-05-30,4
99b8e4cc9240,2024-06-07,4
a4f9c35ccd5b,2024-07-16,4
10becf4c1c5f,2024-06-17,4
30567ed97b4b,2024-06-17,4
165bf8fbb883,2024-06-17,4
ccc1a449c507,2024-06-17,4
53981d434322,2024-05-29,4
bb47c3bfda5d,2024-05-29,4
3e4162538b62,2024-05-29,4
a1bc7a00fb7e,2024-09-23,4
01a230c82f38,2024-07-23,4
e140c472a84d,2024-07-23,4
394e18b82297,2024-08-20,4
34b980561bc5,2024-06-28,4
9fa051048620,2024-06-28,4
cc4fb78d2ddf,2024-07-23,4
b61138e0da1a,2024-07-23,4
65732fb0649b,2024-07-23,4
e38766319b07,2024-06-24,4
4f2a0dad16f4,2024-08-07,4
ca8704f5ef28,2024-06-04,4
573aa86dbfe6,2024-09-18,4
84dada633d58,2024-06-07,4
4cec4f664be9,2024-05-31,4
e2ceb7ea9c35,2024-05-31,4
7ecd090db343,2024-06-17,4
9de6fc25644f,2024-07-22,4
166c187fd407,2024-08-11,4
d833fefc1d7d,2024-06-07,4
f6f5e39ea06c,2024-06-07,4
28aa45a0b5c3,2024-06-07,4
84317f7dc8f0,2024-06-11,4
2cb3eca4a0ad,2024-08-20,4
0226b11d6269,2024-06-07,4
fa30897ca12b,2024-06-09,4
4ad27c21f358,2024-06-07,4
e1eab93119a0,2024-06-07,4
c6fd0692911d,2024-09-05,4
7c4eb5bd779c,2024-07-28,4
6946c35bcba1,2024-07-28,4
7fe0f763adf6,2024-06-20,4
e9ce90a2da1f,2024-06-20,4
608a9719d398,2024-07-09,4
b687e9287b2b,2024-07-09,4
65093e8d67e6,2024-07-09,4
5651ad8af728,2024-07-09,4
982db940665e,2024-07-09,4
b85618ffc6de,2024-09-14,4
0e66abdb8eee,2024-06-03,4
5014a8b2e84d,2024-06-11,4
ef9ff98cdf11,2024-06-07,4
12e5c9dc42d2,2024-06-04,4
f94ce2403068,2024-06-20,4
910c7a7306ce,2024-06-04,4
7b3cbb151bf0,2024-06-04,4
4a6bdf3b4ba4,2024-06-04,4
eddfe3eb07a3,2024-06-04,4
06af095e3b00,2024-06-04,4
ca67abf5fdce,2024-06-05,4
99b94cfe878d,2024-06-13,4
43b7da0a908d,2024-06-13,4
b3e1c4b4f7aa,2024-06-25,4
33d436e6e5b8,2024-06-25,4
a5cce474e167,2024-06-05,4
d6b662796835,2024-06-13,4
1adba9bc6528,2024-06-07,4
dd4123f9557b,2024-06-07,4
712f17f1fac5,2024-07-28,4
651555fc920d,2024-08-20,4
8275b7178e7d,2024-06-13,4
214bca846061,2024-06-21,4
b84d099e25e1,2024-07-01,4
56034ddae955,2024-06-18,4
c0529bdee710,2024-06-17,4
5f43ee4a5553,2024-06-18,4
b3c55b3692e3,2024-06-17,4
d2e99609b4a9,2024-06-07,4
e64ea276fe2c,2024-06-07,4
01c5132661ff,2024-06-07,4
dcbac45856a8,2024-06-07,4
14fccab42b2e,2024-06-07,4
a6843ce6d64e,2024-06-20,4
7cbcd420e718,2024-06-06,4
dc1487b4acd5,2024-06-19,4
91f50abbc22d,2024-06-07,4
17b6e61f346f,2024-08-12,4
027ecfe1e69f,2024-06-19,4
0cb73eae1ab5,2024-06-19,4
dc7fd3d072e0,2024-06-24,4
94663c215462,2024-06-24,4
76e726fdc048,2024-06-30,4
ea50a2aa767b,2024-06-24,4
e983951be33f,2024-06-17,4
2f877bf1ffa0,2024-06-07,4
5a1e839b2f5c,2024-06-07,4
2255bdfe8baa,2024-06-25,4
66b7bc5fdf1e,2024-06-25,4
41f3521424dd,2024-06-25,4
26d065c2f6ac,2024-06-25,4
b7dab9a9c29a,2024-06-07,4
038250ff7066,2024-06-07,4
babb14807265,2024-07-01,4
40dd21d55585,2024-06-07,4
19b34c992eea,2024-06-13,4
60edf6cee43d,2024-06-13,4
57d3409af8a8,2024-06-13,4
f5bc09615375,2024-06-13,4
86e73707bcb6,2024-06-13,4
2c0ee693bfc0,2024-06-16,4
c9ebbacc0dcf,2024-06-16,4
69147a350421,2024-06-11,4
a41c99a09a9c,2024-06-19,4
a15981f511a2,2024-06-16,4
a82ed88355f1,2024-06-16,4
a5d0ce7949ae,2024-08-24,4
6ebb0f83e059,2024-08-23,4
d494430f53c8,2024-08-02,4
9ffdf8084db0,2024-06-18,4
43c20eb5bcec,2024-06-18,4
46201f7b5f88,2024-06-30,4
f49f5c589192,2024-06-13,4
f47cb98cb710,2024-08-04,4
666c29ad90c7,2024-08-04,4
1036d21aef00,2024-07-31,4
78fde8c7cb44,2024-06-25,4
0ef3956ed9ce,2024-06-25,4
d7cf597b46fd,2024-06-13,4
6680f6e3f024,2024-06-24,4
b7506d4d2561,2024-06-24,4
f86397455855,2024-06-24,4
874934841828,2024-06-24,4
ecb5160615f0,2024-06-24,4
c15faef62dfc,2023-12-13,4
020b151fb4fd,2024-06-24,4
460e5a81577b,2024-06-24,4
27c8027fbee9,2024-06-24,4
d759540eb6a0,2024-06-24,4
bf793a22c078,2024-06-24,4
a02d80cf2172,2024-06-24,4
14f511ca6a1f,2024-06-24,4
1ae80d4eb3e6,2024-06-24,4
7245ede3cd0f,2024-06-24,4
baed59a15369,2024-06-24,4
83d2364a9807,2024-06-24,4
3a45016aa18f,2024-06-24,4
2e63744edc3a,2024-06-24,4
8ae2753438fd,2024-06-24,4
8fedf7e70e2b,2024-06-24,4
ccd35a258d18,2024-06-24,4
27de5d57ef35,2024-06-20,4
e409f9e9fa48,2024-06-18,4
0c781dbf4cae,2024-07-29,4
408ed8f594bf,2024-08-26,4
f186cfe813da,2024-06-18,4
0508ac7ac335,2024-06-18,4
0b18d41bb672,2024-06-18,4
7fd723f25e6f,2024-06-18,4
dde88cacd2e8,2024-06-26,4
2354dddd1907,2024-06-26,4
7248ced62b97,2024-09-02,4
0b066b470171,2024-06-18,4
45a4f641a163,2024-06-18,4
f1688f8d5d39,2024-06-18,4
9d25800af87e,2024-06-18,4
08b09abacd67,2024-06-20,4
8a91edf83010,2024-07-02,4
210861e7059a,2024-06-17,4
5647eac5b8b3,2024-06-20,4
43a0969a1996,2024-07-02,4
7892bb5d5380,2024-07-14,4
28bf57f74b28,2024-06-20,4
2e30212dec04,2024-07-23,4
296ae59e87cf,2024-09-11,4
168f638eac1f,2024-07-02,4
52887f8b1a99,2024-06-20,4
39d4be64cf33,2024-07-02,4
0afca5458263,2024-06-23,4
bbff9fe7cb5d,2024-07-01,4
eca16a6d83e6,2024-06-24,4
44e498d527c7,2024-06-24,4
ecf13390d7f0,2024-06-18,4
fae86fb0a04c,2024-06-24,4
50c3337bb679,2024-06-24,4
34aefe530f80,2024-06-26,4
51ca3a154c52,2024-06-26,4
30cd126a1bac,2024-06-26,4
ae31964dffd9,2024-06-26,4
ae4fe22bdd9c,2024-08-09,4
c82f45648a78,2024-08-01,4
7cc1af06b9a1,2023-12-13,4
3329853cbef9,2024-09-09,4
e90600ddb7ed,2024-06-20,4
a1c9edbe2ce6,2024-06-26,4
9d5077f4b4c8,2024-06-26,4
2515c29d4ba9,2024-07-01,4
c9f889a38a42,2024-06-25,4
d4550e9900bc,2024-06-19,4
d6fb71c92465,2024-08-02,4
19c940d83bd3,2024-08-02,4
b496817cd3f0,2024-08-02,4
fd0f73c6bb7f,2024-07-02,4
969f2470501f,2024-09-04,4
1c26a7403f40,2024-07-12,4
e760c62e9033,2024-06-23,4
dd8cd9f387d7,2024-06-23,4
abf915d49e69,2024-06-23,4
5149ad206c49,2024-07-10,4
3e54fe0a6f75,2024-07-15,4
b1d011bf2ffc,2024-07-15,4
1c42357f3c38,2024-06-20,4
62083f1f5fa8,2024-06-20,4
d30518951685,2024-06-20,4
959a7d1eec03,2024-07-02,4
1847db75d6cb,2024-07-02,4
4ea45fe1c467,2024-06-25,4
080c9fa62ce3,2024-07-02,4
a234ad7ad906,2024-07-08,4
33ab7786e2af,2024-06-21,4
7a49e5d74e9e,2024-06-21,4
3ba3cb0b908c,2024-07-23,4
dcc5b63bac3c,2024-07-23,4
f3717d056385,2024-07-14,4
ffc55dddb629,2024-06-28,4
08a3cff9ee88,2024-06-28,4
d21af5f91f34,2024-06-28,4
86330b7bfcca,2024-06-28,4
d492da1b16a6,2024-06-28,4
10fa64997c3c,2024-06-28,4
2cd600606de2,2024-06-28,4
10abdc86dbcc,2024-06-25,4
0b9f0746c995,2024-06-24,4
833059b43427,2024-09-11,4
f44e2098484f,2024-06-25,4
261f299185d2,2024-06-25,4
5236ab3b81f8,2024-06-23,4
23e282a8189c,2024-06-23,4
e1568ff4eb31,2024-06-28,4
8da85b576086,2024-06-28,4
c469c9cc5fd5,2024-06-28,4
cb26f427f855,2024-08-24,4
28b4c8899ef1,2024-07-01,4
d851b0b929c2,2023-12-13,4
0cfcf1d96531,2024-06-25,4
92c6038bc05a,2024-07-08,4
1de29e4d7c6f,2024-07-09,4
8d20185399b4,2024-07-02,4
e7e0bf0cc949,2024-07-02,4
2dabcae02bdb,2024-07-02,4
96629aba7363,2024-07-02,4
0e0fd26e1c51,2024-06-27,4
035522477957,2024-07-04,4
7d852e2e5dfe,2024-06-27,4
139439461cb7,2024-06-25,4
a42472bc7861,2024-06-27,4
b6a51011fb00,2024-06-25,4
dabc9ee4de4c,2024-07-01,4
f864861ae9c9,2024-07-28,4
b21560b007dd,2024-07-03,4
ccc261088009,2024-07-03,4
c322ebe816e9,2024-07-03,4
93d77524ca4e,2024-07-09,4
dfd6644e4bd0,2024-07-11,4
82f49bb5e63d,2024-07-08,4
1544fb4ec582,2024-06-26,4
4b67a8fdd412,2024-07-03,4
77829a446449,2024-07-15,4
31dff1417699,2024-07-15,4
aac48c77d9b3,2024-07-15,4
985d0a03b8a0,2024-06-30,4
35cc35af352e,2024-06-28,4
92ba06f3d28e,2024-06-28,4
ba516d9a12dd,2024-06-28,4
080513c61660,2024-06-28,4
7fa1d496898c,2024-06-28,4
7ac21ab0ba5b,2024-08-05,4
358ebe5f929c,2024-08-02,4
95524790876f,2024-08-05,4
e728aea70d4e,2024-08-13,4
0e5ca8d963a1,2024-07-10,4
2e23779dff93,2023-12-13,4
6dda7b060e99,2024-06-27,4
64ad334afbd3,2024-06-27,4
0b1dc1dbaea6,2024-06-27,4
9bc08c412cff,2024-06-28,4
c3815f12e3d5,2024-06-28,4
96ff2f6a20d8,2024-06-28,4
6b9348214216,2024-07-03,4
df04ea0ad507,2024-07-03,4
3764d32b7d8e,2024-07-03,4
22e4387e1604,2024-08-26,4
05736813ad4c,2024-07-02,4
0d5cee0bf05b,2024-07-02,4
3a172ce9a5c3,2024-07-02,4
c8dd2dbf5691,2024-07-02,4
9f80e37e3832,2024-07-02,4
9b3cd1fc5e6c,2024-07-02,4
0cbabafd8abf,2024-07-02,4
a690832ba29c,2024-07-02,4
34afb9e6bb4f,2024-07-02,4
6f6b866b64dc,2024-07-21,4
7e366a173ace,2024-07-21,4
18289f348ba3,2024-08-05,4
0ac44558c1de,2024-06-28,4
4524650ddd7b,2024-07-11,4
145fdff65849,2024-07-11,4
409de6911726,2024-07-09,4
7d25119a52d2,2024-07-09,4
5712eb2893fe,2024-07-09,4
cbfce8ee85be,2024-07-09,4
de249b867646,2024-07-11,4
c69a173164a6,2024-07-11,4
0073355d1f47,2024-07-11,4
a979ca7fe62b,2024-07-11,4
7fab236313cc,2024-07-11,4
59282765c3a5,2024-07-05,4
bc474bf77a66,2024-07-05,4
ab29f2035ff5,2024-07-17,4
77d4621b1080,2024-07-17,4
9d720b6df94e,2024-08-13,4
c91120158f4a,2024-07-17,4
e0de93ab86e8,2024-09-26,4
12c8b2ae2977,2024-06-28,4
f247a1747f58,2024-06-28,4
afc771bf926f,2024-06-28,4
b0fc4a9a185d,2024-06-28,4
a6da2b514d4f,2024-06-28,4
5274f6cd7f2e,2024-06-28,4
ccf5264bcb20,2024-06-28,4
8bc293ef4c46,2024-06-28,4
dda6df172a25,2024-06-28,4
66c0da19bf80,2024-06-28,4
2ab6ac7b2d5a,2024-06-28,4
703714f687a7,2024-06-28,4
0d20fe0ef40c,2024-06-28,4
02a988d98762,2024-06-28,4
193d9ad3836c,2024-06-28,4
e8c4967ce7f9,2024-06-28,4
d9c1f7eab7db,2024-06-28,4
1cda9e3c5278,2024-06-28,4
fdbcf2c93ba6,2024-06-28,4
933939e9301e,2024-06-28,4
cc64b8fa6e18,2024-06-28,4
2634e20f82ae,2024-06-28,4
37c97563aeb2,2024-06-28,4
621814383e5f,2024-06-28,4
f471a5a93b3f,2024-06-28,4
35a610f10f7a,2024-06-28,4
713bf6edcba8,2024-06-28,4
5cf8152f48ce,2024-06-28,4
e45050dd11df,2024-06-28,4
95389e8369fd,2024-06-28,4
0a31912bba1a,2024-06-28,4
d94ee842e2fc,2024-06-28,4
8c54b300bc0e,2024-07-01,4
fcdf9628f446,2024-07-01,4
b02ff41f8197,2024-07-01,4
b4c1d6889faa,2024-07-28,4
e46bc1b03a18,2024-07-28,4
302e891b30c6,2024-07-08,4
2642f16e78c5,2024-07-08,4
09f5c23d9f30,2024-08-08,4
d31708090e53,2024-08-08,4
753f4de01a46,2024-08-08,4
f3a8df97812a,2024-07-03,4
2e858dd4f0b0,2024-07-03,4
3b408aadae27,2024-08-20,4
4dd21b266078,2024-07-03,4
b3c02c978217,2024-08-20,4
dd162370531f,2024-08-20,4
f2745577f56f,2024-07-03,4
97c6cb860965,2024-07-03,4
81421dddfc8b,2024-07-03,4
d60184cf6ca5,2024-07-10,4
5953d82ef8ee,2024-07-03,4
7185f9366b8a,2024-07-03,4
d828620b45e1,2024-07-03,4
d71596fd0442,2024-07-03,4
292a6ddc0013,2024-07-01,4
07e6bac465a9,2024-07-01,4
7c1f5bc15548,2024-07-01,4
5df7afbe1b0b,2024-07-01,4
23c6ef81deb4,2024-07-01,4
3b78912759f0,2024-07-04,4
940db02ae910,2024-07-04,4
bb26125957a1,2024-07-04,4
ac41b16f52ec,2024-07-03,4
9b19f36afe87,2024-07-03,4
ecd2780aa385,2024-07-03,4
b7aad6baed19,2024-07-03,4
ddc645f469dd,2024-07-03,4
f0961be49405,2024-07-03,4
8afda1614c02,2024-07-03,4
3c271e64ec9f,2024-07-03,4
5f38578cea39,2024-07-11,4
4e4afe64e1bc,2024-07-03,4
f928a76672ab,2024-07-04,4
46ecb5fa6a58,2024-07-03,4
ac50833e52eb,2024-07-03,4
96687b36aa3d,2024-07-04,4
63bc70edeb1d,2024-07-03,4
d7c4ccc9210d,2024-09-03,4
277c96b00d0c,2024-09-03,4
2c69d5c39928,2024-08-12,4
5944b681182b,2024-08-09,4
7a6f2d6df987,2024-08-09,4
e15902ac5e4b,2024-08-20,4
ca3f18ab49f7,2024-08-08,4
eb546e47658c,2024-08-02,4
17e54978dddc,2024-07-29,4
6016e0bb0f3f,2024-07-29,4
2aaba1167953,2024-07-29,4
0cdce4c9c7e7,2024-07-09,4
cd931b6cc495,2024-07-08,4
43d783d5794a,2024-07-08,4
f3fcf2825adc,2024-07-09,4
599cbb657680,2024-07-29,4
2e9c5b52fda0,2024-07-12,4
fc0b67f72133,2024-07-15,4
dde716af79c2,2024-07-15,4
80f6f220e86b,2024-07-15,4
fb032c68d4f8,2024-07-05,4
bec1858fe15a,2024-07-05,4
f002823eba72,2024-07-05,4
7008f18e28de,2024-07-05,4
f378fb879243,2024-07-05,4
6f91d2c32531,2024-07-05,4
0f466d0e4b6a,2024-07-05,4
c28e87229279,2024-07-18,4
10a3166d7a3c,2024-07-18,4
27fdcb90fcb8,2024-07-18,4
627321d7e8f7,2024-07-08,4
19ceef9ddefc,2024-07-30,4
44aa665ca270,2024-07-30,4
fb5271014128,2024-07-12,4
b409920817b9,2024-07-18,4
f5527d01ba0b,2024-07-12,4
6a16aaa9c149,2024-07-15,4
bc6d72eee9ae,2024-08-01,4
82cbb76ed2c5,2024-07-16,4
981f27753a23,2024-07-16,4
9c742cf5bd08,2024-07-16,4
108a27419eb1,2024-07-09,4
f9d0bc7b1fee,2024-07-09,4
caf1e1bff5a1,2024-07-09,4
562de59cc5a0,2024-07-24,4
5b465c2bca22,2024-07-24,4
a46c4c7ab34c,2024-07-11,4
b798b4b12402,2024-08-13,4
f8d39e1114c5,2024-08-16,4
3883fc2de648,2024-07-19,4
3ad4e4fd873d,2024-07-19,4
2f39c023ce64,2024-07-15,4
480a518e5373,2024-07-14,4
d47bc196e23d,2024-08-07,4
b5adeef1f1dc,2024-07-10,4
dbd155d79bc4,2024-07-10,4
68e534a67068,2024-07-10,4
5d367d516602,2024-07-10,4
d650ef6cd748,2024-07-10,4
7871e080ab37,2024-07-10,4
e59560d6deda,2024-07-10,4
6067ee9bf834,2024-07-16,4
cfcf5221d644,2024-07-10,4
5dd246cdd63f,2024-07-10,4
23960f441fb8,2024-07-25,4
6e352260aa96,2024-07-16,4
b4c8270ca40c,2024-07-16,4
d19f3364b98b,2024-07-16,4
c05c5822eb44,2024-07-16,4
9258db160396,2024-07-16,4
a71202990954,2024-07-11,4
8ed74a675227,2024-08-08,4
79cd27e940f2,2024-08-08,4
fc6a487b5cb5,2024-07-16,4
6d5b4a7b85d5,2024-07-16,4
ea639bc1cb63,2024-08-18,4
2a85e737bcbd,2024-08-21,4
59541dc4af68,2024-09-06,4
07605df7333f,2024-07-18,4
719ffe88f049,2024-08-19,4
d854ee9a30d9,2024-08-19,4
ad1cb2530cd5,2024-08-19,4
001a4fbee4ce,2024-08-19,4
53ca70c459db,2024-08-19,4
acdf09a8e62f,2024-07-14,4
4232400e1633,2024-08-27,4
ac291858c6f8,2024-07-14,4
62c1fd79ad56,2024-08-27,4
e8245d39f54e,2024-08-27,4
e8497d55b0ac,2024-07-30,4
16174a465ef1,2024-07-12,4
ce0babf9d23f,2024-07-12,4
cd558a73672a,2024-07-19,4
0a6a95ee4828,2024-07-15,4
2dd098cf3ae1,2024-08-29,4
c897c5d56f85,2024-07-21,4
203b55e4ac60,2024-07-21,4
30e31680fec8,2024-09-10,4
490be8eb6091,2024-09-10,4
18397c1374be,2024-09-12,4
e6dfe2708312,2024-07-17,4
78adfbcb3b73,2024-07-25,4
933c9bb8fcdd,2024-09-03,4
560925d4d11f,2024-07-17,4
ba2134376128,2024-07-21,4
64dd1a3bce69,2024-07-21,4
69074fb75ec8,2024-07-21,4
3814b670df6a,2024-07-21,4
b863a370ba64,2024-07-23,4
45c48bf39a9b,2024-07-23,4
7e01a50757ee,2024-07-23,4
b1136354bcd9,2024-07-23,4
30c782c830dc,2024-08-05,4
b71c3d9ffd4e,2024-07-15,4
c60c84f2b4eb,2024-07-15,4
e5e531a85039,2024-07-15,4
c892ec106aa5,2024-07-15,4
02d28ae995d8,2024-08-07,4
72d7de7d317d,2024-08-16,4
e852484eb242,2024-08-16,4
8fc4a1b08985,2024-07-29,4
271dba0919ef,2024-08-14,4
ba43f46de2cc,2024-07-17,4
c2d34df4e323,2024-07-17,4
075f6cd34d4b,2024-07-19,4
2f76553f53fb,2024-08-18,4
fdca473820c5,2024-08-02,4
1b3185ac5fb2,2024-07-29,4
93c6aebe6076,2024-07-29,4
a08556e77d2d,2024-07-16,4
6fa36235831f,2024-07-19,4
01cc87d728b0,2024-07-18,4
069294dee4e3,2024-07-17,4
e83f54504702,2024-07-18,4
b99e0205596b,2024-07-18,4
ba55e85a610d,2024-07-18,4
61f123d42ee5,2024-07-22,4
844d8394d645,2024-07-22,4
01308b300317,2024-07-22,4
7ae089409558,2024-07-22,4
e59b8e97b472,2024-07-22,4
aab67ba91f69,2024-07-21,4
6410dbb30c90,2024-07-21,4
bab52af4e7de,2024-07-21,4
14c861664da4,2024-07-18,4
ee1745d0e321,2024-08-12,4
1e455cfaf76f,2024-07-19,4
24f6ee234bce,2024-07-21,4
fdbfd128d62a,2024-07-26,4
763489586188,2024-07-24,4
88f5ae62ea17,2024-07-24,4
74e5d05c28ab,2024-07-24,4
b90b6c06b229,2024-07-24,4
0c4e403a0da3,2024-08-07,4
ca4470d3ecd0,2024-07-22,4
966a82865f57,2024-07-29,4
d6ca612db339,2024-07-22,4
06b4898bf25c,2024-07-21,4
f0192d8ca3cd,2024-07-18,4
bc41cc8b9a73,2024-08-02,4
dceda5854cb5,2024-08-02,4
67ad286c862d,2024-08-02,4
321a59f67ddd,2024-08-02,4
6c84ffb377a3,2024-08-02,4
4d4004cba7b3,2024-08-02,4
da94de0ba43b,2024-08-02,4
230ed6ffdea0,2024-08-02,4
975ebc345a49,2024-08-02,4
7e03b7b579b0,2024-08-02,4
8b5b793418da,2024-08-02,4
5d7f6443ad33,2024-08-02,4
7506c92b3493,2024-08-02,4
3001334601c1,2024-08-02,4
6abfb5468e43,2024-08-02,4
3673f1cbe648,2024-08-02,4
c0f3cc6cf380,2024-08-02,4
915b5a5a84b9,2024-08-02,4
1d033c9ae81e,2024-08-02,4
ccb870dfea1a,2024-08-02,4
925ed7ab61ab,2024-07-18,4
8c1fe2628a50,2024-08-02,4
e9e77e28523d,2024-08-02,4
53498f327fef,2024-07-28,4
f06a9cb517e6,2024-08-07,4
faeeec0f3c52,2024-08-07,4
d7154f9a5089,2024-08-07,4
047ef6842dd4,2024-08-07,4
0853274770ca,2024-07-30,4
a6c62ea0d1f7,2024-07-28,4
1059c1164762,2024-07-30,4
eca3ec3afd8f,2024-07-30,4
b92e97559789,2024-07-23,4
3c551fac80b1,2024-07-31,4
d077e23e632e,2024-07-31,4
e796aa6db6ef,2024-07-25,4
5142d5ef59a4,2024-07-25,4
4e7f8ea26660,2024-07-25,4
07c522ce4c1a,2024-07-25,4
926f713ec1e2,2024-07-25,4
b8679d92014b,2024-07-25,4
00e42e092ba1,2024-07-25,4
0448ace60293,2024-07-25,4
0a0810b29bd6,2024-07-25,4
f80cae2ce2f2,2024-07-25,4
fedf5078eb50,2024-07-25,4
5e63e4d5dc61,2024-07-25,4
4c16328de2d3,2024-07-25,4
35d4dc0bedcc,2024-07-25,4
24b0d076f17f,2024-07-23,4
2721960382ec,2024-07-25,4
31a4542a894d,2024-08-19,4
67f4c07467a0,2024-07-26,4
c4bbfd50feb6,2024-07-25,4
499742c4b569,2024-07-24,4
5afddefbfd45,2024-07-29,4
070866d5bc17,2024-07-30,4
d06d32df0906,2024-07-30,4
923f6e0e4981,2024-08-18,4
267b0d5e69b7,2024-09-17,4
9dbebce22c90,2024-08-25,4
e520548c9bdb,2024-07-30,4
8ac8e85e5678,2024-08-05,4
e961d1fb8373,2024-07-29,4
7725c1e68efc,2024-07-26,4
e0ec20071ce6,2024-07-26,4
823b570dd28b,2024-07-26,4
1227db88bca5,2024-08-29,4
527ae9d59bd5,2024-09-02,4
d7b3f34032f6,2024-08-20,4
7fd1857e62ee,2024-08-20,4
4fba0f165746,2024-07-30,4
083e8a5647ff,2024-07-30,4
22e4eb80d418,2024-07-30,4
b79609a8c609,2024-07-30,4
0d77a4049f65,2024-08-21,4
3c0c443c7d12,2024-08-21,4
51a344080b0e,2024-08-21,4
97f01a68c52d,2024-07-31,4
95fde13da162,2024-07-30,4
4d96800ea1e7,2024-07-31,4
fc7d2f2dabed,2024-07-31,4
84697074cd79,2024-08-01,4
1d5b9c020d8b,2024-07-28,4
714bc18809e6,2024-07-28,4
24751db008b0,2024-08-18,4
253f88b8991a,2024-08-19,4
f59f5e2a9245,2024-07-29,4
b276c67d8a26,2024-07-29,4
6573860d9caf,2024-07-29,4
ba5311e2e0fd,2024-07-29,4
5bc301af5b0f,2024-07-29,4
ec42a51b5261,2024-07-29,4
b48ba29470e6,2024-07-31,4
e35f0201fc8c,2024-08-01,4
27019f07813a,2024-08-01,4
cc9eb22be6ce,2024-08-01,4
1c3e9efc1ba9,2024-08-01,4
aae91a3cf5b7,2024-08-01,4
66c1e3cc402f,2024-08-01,4
3436f408301a,2024-08-07,4
935e7f29ae31,2024-08-07,4
fbe732a6f59c,2024-07-31,4
2348b7ad6faf,2024-08-07,4
da51ab788d66,2024-08-19,4
5833a7184918,2024-08-14,4
781c9b8c6d8a,2024-08-15,4
8119df5d02df,2024-08-15,4
615753916ec7,2024-08-15,4
f50503efc7d8,2024-08-12,4
62edc4057765,2024-08-12,4
149862e42119,2024-08-06,4
bb5833f227e1,2024-08-09,4
57864e1f6f47,2024-08-07,4
553758e1d6e3,2024-08-07,4
d1c7fec561fa,2024-08-19,4
89c0b78d548e,2024-08-01,4
b474aa596ce3,2024-08-27,4
de14d5e20ccf,2024-08-01,4
883b9a840156,2024-07-31,4
1e105513f4f6,2024-07-31,4
b46d534b4787,2024-08-07,4
ddfc3970a219,2024-08-07,4
8969437edec9,2024-08-07,4
11de831116a6,2024-08-12,4
a52ae8774074,2024-08-19,4
97447fbdc839,2024-08-14,4
68ac6c07410c,2024-08-28,4
2699244cdc26,2024-08-28,4
e6cb3450af63,2024-09-15,4
e581ef7008ae,2024-09-15,4
71074f333f84,2024-08-14,4
9930782de3a1,2024-08-14,4
c139c92c4fff,2024-08-14,4
b411a087c39f,2024-08-14,4
f3a1bfddedda,2024-08-14,4
22f0007858a9,2024-08-14,4
996bdbe69e4e,2024-09-12,4
f273683590f6,2024-09-12,4
0fdcca91e81b,2024-09-12,4
db7dc35335d8,2024-08-11,4
5b0c346ca1f8,2024-08-11,4
09a285d07ccc,2024-08-11,4
3cab2fe27a40,2024-08-11,4
108124f74c3d,2024-08-12,4
22012455fccb,2024-08-12,4
dd6db6625bda,2024-08-11,4
2f5ffc793915,2024-08-11,4
0b22d3bcdf26,2024-08-11,4
8b0fba1a440f,2024-08-05,4
eadefe09bbba,2024-08-09,4
bb961171e76b,2024-08-05,4
e782f3fa3905,2024-08-05,4
bcbc4a45be84,2024-08-04,4
5fce12fb3ed8,2024-08-04,4
b115c2a42f39,2024-08-04,4
96f9f1085371,2024-08-06,4
c10885389795,2024-08-06,4
be432e336e51,2024-08-06,4
47c4ddfd7423,2024-08-02,4
9a9ec50a653c,2024-08-29,4
6b5267f0192f,2024-08-06,4
e99b926e0966,2024-08-06,4
ca903a47c373,2024-08-06,4
ad212833da62,2024-08-06,4
19f1f34999ed,2024-08-06,4
627f9ed6879c,2024-08-06,4
d17d82de1805,2024-08-06,4
fe17fcf0fef2,2024-08-06,4
dd7f9a81b673,2024-08-06,4
7ca382248336,2024-08-08,4
9529489b0b28,2024-08-08,4
fb7014e988d9,2024-08-08,4
9fec3018fc02,2024-08-08,4
a34a2aefd4d8,2024-08-01,4
66a351b7f025,2024-08-08,4
8b3a9c3af311,2024-08-13,4
0a36ee938714,2024-08-13,4
1d7b9e7e53f7,2024-08-20,4
fe3736c9161a,2024-08-20,4
aeb742a98913,2024-08-20,4
98df0b774688,2024-08-03,4
a9feb4ca2145,2024-08-29,4
651b8fa521eb,2024-08-14,4
943298e1cdf9,2024-08-29,4
3e37c8644ca9,2024-08-06,4
6c5df2a567d1,2024-08-13,4
86a16f635d5b,2024-08-13,4
780cb3ca5b43,2024-08-06,4
de7d9a9f1fef,2024-08-06,4
5438830b4928,2024-08-06,4
19286aaa7b8f,2024-08-06,4
4bd463fd3ef2,2024-08-09,4
f57aad5d4d49,2024-08-09,4
5711286a19c4,2024-08-09,4
0664c62b079a,2024-08-09,4
9e3e08bf5d7f,2024-08-26,4
5ce7cfcb86c2,2024-08-26,4
0ea7480cfb04,2024-08-05,4
eea595bff6be,2024-08-08,4
b87e48804247,2024-08-08,4
29ff33f0c371,2024-08-12,4
56226638d4df,2024-08-12,4
074ce947a78f,2024-08-05,4
412b543d4d73,2024-08-12,4
6f474ecbbedb,2024-08-12,4
4f8e340370ad,2024-08-12,4
9d10007f1601,2024-08-12,4
b85660da0b6b,2024-08-27,4
973d2d8de44d,2024-08-12,4
106909cf76a3,2024-08-12,4
22db02ac9a79,2024-08-12,4
3180bc0ec29a,2024-08-13,4
a0808e60bab1,2024-08-07,4
feba46755fd8,2024-08-26,4
1680efab9d5b,2024-08-27,4
71a9f1fbe421,2024-08-09,4
2ed1d9ddee1f,2024-08-06,4
cfbbbe5cf776,2024-08-14,4
08f4afaa265c,2024-08-14,4
60fc09557bab,2024-08-12,4
49aa6601c48a,2024-08-08,4
3cbd6bd74bb3,2024-08-20,4
a366312b1013,2024-08-20,4
d90d052f65a0,2024-09-09,4
86b1cd2b11e1,2024-09-09,4
2a3c272936bb,2024-08-12,4
81058ea27e77,2024-08-09,4
4269bfa4596a,2024-08-12,4
f49f5becf247,2024-08-09,4
985270290450,2024-08-09,4
f823330a02da,2024-08-09,4
37e0a3849fdf,2024-08-09,4
36fdc019f9bd,2024-08-19,4
8a0618cf7f31,2024-08-19,4
a3f715c6a5db,2024-08-25,4
667ba987df36,2024-08-25,4
dd64065d92da,2024-08-12,4
5fde63d55cb6,2024-08-19,4
9f6f69d1a049,2024-08-19,4
775e79eec6ed,2024-08-19,4
9b970ba205d6,2024-08-19,4
1662701a0f4a,2024-08-19,4
5f626943a96a,2024-08-19,4
18130aa85308,2024-08-21,4
977dd3f30735,2024-08-16,4
75980fba2f3d,2024-08-28,4
24ad24c4d90e,2024-09-22,4
a475ca050ad8,2024-09-05,4
b9deb92324a0,2024-09-26,4
d13b7894f8ed,2024-09-26,4
48e36a818c73,2024-08-26,4
7e5d3855f3ba,2024-08-19,4
e338ec39a43c,2024-08-15,4
6dde2e2a304b,2024-08-13,4
70d25ec4218b,2024-08-20,4
327c5bc1e583,2024-08-20,4
9ceb793c6d06,2024-09-09,4
03717482013f,2024-08-19,4
dade477f6693,2024-08-20,4
7a0dfc879922,2024-08-15,4
0c0c474926dd,2024-08-26,4
87de545c8bc0,2024-08-29,4
f087c97d3203,2024-08-15,4
66100ed013ac,2024-08-29,4
1c89e0a20674,2024-08-29,4
e42a50941bef,2024-08-29,4
8361cdaa3d31,2024-08-14,4
3415cbde1fe6,2024-08-19,4
ff95b690b798,2024-08-18,4
0768022d6b46,2024-08-18,4
82cdb3403fca,2024-08-29,4
5c2ef900d032,2024-08-29,4
135af24bb446,2024-09-01,4
4056e4169fb7,2024-09-06,4
d75b328183d3,2024-08-16,4
d3a5ca132272,2024-08-16,4
ea7cc5a853cf,2024-08-16,4
680874736e50,2024-08-16,4
5f097fde52c3,2024-08-16,4
5779de6c128e,2024-08-30,4
b38a36e1bfee,2024-08-26,4
0b944e436608,2024-08-28,4
4be8929eb184,2024-08-28,4
4c7127babbed,2024-08-28,4
64903f631586,2024-08-22,4
4626cea528c6,2024-08-22,4
2c9a8fa01489,2024-08-19,4
add802e52e1f,2024-08-25,4
99c050dd6f7b,2024-08-25,4
dda952eeb828,2024-08-18,4
7696d51ba4f7,2024-08-20,4
b146bf44a97d,2024-08-19,4
c0b1b275b919,2024-09-06,4
bcdc3ddfd77f,2024-09-06,4
80f48b4227e7,2024-09-06,4
cbbb91e43215,2024-09-06,4
3deb59ba6fb8,2024-09-05,4
506049100b4e,2024-09-06,4
931a077e0b9d,2024-09-02,4
7f2f315869c6,2024-08-26,4
287193091cea,2024-09-02,4
cf3b063ede40,2024-09-15,4
07269b861a74,2024-09-15,4
90127a80f2f6,2024-08-28,4
88a4a1759d09,2024-09-15,4
d2cc9aad3ab5,2024-09-09,4
7d707d850f25,2024-08-25,4
d758fb4dd1c7,2024-08-25,4
01759562004f,2024-09-09,4
9f8e6cdce444,2024-08-28,4
c26e3cb77de1,2024-08-28,4
8915d1c33f0b,2024-08-26,4
e3ff12d93d87,2024-08-26,4
6dbf4f78feac,2024-08-26,4
acc003d901a2,2024-08-26,4
571616439d8c,2024-08-28,4
2538c122c95f,2024-08-22,4
3d1271a30d3a,2024-08-30,4
2932829de1d9,2024-08-27,4
87432ad1df72,2024-08-29,4
a29ab38495d0,2024-08-29,4
706343235199,2024-08-25,4
e26abf883523,2024-08-25,4
9d23e26e5c66,2024-08-25,4
8a16983fc252,2024-08-25,4
126a3f99c7f0,2024-09-01,4
fb282818b8eb,2024-09-01,4
a014b306ed67,2024-08-29,4
61e9475f029a,2024-08-28,4
19396eccd1de,2024-08-28,4
2026739a30ab,2024-08-28,4
121af7fde8fc,2024-08-28,4
09e11fdeb5cb,2024-09-12,4
5a1abc000f5e,2024-09-12,4
b3601c18d46c,2024-08-28,4
4d5d28777253,2024-09-12,4
22ac86b110c0,2024-09-12,4
c9cd56dda2ed,2024-09-12,4
d54da0f9cd04,2024-09-12,4
83e3b22e4e9c,2024-09-12,4
6687ccf08b33,2024-09-16,4
a6e2080a8d2e,2024-08-30,4
6a74dd1805bf,2024-08-30,4
4df0b1a72540,2024-09-12,4
a9bdc2ce0892,2024-09-03,4
f4fb18fe230d,2024-09-03,4
3399f17409a9,2024-09-03,4
bf9a0c807da2,2024-09-03,4
de5a25b303b6,2024-09-03,4
a75c48884f57,2024-09-03,4
49ce816f02a1,2024-09-03,4
1e6ea7fffdcc,2024-09-03,4
2dfd44f0f2dc,2024-09-03,4
9c97404c2f4f,2024-09-12,4
4ad21dd4bc80,2024-09-12,4
868c6789c000,2024-08-30,4
eb520a47f363,2024-08-30,4
a77c38f5a061,2024-08-30,4
fdf9b6ef8bf9,2024-08-30,4
f681e724d9f3,2024-09-12,4
6cd6041eefa1,2024-09-12,4
d96813b0bf39,2024-09-12,4
435fc1f24c54,2024-09-11,4
e0aeb127e18d,2024-09-11,4
09c203c413d4,2024-09-12,4
a265c8a25a73,2024-09-03,4
99e617eb034c,2024-08-30,4
50c343413473,2024-09-12,4
26799e12e82a,2024-09-12,4
5b665763739f,2024-09-08,4
1dafba421a7a,2024-09-03,4
7da667543c27,2024-09-12,4
22547b048557,2024-09-12,4
15f492751241,2024-09-12,4
f41fa4c9a013,2024-09-22,4
61895e67c306,2024-09-16,4
53b88d87f17f,2024-09-16,4
2b338522d33f,2024-09-17,4
46a6944b37fb,2024-09-17,4
39a988d12617,2024-09-12,4
fd3680727913,2024-09-03,4
bf5d3e52bb78,2024-09-03,4
44f5af3cd662,2024-09-08,4
0f15aea758df,2024-09-06,4
bdd60776acb7,2024-09-06,4
0959ab0b3fc4,2024-09-06,4
fa7b3a71a3f4,2024-09-06,4
80d7af30ca99,2024-09-06,4
b3ce42210e29,2024-09-06,4
1c098bc1dce0,2024-09-06,4
6379c385c443,2024-09-06,4
c526afd947b1,2024-09-06,4
43675ab8ee3c,2024-09-06,4
e58019da3cb1,2024-09-06,4
2cec8048e1bb,2024-09-06,4
5edbfae94937,2024-09-06,4
e6bfdef853ab,2024-09-06,4
0351d1d7d162,2024-09-04,4
58edb0a0b61c,2024-09-04,4
38edd426560e,2024-09-16,4
217b48a2a055,2024-09-10,4
694d268529ec,2024-09-10,4
78ef2f279ef3,2024-09-03,4
da84e09604fd,2024-09-12,4
a6818b47d00a,2024-09-06,4
0cb8675afc24,2024-09-17,4
77187ec842a4,2024-09-06,4
0ebe891bfd93,2024-09-06,4
50f29d014110,2024-09-02,4
7b3d8166fff8,2024-09-02,4
311d282dc529,2024-09-11,4
865664ed3dcb,2024-09-11,4
8b5eacb9fbb5,2024-09-02,4
d07c42ab030a,2024-08-28,4
a61328977914,2024-09-03,4
fc6323dc51af,2024-09-09,4
74c369e88093,2024-09-02,4
6574c253ab06,2024-09-04,4
0b985dd96520,2024-08-29,4
a97dd4e2ea0b,2024-09-01,4
2be41703ab6d,2024-09-01,4
e839daecd22e,2024-09-01,4
40fbfc84f2b6,2024-09-01,4
a92dc1d126ae,2024-09-05,4
6fbcf8b05aba,2024-09-05,4
97d04915e78d,2024-09-09,4
e448294772ef,2024-09-24,4
1cb8c7a9b98a,2024-09-01,4
b8e18e9fc9e6,2024-09-24,4
ff6c8c652f14,2024-08-29,4
d05880561329,2024-08-29,4
468b13d10e55,2024-08-29,4
c5728d246f82,2024-08-29,4
95a7e7d0dcca,2024-08-29,4
b0fd3b58abd0,2024-08-29,4
587a95d1eb82,2024-08-29,4
e168cc2db271,2024-09-03,4
0982b221d231,2024-08-28,4
99c580e96068,2024-08-29,4
8aa16b9042aa,2024-09-03,4
60ffbc93dd32,2024-09-03,4
086320994e02,2024-09-03,4
060f6634e0df,2024-09-03,4
151f3742b340,2024-09-03,4
861d6ea2e8b5,2024-09-06,4
533cf6e82386,2024-09-06,4
89327176720e,2024-09-18,4
1405fca49984,2024-09-05,4
d19a396bdccf,2024-09-05,4
d4245ad12dbb,2024-09-05,4
54eba81bdd15,2024-09-08,4
40211f263e84,2024-09-02,4
b761dbc8fd68,2024-09-02,4
e199dccdd490,2024-09-02,4
97737a20de60,2024-09-02,4
ae6d2005e378,2024-09-02,4
c7fa4ee1ea6a,2024-09-02,4
5dcc90bc4583,2024-09-02,4
049ab0b7346a,2024-09-02,4
ad8bc9bbb9f6,2024-09-03,4
ff487bab58f8,2024-09-02,4
0337275cc754,2024-09-02,4
f6e0fc637f2d,2024-09-02,4
e454410488ea,2024-09-03,4
49e632cacd66,2024-09-24,4
c966426629a0,2024-09-23,4
14d656f85e17,2024-09-05,4
9a5c78f11ee9,2024-09-04,4
547df709eef2,2024-09-11,4
6e014aa86cc8,2024-09-08,4
0f879b23efce,2024-09-04,4
c0081630f117,2024-09-06,4
cb8208f1e93f,2024-09-06,4
8e7a627a555f,2024-09-03,4
5a308fd7f2a2,2024-09-05,4
eded094d6a6b,2024-09-06,4
c682b5dd70f5,2024-09-06,4
d70f3cd1bf04,2024-09-08,4
41072e810522,2024-09-13,4
9b5d09ac76e0,2024-09-09,4
30e5cce0e051,2024-09-06,4
d925bb22160a,2024-09-11,4
5cc50c771c76,2024-09-18,4
d4388bade4c1,2024-09-18,4
55210305ab79,2024-09-18,4
34ab47d13659,2024-09-18,4
1a6e0b63e922,2024-09-18,4
304e23673325,2024-09-18,4
ccf90d2445cb,2024-09-20,4
d2af30ab48f6,2024-09-19,4
a3c5d4516606,2024-09-23,4
456c4d194f4f,2024-09-23,4
366619e8f445,2024-09-23,4
fb82b04bac3d,2024-09-23,4
e568c2a9906c,2024-09-10,4
ef4d54ae8f8b,2024-09-10,4
cf3f739e67b1,2024-09-24,4
2d0e1cff36a0,2024-09-13,4
fd0a244c7fbd,2024-09-24,4
6de120c4df99,2024-09-24,4
56e23df5b39d,2024-09-16,4
6667d49c0e05,2024-09-13,4
c5227912ad9b,2024-09-19,4
e2cc1d6435a4,2024-09-17,4
13ddfe9c1ee1,2024-09-18,4
b8c610b24aca,2024-09-22,4
6177e25df7ff,2024-09-22,4
75d187938cb8,2024-09-19,4
7f750ced55d7,2024-09-16,4
ee484f50b91a,2024-09-19,4
6f4aa60a8e19,2024-09-19,4
2b897fabe50a,2024-09-19,4
831a12cc0d14,2024-09-19,4
79c4b56aee94,2024-09-16,4
9ef3ec0b0bd9,2024-09-16,4
71b354508f86,2024-09-17,4
b616dac62061,2024-09-17,4
f0bc37baa7ba,2024-09-11,4
c5adf612783c,2024-09-11,4
db57e99325c2,2024-09-17,4
cb764866b02d,2024-09-22,4
d6b9ba584c93,2024-09-25,4
7d73d828e53f,2024-09-20,4
c8d6d76bcdcc,2024-09-18,4
86b8ce886ec0,2024-09-13,4
b607b6b01a7d,2024-09-16,4
073b40ac6edc,2024-09-26,4
bec72b0eab18,2024-09-18,4
a73792fb3b46,2024-09-18,4
285ef5db7406,2024-09-25,4
411a33d6d56f,2024-09-25,4
ed728c821b0a,2024-09-26,4
7d3cffc2f5ed,2024-09-16,4
6b0497a62839,2024-09-24,4
93ed35703d45,2024-09-23,4
f6d04a754b1f,2024-09-26,4
aa6d86c5cfec,2024-09-20,4
da6a01a30501,2024-09-20,4
e2545f208af9,2024-09-20,4
7afdbc9a7846,2024-09-20,4
a7a4a6c91ada,2024-09-23,4
29369a358a74,2024-09-26,4
c7d98f966b33,2024-09-17,4
ef7703aec4aa,2024-09-24,4
91501cba62a3,2024-09-24,4
89fb4969d0e5,2024-09-24,4
f0e5b1f68c50,2024-09-24,4
b2d80b069944,2024-09-24,4
a43f1f4adf19,2024-09-19,4
e57b1c012924,2024-09-18,4
48697aede707,2024-09-18,4
e216d07a5f5e,2024-09-18,4
404c8112bc69,2024-09-18,4
dd60fae13d06,2024-09-18,4
323ef20ff1d3,2024-09-18,4
c0cde23c537e,2024-09-26,4
aac6cedf9d44,2024-09-20,4
913afe717a0f,2024-09-26,4
384426716ab6,2024-09-20,4
e9f3df2edba8,2024-09-25,4
2c3cac176943,2024-09-26,4
8c960a9f3747,2024-09-24,4
66c8a268e27d,2024-09-24,4
13360528e4b4,2024-09-25,4
7408e4a8a7e9,2024-09-25,4
efe37b7f9a32,2024-09-25,4
bedb4a9e48cc,2024-09-25,4
d4c0b15b8528,2024-09-26,4
30a46b32ce0e,2024-09-26,4
4a7a5db6a141,2024-09-26,4
ca0b6248d0db,2024-09-25,4
5793fa635300,2023-12-13,4
ef49c16a26c5,2023-12-13,4
0ba82b2066e3,2023-12-13,4
b8773c1a0e35,2024-07-07,4
49ba2aae6213,2023-12-13,4
3114ed774245,2023-12-13,4
de1546150b43,2023-12-13,4
076703972fdf,2023-12-13,4
3f90a867eaec,2023-12-13,4
7ef8626d2f20,2023-12-13,4
4d6bc4192078,2023-12-13,4
b1472c53e967,2023-12-13,4
2087f8a5f16a,2023-12-13,4
4b2b8ba52bf2,2023-12-13,4
9b0b4ca0f415,2023-12-13,4
0a014f8113a7,2023-12-13,4
810529e83c5c,2023-12-13,4
8c80fb36b20b,2023-12-13,4
42db2cbbab81,2024-04-07,4
d33bec2f4ae3,2023-12-13,4
ac5046a2b0f2,2023-12-13,4
9f36ebdbd206,2023-12-13,4
77460807acc2,2023-12-13,4
0c1d554eb242,2023-12-13,4
7f646b4a2b96,2023-12-13,4
5bb03bfe09ad,2023-12-13,4
e82d19e93f5c,2023-12-13,4
9bd41852f999,2023-12-13,4
a84cb40a8327,2023-12-13,4
db82ae0655b8,2023-12-13,4
8fdf576aab70,2023-12-13,4
e8227eaaeeec,2023-12-13,4
03f3249d8701,2023-12-13,4
c9b719e13071,2023-12-13,4
8f6dcc329a9b,2023-12-13,4
109b9135280d,2023-12-13,4
bc594c09b37f,2023-12-13,4
90d345fbc7c6,2023-12-13,4
2f244e3cfc89,2023-12-13,4
e5fca55c0462,2023-12-13,4
167021fc039c,2023-12-13,4
ae4e079d9728,2023-12-13,4
7639169edc10,2023-12-13,4
385e7d3e4a37,2023-12-13,4
801c5f8d10b5,2024-06-30,4
e951c8f3d0d3,2023-12-13,4
2031a4c2bebb,2024-02-26,4
36943b37c9f9,2023-12-13,4
a7962abafdf5,2024-08-08,4
f860bd81eacd,2024-08-08,4
1e72694324d9,2023-12-13,4
b47a4a24fde3,2023-12-13,4
1044ce5b1817,2023-12-13,4
02a3d8f23f6e,2023-12-13,4
62ff8bf6493d,2024-04-09,4
2e94f61c8b62,2024-04-09,4
04dfafac8d8d,2023-12-13,4
cc271045f3fb,2023-12-13,4
a1666ddd7c29,2024-09-23,4
63e4bb745cc8,2023-12-13,4
e8ea17916bee,2023-12-13,4
790e018e1926,2023-12-13,4
d0fe3516b2ff,2023-12-13,4
7ac5533be841,2023-12-13,4
aa1181a1d4f3,2023-12-13,4
2c0db659f927,2023-12-13,4
879079ce619b,2024-01-25,4
cc7277e38ef8,2023-12-13,4
630f1fd1c826,2023-12-13,4
02cf83838620,2024-09-25,4
f98e32556d79,2023-12-13,4
a1ad1c2db61e,2023-12-13,4
0673fe6760b2,2023-12-13,4
eec585396b5d,2023-12-13,4
4d262b40b35e,2023-12-13,4
8db934757d71,2023-12-13,4
01cef05eaf52,2023-12-13,4
88d75d2565cb,2023-12-13,4
5c353e746132,2024-03-18,4
3e93cab4da8e,2024-09-21,4
67acac446d96,2023-12-13,4
010f5a916784,2024-06-28,4
7237809b75ae,2024-07-31,4
6b6ba622256b,2023-12-13,4
17ddbefd0f84,2024-06-25,4
c3b001340440,2023-12-13,4
5f539bb4afb7,2023-12-13,4
c48fa6f4966a,2023-12-13,4
978b55be604e,2023-12-13,4
2d1a3f2a82f6,2023-12-13,4
65a1a36eeceb,2023-12-13,4
e1796b8de5d5,2023-12-13,4
b5ddadcdd98d,2024-09-19,4
6b0cb1066f94,2023-12-13,4
eae4b63ce8c8,2023-12-13,4
6db73c4d371b,2024-07-10,4
997353bdad5a,2024-04-22,4
726e26d706f5,2023-12-13,4
c8ed4b65f530,2023-12-13,4
ce0a99c21dff,2024-01-28,4
62c1eb52aae8,2023-12-13,4
618d83b899cb,2024-07-02,4
64bf5e4459fc,2023-12-13,4
8b6edc51b4c0,2023-12-13,4
c504c2a50742,2023-12-13,4
6d415acd6c59,2023-12-13,4
ca0538b49dd2,2024-08-08,4
3e0db77f4df1,2024-04-14,4
8433128b0e5e,2023-12-13,4
67fde626a3df,2024-07-12,4
f77981108a95,2023-12-13,4
62b067320a0c,2023-12-13,4
f6f7e1871bc1,2023-12-13,4
d9ca6e73fa4e,2023-12-13,4
d1cf8a621960,2023-12-13,4
20bf7b042147,2024-06-27,4
d77776154d7d,2023-12-13,4
55a96d3183af,2023-12-13,4
ebb8df1d6b43,2023-12-13,4
a69b3ae91801,2023-12-13,4
f066807a5ad3,2024-04-15,4
e977d05f3f28,2024-04-25,4
59773cc757bc,2023-12-13,4
9b1458ac8d59,2024-06-26,4
b6235e4e83e9,2024-02-08,4
0d963324c8eb,2023-12-13,4
890742cfada5,2023-12-13,4
befde5dba129,2023-12-13,4
4791af20db86,2023-12-13,4
778ec4c9c46a,2023-12-13,4
25e8ff04683f,2023-12-13,4
e8e543e97e8d,2023-12-13,4
0dd41ea09ab4,2023-12-13,4
cc94b0f964b8,2023-12-13,4
596a870ec9e2,2023-12-13,4
22c2e7dfe183,2023-12-13,4
ae7f51846d65,2023-12-13,4
cce02261ba02,2023-12-13,4
4f0bb8e3a34f,2023-12-13,4
4afc83b73922,2023-12-13,4
9be8d5cfea6b,2023-12-13,4
eb225272114f,2023-12-13,4
0c52e8897e4e,2023-12-13,4
aab0987c5987,2023-12-13,4
c5458670a371,2023-12-13,4
1d62749ef51c,2023-12-13,4
97bda00e2dbb,2023-12-13,4
6ad8c6a0c2d6,2023-12-13,4
485afeff976a,2023-12-13,4
158701ec775a,2023-12-13,4
8335023067fc,2023-12-13,4
53b215e0144a,2024-06-23,4
23bc9ad4620f,2023-12-13,4
7ae5f651ff5e,2023-12-13,4
5e26db881988,2023-12-13,4
bda5b157e737,2023-12-13,4
fccce0153529,2024-09-12,4
980559e9adf7,2023-12-13,4
184e00b709c0,2024-08-28,4
2870ba23ee4d,2023-12-13,4
055c740a4c62,2023-12-13,4
ebe52372e66f,2023-12-13,4
6d03566f7b8d,2024-08-29,4
163b18f140d8,2023-12-13,4
714fb980d919,2023-12-13,4
d20ff8429167,2023-12-13,4
d53d283ae412,2023-12-13,4
aa063252dfbc,2024-07-22,4
6dbb43cff46d,2023-12-13,4
d0f96f0263e3,2023-12-13,4
5308ba6a2adf,2023-12-13,4
d9e63af044c7,2023-12-13,4
9521de02ec36,2023-12-13,4
aaf19b40baf8,2023-12-13,4
ffc6200feffd,2023-12-13,4
902a9e764503,2023-12-13,4
ab28aecea3ff,2023-12-13,4
107523b1a252,2023-12-13,4
81f01b7ad685,2023-12-13,4
40164682463f,2024-07-24,4
2c6c49ae17f9,2023-12-13,4
7437baf34132,2024-01-30,4
7f349f3fddf4,2023-12-13,4
3537201d9484,2024-03-27,4
31f24a5d9692,2023-12-13,4
27112cf9f567,2023-12-13,4
e44e9f3b07bb,2023-12-13,4
256c0db4f6b9,2023-12-13,4
9861dfa557fd,2023-12-13,4
629c8c68e300,2023-12-13,4
01574a57789e,2023-12-13,4
0df3892888c9,2023-12-13,4
7ea6f36f2119,2023-12-13,4
05527180ad74,2023-12-13,4
0f97f38616f2,2024-02-05,4
bdfcd2d18bad,2024-08-12,4
588871004d5f,2024-05-28,4
e23e189afd20,2023-12-13,4
19cbd20aa3a0,2023-12-13,4
e6bb5d4bc66d,2023-12-13,4
6048b60bbea7,2023-12-13,4
563a45e16d46,2023-12-13,4
a8564f5aa125,2023-12-13,4
0db19f1ed71d,2023-12-13,4
f6828df97313,2023-12-13,4
5531f0437885,2023-12-13,4
fda3a6af3b30,2023-12-13,4
f8dfd981da69,2024-08-08,4
1118b806091b,2023-12-13,4
671c75e77935,2023-12-13,4
a17c717cf82c,2023-12-13,4
d70bf62c16bc,2023-12-13,4
580bf178bcf7,2023-12-13,4
f50a5e1ff5a6,2023-12-13,4
d5f7a39f6491,2023-12-13,4
78d2e61b9fdc,2024-03-12,4
a2d871968596,2023-12-13,4
8be6e38ce617,2023-12-13,4
e70aa6a4b8df,2023-12-13,4
6662ef8ec5cd,2023-12-13,4
e087cdd0c51c,2023-12-13,4
94ef8cbd2d0f,2023-12-13,4
81c5d54c336b,2024-03-12,4
54109d60ef4e,2024-07-08,4
e8cd42957fdf,2023-12-13,4
6e61091703e7,2023-12-13,4
55308d86a1b9,2023-12-13,4
93de4782c6c3,2023-12-13,4
aa93e7fba073,2023-12-13,4
c7836d6a9b1e,2023-12-13,4
978989f72bf5,2023-12-13,4
82d480e1f3e4,2023-12-13,4
4ea8e56099f8,2023-12-13,4
8d763f53f095,2024-08-29,4
5ed621a0b303,2024-04-25,4
4fcd3a81acbc,2023-12-13,4
91079b84b39c,2024-06-21,4
f0309b5a974b,2023-12-13,4
ec53ba072cfb,2023-12-13,4
809280f77ac5,2023-12-13,4
7bafe3f10d28,2023-12-13,4
ad8e44617193,2023-12-13,4
f3bb072177cf,2023-12-13,4
8b40261336d6,2023-12-13,4
97d3bcbead2a,2023-12-13,4
3f6f5041a76f,2023-12-13,4
105b9ee965b6,2023-12-13,4
770484d0a6fb,2023-12-13,4
2655b76df4f5,2023-12-13,4
b06d334b0ca1,2023-12-13,4
8fb29561f683,2023-12-13,4
ba5089e4c415,2023-12-13,4
a9d3594115c9,2023-12-13,4
f262bff72304,2023-12-13,4
eeddffd7fbe3,2023-12-13,4
1040d3459a78,2023-12-13,4
a9f82a15fd76,2023-12-13,4
e3c7fb6549f8,2023-12-13,4
20bac4255fe6,2023-12-13,4
6fb95c05f728,2023-12-13,4
6a5d9edb6ff2,2023-12-13,4
99ad3b99c3ed,2023-12-13,4
5d03f75223ba,2024-02-26,4
74b2431d8f53,2023-12-13,4
872a8f5e178e,2023-12-13,4
3c8f081cbde7,2023-12-13,4
6765363e5c6e,2023-12-13,4
4a95d21c0909,2023-12-13,4
b4621bc06db0,2023-12-13,4
8206d5f944ee,2023-12-13,4
e616c715ad80,2023-12-13,4
e98902c63c9a,2024-09-11,4
81a3887ad60b,2024-03-30,4
60f4ebc0be77,2023-12-13,4
2fe789fee61f,2024-08-13,4
4f0980b79acb,2024-05-08,4
82223a8d405f,2024-02-29,4
8df4fba6d441,2024-07-26,4
e282d5c29b42,2023-12-13,4
4f2db5c52520,2024-07-19,4
10b69ef96782,2023-12-13,4
bd5c8418d122,2023-12-13,4
bce42829c39d,2023-12-13,4
3c0110061037,2023-12-13,4
ff620a370aee,2023-12-13,4
3277c6889565,2023-12-13,4
4e543638b6e1,2023-12-13,4
85740666f7c2,2023-12-13,4
06c5f7da162f,2023-12-13,4
a92d086510cc,2023-12-13,4
6eded94a25de,2023-12-13,4
810421f8cfc5,2023-12-13,4
998e7fe2185e,2023-12-13,4
6e15aa682f99,2023-12-13,4
4653d60f6e4e,2023-12-13,4
5fd732596f5c,2023-12-13,4
51b6517151c2,2023-12-13,4
14a6e6191552,2024-08-21,4
768ebb7e086d,2023-12-13,4
8dbc3969cfc8,2023-12-13,4
195260d84847,2023-12-13,4
f6c36b8b3e2f,2024-01-27,4
de3ef7647727,2023-12-13,4
43a2d340e3b9,2023-12-13,4
3ce535736401,2023-12-13,4
6cb23f0e52bd,2024-05-13,4
de6cb1fdaf02,2023-12-13,4
5bcc26df1d0c,2023-12-13,4
a5e1d099df79,2023-12-13,4
5e4c40a1f18d,2024-02-14,4
fee521eec807,2023-12-13,4
6bc792bfa91b,2023-12-13,4
6203a7ebf161,2023-12-13,4
6c5dd7a7685e,2023-12-13,4
653c998db104,2023-12-13,4
f52ed567d3c8,2023-12-13,4
2005bef52b4f,2024-07-24,4
6d6553d92428,2024-06-26,4
f14469cb14dc,2023-12-13,4
8f5d777e9bb5,2023-12-13,4
1c08ca053044,2023-12-13,4
fd56968e2afa,2023-12-13,4
ddf11dee4a96,2023-12-13,4
eba14c4a124d,2023-12-13,4
7224887c4f49,2023-12-13,4
8883893d26e9,2023-12-13,4
583674c36f2f,2023-12-13,4
5b8e114fdf6f,2024-01-10,4
03c4f51a4886,2023-12-13,4
68348aae54c8,2024-04-17,4
1709cbde59aa,2023-12-13,4
493274e6ce28,2023-12-13,4
b3d2b3545607,2024-06-24,4
8bfdaf21d0cf,2024-02-26,4
a70a0bb98a55,2024-07-02,4
8fadb1f755a0,2023-12-13,4
698c68feaabf,2023-12-13,4
c51ab785c175,2023-12-13,4
cc70804d96f0,2023-12-13,4
be9d91735879,2023-12-13,4
72689a6a0409,2023-12-13,4
88218763ed07,2024-02-08,4
6c438652e521,2024-05-21,4
dbeba650eacc,2024-03-22,4
938ff3a69173,2023-12-13,4
c6a235e0d6d9,2024-06-21,4
49dde9dc3be9,2023-12-13,4
76c5faa32471,2023-12-13,4
bcca0533bfe2,2023-12-13,4
964ea1b92c9e,2024-07-24,4
e69e3846ad1b,2024-03-03,4
6e2fbdd15a3a,2024-01-25,4
6ff57947cda4,2023-12-13,4
84fdc144ee7d,2023-12-13,4
ba9ce3bba20e,2023-12-13,4
146fec140871,2023-12-13,4
9824ebd45cf2,2023-12-13,4
5986bb9789c1,2023-12-13,4
1c237e3d81b3,2023-12-13,4
da8d1c525bf4,2023-12-13,4
ccaa73380cd0,2023-12-13,4
f19c859a6e64,2023-12-13,4
f910e958fbbd,2023-12-13,4
a1c1cebf7806,2023-12-13,4
79b152373c20,2023-12-13,4
6681dcf95681,2023-12-13,4
f9eaf0294aed,2023-12-13,4
fbbeb5154250,2023-12-13,4
96b434764367,2023-12-13,4
ca5a8ba93704,2023-12-13,4
a14102a048d8,2024-04-14,4
40ac57b71a17,2023-12-13,4
1191bfb8635e,2023-12-13,4
b6a353b80eb6,2023-12-13,4
38467cb3b9d2,2023-12-13,4
589c20a5107c,2023-12-13,4
646dc31a00f1,2023-12-13,4
9293cf64e00d,2023-12-13,4
eba27eb5c40a,2023-12-13,4
a6bc8c63439b,2023-12-13,4
ade8aceff42a,2024-08-19,4
95c880de312c,2023-12-13,4
5ee00301b100,2023-12-13,4
57549fb2bac4,2023-12-13,4
2fc15af5522a,2023-12-13,4
5fa0bebd779f,2023-12-13,4
1c4b6cebb194,2023-12-13,4
b9f2ebee6bd5,2023-12-13,4
22f40690f9a0,2023-12-13,4
64bcd9052ab4,2023-12-13,4
ac9e3c47204d,2023-12-13,4
543425aac37b,2023-12-13,4
86a99633da0f,2023-12-13,4
c320dc74d0b6,2023-12-13,4
867339c0f75b,2024-06-21,4
4cd1151cdc6c,2023-12-13,4
b198814b022d,2023-12-13,4
631a1fd2acae,2023-12-13,4
f2d06cffdf19,2023-12-13,4
7bb75a6ed0d0,2023-12-13,4
71958e21c078,2023-12-13,4
0333190872b0,2023-12-13,4
5850ec892839,2023-12-13,4
134fb35cd563,2023-12-13,4
a2cbd4d3ed2f,2023-12-13,4
927aab2c721b,2023-12-13,4
1673af63a69c,2024-05-08,4
c27c97c8773c,2023-12-13,4
538975cc8f4b,2024-02-12,4
5fd9787ddfe6,2024-09-23,4
3721372767b4,2023-12-13,4
9de699242793,2024-09-23,4
6e483c76cdec,2023-12-13,4
90ef87ab5a9e,2024-09-10,4
fb73ec7630f0,2023-12-13,4
5ca6bea0954c,2023-12-13,4
311054a4a36b,2023-12-13,4
390ef8226a5d,2023-12-13,4
cdfe30fcf9e4,2023-12-13,4
ca07abe8ebf7,2023-12-13,4
2b973dc39fc3,2023-12-13,4
7ff486487cdd,2023-12-13,4
f80ec002aa0e,2023-12-13,4
27b9af38e967,2023-12-13,4
cfa23f3b1fc6,2023-12-13,4
d74ea218dbd2,2023-12-13,4
c8665a312620,2023-12-13,4
326f1279a7f3,2023-12-13,4
a9da5dd75508,2023-12-13,4
e40f62d5719e,2023-12-13,4
fc4893529cb8,2023-12-13,4
b95af9a1499f,2023-12-13,4
6aa2bc1947b3,2024-04-20,4
d56cd25db6e1,2024-04-20,4
a5b58969d752,2024-04-11,4
ad769fe26e9b,2023-12-13,4
9052a5d5cf85,2023-12-13,4
fe077cd1c80b,2023-12-13,4
eca5285caaf9,2023-12-13,4
ca1ec5e5e362,2024-08-14,4
7d0011a5ed97,2024-08-07,4
3a1d5031d943,2024-09-09,4
4cee74b5a76d,2023-12-13,4
02dc341be1d6,2024-02-08,4
b85a83e059de,2023-12-13,4
75f67c922f3c,2023-12-13,4
58b36b4cc6bc,2023-12-13,4
da64c242d3be,2023-12-13,4
70c99fb607ce,2023-12-13,4
362f77a87eb8,2023-12-13,4
928354d3eb50,2023-12-13,4
ef98b37ac335,2023-12-13,4
a5480b6eef18,2023-12-13,4
53be7d336f14,2023-12-13,4
44c26f5d33f4,2024-04-22,4
779be1af4e34,2023-12-13,4
b46683c5cc9a,2023-12-13,4
ce78820a2951,2023-12-13,4
ff0a02225d1a,2023-12-13,4
89264c1d60a4,2023-12-13,4
54dc150dcf98,2023-12-13,4
d40bb60d50f9,2023-12-13,4
bc0acbfc2f1c,2023-12-13,4
a18a9989b6b4,2023-12-13,4
783e83adcaa8,2023-12-13,4
9a1b3a1f6326,2023-12-13,4
18d734b10c99,2024-01-25,4
22f0ce2866b4,2023-12-13,4
ba79d9e7fbf7,2023-12-13,4
eedbe8a31c28,2023-12-13,4
aaa43cec257b,2023-12-13,4
ce8420642cc1,2023-12-13,4
11820d97eb79,2023-12-13,4
505a75cfea9a,2023-12-13,4
c632b76e62d0,2023-12-13,4
b280371b2f57,2023-12-13,4
20a66a0f21d1,2023-12-13,4
a650000d2d3c,2023-12-13,4
06d99aaebd2f,2023-12-13,4
2686d33dfc85,2023-12-13,4
4cf3633f183a,2023-12-13,4
479cf158f9a3,2023-12-13,4
cdc8f10cdca3,2023-12-13,4
30b838c148a3,2023-12-13,4
5e8c41cc9783,2023-12-13,4
1b42d618e455,2023-12-13,4
f7e39319f95d,2023-12-13,4
e5ce781d6c07,2023-12-13,4
fa04acd64005,2023-12-13,4
a2f3b57b4862,2024-01-19,4
65fac9abe01d,2024-05-31,4
ba35cc5a3cc2,2024-07-02,4
d9fa20fe9c81,2023-12-13,4
39a819c6c466,2024-04-09,4
4a8042b9fc84,2024-09-24,4
435cba328bce,2023-12-13,4
52fce2816490,2024-04-09,4
e13a41b511ca,2023-12-13,4
00c09009b5b8,2023-12-13,4
16c30682193b,2023-12-13,4
72bb3744b628,2023-12-13,4
4137fd974927,2023-12-13,4
886f1e058fd0,2023-12-13,4
86e05df1ed4d,2024-03-22,4
ee6a248094be,2023-12-13,4
e31cabac26f5,2023-12-13,4
f53ca0b49d8d,2023-12-13,4
673d3cbea40c,2024-01-18,4
e621af44fd81,2023-12-13,4
95bef200a54f,2023-12-13,4
2e4367a26bb0,2024-08-21,4
e1a9ae626618,2023-12-13,4
c5e13f2c725c,2024-07-29,4
d47dd6279265,2023-12-13,4
4aec406b290b,2023-12-13,4
7c3d4da7e4de,2023-12-13,4
e350b131d4e3,2023-12-13,4
63cb19517b7d,2023-12-13,4
7e580c12dbee,2023-12-13,4
4355ff7a3cee,2023-12-13,4
d3fa81630cf4,2023-12-13,4
8ea40919a72d,2023-12-13,4
a245e25de798,2023-12-13,4
22226e3b0d26,2023-12-13,4
c0756642bcc3,2023-12-13,4
351836bbe743,2023-12-13,4
19d98f35e98d,2023-12-13,4
e8ab91dde1d0,2023-12-13,4
b228965296c7,2023-12-13,4
09cc4f397c1d,2023-12-13,4
bd63212facf1,2023-12-13,4
e90563181b01,2023-12-13,4
fdadaa7880f3,2023-12-13,4
44be5c84a7d8,2023-12-13,4
881042c45c55,2023-12-13,4
7d99569242ae,2023-12-13,4
d0a1be487636,2023-12-13,4
194a26f1baa2,2023-12-13,4
92fc9dedc509,2024-01-18,4
b3fd9be76631,2024-01-24,4
4006a0292310,2023-12-13,4
63c57c69a0dd,2023-12-13,4
cfb5ae158e96,2023-12-13,4
6d30109fb585,2024-01-28,4
fe8fbc89e028,2024-07-22,4
a0a13d8195e1,2023-12-13,4
0cc727fd3195,2023-12-13,4
1226ff50cba4,2023-12-13,4
4326c1e6ddb8,2023-12-13,4
bf2bf8e0f4dc,2023-12-13,4
23c9898a25ce,2023-12-13,4
123f146c89ec,2023-12-13,4
68fe85b3df9b,2023-12-13,4
289c7e19f6aa,2023-12-13,4
70f587ee20c6,2023-12-13,4
e76d145a3039,2023-12-13,4
54f4f37f1896,2023-12-13,4
19082481510a,2023-12-13,4
efe6cef3e51d,2024-09-23,4
fffb04d8e873,2023-12-13,4
2e259db78611,2023-12-13,4
49d2165be031,2023-12-13,4
9ed32bd58dd9,2023-12-13,4
d2b5884eab09,2023-12-13,4
90304fef41d9,2024-03-20,4
1166b7e8aa73,2024-08-21,4
b05c7bf837da,2023-12-13,4
9bb88563bb18,2024-03-31,4
a90f64eda63d,2024-07-31,4
5fc961e54039,2023-12-13,4
1e3fd47c3ed9,2023-12-13,4
a821b34e9932,2023-12-13,4
8ab1c6c51a15,2023-12-13,4
e4d6dab92acb,2024-04-22,4
d344050f26e4,2023-12-13,4
65b7cbb2736c,2023-12-13,4
83378a543692,2023-12-13,4
68077892793b,2023-12-13,4
fc38e9004997,2023-12-13,4
918c7098b4c4,2023-12-13,4
1821e0895c82,2023-12-13,4
19ade080b547,2023-12-13,4
7a969be490ee,2023-12-13,4
81215901ee2f,2023-12-13,4
145d9d276efb,2023-12-13,4
7f5d82787880,2023-12-13,4
e8b045313802,2023-12-13,4
dc35b42a0fd2,2023-12-13,4
52738439ad17,2023-12-13,4
bd1251f87fb7,2023-12-13,4
b5dcb0b88c19,2023-12-13,4
6d69a7833046,2023-12-13,4
f931ff9adb5b,2023-12-13,4
ea06678d6c8b,2023-12-13,4
b9bc06839b79,2023-12-13,4
7b6b4cdf22e9,2023-12-13,4
3cb456b3c212,2023-12-13,4
229dff9de2f2,2023-12-13,4
0d138f3bf2dc,2023-12-13,4
eb3e1c2e43eb,2023-12-13,4
81e141878e2b,2023-12-13,4
cb1f6e2e21d2,2023-12-13,4
5afa3e082f74,2023-12-13,4
ba3a78b8b3e8,2024-01-24,4
19bd618a7638,2023-12-13,4
8dedfdcd9c60,2023-12-13,4
94cdf336c0bb,2023-12-13,4
20417b20b208,2023-12-13,4
3e6ed7e670fd,2023-12-13,4
393a6fabdb9a,2023-12-13,4
5dcc43e0d99f,2023-12-13,4
72ef569ef56c,2023-12-13,4
6fb2bb9a4442,2023-12-13,4
ead7dbf9f788,2023-12-13,4
8d494586a1bc,2023-12-13,4
2d151d771d2f,2023-12-13,4
df1d3e51668a,2023-12-13,4
a2bd8ba522a2,2023-12-13,4
04ba0b8f5d1f,2023-12-13,4
7329ad990253,2023-12-13,4
5caba973144e,2023-12-13,4
bcef500acbc1,2023-12-13,4
d31758b2c8ce,2023-12-13,4
568c075c9e9e,2023-12-13,4
5e15a74d3bb6,2023-12-13,4
a0cafafc34ca,2024-04-17,4
59ed0d1f809c,2023-12-13,4
543fc6dd2a05,2024-04-03,4
d62a6186b4f3,2023-12-13,4
5c31b39b85bc,2023-12-13,4
08980b947611,2023-12-13,4
73000ed247c2,2023-12-13,4
81725a4f3578,2023-12-13,4
a875b12c21df,2023-12-13,4
239dec5dadaa,2023-12-13,4
c84810833830,2023-12-13,4
a107b5eeb7d6,2023-12-13,4
6d284b4e9982,2023-12-13,4
0d95aeffdeab,2024-02-18,4
55d25b10684a,2023-12-13,4
c8e8a0f5aace,2024-03-12,4
2c5153c9ad20,2023-12-13,4
07a326aa527e,2023-12-13,4
9577a2bc6d96,2023-12-13,4
d66e3cdf6fae,2023-12-13,4
27a847c07dca,2023-12-13,4
c5d980efaddd,2023-12-13,4
cdc02be382d1,2023-12-13,4
fe8449f16860,2023-12-13,4
40f2cdc35fbe,2023-12-13,4
df4d00234ba0,2024-08-22,4
cf2a009561d8,2024-06-03,4
8d17d04cc2c0,2023-12-13,4
d209488c81d5,2023-12-13,4
93bb9e567f5f,2023-12-13,4
997567b8770e,2023-12-13,4
98230fc5cafe,2023-12-13,4
eced4408238d,2023-12-13,4
c011527e2f92,2024-07-29,4
ece6d94f25cb,2023-12-13,4
e06e892f2d7e,2023-12-13,4
946ed7ce2a39,2023-12-13,4
20502ce76fd0,2024-05-17,4
e0d81f181765,2023-12-13,4
84367bfa7ca9,2023-12-13,4
25d1f8f2839d,2023-12-13,4
fe9604789793,2023-12-13,4
e14541977c90,2024-07-05,4
1ddfdec0956c,2023-12-13,4
7d5fea9e1d20,2023-12-13,4
9073616e7aa1,2023-12-13,4
f1078934b68f,2023-12-13,4
9176d53ceaee,2023-12-13,4
06cd4fc68154,2023-12-13,4
de4c299a06bc,2023-12-13,4
c8d70424725a,2023-12-13,4
0ef12e1f6f84,2024-08-28,4
1d140786192c,2023-12-13,4
3da8a49f3cab,2024-09-03,4
f946a860f781,2023-12-13,4
2dd47980958f,2023-12-13,4
c2e5c66859d5,2023-12-13,4
b555ff8a2c67,2023-12-13,4
bba6f7ee0b65,2023-12-13,4
4ebc64c9b9d4,2023-12-13,4
06764e1f6627,2023-12-13,4
bbfe97eac56e,2024-09-05,4
77ce2c866c69,2024-08-22,4
bdc72fc0cc7d,2023-12-13,4
d0e9197fe9da,2023-12-13,4
aac2aba9c293,2024-09-06,4
1269deabc54e,2023-12-13,4
f5bd94640b5d,2023-12-13,4
42627a578a0f,2024-04-09,4
974b5c5de10e,2023-12-13,4
d06fc19036af,2023-12-13,4
8984ce17feca,2023-12-13,4
693c2927af0c,2024-05-27,4
10aad3b45d1b,2023-12-13,4
2b120dd4e037,2023-12-13,4
9b03af1b348f,2023-12-13,4
5e71da0b099f,2023-12-13,4
14a545c674be,2023-12-13,4
065b43e8e173,2023-12-13,4
ea7419939258,2023-12-13,4
7aacefa655b4,2023-12-13,4
f97e09465bd9,2023-12-13,4
cd819c425e82,2023-12-13,4
91657fd8415b,2023-12-13,4
d53744a9a47c,2023-12-13,4
20592a536e37,2023-12-13,4
e34b5836d69f,2023-12-13,4
5792fe06b4eb,2023-12-13,4
eca10a3dcdaf,2024-03-14,4
e9536bc27a77,2023-12-13,4
0c513a77a6b0,2023-12-13,4
277464775c82,2023-12-13,4
93e7c198d8c5,2023-12-13,4
8741631e694d,2024-04-01,4
033d36f47617,2023-12-13,4
e28b3041efd9,2023-12-13,4
efb43554af10,2024-07-24,4
18ac564859e9,2024-04-22,4
aca0b158aa4f,2023-12-13,4
c40bd92ea857,2024-03-07,4
d156750230af,2023-12-13,4
93a55ee9aafb,2023-12-13,4
e20fc9783345,2023-12-13,4
aec36be7deb5,2023-12-13,4
16eefdb2a3e0,2023-12-13,4
d04327a1d47a,2024-03-13,4
820d76eda1e8,2023-12-13,4
4c718022913e,2023-12-13,4
d0eb3009ca97,2024-08-08,4
a82bc201818f,2023-12-13,4
0c0010463f4b,2023-12-13,4
452ce9a8b195,2023-12-13,4
5858b9c8b15a,2023-12-13,4
3b2970e82aaf,2024-04-23,4
b245a1e50f96,2023-12-13,4
adbb0332d923,2023-12-13,4
687c4f0465e4,2023-12-13,4
df29e62cd3da,2023-12-13,4
2310f068af26,2023-12-13,4
978527e010fb,2023-12-13,4
127b81b96f0f,2023-12-13,4
cc35111022ef,2023-12-13,4
081d82ba517f,2023-12-13,4
30a0a511fb00,2023-12-13,4
81feedeadab5,2024-06-04,4
75339d56aee3,2023-12-13,4
34bb44e73457,2024-09-24,4
b7216904c048,2024-09-24,4
66496d40e7b9,2023-12-13,4
e00c3715a114,2023-12-13,4
50b51846c3d7,2024-04-08,4
ca084e986974,2023-12-13,4
0d4e8add6693,2023-12-13,4
3e7078e022f0,2023-12-13,4
a324f8cb8cb4,2023-12-13,4
140601f6e20d,2023-12-13,4
7f92db996138,2023-12-13,4
b902f1cfe523,2024-07-16,4
b5a43e8c2cd6,2023-12-13,4
08a7bde3cf6a,2023-12-13,4
c0bfedb4453a,2024-09-04,4
0d46a8a34089,2023-12-13,4
65036d0aa337,2023-12-13,4
e01dbc690c37,2023-12-13,4
6f3f17a59bf7,2023-12-13,4
b554045e5fc0,2023-12-13,4
4aa1d102de96,2023-12-13,4
43ce2760ed0a,2023-12-13,4
455b07efe3a4,2023-12-13,4
be7e3c1c2133,2023-12-13,4
bdb2ae469a55,2023-12-13,4
0ff318c02c96,2023-12-13,4
a26ae9808219,2023-12-13,4
2fbcbfe11e29,2024-07-09,4
54749abb34ea,2023-12-13,4
315b9c076ce0,2023-12-13,4
cbd4e396f52f,2023-12-13,4
370ac3975bac,2023-12-13,4
8757aa7881be,2023-12-13,4
3f38e86d7ee9,2023-12-13,4
d6488146e082,2023-12-13,4
0a6392bfd540,2024-04-10,4
17d1cc629062,2024-08-07,4
8f5b5103a034,2023-12-13,4
9e11f797d4f1,2023-12-13,4
332317260988,2023-12-13,4
e2f350465186,2024-01-29,4
9ec027fc6002,2024-09-25,4
20961228c5ee,2023-12-13,4
c1c44c34bbc5,2023-12-13,4
5b04f6a48f1f,2023-12-13,4
a530560bd6d2,2023-12-13,4
f8fd6e540c9f,2023-12-13,4
65b2584794da,2023-12-13,4
7f7f587312fc,2023-12-13,4
5cabda5361d9,2024-08-02,4
14204482310f,2023-12-13,4
7c9cb8e0c5d4,2023-12-13,4
8d64c4c7ead7,2023-12-13,4
fbc24e98a14e,2023-12-13,4
42aeb983990d,2023-12-13,4
522c62311f69,2023-12-13,4
707f4954a4e8,2023-12-13,4
eb2904be41ca,2023-12-13,4
380c8446b5fa,2023-12-13,4
f84193f47369,2023-12-13,4
a083f067292e,2024-06-04,4
82ec85e08144,2024-08-05,4
37ff0e4ab70f,2023-12-13,4
a78eecfd5026,2023-12-13,4
5ea8d02ea444,2023-12-13,4
8644fb818518,2023-12-13,4
ac6653304021,2023-12-13,4
73167c406ca5,2023-12-13,4
2f2e751f10ec,2024-05-02,4
2c9ebe8d1eb4,2023-12-13,4
057fe7133a0f,2023-12-13,4
ecb35f945a5a,2023-12-13,4
acee3fad47ef,2024-03-17,4
1f93c0276195,2023-12-13,4
7f2c436f4c19,2023-12-13,4
ad468459fb1e,2023-12-13,4
ab4a60bd4788,2023-12-13,4
e948b006e4f3,2023-12-13,4
83f9818f6ba0,2023-12-13,4
6bdcf2e001ac,2023-12-13,4
f94afe694ef2,2023-12-13,4
87f40f20401e,2023-12-13,4
f33462924d33,2023-12-13,4
44543436333f,2023-12-13,4
d80bad4d2422,2023-12-13,4
de9ad383ee3e,2023-12-13,4
f942e04493a8,2023-12-13,4
f0587308bcf3,2023-12-13,4
96d7c2ca7257,2023-12-13,4
94375515f3ca,2023-12-13,4
56056e6485f6,2023-12-13,4
cdea8660f720,2023-12-13,4
1a9791b625ce,2023-12-13,4
a0e67be1d9d2,2024-03-11,4
63be1ac0c4b4,2023-12-13,4
7d98e36b7c1b,2023-12-13,4
8c9690406436,2023-12-13,4
9ad12353ab03,2023-12-13,4
2fd5cb343d27,2023-12-13,4
aa9679edf310,2023-12-13,4
b67750a78d3b,2023-12-13,4
6ff5f931e8d9,2023-12-13,4
5cb6241d4109,2023-12-13,4
42c70e00b43c,2024-08-05,4
aa6d09435319,2024-08-05,4
2ea27684a5ef,2023-12-13,4
42b047996e44,2023-12-13,4
c664b4afda0a,2023-12-13,4
f834b03f37b3,2023-12-13,4
38fe1f54f6f7,2023-12-13,4
cbf52a4c2e9f,2023-12-13,4
060bd1aee084,2023-12-13,4
59d011eb0c09,2023-12-13,4
aea9e5a279bd,2024-04-26,4
6b688f167437,2023-12-13,4
e49cb2fb953d,2023-12-13,4
db7329586344,2023-12-13,4
1ef877c7b665,2023-12-13,4
ad481c330a98,2023-12-13,4
891d72c26d77,2024-07-04,4
d124d7365a90,2023-12-13,4
aed2ffd9dad9,2024-07-04,4
bef8dc79f08b,2023-12-13,4
46b5cd80d653,2023-12-13,4
f742250dc621,2023-12-13,4
574a33026881,2024-03-01,4
8b6bd90241e4,2023-12-13,4
9e55ce04100f,2023-12-13,4
94d6933ef685,2023-12-13,4
5271b53065f7,2023-12-13,4
633af61ea556,2023-12-13,4
de3d4576b13b,2023-12-13,4
b1b22a670c70,2023-12-13,4
bc0687298465,2023-12-13,4
d7ebf9908f83,2023-12-13,4
28db3dd29fd9,2023-12-13,4
7574dd0f3d89,2023-12-13,4
cce1a79a3a56,2023-12-13,4
f257fffdbcd7,2023-12-13,4
74033a02b553,2023-12-13,4
7fdc84db9f99,2023-12-13,4
1e74f7fe23f7,2023-12-13,4
24c2debace15,2023-12-13,4
427620307c31,2023-12-13,4
a21045236621,2023-12-13,4
47a49b36b510,2023-12-13,4
80bae4a0feb4,2023-12-13,4
4c5441f25f24,2023-12-13,4
5fbb2590c8b6,2023-12-13,4
c2120e24aea3,2023-12-13,4
f665ca2a3a08,2023-12-13,4
9f55bb32df20,2023-12-13,4
32159023b636,2023-12-13,4
253ab68ae78c,2023-12-13,4
7428830d55b6,2023-12-13,4
188143f77568,2023-12-13,4
983194a6c68b,2023-12-13,4
28f6697c2024,2023-12-13,4
ef33acbd4fa0,2023-12-13,4
ee10681b61dd,2023-12-13,4
fa1c0ece7e1e,2023-12-13,4
760020c9a42c,2023-12-13,4
61cb159b05df,2023-12-13,4
c08b1c38c736,2023-12-13,4
146b01126e49,2023-12-13,4
c1ed9abddcf9,2023-12-13,4
e3845ed4d9e5,2023-12-13,4
8b3df2402567,2023-12-13,4
3fead88c9530,2023-12-13,4
b8702a70f71a,2023-12-13,4
a5ad53fa22c6,2023-12-13,4
06e92a0c5486,2023-12-13,4
74e52a7dd94e,2023-12-13,4
b8ff4c353351,2023-12-13,4
6dc9f0a7d341,2023-12-13,4
ff697a58535d,2023-12-13,4
723037bdb49e,2023-12-13,4
618a0837e888,2024-02-28,4
2fda45d4fb50,2024-05-21,4
7f8b47ebc550,2023-12-13,4
9bdf6cb19267,2023-12-13,4
ce6ce679ff14,2023-12-13,4
719ae5c2336b,2023-12-13,4
a5f0d206b254,2023-12-13,4
f2788d90c1a5,2023-12-13,4
1b17deb5ce00,2023-12-13,4
421de91418bb,2023-12-13,4
c312c4b72041,2023-12-13,4
671d5034f414,2023-12-13,4
d493f4423a4a,2023-12-13,4
a1f58a628e88,2023-12-13,4
13f04c4cf5e4,2023-12-13,4
d96ed8281113,2023-12-13,4
26b0444b58a9,2023-12-13,4
6d09a07dac9a,2023-12-13,4
23988d444a7b,2023-12-13,4
ef67bd2d27a1,2023-12-13,4
ba29dfc9975e,2023-12-13,4
e917d10e4b5e,2023-12-13,4
5eab69a51f28,2023-12-13,4
0b2855de384c,2023-12-13,4
be3a9f6d55c1,2023-12-13,4
78b8473b1431,2023-12-13,4
f46f52c86437,2023-12-13,4
daa93ef07045,2023-12-13,4
f86d05099950,2023-12-13,4
802bf472eeea,2023-12-13,4
f1c124cf6cca,2023-12-13,4
8da8087f2cdb,2023-12-13,4
3902ee346892,2023-12-13,4
5db76c712a5f,2024-07-02,4
735a85eaf78f,2023-12-13,4
aa10f767c5a7,2023-12-13,4
b1c7d2c0678f,2023-12-13,4
4eb2b3604e5c,2023-12-13,4
e2c0ba75ff6c,2023-12-13,4
851ceba9ebb0,2023-12-13,4
0cdb4ead15ff,2023-12-13,4
e8a8b99a894e,2023-12-13,4
dbd03e521863,2023-12-13,4
1b021be54e05,2023-12-13,4
d56e9826b28f,2023-12-13,4
dc96277bd547,2023-12-13,4
2a155cf835af,2023-12-13,4
f210c1710716,2024-07-08,4
5ad137978590,2023-12-13,4
b050634d458c,2023-12-13,4
36fc15bd2c1e,2023-12-13,4
c31d46b06c20,2023-12-13,4
238335ca11f5,2023-12-13,4
930bf9e05d33,2023-12-13,4
67fb932c6eac,2023-12-13,4
1dbc6de59910,2024-04-21,4
5c4ea607a302,2023-12-13,4
1785229c00cc,2023-12-13,4
7b4a190ed6b9,2023-12-13,4
a99f6d92f001,2024-03-19,4
09e17b6d3e0d,2023-12-13,4
3cc9a40e561b,2023-12-13,4
c40d1fa5024f,2023-12-13,4
9a74a676d4f7,2023-12-13,4
272fd2ce2ff0,2023-12-13,4
5db5beedb035,2023-12-13,4
8b9e12c441a8,2023-12-13,4
5f423b630b23,2023-12-13,4
1e12dc378b82,2023-12-13,4
ff378353a76e,2023-12-13,4
1421105c8141,2023-12-13,4
bee972cf0826,2023-12-13,4
ca9333c9568d,2023-12-13,4
11b629866615,2023-12-13,4
7e275b056207,2023-12-13,4
fa3fb504e6f3,2024-06-07,4
02f10ffbebf8,2024-04-12,4
8d8d3fdee7df,2023-12-13,4
9ba1f38d4941,2023-12-13,4
ffd810b2897d,2023-12-13,4
6dc7e772ce54,2023-12-13,4
5879ed009378,2023-12-13,4
eaeeea146434,2023-12-13,4
ee0d80a140ad,2023-12-13,4
e0daffd26aed,2023-12-13,4
3eda42d2c258,2023-12-13,4
a535a6359e50,2023-12-13,4
a86a6feacead,2023-12-13,4
e0a06ad61ca4,2024-09-11,4
f2db8426e5e0,2023-12-13,4
e2735ca43df4,2023-12-13,4
1b9e512f9262,2023-12-13,4
022092f304ba,2023-12-13,4
6ae0c469351e,2023-12-13,4
2e3262731fb3,2023-12-13,4
d45e55ad659c,2023-12-13,4
eccd121eb60b,2023-12-13,4
fb49b72e2b84,2023-12-13,4
e3a0043105a2,2023-12-13,4
55b8d358d840,2023-12-13,4
fd30307df8a2,2024-03-28,4
85bcaf2f454a,2023-12-13,4
dcc46026c07a,2023-12-13,4
8ac803f30132,2023-12-13,4
1f45e1da4270,2023-12-13,4
6ddc4f880b78,2023-12-13,4
74e1f890b3d3,2023-12-13,4
39948707b909,2023-12-13,4
eb2476638ac2,2023-12-13,4
36760896eba9,2023-12-13,4
d777c42e9c69,2023-12-13,4
01968e75eec9,2023-12-13,4
b3ca845a4367,2024-04-22,4
05725fd2e5e0,2023-12-13,4
648e2b0760e3,2023-12-13,4
03e5c512a17d,2023-12-13,4
57f83b0c8474,2023-12-13,4
0dcd051d96f0,2023-12-13,4
75ffdaca65c4,2023-12-13,4
5be223bc36cd,2023-12-13,4
cafb3bc04735,2024-09-05,4
ebb4e2f89656,2023-12-13,4
24dcc9ce17aa,2023-12-13,4
dbedc65be2f4,2023-12-13,4
906b5ee87bee,2023-12-13,4
c08f676c7e6a,2023-12-13,4
cef1ea846ed7,2023-12-13,4
0056a0ec02a3,2023-12-13,4
898c2f9f5c5d,2024-06-16,4
8e2bbb5aee68,2023-12-13,4
2e9caf8c4182,2023-12-13,4
b7b959ba652b,2023-12-13,4
7df139d33686,2023-12-13,4
6e1856bd23c7,2024-09-15,4
3a8f25ee2592,2023-12-13,4
65ca8b2fe34a,2023-12-13,4
fd60d49a3686,2023-12-13,4
158a934cea5a,2024-08-08,4
2bf5a78f21d9,2023-12-13,4
336a8f5d9e5b,2023-12-13,4
cda9a3e5445b,2023-12-13,4
96d000c91511,2023-12-13,4
4631e38ada02,2023-12-13,4
ecc492fadbb0,2023-12-13,4
d3c20dc671e4,2023-12-13,4
7503e13c34b5,2023-12-13,4
4ab7f62fa879,2023-12-13,4
3c492524d350,2023-12-13,4
c885a7604ac8,2023-12-13,4
2880725411a7,2023-12-13,4
f9ba4a8d8047,2023-12-13,4
120ff765eba2,2024-09-12,4
8848277f04ff,2024-02-14,4
45218ac0de7d,2023-12-13,4
c4b1cf0a78e3,2023-12-13,4
f2b5f012a850,2023-12-13,4
6006bed1dc3a,2023-12-13,4
f79db4d2bed7,2023-12-13,4
1db3c3e189af,2023-12-13,4
8857de992822,2023-12-13,4
bd72da005873,2023-12-13,4
21043b99c79e,2023-12-13,4
9d5d223df168,2023-12-13,4
1703533041dd,2023-12-13,4
f1de64f55852,2023-12-13,4
3c0b7ea09ac9,2023-12-13,4
4e187e5ac5ef,2023-12-13,4
3dbd4f280cf7,2023-12-13,4
de9d51a6818b,2023-12-13,4
eb017517a097,2024-05-02,4
839320304737,2023-12-13,4
a09835ff1eb3,2023-12-13,4
03b818edf7e7,2023-12-13,4
0f87c2f99533,2023-12-13,4
2e002b83a795,2023-12-13,4
4ed7129f5fa0,2023-12-13,4
8b70d1433ac6,2023-12-13,4
6e354bdc8635,2023-12-13,4
cff35404fd80,2023-12-13,4
2fa30591e096,2023-12-13,4
d610de4043fc,2023-12-13,4
0e599507d333,2024-03-21,4
f934528c9755,2023-12-13,4
964f6927a8cf,2023-12-13,4
efc10edd69d0,2023-12-13,4
7a3cc5d8059d,2023-12-13,4
ba1dccdaff89,2023-12-13,4
2aa5386ea0c8,2023-12-13,4
35d07179f02b,2023-12-13,4
8250099a8aff,2023-12-13,4
23b18d1f7da9,2023-12-13,4
e5b2b6f57ea7,2023-12-13,4
2c007023f650,2023-12-13,4
b875df4d0382,2023-12-13,4
b2eba3cb86a9,2023-12-13,4
73eaa5c9f7c4,2023-12-13,4
14a102221719,2023-12-13,4
6f4750318279,2023-12-13,4
18c3a41e4dfe,2023-12-13,4
ba27d1f9fa5d,2023-12-13,4
84e74faed7ec,2023-12-13,4
5ac0b2bf150d,2023-12-13,4
02edc05ec984,2023-12-13,4
7522aa7caddb,2023-12-13,4
a608ac3ed831,2023-12-13,4
df377ab6a7f4,2023-12-13,4
f0f5c70444fd,2023-12-13,4
e7dff98e7e83,2023-12-13,4
fbab063f18de,2023-12-13,4
651146abca45,2023-12-13,4
1906a43f0ad9,2023-12-13,4
46bf72bc1179,2023-12-13,4
05dd93719e3d,2024-05-23,4
6d14a546d9ea,2023-12-13,4
b52787067421,2023-12-13,4
647b4f3cb466,2024-09-19,4
da9879095858,2023-12-13,4
0aea75dd69fa,2023-12-13,4
f04ee1bb0904,2023-12-13,4
3768beac61bf,2023-12-13,4
81f44874b2f1,2023-12-13,4
aff88330bbc4,2023-12-13,4
8365512e59be,2023-12-13,4
42cb9929c9c6,2023-12-13,4
24c7360866fa,2023-12-13,4
97b4c28c0a80,2023-12-13,4
8e07267a102b,2023-12-13,4
61c801654b3f,2023-12-13,4
f32526f9e7f3,2024-02-14,4
7b035275b139,2023-12-13,4
a280f60040ae,2023-12-13,4
4a340479fdef,2023-12-13,4
433a8672cc17,2023-12-13,4
63b386646b43,2023-12-13,4
2ddbfabbc6db,2023-12-13,4
005dae645588,2023-12-13,4
472eb5e4dba2,2023-12-13,4
af64304f9dff,2023-12-13,4
df9e744b844c,2023-12-13,4
e94769df8961,2023-12-13,4
7d0200579f8e,2023-12-13,4
80d08ff10d81,2023-12-13,4
c15b1a4a9b04,2023-12-13,4
a3043ab00b65,2024-09-03,4
1b1f5000fa46,2023-12-13,4
3548407f4d5f,2023-12-13,4
65a99c721e97,2023-12-13,4
ddb97adeaa0f,2023-12-13,4
8dffe008bf82,2023-12-13,4
4bee86c57bf3,2023-12-13,4
3f0d2b1f4ca9,2023-12-13,4
922a1d6695dc,2023-12-13,4
c06cbdeb2229,2023-12-13,4
9cf73302a293,2023-12-13,4
3e260aaa52be,2024-04-09,4
25cde20c890f,2024-07-31,4
ef05405eadfa,2024-09-02,4
a2ff97a6654b,2023-12-13,4
76c9aeea2083,2023-12-13,4
27bf6c04b90b,2024-04-20,4
69eaadc80ab5,2023-12-13,4
cb0d2008890b,2023-12-13,4
bfb3b946e57c,2023-12-13,4
bb9e467d406b,2024-01-19,4
c2a015a98e19,2023-12-13,4
820c47cef5aa,2023-12-13,4
871a62b64771,2023-12-13,4
dc501dc1724d,2023-12-13,4
3d9bb94d4fb7,2023-12-13,4
07cb06842209,2023-12-13,4
31f71178f700,2023-12-13,4
e327483d3b98,2023-12-13,4
5cb36d689e9c,2023-12-13,4
05cef0786e6a,2023-12-13,4
6493addc79f6,2023-12-13,4
4136e4372b1e,2023-12-13,4
c0610f7b2a1d,2023-12-13,4
97779d5f1f4e,2023-12-13,4
68347a6e7af6,2024-09-26,4
e058fb4b8741,2023-12-13,4
76fdd1ee5f47,2024-08-16,4
4acc64a506f2,2023-12-13,4
e8c1e5ef5288,2023-12-13,4
6b0dcfd2bcd3,2023-12-13,4
90af51623f66,2023-12-13,4
7b4e2fdeb81e,2023-12-13,4
3341c89df1f5,2024-03-22,4
7c4c789082a3,2023-12-13,4
69f554ac2919,2023-12-13,4
596325c02280,2023-12-13,4
8c8c8d6d029e,2024-04-15,4
618895e3151f,2023-12-13,4
d50be1362ae7,2023-12-13,4
3157cae346d5,2023-12-13,4
e54d8c364a35,2023-12-13,4
a59a66abe2c3,2023-12-13,4
53daeda069c8,2023-12-13,4
913e3847fb11,2023-12-13,4
35a2416a190d,2023-12-13,4
0e10953962ff,2023-12-13,4
c39dcd8dfb4c,2023-12-13,4
c308ecf205eb,2023-12-13,4
1113e2d572de,2023-12-13,4
b579c35925fa,2023-12-13,4
7a19d9487f00,2023-12-13,4
396b14ae7d81,2023-12-13,4
6988f68503c2,2023-12-13,4
0c6f8d9fd621,2023-12-13,4
745cb0b98f70,2023-12-13,4
69b7c6fe64ac,2023-12-13,4
f728323183f9,2024-05-13,4
0819c650ab84,2023-12-13,4
04fa5f24367a,2023-12-13,4
b03d059b7375,2023-12-13,4
3a614050b843,2023-12-13,4
63d4e6a0a81e,2023-12-13,4
30b6efe2433d,2023-12-13,4
6147091aef59,2023-12-13,4
ae0d3c95bd5e,2023-12-13,4
7f8a119d829f,2023-12-13,4
9c4f36c270e8,2023-12-13,4
380a2786b78d,2024-09-05,4
93ded8309e3c,2023-12-13,4
4fcf68e637e0,2023-12-13,4
665acd37ae0d,2023-12-13,4
4c5e454c6d6d,2023-12-13,4
5aeff8a62b19,2023-12-13,4
e62a5efcb6ec,2023-12-13,4
24b2a86d97f5,2023-12-13,4
d148d26c4557,2023-12-13,4
8009f808b7cf,2023-12-13,4
c6a30dfad63a,2023-12-13,4
a4960b6bcbf6,2023-12-13,4
2e73d7e69822,2023-12-13,4
62cff12439ea,2023-12-13,4
f66351a3af67,2023-12-13,4
dfe5781756b3,2023-12-13,4
b23cc6a167f1,2023-12-13,4
cabf5e477757,2023-12-13,4
8f9e544d98b8,2023-12-13,4
fef6f698638c,2023-12-13,4
142610e713d0,2023-12-13,4
3397ca7ab5f5,2023-12-13,4
35b8c4fe7783,2023-12-13,4
7fee29b0a107,2023-12-13,4
73735300006a,2023-12-13,4
c6fbf172a461,2023-12-13,4
0235e9b39818,2023-12-13,4
1705093edf46,2023-12-13,4
5b0bee8da340,2023-12-13,4
380c5f5245d8,2023-12-13,4
8bd2bbd68482,2024-04-09,4
08eae0ac1892,2023-12-13,4
813f83e7361f,2023-12-13,4
a3ad4ca4b421,2023-12-13,4
ce6717053cef,2024-05-17,4
de6b0ddfad2b,2023-12-13,4
de61244fcc91,2023-12-13,4
ee10b86ba378,2023-12-13,4
38f1e8cf1b3d,2023-12-13,4
47ba99fafc78,2024-05-08,4
ba350608e380,2023-12-13,4
9aa0da7c25f4,2023-12-13,4
bef5c70a66a0,2023-12-13,4
5fc1c624be5e,2023-12-13,4
c2cf6dbb726b,2023-12-13,4
05e40b3a9c84,2023-12-13,4
2ea9f623ce22,2023-12-13,4
98dab2874a4b,2024-07-02,4
eef7dcab241e,2023-12-13,4
737ab3d93cce,2023-12-13,4
01a24f279601,2023-12-13,4
b8fe68c4fc64,2024-04-09,4
1468cb155c0d,2023-12-13,4
55701a5d29af,2023-12-13,4
c3f46cfcb119,2023-12-13,4
456390787028,2023-12-13,4
39ffd982df8a,2023-12-13,4
0b8ba97fbcd9,2023-12-13,4
641f76f1d709,2023-12-13,4
32a7c83347de,2023-12-13,4
ad5239463b05,2023-12-13,4
bed418683a65,2023-12-13,4
79a884cc80c5,2023-12-13,4
55eb405a63a2,2023-12-13,4
8f234f75cfdf,2023-12-13,4
eab14d24244e,2023-12-13,4
b45827a09195,2023-12-13,4
147c0debe85e,2024-04-01,4
788b2c8b9f51,2024-08-05,4
7189734436d6,2023-12-13,4
ae0e1187b3ed,2023-12-13,4
00aa2e81eb9a,2023-12-13,4
b18a29ff75aa,2023-12-13,4
7fb0602f0e19,2023-12-13,4
d6a2d61b1a7e,2023-12-13,4
c2948faa5257,2023-12-13,4
c7560ce09cc0,2024-08-23,4
7620fce978d3,2023-12-13,4
6558c5acd6ef,2024-09-12,4
18fef8c381e3,2023-12-13,4
7b299a46829c,2024-08-05,4
2c67f166e70c,2023-12-13,4
369e11620e49,2023-12-13,4
357e2db174c2,2023-12-13,4
354ebf4d51f9,2023-12-13,4
cf2aac989dc7,2023-12-13,4
1aab07a2a659,2023-12-13,4
ee8e1e538135,2023-12-13,4
417d9adac451,2023-12-13,4
157c91ffc484,2023-12-13,4
2cc291558545,2023-12-13,4
15d1216ac73b,2023-12-13,4
264117fee81f,2023-12-13,4
5eba1f092b96,2023-12-13,4
311ebe554099,2023-12-13,4
cd8faae44664,2023-12-13,4
a1f11f1aeef7,2023-12-13,4
581d50bf0c38,2023-12-13,4
ebdac33c23e7,2023-12-13,4
2ac2bb350c5f,2023-12-13,4
10ed4311cf23,2023-12-13,4
bceed735a045,2023-12-13,4
be46b3a9e59b,2023-12-13,4
f2729ed08cbe,2023-12-13,4
5075c16a6562,2023-12-13,4
a1e750fb3737,2023-12-13,4
61e68458617f,2023-12-13,4
a0e3d1c46466,2023-12-13,4
976f4f3aded1,2023-12-13,4
9784de23c26d,2023-12-13,4
9613d8dc10ae,2024-08-22,4
124bfab82b7d,2023-12-13,4
97a74d21bdbd,2023-12-13,4
2727a1eddb36,2023-12-13,4
4ef5e0d05f96,2023-12-13,4
0fd970747792,2023-12-13,4
0ebeccb9c31c,2023-12-13,4
9b88bbb090bc,2023-12-13,4
e3a39352cc8e,2023-12-13,4
669de354fe52,2023-12-13,4
a78068a6cb90,2023-12-13,4
0c7a6d4d8007,2023-12-13,4
ae6844818366,2023-12-13,4
a8e709b5cf48,2024-01-18,4
d0b14c096ebc,2023-12-13,4
42b19977fb5c,2023-12-13,4
b8e00df16527,2023-12-13,4
09f8b563b12f,2023-12-13,4
19099096201d,2023-12-13,4
373fc7de8b34,2023-12-13,4
a9a99a9f6d83,2023-12-13,4
a812494037bd,2023-12-13,4
64cb5e3a3775,2023-12-13,4
94bdd35c12a1,2023-12-13,4
be8264724882,2023-12-13,4
b21c57eafd58,2023-12-13,4
075077d57e50,2023-12-13,4
e3fd82159103,2024-04-20,4
bf89b8927575,2023-12-13,4
2fe5f576b74f,2023-12-13,4
32e7b4393c7d,2023-12-13,4
43a10d46f45f,2023-12-13,4
3f5021c576a9,2024-03-19,4
07bf0189e782,2023-12-13,4
6379c75d4681,2023-12-13,4
5c1b0088821d,2023-12-13,4
41dff250820f,2023-12-13,4
38bf313fecfe,2024-05-15,4
fd5c1fc61fd7,2023-12-13,4
7e1556e81dd4,2023-12-13,4
b10b72e723c3,2024-02-16,4
eadb40b65904,2024-03-19,4
3fd75cb83a43,2023-12-13,4
b1691cb6c027,2023-12-13,4
273abcf11080,2023-12-13,4
a19c24fc2cb4,2023-12-13,4
3d4f07251fb8,2023-12-13,4
894bd9f71729,2023-12-13,4
5253fe4f949c,2023-12-13,4
28889d611200,2023-12-13,4
e95138eaef53,2023-12-13,4
d68265ff2ef9,2023-12-13,4
0780b159bd55,2023-12-13,4
860fd87ec504,2023-12-13,4
06dd1d34c6c1,2023-12-13,4
457195e36c4e,2023-12-13,4
a1d5b5dfa27a,2023-12-13,4
6147decf9318,2023-12-13,4
b01aa567453e,2023-12-13,4
d0b856d7775d,2023-12-13,4
9aa9fd90b692,2023-12-13,4
6a9292250ee8,2023-12-13,4
36224255131e,2023-12-13,4
2b928ae1eb77,2023-12-13,4
a2065059cff7,2023-12-13,4
c33089576c1d,2024-07-10,4
fa803559a78a,2023-12-13,4
578f1f93de89,2024-08-27,4
c10e40ee0533,2024-08-23,4
46e99a26545f,2024-08-30,4
425640f28d66,2023-12-13,4
7be3e7a5dd82,2024-08-30,4
08f5e29bdcb3,2023-12-13,4
64c872772987,2023-12-13,4
12132a7df761,2023-12-13,4
196b2fafc812,2023-12-13,4
5ca4b454ce7b,2023-12-13,4
c3b664e394ed,2023-12-13,4
900b8eb2d0e4,2023-12-13,4
05a44606fdbc,2023-12-13,4
1001403ce627,2023-12-13,4
380affd3b3c6,2023-12-13,4
2e88a8c458b7,2023-12-13,4
aad0e45151b9,2023-12-13,4
d44f9fed4254,2023-12-13,4
627283d65e00,2023-12-13,4
dc1fdaa5edff,2023-12-13,4
55439897605d,2023-12-13,4
4cac46d82770,2023-12-13,4
06f449289b1c,2024-05-24,4
535ddd1c54e5,2024-03-29,4
26cd364488a3,2024-03-29,4
71e035d93ca3,2023-12-13,4
c3714f580072,2024-09-16,4
b7fcc8eb46a8,2023-12-13,4
096de7df1355,2023-12-13,4
1bffd28a8295,2023-12-13,4
204d3b831f74,2023-12-13,4
60a4cc0dfc7a,2023-12-13,4
afc341256df5,2023-12-13,4
7df7927573f4,2023-12-13,4
1c8e727f4928,2023-12-13,4
de99d13de490,2023-12-13,4
af21c2ef1244,2023-12-13,4
20230e5899c3,2023-12-13,4
fb146cec0486,2023-12-13,4
ddf05f62d1f7,2023-12-13,4
bac362bb9880,2023-12-13,4
8c601ec8d33b,2023-12-13,4
7514c9134adf,2023-12-13,4
2e2ce1e8958d,2023-12-13,4
3b71ec78d056,2024-05-20,4
5aed33ff10df,2024-09-18,4
961831a9e6f6,2023-12-13,4
deb321069d05,2023-12-13,4
8344851823d6,2023-12-13,4
1c05aca464a3,2023-12-13,4
54de207c4add,2024-02-09,4
d53bc41b69f6,2024-07-26,4
037590f53dcb,2023-12-13,4
fab825e44a0b,2023-12-13,4
939dd2e25b82,2023-12-13,4
4bfc9343aa71,2023-12-13,4
d000b4273e9b,2023-12-13,4
ccccb497a520,2023-12-13,4
87b73cfc8ae8,2023-12-13,4
61f424a77490,2024-09-13,4
7254a727809e,2023-12-13,4
0eebce1bd099,2023-12-13,4
2551cbe4475a,2023-12-13,4
20b2dc3b0bb0,2023-12-13,4
53e71047efc7,2023-12-13,4
89cd6ac05140,2023-12-13,4
def52bfc9d74,2023-12-13,4
8d603e3ab019,2023-12-13,4
b2d081636e40,2023-12-13,4
7034253c2f75,2023-12-13,4
def12d1c5faf,2023-12-13,4
c8761c7d7464,2023-12-13,4
cf5c301264d7,2024-08-13,4
e93d7ea58ac7,2024-04-22,4
08361ad128cb,2024-03-05,4
7a08ba97e25e,2023-12-13,4
17e05f32291a,2023-12-13,4
a815fa2795b1,2023-12-13,4
3df78b40475c,2023-12-13,4
1f097141dba0,2023-12-13,4
0af8073e6362,2023-12-13,4
132da85db5e8,2023-12-13,4
afc93f51b195,2023-12-13,4
c53ccbd44292,2023-12-13,4
03881fa0ed66,2023-12-13,4
c977651517f7,2023-12-13,4
e4a3e92c1234,2023-12-13,4
be5272640112,2023-12-13,4
0b6e82a929d7,2023-12-13,4
9b4f2b69cc6b,2023-12-13,4
8d8b06e3ae62,2023-12-13,4
516a15f548fa,2023-12-13,4
83d6d91620e7,2023-12-13,4
ea71b04f7534,2023-12-13,4
cb4d19e3647c,2023-12-13,4
4a8230d1f3a5,2023-12-13,4
cee96fa0714b,2024-08-26,4
e35cb149f016,2023-12-13,4
dc5d6629e3e3,2023-12-13,4
d6cf1cf66d90,2023-12-13,4
ddae1bf96dde,2023-12-13,4
5e7a89e2512f,2023-12-13,4
1ccdc8416ef3,2023-12-13,4
8a21e5122bd8,2024-01-30,4
942f1f2b60ea,2023-12-13,4
9bc48f2e9c2f,2023-12-13,4
1174c9bfd034,2023-12-13,4
9c41430a3118,2023-12-13,4
093409705fda,2024-09-26,4
6d3c9094e20b,2024-01-04,4
fd62b991e36d,2023-12-13,4
a98164d0da3b,2023-12-13,4
c9bd2cd8ed33,2023-12-13,4
ae73f2ff6bf4,2023-12-13,4
6efa300401b1,2023-12-13,4
461a8e2b14f8,2024-01-25,4
f2c21f2fd8d3,2023-12-13,4
8c3a86a453e4,2023-12-13,4
ee6b635c0e62,2023-12-13,4
54d0ec62d3e4,2024-01-26,4
e4f6ba21da56,2023-12-13,4
51ef7f6a0f68,2023-12-13,4
9d351c3d2156,2023-12-13,4
03f4ea52c8e9,2023-12-13,4
e314c3d83ee9,2023-12-13,4
fd6c1734dfcf,2023-12-13,4
28165bde8adc,2023-12-13,4
a6fec605887e,2023-12-13,4
d7111ffb5a24,2023-12-13,4
b8d0a7a69796,2024-03-25,4
791d26975178,2024-03-25,4
e6579c993ebc,2023-12-13,4
bf875510b3b9,2023-12-13,4
1de18c13710d,2023-12-13,4
645f94a90143,2023-12-13,4
adc4f892a569,2023-12-13,4
827ee4403af4,2023-12-13,4
fbc5940ed04d,2023-12-13,4
5e6afab27f8a,2023-12-13,4
8ab81c4230ce,2023-12-13,4
e21e4034c185,2023-12-13,4
c3e78d7557a6,2023-12-13,4
339069ccf03e,2023-12-13,4
6176e6f93cc7,2023-12-13,4
183b1e0acc40,2023-12-13,4
722d35db8e67,2023-12-13,4
b1fd2fdc2778,2023-12-13,4
e36b9ce3fc24,2023-12-13,4
89e711fc48f6,2024-04-24,4
4a25fb123a1e,2023-12-13,4
802bb09ff3bc,2023-12-13,4
17b2c9ec7d15,2023-12-13,4
d2dadb4cc035,2023-12-13,4
f045f626c390,2023-12-13,4
801bf33e83eb,2024-03-13,4
25b90ccff724,2023-12-13,4
78d90f6caf01,2023-12-13,4
4529cab60840,2023-12-13,4
5a2dc6f2855e,2023-12-13,4
a964484bc367,2023-12-13,4
d5be0065e15d,2024-09-15,4
0db28277558e,2023-12-13,4
6d14d65157ec,2024-09-26,4
7e01f5ad8a16,2023-12-13,4
dc1b2b2599f1,2023-12-13,4
958c4892f70c,2023-12-13,4
5be8130f5437,2023-12-13,4
d36edcf0307f,2023-12-13,4
0b62336db275,2024-03-09,4
d00d099afbf5,2023-12-13,4
c344b7e296ba,2024-09-12,4
fa628f97f75d,2023-12-13,4
ec1135348193,2023-12-13,4
d264cb6312ca,2023-12-13,4
d15cfb9a02c8,2023-12-13,4
933211ecd6d1,2023-12-13,4
8e63bddd2588,2023-12-13,4
edbebb7521f9,2024-01-22,4
79003770e55b,2023-12-13,4
5f80a6efd0c5,2023-12-13,4
d453b6c4c0de,2023-12-13,4
7399ce1777fc,2023-12-13,4
d22fd5adf125,2023-12-13,4
7db608a6ec11,2023-12-13,4
fd48f988fd64,2024-04-14,4
05f7be3f5b3b,2023-12-13,4
0374e021f1ad,2023-12-13,4
d696e12617c8,2023-12-13,4
486be8c826b5,2023-12-13,4
69f1b4ae32e4,2023-12-13,4
99fd3412346e,2023-12-13,4
b3aa8e64e541,2024-04-09,4
1b008dee97d2,2024-07-24,4
d1455400a8fc,2024-07-24,4
785e29671ede,2024-06-01,4
ea3267db95e2,2024-06-26,4
6bf35c345d16,2023-12-13,4
cb9c7cf5d2de,2023-12-13,4
32381b4157b7,2023-12-13,4
71d3c8ee9b79,2023-12-13,4
0fc865b332ad,2023-12-13,4
bd44d0be4827,2023-12-13,4
268b6263a70e,2023-12-13,4
746c23e9d208,2023-12-13,4
6b15169830fd,2023-12-13,4
950496af75c8,2023-12-13,4
ece36ceca9ad,2023-12-13,4
09d0604ad9bd,2023-12-13,4
9a712c4cf6b7,2024-04-08,4
776e43f3c2d3,2023-12-13,4
76ad74eb6daa,2023-12-13,4
2f711bc12b15,2023-12-13,4
e2aded14b1d3,2023-12-13,4
ec0f7d3d9b53,2023-12-13,4
7c4fd59917e9,2023-12-13,4
94bfdce908b0,2023-12-13,4
f1eb9c33424e,2023-12-13,4
e9c03d5aeed9,2023-12-13,4
d9f5cbd8e676,2023-12-13,4
68be511fb53e,2024-05-24,4
9f716dce9a57,2023-12-13,4
b889c3521163,2023-12-13,4
7a705afbc20b,2023-12-13,4
b28042fe6f4f,2023-12-13,4
1269790d41ec,2023-12-13,4
54ec7c8dc176,2024-03-17,4
90b1624dda9b,2023-12-13,4
8e5118cf34a2,2023-12-13,4
02581734efc0,2023-12-13,4
d010599a929f,2023-12-13,4
6a52da64d634,2023-12-13,4
80dfa048f0e7,2023-12-13,4
823f41b03e80,2023-12-13,4
5ee1252cb557,2023-12-13,4
61e276d5dc9e,2023-12-13,4
fddddb814792,2023-12-13,4
2a04e399547e,2023-12-27,4
3bb90f6b955c,2023-12-13,4
35d472659432,2023-12-13,4
45ec31162fbd,2023-12-13,4
926e9ded2445,2023-12-13,4
f4607b8d03f3,2023-12-13,4
39966659ddc0,2023-12-13,4
559447760c64,2023-12-13,4
72d52ac7f38d,2023-12-13,4
1f3eb78a8db7,2024-08-28,4
42329fdaf1e2,2024-08-05,4
22b87c1e806e,2024-08-05,4
0d49de8d291a,2024-08-05,4
98d3b7a3930a,2024-08-05,4
a7778529bdef,2024-08-05,4
a30df505e986,2023-12-13,4
039823e72e87,2023-12-13,4
6bfd2d5b5591,2023-12-13,4
ce1b67b81599,2023-12-13,4
7fd220a217c2,2023-12-13,4
44dbeba70827,2023-12-13,4
5c6cc02fa922,2023-12-13,4
907f637b989a,2023-12-13,4
f5217e9462a7,2023-12-13,4
a99bc1ab10f4,2023-12-13,4
2b1952980df8,2023-12-13,4
443dc40f11fb,2023-12-13,4
da3eb29bb1c4,2023-12-13,4
5a676718916e,2023-12-13,4
16024763e70f,2024-08-08,4
c017b9238f7a,2023-12-13,4
419b4ffe7be6,2023-12-13,4
b5040a2a60a8,2023-12-13,4
440643adee3c,2023-12-13,4
275e69f3ad10,2023-12-13,4
b0a855914be8,2023-12-13,4
bde04b7ac609,2023-12-13,4
d0bf6b804b1b,2023-12-13,4
e0e23b5afbfc,2023-12-13,4
4bd86aa59f02,2023-12-13,4
d1245fd3a701,2023-12-13,4
7bead6babf61,2023-12-13,4
7e37003dfeb0,2023-12-13,4
7bdb24257a1c,2024-07-18,4
b4cb27b29c89,2023-12-13,4
4f180d004000,2024-08-27,4
d90483f20999,2024-01-19,4
e7c0464ccaa7,2023-12-13,4
1239da0bd6bd,2023-12-13,4
90495266536f,2023-12-13,4
58577cbae8a8,2023-12-13,4
a80816455744,2023-12-13,4
e58323144ed8,2023-12-13,4
db531041e83b,2024-02-09,4
75a31f21d116,2023-12-13,4
8e64645d12da,2023-12-13,4
ca4a83d9827f,2023-12-13,4
616fb087b31b,2023-12-13,4
e7fbdb42c076,2023-12-13,4
acb0e8558662,2023-12-13,4
96e355f20315,2023-12-13,4
b5744fa160b8,2023-12-13,4
8cc3b7a1c955,2024-08-26,4
92f11f6cad15,2023-12-13,4
f900a5e8410a,2023-12-13,4
b514f9478e10,2023-12-13,4
a2550070325b,2023-12-13,4
9977989653cd,2023-12-26,4
b2b40c28d8cd,2023-12-13,4
dad4df42a187,2023-12-13,4
8ea7f7b7fd17,2023-12-13,4
00fcde74daa6,2023-12-13,4
f93f46181259,2023-12-13,4
c662c8a18dad,2023-12-13,4
d30205f7e0d4,2023-12-13,4
45290ad3b062,2023-12-13,4
67af6809a672,2023-12-13,4
9843f88702b6,2023-12-13,4
19f2510e776d,2023-12-13,4
ed2d5c78450e,2023-12-13,4
ddfa863b0e10,2023-12-13,4
473039c62bd9,2023-12-13,4
d0ba40dc6090,2023-12-13,4
43fbf97e609f,2023-12-13,4
99578f118bab,2023-12-13,4
62f1dfbe9d80,2023-12-13,4
43b7447a6e9b,2023-12-13,4
ed63fc21ac73,2023-12-13,4
6987b3eee8e2,2023-12-13,4
10d9355ce0ba,2023-12-13,4
20294905c9d5,2023-12-13,4
245ed5c0d5af,2023-12-13,4
b22f3ff5da3d,2023-12-13,4
19d65a23a43e,2023-12-13,4
968c8a434652,2023-12-13,4
a1596ac26972,2023-12-13,4
42078afc7b09,2023-12-13,4
392e21adc74e,2023-12-13,4
3ef825757935,2023-12-13,4
5812dc6e1e1a,2023-12-13,4
9c71e73a2e74,2023-12-13,4
21a89776cab9,2023-12-13,4
f62029b9b1bf,2023-12-13,4
c6e7441a207a,2023-12-13,4
2ea15331b89e,2023-12-13,4
097a9804d14b,2023-12-13,4
d0eda6783e38,2024-03-28,4
d62806349db8,2023-12-13,4
b9f3d4c7f38b,2023-12-13,4
f5f3a9575d31,2023-12-13,4
b61d1642d143,2023-12-13,4
4cbf87ee0e29,2023-12-13,4
ed8fd765a734,2023-12-13,4
5168b360a2ce,2023-12-13,4
7e4ba29de3ff,2023-12-13,4
58d40693b577,2023-12-13,4
11b3d68030cf,2023-12-13,4
e7496fc8e20a,2023-12-13,4
e0a7aafd3870,2023-12-13,4
d1e0ce609dc1,2023-12-13,4
bb5082c505f5,2023-12-13,4
7a8da530ebbd,2024-08-05,4
46aa62f5b28e,2023-12-13,4
75432769717c,2023-12-13,4
0cbe2b8149bc,2023-12-13,4
ee55ba6bdc3a,2023-12-13,4
f67cf43efe93,2023-12-13,4
04d9bc3df5e4,2024-03-26,4
54322ccbf0a4,2023-12-13,4
03edeeba2ce2,2023-12-13,4
a2f40f35c475,2023-12-13,4
c4bf3dd42c4d,2023-12-13,4
eaeceaeaf311,2023-12-13,4
91a1f10125f3,2023-12-13,4
81cc3ac6862c,2023-12-13,4
8392f3abe693,2023-12-13,4
fd8b3c5b173e,2023-12-13,4
9fb64cd80a25,2024-09-02,4
f42ab260c307,2023-12-13,4
52bddd15f6d8,2024-09-12,4
3fda23a187dd,2024-05-08,4
f605f5cb2dbc,2023-12-13,4
9e5ce6d73080,2023-12-13,4
3a659f0c0927,2023-12-13,4
5c5299bb5688,2023-12-13,4
3826a44013ab,2023-12-13,4
fa25c9418cf7,2023-12-13,4
b30e7bbda3b5,2023-12-13,4
be50afde2169,2023-12-13,4
f9c17e268048,2023-12-13,4
15ede13edd61,2023-12-13,4
78e509903195,2023-12-13,4
47715034cad3,2023-12-13,4
8f3931ca2faa,2023-12-13,4
c998bd010dce,2023-12-13,4
a0de40fcb388,2023-12-13,4
26f66a386a45,2023-12-13,4
946d8d1b6f7d,2023-12-13,4
4873bdc0d5c5,2023-12-13,4
c35c5550e953,2023-12-13,4
c0c0837d4f83,2023-12-13,4
19c110a2922d,2023-12-13,4
cde2a453130b,2023-12-13,4
07d9a50008dd,2024-08-01,4
42a8b395848e,2023-12-13,4
89498431e058,2023-12-13,4
05d1c9f7d39f,2023-12-13,4
47f4e0f0e132,2023-12-13,4
cbb43114b7d0,2023-12-13,4
d584bfa3da52,2023-12-13,4
080e2b207f75,2023-12-13,4
d7b30a1548d8,2023-12-13,4
f4ae0645d952,2023-12-13,4
115f680ed3db,2023-12-13,4
150f72d6d314,2023-12-13,4
b4cdaf6cc2d0,2023-12-13,4
d0e1ebebe202,2023-12-13,4
f25bc163397d,2023-12-13,4
505a8f40a85d,2023-12-13,4
8e0e17581cf9,2023-12-13,4
9a5916f36766,2023-12-13,4
3f6c74603181,2024-07-09,4
716e6af4afd4,2023-12-13,4
88020da4729f,2023-12-13,4
8e603a5bc189,2023-12-13,4
5a0679d34a17,2023-12-13,4
fc8cb75615c4,2023-12-13,4
bebe7a5e3888,2023-12-13,4
3dbd97eee94f,2023-12-13,4
f3452ebfdce8,2024-02-19,4
ab8e54e4b685,2024-02-19,4
f4964faaf298,2023-12-13,4
6d2a1db6995e,2023-12-13,4
d6bd8f49a576,2023-12-13,4
0b448e895a11,2023-12-13,4
ec78dd9d6768,2023-12-13,4
b34963b5287f,2023-12-13,4
ec042cc18789,2023-12-13,4
8f0a0b9b532a,2023-12-13,4
22290d0813fc,2023-12-13,4
1dc82fecd5a4,2023-12-13,4
2a27b2f499ef,2023-12-13,4
120a95e0651e,2023-12-13,4
78f56d81c9b1,2023-12-13,4
de839c978243,2023-12-13,4
661b4f56e625,2023-12-13,4
df39d658d795,2023-12-13,4
b3b15cebaae6,2023-12-13,4
3e50ef530cc1,2023-12-13,4
be40e09a7621,2023-12-13,4
9219403e3c44,2023-12-13,4
6b42f32e7341,2023-12-13,4
7191bbe5b54e,2023-12-13,4
3b09822444ba,2023-12-13,4
30204f754c9f,2023-12-13,4
a56f3a3d7642,2024-07-25,4
3b4176fdd8ef,2023-12-13,4
8fb208c799ca,2023-12-13,4
3625990a8f9c,2023-12-13,4
fc0861467a1b,2023-12-13,4
acae98b5bd69,2023-12-13,4
2176cca87d77,2023-12-13,4
31fa52076cce,2023-12-13,4
99d9e5ae9fb2,2023-12-13,4
124225daed83,2023-12-13,4
8746d806aee3,2023-12-13,4
aca266735e7b,2023-12-13,4
31a72fac200c,2023-12-13,4
0494697a9b6c,2023-12-13,4
c3c2e523ec5f,2023-12-13,4
04cce05f495a,2023-12-13,4
1c1b303808d7,2023-12-13,4
5b569b6d76a1,2023-12-13,4
926dc68b1399,2023-12-13,4
f1ca5fb66936,2024-01-15,4
a87e6007a0e6,2023-12-13,4
836bf8db7254,2023-12-13,4
1954aa94dab6,2023-12-13,4
c864bd598d22,2023-12-13,4
b2388dac1aa7,2023-12-13,4
f8063f7fa660,2023-12-13,4
83c7001dde5e,2023-12-13,4
7d22711efd37,2023-12-13,4
1350844eb971,2023-12-13,4
4b6127d1c09a,2024-08-20,4
d1912ff68796,2023-12-13,4
d8855f312172,2023-12-13,4
ebdb82ec39c5,2023-12-13,4
5353764779a6,2023-12-13,4
cc0627f3c208,2023-12-13,4
88011c2a271b,2023-12-13,4
e0987db0b217,2023-12-13,4
639cd51c0de6,2023-12-13,4
9037c008fa5e,2023-12-13,4
a5d418bb558f,2023-12-13,4
3bc4b7ba6ca9,2023-12-13,4
234fa9dede53,2023-12-13,4
96237fe8e0d4,2023-12-13,4
60b4c682dad1,2023-12-13,4
e40715c163ee,2023-12-13,4
f32fc9c894a5,2023-12-13,4
176d745bc402,2023-12-13,4
741a8e38039d,2023-12-13,4
23667cd13e70,2024-08-27,4
407bbbc3290a,2023-12-13,4
267beb21cbf3,2023-12-13,4
33dd4df7022d,2024-08-08,4
6c004875e797,2023-12-13,4
b44ed2218d77,2023-12-13,4
b6aec67d3b96,2024-01-28,4
6603cbe32e5e,2024-04-08,4
ea5f51fbb180,2023-12-13,4
1dc20c4f962f,2024-07-12,4
b99cce5322bd,2024-03-03,4
d385438bf404,2023-12-13,4
c782f506d83c,2023-12-13,4
e7f0e9898ee1,2023-12-13,4
38394a62441e,2024-09-09,4
c603f579762b,2024-09-23,4
6fe7b80a53aa,2023-12-13,4
ed07ac53e67f,2023-12-13,4
71ecf5eaeb3f,2023-12-13,4
af994fdfdd22,2023-12-13,4
3beea16a9569,2023-12-13,4
6c328e58b963,2023-12-13,4
55d5e8773e4e,2023-12-13,4
f970b44f7aab,2024-03-05,4
fd21c7b23863,2024-09-07,4
b738669cfb05,2023-12-13,4
8ba2ae73daba,2023-12-13,4
d42e793b74a0,2023-12-13,4
6cd2fd6b37d2,2023-12-13,4
56a65d70583e,2023-12-13,4
ba28f51f3b74,2023-12-13,4
d32ef75700ad,2023-12-13,4
9d72304b18ca,2023-12-13,4
48b316185429,2023-12-13,4
2386fb99f0dc,2023-12-13,4
9b4865c6faf1,2024-01-22,4
f9a3c3989726,2023-12-13,4
e3f4fbe67388,2023-12-13,4
e99f16f558ed,2023-12-13,4
b7c72163325f,2023-12-13,4
cd1e062d7477,2023-12-13,4
08494995236f,2023-12-13,4
fb38d4f0851e,2023-12-13,4
0185e6e2a60f,2024-09-24,4
12a74a83bd3e,2023-12-13,4
847392462fcc,2023-12-13,4
ab13b2e49994,2023-12-13,4
6ecc90cb3d8e,2023-12-13,4
004c615c8f87,2023-12-13,4
34aef5a3e126,2023-12-13,4
b97b3bc1e335,2023-12-13,4
4904334abed9,2023-12-13,4
c76a8c6b322c,2023-12-13,4
93ea0bfeebbe,2024-04-09,4
30a5fae6925d,2023-12-13,4
147157870ab9,2023-12-13,4
9fa7bc07f5ad,2023-12-13,4
0ba47d1b2711,2023-12-13,4
d6c83b06ddc4,2023-12-13,4
761bde84c8bc,2023-12-13,4
e44bcaf68254,2023-12-13,4
9117cb259323,2023-12-13,4
843ae6e2e765,2023-12-13,4
9c5d1a7ae2b3,2023-12-13,4
ef7cefd6f69c,2023-12-13,4
f1b66a2907a7,2023-12-13,4
e9be18f7b7d0,2023-12-13,4
5f716a523282,2023-12-13,4
4157c61945d3,2023-12-13,4
603f62fac8c3,2023-12-13,4
ff525a810224,2023-12-13,4
b5cd08b25331,2023-12-13,4
f2e07def5c0f,2023-12-13,4
51395046f172,2023-12-13,4
ec593b6ec1d9,2023-12-13,4
a7d6ae497a10,2023-12-13,4
a1aefa7d73ea,2023-12-13,4
2bce63703e88,2024-08-27,4
118e1421b096,2023-12-13,4
b35b0423820d,2024-05-29,4
da2430e9b391,2023-12-13,4
83bcb3329f51,2023-12-13,4
b98f08d390e8,2023-12-13,4
c5aa40ed40d5,2023-12-13,4
f17987cd526a,2023-12-13,4
4a7fbdc4cbb1,2023-12-13,4
a73b277f549b,2023-12-13,4
6d412e94831d,2024-08-27,4
de8deca340de,2023-12-13,4
8cf071613f3d,2023-12-13,4
8591292b870b,2023-12-13,4
841835e8ea4b,2023-12-13,4
8ba869540d5b,2023-12-13,4
c43a4a2da3ad,2023-12-13,4
3357156e151b,2023-12-13,4
40e2a39b0b00,2023-12-13,4
76c2ed06cbaa,2023-12-13,4
664809fd17a0,2023-12-13,4
9390098569bd,2023-12-13,4
9e6319d0a216,2023-12-13,4
80fd944d7845,2023-12-13,4
2b1f8d26086c,2023-12-13,4
b39b09e8c6fd,2023-12-13,4
dd5c590d9d52,2023-12-13,4
9cf4773e8d4e,2023-12-13,4
e3194de77bed,2023-12-13,4
28b2eda5d4a0,2023-12-13,4
b6b57405a8c8,2023-12-13,4
b6120a5f4e28,2023-12-13,4
e9892ad6cef3,2023-12-13,4
2da600dc4c73,2023-12-13,4
f6078ad370e7,2023-12-13,4
76a4f99d70f1,2023-12-13,4
b7b8d2ce66df,2023-12-13,4
e64e72739cf6,2023-12-13,4
3dd5190f0afc,2023-12-13,4
6605e6b4ff46,2023-12-13,4
00adb43fcab3,2023-12-13,4
75b39507546b,2023-12-13,4
ccdf59468b80,2023-12-13,4
263d4d452ccc,2023-12-13,4
03d15210144d,2023-12-13,4
870d389ee1b9,2023-12-13,4
36fc33c5e8f2,2023-12-13,4
607647c7670b,2023-12-13,4
1ba46fbd1d7a,2023-12-13,4
8e58fa8a8bcf,2023-12-13,4
6fdff6ffb9c5,2023-12-13,4
f2a7f247d24b,2023-12-13,4
cd6410de3bc3,2023-12-13,4
d6cd39a19edc,2023-12-13,4
241e2003c31a,2023-12-13,4
2e1a3d82f723,2023-12-13,4
0f2fbf862f36,2023-12-13,4
9f4ca69b0075,2023-12-13,4
652047a4d3c0,2023-12-13,4
69a3bd4a552c,2023-12-13,4
ae55061ab73b,2023-12-13,4
7d0484487365,2023-12-13,4
8f56ef5479c7,2023-12-13,4
8557ad6099e2,2023-12-13,4
34fe5bc04137,2023-12-13,4
ec728ab690c0,2023-12-13,4
e467408d87dc,2024-04-09,4
f33ae8e3043d,2023-12-13,4
2d38d8c752ef,2023-12-13,4
365e7dab233e,2023-12-13,4
77267dfe7b5e,2023-12-13,4
6d84dbf88eac,2023-12-13,4
bed13520c400,2023-12-13,4
6e6a730f80a9,2023-12-13,4
caefc3a2a48b,2023-12-13,4
1408497ade4a,2023-12-13,4
2472c6e0775d,2023-12-13,4
af90c3fdcba1,2023-12-13,4
87fee384c7ab,2023-12-13,4
31d21b0f0be4,2024-06-26,4
31c92abeb90b,2023-12-13,4
10e88288f0dc,2023-12-13,4
5e196d8a9e4c,2023-12-13,4
3b5a38f63583,2023-12-13,4
62660871c0ad,2024-01-26,4
c62c0e264edc,2023-12-13,4
40e29bd6882f,2023-12-13,4
3c5d563daa45,2023-12-13,4
1aee2b2e7dbe,2023-12-13,4
aae1ef9f4bea,2023-12-13,4
ff53151ec4d4,2023-12-13,4
e26daf5652b3,2023-12-13,4
166bbf945ce1,2023-12-13,4
9e54a1ba97d1,2023-12-13,4
62ef5fa56872,2023-12-13,4
a507d7538121,2023-12-13,4
2e256ae26c2a,2023-12-13,4
e4901951f05a,2023-12-13,4
0a2ca8d4578d,2023-12-13,4
33cd18f854e9,2023-12-13,4
679e50c47f23,2023-12-13,4
50b65f9e6fb9,2023-12-13,4
16b3978a5fd2,2023-12-13,4
d615dee66018,2024-06-20,4
0f9fab7e5828,2023-12-13,4
11cc4484ff25,2023-12-13,4
a2599ed69786,2024-03-14,4
2e2165243f30,2023-12-13,4
09495913dfed,2023-12-13,4
98e06f94fa9f,2023-12-13,4
58447f11c3b0,2023-12-13,4
f5283383bf30,2023-12-13,4
a377c6abc7d4,2023-12-13,4
4e64b772fa65,2023-12-13,4
72d642d37186,2023-12-13,4
9e60be63d44c,2024-08-05,4
fa2213bcd323,2023-12-13,4
592b9364dea0,2023-12-13,4
3d6e4597e25f,2023-12-13,4
162443537ded,2023-12-13,4
7980d6692b3b,2023-12-13,4
e032c37d1cd5,2023-12-13,4
657b6d8f6975,2023-12-13,4
4453e7044ad7,2023-12-13,4
f27fd32437d5,2023-12-13,4
ebc5d04c5ba2,2023-12-13,4
805db12e155f,2023-12-13,4
237a42760614,2023-12-13,4
1f4768aa4c67,2023-12-13,4
37d440cebfbe,2023-12-13,4
242da184fb6b,2024-07-30,4
b9598b2d5df5,2024-06-16,4
70647ff35df2,2023-12-13,4
cc6c7c390271,2023-12-13,4
694f2c19abbf,2023-12-13,4
630f85e3c2e4,2023-12-13,4
2ef81d114213,2023-12-13,4
172f3de6207e,2023-12-13,4
197a28222843,2023-12-13,4
6cc5a61f436f,2023-12-13,4
7e15d54830c2,2023-12-13,4
94cf0ec15c66,2023-12-13,4
012ba0c889ca,2023-12-13,4
8b4e8ff4b281,2023-12-13,4
e3ef17a9a361,2023-12-13,4
cd706ab077fa,2023-12-13,4
d1dceb12d604,2023-12-13,4
2c98b3ddde7b,2023-12-13,4
ad682b21482d,2023-12-13,4
14bd7336f525,2023-12-13,4
3884f735e9dc,2023-12-13,4
3ebcf8dea952,2023-12-13,4
1689ce161d48,2023-12-13,4
a8319ab88dc1,2023-12-13,4
a87e19710937,2023-12-13,4
cb6710668547,2023-12-13,4
8454d48c8b2a,2023-12-13,4
47ceae85ceb9,2023-12-13,4
4d08dcebb904,2024-05-24,4
9181066f16de,2023-12-13,4
40e283b8d411,2023-12-13,4
eb37e86cbf67,2023-12-13,4
794e5f508a66,2023-12-13,4
131bd068ae57,2023-12-13,4
1218d0240db0,2023-12-13,4
142e7bf5f2ad,2023-12-13,4
f1a0a0a75c3d,2023-12-13,4
56b78710ee31,2023-12-13,4
6088b796b627,2023-12-13,4
90a4787a9b90,2023-12-13,4
9b220decf7c0,2023-12-13,4
bc2e4700390c,2023-12-13,4
459c7814a693,2023-12-13,4
61e6a231751c,2023-12-13,4
bb9b0a79bd08,2023-12-13,4
d487df2a87ee,2023-12-13,4
e4dac9f97c33,2023-12-13,4
e8b9e6e20bbf,2024-07-23,4
62ed0826a6b6,2023-12-13,4
13a06570599c,2023-12-13,4
6b5308c0d058,2023-12-13,4
9b0caa08f55d,2023-12-13,4
fdfd860b43b9,2023-12-13,4
4dbbfa8dc403,2023-12-13,4
028c85d344ba,2023-12-13,4
eae5764d9189,2023-12-13,4
9cea803407be,2023-12-13,4
86e92d537d1b,2023-12-13,4
d9493a89b164,2023-12-13,4
d62a3345bab4,2023-12-13,4
f4c34f2c4a23,2023-12-13,4
58d8822dd12f,2023-12-13,4
8c76a0ed1003,2023-12-13,4
3070ab321edc,2023-12-13,4
b20fdc8f2847,2023-12-13,4
40c8de1ade8b,2023-12-13,4
eddeaf2336e4,2023-12-13,4
d84dfb12633b,2023-12-13,4
457d024baa6a,2023-12-13,4
22958de33b57,2023-12-13,4
bd5ebfd4ad96,2023-12-13,4
b5c2cfa1ba63,2023-12-13,4
b3e6d43d71d1,2023-12-13,4
d051b6b31a82,2023-12-13,4
92d421c02acf,2023-12-13,4
1896fbba467f,2023-12-13,4
c153d60d48fc,2023-12-13,4
0be0e7e78c8c,2023-12-13,4
b5b9f96e01f7,2023-12-13,4
4cfe07e02dad,2023-12-13,4
43a7b07e1fdc,2023-12-13,4
f79fa78ddb8b,2024-04-09,4
74dc29943be0,2024-08-08,4
d745fc5f27d0,2024-03-06,4
4c899f3092b8,2023-12-13,4
240a5f101a22,2023-12-13,4
a3eb2abdefc6,2023-12-13,4
440764a69c8b,2023-12-13,4
cb45e6e0b813,2023-12-13,4
6792b5ff8688,2023-12-13,4
3e4a6b46578b,2023-12-13,4
2bd18ad476c2,2023-12-13,4
0a8b851045c1,2023-12-13,4
323389fb6468,2023-12-13,4
fd16dce2b8b7,2023-12-13,4
f0c73961dace,2023-12-13,4
d83053080f03,2023-12-13,4
cb00e7ea3438,2023-12-13,4
2244b0620b52,2023-12-13,4
24e03c676a38,2023-12-13,4
5fbe892d97cd,2023-12-13,4
59d521b824d5,2023-12-13,4
8923b6c624c1,2023-12-13,4
26bb124fccb6,2023-12-13,4
a2d527b6cf73,2023-12-13,4
6006050ca193,2023-12-13,4
b4c9b7676188,2023-12-13,4
26c9f94a34fa,2023-12-13,4
c84d5060a4dd,2023-12-13,4
5b4ad0ec4ad3,2023-12-13,4
473b9b63e6e8,2024-07-15,4
b9597c495199,2023-12-13,4
c30b140047aa,2023-12-13,4
b8244dc81a82,2024-06-17,4
ff5910ed349b,2023-12-13,4
7ed0e6d239ec,2024-06-17,4
470bebc22674,2024-01-19,4
37d4071875f3,2023-12-13,4
1d07f79e239e,2023-12-13,4
195f499ecd7d,2023-12-29,4
b1e95affc3da,2023-12-13,4
59db39f49c8d,2023-12-13,4
e5734c6b6c46,2023-12-13,4
23dac4f9e50d,2023-12-13,4
9c073a067d3b,2023-12-13,4
ec70b0b31420,2023-12-13,4
badf9f054404,2023-12-13,4
407b002c3c29,2023-12-13,4
95620a0c87b2,2024-01-19,4
5ba15214c0e0,2024-03-09,4
5fbd13ecf1e0,2023-12-13,4
155591218bd8,2023-12-13,4
0e30c794435a,2023-12-13,4
992c3c10a302,2024-02-12,4
f24c58c9e49f,2023-12-13,4
0264678a202b,2023-12-13,4
3160cddc5056,2023-12-13,4
4c692cba98de,2023-12-13,4
238a2019951d,2023-12-13,4
1346df7f2256,2023-12-13,4
238a521c320b,2023-12-13,4
8cee0389e3f6,2023-12-13,4
86405bc97247,2023-12-13,4
ac04db53300d,2023-12-13,4
6fa8be7b8425,2023-12-13,4
c0067def74e7,2024-07-03,4
3ffc48837e9b,2023-12-13,4
7138d95e7387,2023-12-13,4
32421ac9b746,2023-12-13,4
007ea45f8e2a,2023-12-13,4
fc2a0329f0d5,2023-12-13,4
fed860cf14bf,2023-12-13,4
f4eda90fa45c,2023-12-13,4
e22daabc4916,2023-12-13,4
41689a040858,2023-12-13,4
6b3989a0c4b4,2023-12-13,4
b334078f32fd,2023-12-13,4
16f527c0f565,2023-12-13,4
943df71d3b35,2023-12-13,4
a596b321c4d5,2024-08-12,4
4d4f3fd5de64,2023-12-13,4
002f51c34a7a,2023-12-13,4
303b9f238c38,2024-09-25,4
44f0c7fd35db,2023-12-13,4
6a411465290a,2023-12-13,4
0598c27d4bc7,2024-03-05,4
4b1b760d38f9,2023-12-13,4
6401ad409fb1,2023-12-13,4
7ea2c9303061,2023-12-13,4
648daaee3d51,2023-12-13,4
f637d165e8d0,2023-12-13,4
f12541275b3b,2023-12-13,4
f2b350309bb3,2024-01-19,4
74507078af35,2023-12-13,4
85021f55d0b4,2023-12-13,4
e6f1c747e117,2023-12-13,4
1e3b3eaea46c,2023-12-13,4
d99eadb19f10,2023-12-13,4
372c0dd1a8b8,2023-12-13,4
92e4c4b14a20,2023-12-13,4
d4110fa9ed1c,2023-12-13,4
a45ed8ade2ca,2023-12-13,4
7ef17ecd7b67,2023-12-13,4
1d467f855a11,2024-08-01,4
d41bb057cebd,2024-08-04,4
aea91820d900,2023-12-13,4
fc974a842afd,2023-12-13,4
67f32e89e962,2023-12-13,4
210cbc36c588,2023-12-13,4
14888732c6c5,2024-01-30,4
47f6b46f5113,2023-12-13,4
0a2940366bec,2023-12-13,4
6dd49c5da974,2023-12-13,4
dc4fb27a0a30,2023-12-13,4
534a94fb38a8,2023-12-13,4
d7cad1c1b1b3,2023-12-13,4
4301c83106e4,2024-07-28,4
d60c860d4a2d,2024-08-19,4
631a76786904,2023-12-13,4
3c6494be725e,2023-12-13,4
d76bab6e0f32,2023-12-13,4
345c66af008d,2023-12-13,4
44c1b852391d,2023-12-13,4
b8d19742dd21,2023-12-13,4
7023fb769cca,2023-12-13,4
b46ee5c6d09f,2023-12-13,4
55cd267d0fae,2023-12-13,4
1a8863ab26a9,2023-12-13,4
a8a1351d1c7d,2023-12-13,4
867339f96c10,2023-12-13,4
1b5408c72571,2023-12-13,4
90e6eaec0479,2023-12-13,4
6e209189d838,2023-12-13,4
23933f27c526,2023-12-13,4
3313fcb525cc,2023-12-13,4
3713bf4315d5,2023-12-13,4
f4f95bc9c218,2023-12-13,4
65a189bb4895,2023-12-13,4
02d8de207500,2023-12-13,4
23c9a49e79a0,2023-12-13,4
a5692ee3b6a3,2024-03-11,4
c0d845e585a5,2023-12-13,4
92156a4f080b,2023-12-13,4
498fd25d2ec2,2024-03-11,4
abb3ce302383,2024-03-11,4
a2fe2182de4e,2024-03-11,4
925df22d0072,2023-12-13,4
9bac229353f8,2023-12-13,4
2d90c2354850,2023-12-13,4
ea5a8cf0ca51,2023-12-13,4
99bbb2096edb,2023-12-13,4
0ece4568f6c8,2024-03-11,4
c8e682aebd75,2024-03-11,4
a69496d9386a,2024-03-11,4
d5f5b4703d6f,2023-12-13,4
347cf13a4ad4,2023-12-13,4
c21b055692fa,2024-03-11,4
eded812b841d,2024-03-11,4
044a38ce3e2a,2024-03-11,4
489802beac56,2024-03-11,4
de7c7a547af4,2023-12-13,4
36468129d5fe,2023-12-13,4
0800028738ec,2023-12-13,4
4d42e20d0e23,2023-12-13,4
b63f9e0bb74b,2023-12-13,4
a8adcfa52913,2024-08-21,4
c6e60c335c12,2023-12-13,4
36ffef7fb11a,2023-12-13,4
311507cb98e7,2023-12-13,4
dae230c3da57,2023-12-13,4
37d21d3407cc,2023-12-13,4
b69abbb4692f,2023-12-13,4
eb2ca60f6543,2023-12-13,4
7c14cc6cce73,2023-12-13,4
393dc81be782,2023-12-13,4
64f97b053e9d,2023-12-13,4
f5e68ca47c16,2023-12-13,4
5b5b6cf5febb,2023-12-13,4
51094eff623b,2024-03-11,4
3ff770a4ebb2,2024-08-05,4
fe48485c4680,2023-12-13,4
e740c6b7914d,2023-12-13,4
f036b0fdffff,2023-12-13,4
7f24b8e181df,2023-12-13,4
7e5f60d322c8,2023-12-13,4
3117c7b69107,2023-12-13,4
cbb72403b77a,2024-03-11,4
8778df459d11,2024-03-11,4
4896e1d9ddee,2023-12-13,4
350a4243d3a3,2023-12-13,4
36fc53458fa7,2023-12-13,4
49950bb453c8,2023-12-13,4
db44ce02467f,2023-12-13,4
e9798310382a,2023-12-13,4
ee5734b2aebc,2023-12-13,4
e670abcba1b8,2023-12-13,4
2c7612527f51,2023-12-13,4
a18c8f859de1,2023-12-13,4
ec15cfb368bf,2023-12-13,4
c759c3547cd4,2023-12-13,4
a216e8a683ba,2023-12-13,4
7fd9aeb9c93c,2024-06-03,4
4505dee382c2,2023-12-13,4
53f5d8ab1b10,2023-12-13,4
db172bac8484,2024-09-06,4
51bf1ffd64a3,2023-12-13,4
5f374ff262c9,2023-12-13,4
ad2fee3ced30,2023-12-13,4
3f2bed0e2c8d,2023-12-13,4
1c6af660580c,2023-12-13,4
0893f81e4e0d,2023-12-13,4
98a9f5ef94bb,2023-12-13,4
00c372ee017e,2023-12-13,4
9eb1605fae19,2023-12-13,4
8459d4ae2636,2023-12-13,4
9e10fd9e9f12,2023-12-13,4
bcae7a62a679,2023-12-13,4
3d0a6d1afe26,2024-06-07,4
993eef84c79e,2023-12-13,4
bc1504e7d7a9,2023-12-13,4
65238741cecc,2023-12-13,4
07ebbaf02f0c,2023-12-13,4
1d368d7b17d0,2024-08-06,4
90193333901b,2023-12-13,4
4e62030d23a1,2023-12-13,4
19fe0e77c5ba,2023-12-13,4
0eb963285917,2023-12-13,4
ecacdc433265,2023-12-13,4
1bf1b0c83db4,2023-12-13,4
604636970d16,2023-12-13,4
4fee908c3f1e,2023-12-13,4
84bc314fc3c0,2023-12-13,4
1a3a30a85337,2024-03-19,4
a0cd57fbced3,2023-12-13,4
167e52edb027,2023-12-13,4
dda49bc3bf9f,2023-12-13,4
55eef7765d48,2024-03-18,4
0cb5f3a27b8d,2023-12-13,4
cdb2042cea0a,2023-12-13,4
9057dd4cc72d,2023-12-13,4
17550104a097,2023-12-13,4
a7c72dc0c331,2023-12-13,4
fd0966a870ff,2023-12-13,4
344b73ad4c4b,2024-03-02,4
2a9b9f576397,2023-12-13,4
f8f19cf3c52d,2024-08-12,4
d0e5e6a6beba,2024-09-09,4
8d4de05507a6,2023-12-13,4
80cd387b2f21,2023-12-13,4
85055382d2b4,2024-04-09,4
0f088adedda3,2023-12-13,4
7e821b742685,2023-12-13,4
0492e8a87167,2023-12-13,4
5b1956b6e80a,2024-04-09,4
c01564b5da40,2024-01-28,4
5cf27011c25b,2023-12-13,4
623e9c0c0501,2023-12-13,4
be0bb5160403,2023-12-13,4
e7c965603507,2023-12-13,4
563adc47474e,2024-08-24,4
7e59590a2063,2024-01-23,4
00aa37841bff,2023-12-13,4
59da749e5f11,2023-12-13,4
023861d4f02f,2023-12-13,4
7e67e0d18612,2023-12-13,4
05bab65e6df6,2024-01-19,4
ff1105e5dd3e,2023-12-13,4
e47fe9e828ba,2023-12-13,4
4d6b56824f1e,2023-12-13,4
ae35f8c58b77,2023-12-13,4
a1eb173d943a,2023-12-13,4
a5d5d5977b23,2023-12-13,4
4279e9ee1a91,2023-12-13,4
7037eba829c8,2023-12-13,4
c70f038875ea,2023-12-13,4
52ba5f48d26e,2023-12-13,4
a79baffaffb6,2023-12-13,4
e3aca94c06db,2023-12-13,4
e5f5491929ec,2023-12-13,4
f4a582b39c10,2024-01-25,4
759ffe3cb22c,2023-12-13,4
76128a6e256f,2023-12-13,4
88980ee9bb94,2023-12-13,4
bb417b338b12,2023-12-13,4
fee95e3f6e92,2023-12-13,4
1a7a5d7522ca,2023-12-13,4
a44a0ef875b9,2023-12-13,4
3d117964b938,2024-08-26,4
d30beee2c19a,2023-12-13,4
b31d96415031,2023-12-13,4
57c485a50372,2024-01-28,4
84e52018c8b6,2023-12-13,4
16753a440e33,2023-12-13,4
eba8eeefe150,2023-12-13,4
abae45270548,2024-02-05,4
0860b9a0eb0c,2023-12-13,4
ed0ac2a053e1,2024-02-19,4
c5fc45591d29,2023-12-13,4
ce095a3b2a07,2023-12-13,4
eab7ac2e4b1b,2024-02-13,4
5742e68677de,2023-12-13,4
97df70181739,2023-12-13,4
9675eb7515d8,2023-12-13,4
44a041c9d8a3,2023-12-13,4
289cbaa693dc,2023-12-13,4
5b4176d9848d,2023-12-13,4
235ec09034fa,2023-12-13,4
587da331a390,2024-03-15,4
e403d6e4aad3,2023-12-13,4
18a339ffb6f7,2023-12-13,4
6385b3bebfdc,2024-02-28,4
b57f047c6071,2023-12-13,4
584507fd354c,2024-09-11,4
41ead244d03e,2024-08-14,4
3c7f67882b42,2023-12-13,4
1cf35ac0ba64,2023-12-13,4
1d353d47b1a6,2023-12-13,4
ddb9fd9feef4,2023-12-13,4
d2cf5c3dd5dd,2023-12-13,4
4921679aab68,2023-12-13,4
35e387d3f202,2023-12-13,4
12fbd3365b28,2023-12-13,4
00bdc160ccb8,2023-12-13,4
53d9fbf41098,2023-12-13,4
fd4fd1350982,2023-12-13,4
c838819ce933,2023-12-13,4
190e1be47eee,2023-12-13,4
a1829d5a47b6,2023-12-13,4
e34b1f21c66f,2023-12-13,4
2b90629d609b,2023-12-13,4
11ce51435b1e,2023-12-13,4
84d561b5751f,2023-12-13,4
6e17239c7ecd,2023-12-13,4
08c4eb4a775a,2023-12-13,4
383049250868,2023-12-13,4
47a782cd332a,2023-12-13,4
9bf74fe94b77,2023-12-13,4
ea99f58662bf,2023-12-13,4
9f823a476546,2024-04-15,4
34eebf6202f2,2023-12-13,4
f841a80d17ae,2023-12-13,4
a2cb03b59f2e,2023-12-13,4
6d3cbf914c9c,2023-12-13,4
52f12b056083,2023-12-13,4
a10577439fbb,2024-08-07,4
8426b2235225,2023-12-13,4
2ade31986fcc,2023-12-13,4
c37feb93655f,2023-12-13,4
5236cb75ccc3,2023-12-13,4
9c299a5e9104,2023-12-13,4
13d4259b0f09,2024-05-22,4
1361d3af14b2,2024-07-15,4
cfc75a0dfe8f,2024-07-23,4
323458c215c0,2024-03-18,4
9b046e1902ed,2023-12-13,4
d297cf8755d4,2023-12-13,4
043e20dde00c,2023-12-13,4
769bee5a8dba,2024-02-08,4
56f202bdd952,2023-12-13,4
481bd4544954,2024-09-18,4
20f055a06676,2023-12-13,4
04eb04bb010e,2023-12-13,4
76288a57403e,2024-02-25,4
20aec726b945,2023-12-13,4
54b699c0b970,2023-12-13,4
3de0b9b7fc76,2023-12-13,4
442e1b36fbe0,2024-09-24,4
37cf84eab24b,2023-12-13,4
961f5950ea68,2023-12-13,4
0f9dbf416d27,2024-09-09,4
b3a1c1d65867,2023-12-13,4
0c3ed561a69d,2023-12-13,4
fb10b9aaef25,2024-02-27,4
c7275943bad7,2023-12-13,4
94ccd64b47c8,2024-07-25,4
3f0bed200fbc,2024-09-18,4
a01ef046e1ef,2024-07-26,4
831af8fc4125,2023-12-13,4
bcb623dd479e,2023-12-13,4
f08bd8605c9e,2023-12-13,4
1013cdb1840e,2023-12-13,4
cfe01f0073fa,2023-12-13,4
c0761495e2e0,2023-12-13,4
d3451da1d854,2024-07-01,4
26cf5b4a9e8b,2023-12-13,4
810b1ee3bab7,2023-12-13,4
66670de92ae8,2023-12-13,4
fe57959345cb,2023-12-13,4
7b3608c24e9f,2023-12-13,4
30fdee5ac5b6,2023-12-13,4
1022096aced5,2023-12-13,4
18970ea350a5,2023-12-13,4
79565ad80233,2023-12-13,4
1c8a27281404,2023-12-13,4
f7654335ce4e,2024-02-13,4
e21f7060d557,2023-12-13,4
08e27fbc8e1a,2024-09-04,4
b0b71b99a23b,2024-02-14,4
6873f2cea1b5,2024-09-12,4
56538245e7c5,2023-12-13,4
db357585f971,2024-02-10,4
e3190831b690,2024-04-22,4
cccb0387b6e2,2023-12-13,4
c97fabf2b781,2023-12-13,4
80732089c637,2023-12-13,4
de516cf8d036,2023-12-13,4
0ac73db467f6,2023-12-13,4
062ee48a7ee6,2023-12-13,4
7c64aa700568,2023-12-13,4
513e38044e0a,2024-05-28,4
ef8835bfcffb,2023-12-13,4
fdb7f65bd6db,2024-04-20,4
13d764679cbc,2024-04-20,4
e6fdf6a386f4,2024-03-19,4
c6664c17ddcb,2023-12-13,4
65efcb9e8b7c,2024-08-05,4
753e104d8ab6,2023-12-13,4
32a1a351a186,2023-12-13,4
b55b5a852c83,2023-12-13,4
c2ce423eb745,2024-05-27,4
9223f4363cfe,2023-12-13,4
542f4875a846,2023-12-13,4
3c7435256b1f,2023-12-13,4
87b794255afc,2023-12-13,4
9262bcc54cc8,2023-12-13,4
7ab8134201de,2023-12-13,4
6d88746b0ce3,2023-12-13,4
0a832c545a6a,2023-12-13,4
89420f32d936,2023-12-13,4
1dba05bee5be,2023-12-13,4
4a06c6d57d3f,2024-07-09,4
76974f27f3e7,2023-12-13,4
1abd3722537b,2023-12-13,4
78739eb32b2b,2023-12-13,4
c304e866ad10,2023-12-13,4
ca3de1648493,2023-12-13,4
4444d3b8da6f,2023-12-13,4
9c82c0176fc7,2023-12-13,4
0e1be538fe90,2024-07-14,4
19a1bd7fc540,2023-12-13,4
d909b265462e,2023-12-13,4
07fd6a533728,2023-12-13,4
