date,item_id,normal_price,price,quantity,store_id
2023-08-01,bc2f82a22e11,189.0,100.0,8.0,1
2023-08-01,389412076801,179.0,100.0,5.0,1
2023-08-01,0e39cf5d57c1,149.0,100.0,5.0,1
2023-08-01,dd94e2bc5601,149.0,100.0,1.0,1
2023-08-01,e60d890f2812,369.0,270.0,1.0,1
2023-08-01,fb45888e228e,589.0,350.0,1.0,1
2023-08-02,0e39cf5d57c1,149.0,100.0,3.0,1
2023-08-02,fb45888e228e,589.0,350.0,6.0,1
2023-08-03,bc2f82a22e11,189.0,100.0,1.0,1
2023-08-03,389412076801,179.0,100.0,1.0,1
2023-08-03,0e39cf5d57c1,149.0,100.0,6.0,1
2023-08-03,dd94e2bc5601,149.0,100.0,1.0,1
2023-08-03,3a95d538a917,229.0,120.0,5.0,1
2023-08-03,e60d890f2812,369.0,270.0,1.0,1
2023-08-03,a9d8c085adc0,549.0,300.0,1.0,1
2023-08-03,fb45888e228e,589.0,350.0,4.0,1
2023-08-03,74d6ed799e21,529.0,370.0,2.0,1
2023-08-03,f049b16ba53a,719.0,370.0,2.0,1
2023-08-04,0e39cf5d57c1,149.0,100.0,4.0,1
2023-08-04,dd94e2bc5601,149.0,100.0,4.0,1
2023-08-04,a9d8c085adc0,549.0,300.0,9.0,1
2023-08-04,17abde81f33d,469.0,320.0,1.0,1
2023-08-04,fb45888e228e,589.0,350.0,5.0,1
2023-08-04,4849cb059ba3,559.0,370.0,6.0,1
2023-08-04,f049b16ba53a,719.0,370.0,1.0,1
2023-08-04,76c18abd8f7c,529.0,380.0,4.0,1
2023-08-05,95879f411e24,189.0,100.0,2.0,1
2023-08-05,389412076801,179.0,100.0,2.0,1
2023-08-05,0e39cf5d57c1,149.0,100.0,4.0,1
2023-08-05,3a95d538a917,229.0,120.0,3.0,1
2023-08-05,44c942fe217c,529.0,220.0,8.0,1
2023-08-05,a9d8c085adc0,549.0,300.0,3.0,1
2023-08-05,4849cb059ba3,559.0,370.0,5.0,1
2023-08-05,74d6ed799e21,529.0,370.0,2.0,1
2023-08-05,f049b16ba53a,719.0,370.0,2.0,1
2023-08-05,76c18abd8f7c,529.0,380.0,2.0,1
2023-08-06,95879f411e24,189.0,100.0,1.0,1
2023-08-06,0e39cf5d57c1,149.0,100.0,3.0,1
2023-08-06,dd94e2bc5601,149.0,100.0,5.0,1
2023-08-06,3a95d538a917,229.0,120.0,1.0,1
2023-08-06,44c942fe217c,529.0,220.0,2.0,1
2023-08-06,f611e25fa53a,559.0,270.0,3.0,1
2023-08-06,e60d890f2812,369.0,270.0,1.0,1
2023-08-06,a9d8c085adc0,549.0,300.0,1.0,1
2023-08-06,fb45888e228e,589.0,350.0,5.0,1
2023-08-06,4849cb059ba3,559.0,370.0,2.0,1
2023-08-06,74d6ed799e21,529.0,370.0,1.0,1
2023-08-06,f049b16ba53a,719.0,370.0,1.0,1
2023-08-06,76c18abd8f7c,529.0,380.0,1.0,1
2023-08-07,d63b63612407,159.0,100.0,5.0,1
2023-08-07,389412076801,179.0,100.0,7.0,1
2023-08-07,f0c2857afa61,199.0,100.0,4.0,1
2023-08-07,e7ff6ea67040,209.0,120.0,14.0,1
2023-08-07,fb45888e228e,589.0,350.0,1.0,1
2023-08-07,74d6ed799e21,529.0,370.0,1.0,1
2023-08-07,76c18abd8f7c,529.0,380.0,2.0,1
2023-08-08,d63b63612407,159.0,100.0,4.0,1
2023-08-08,bc2f82a22e11,189.0,100.0,5.0,1
2023-08-08,389412076801,179.0,100.0,11.0,1
2023-08-08,f0c2857afa61,199.0,100.0,3.0,1
2023-08-08,dd94e2bc5601,149.0,100.0,13.0,1
2023-08-08,e7ff6ea67040,209.0,120.0,18.0,1
2023-08-08,f611e25fa53a,559.0,270.0,1.0,1
2023-08-09,bc2f82a22e11,189.0,100.0,3.0,1
2023-08-09,dd94e2bc5601,149.0,100.0,4.0,1
2023-08-09,e7ff6ea67040,209.0,120.0,16.0,1
2023-08-09,74d6ed799e21,529.0,370.0,1.0,1
2023-08-10,d63b63612407,159.0,100.0,2.0,1
2023-08-10,bc2f82a22e11,189.0,100.0,2.0,1
2023-08-10,dd94e2bc5601,159.0,100.0,3.0,1
2023-08-10,e7ff6ea67040,219.0,120.0,2.0,1
2023-08-10,e60d890f2812,379.0,270.0,1.0,1
2023-08-12,e7ff6ea67040,219.0,120.0,2.0,1
2023-08-19,95879f411e24,189.0,100.0,2.0,1
2023-08-19,f0c2857afa61,199.0,100.0,1.0,1
2023-08-19,0e39cf5d57c1,149.0,100.0,7.0,1
2023-08-19,e7ff6ea67040,219.0,120.0,3.0,1
2023-08-19,44c942fe217c,529.0,220.0,1.0,1
2023-08-19,e60d890f2812,379.0,270.0,1.0,1
2023-08-19,a9d8c085adc0,549.0,300.0,1.0,1
2023-08-19,fb45888e228e,599.0,350.0,4.0,1
2023-08-19,4849cb059ba3,569.0,370.0,4.0,1
2023-08-19,f049b16ba53a,729.0,370.0,1.0,1
2023-08-19,76c18abd8f7c,539.0,380.0,2.0,1
2023-08-20,389412076801,179.0,100.0,8.0,1
2023-08-20,f0c2857afa61,199.0,100.0,2.0,1
2023-08-20,0e39cf5d57c1,149.0,100.0,9.0,1
2023-08-20,dd94e2bc5601,159.0,100.0,2.0,1
2023-08-20,3a95d538a917,229.0,120.0,1.0,1
2023-08-20,e7ff6ea67040,219.0,120.0,4.0,1
2023-08-20,44c942fe217c,529.0,220.0,11.0,1
2023-08-20,e60d890f2812,379.0,270.0,6.0,1
2023-08-20,a9d8c085adc0,549.0,300.0,11.0,1
2023-08-20,fb45888e228e,599.0,350.0,13.0,1
2023-08-20,4849cb059ba3,569.0,370.0,7.0,1
2023-08-20,f049b16ba53a,729.0,370.0,4.0,1
2023-08-20,76c18abd8f7c,539.0,380.0,7.0,1
2023-08-21,389412076801,179.0,100.0,2.0,1
2023-08-21,0e39cf5d57c1,149.0,100.0,9.0,1
2023-08-21,e7ff6ea67040,219.0,120.0,11.0,1
2023-08-21,a9d8c085adc0,549.0,300.0,7.0,1
2023-08-21,fb45888e228e,599.0,350.0,10.0,1
2023-08-21,4849cb059ba3,569.0,370.0,5.0,1
2023-08-21,76c18abd8f7c,539.0,380.0,6.0,1
2023-08-22,95879f411e24,189.0,100.0,2.0,1
2023-08-22,389412076801,179.0,100.0,2.0,1
2023-08-22,dd94e2bc5601,159.0,100.0,2.0,1
2023-08-22,e7ff6ea67040,219.0,120.0,6.0,1
2023-08-22,a9d8c085adc0,549.0,300.0,1.0,1
2023-08-22,4849cb059ba3,569.0,370.0,1.0,1
2023-08-22,f049b16ba53a,729.0,370.0,1.0,1
2023-08-23,bc2f82a22e11,189.0,100.0,4.0,1
2023-08-23,0e39cf5d57c1,149.0,100.0,1.0,1
2023-08-23,e7ff6ea67040,219.0,120.0,5.0,1
2023-08-23,e60d890f2812,379.0,270.0,2.0,1
2023-08-23,a9d8c085adc0,549.0,300.0,3.0,1
2023-08-23,17abde81f33d,479.0,320.0,1.0,1
2023-08-23,f049b16ba53a,729.0,370.0,1.0,1
2023-08-23,76c18abd8f7c,539.0,380.0,1.0,1
2023-08-24,bc2f82a22e11,189.0,100.0,3.0,1
2023-08-24,95879f411e24,189.0,100.0,1.0,1
2023-08-24,389412076801,179.0,100.0,4.0,1
2023-08-24,e7ff6ea67040,219.0,120.0,6.0,1
2023-08-24,e60d890f2812,379.0,270.0,1.0,1
2023-08-24,4849cb059ba3,569.0,370.0,4.0,1
2023-08-24,76c18abd8f7c,539.0,380.0,1.0,1
2023-08-26,f0c2857afa61,199.0,100.0,1.0,1
2023-08-26,e7ff6ea67040,219.0,120.0,1.0,1
2023-08-26,f611e25fa53a,569.0,270.0,2.0,1
2023-08-26,17abde81f33d,479.0,320.0,1.0,1
2023-08-26,f049b16ba53a,729.0,370.0,3.0,1
2023-08-27,bc2f82a22e11,189.0,100.0,3.0,1
2023-08-27,95879f411e24,189.0,100.0,1.0,1
2023-08-27,dd94e2bc5601,159.0,100.0,2.0,1
2023-08-27,3a95d538a917,229.0,120.0,4.0,1
2023-08-27,44c942fe217c,529.0,220.0,4.0,1
2023-08-27,f611e25fa53a,569.0,270.0,5.0,1
2023-08-27,a9d8c085adc0,549.0,300.0,1.0,1
2023-08-27,4849cb059ba3,569.0,370.0,1.0,1
2023-08-27,74d6ed799e21,539.0,370.0,3.0,1
2023-08-27,f049b16ba53a,729.0,370.0,4.0,1
2023-08-27,76c18abd8f7c,539.0,380.0,2.0,1
2023-08-28,3a95d538a917,229.0,120.0,1.0,1
2023-08-28,f611e25fa53a,569.0,270.0,1.0,1
2023-08-28,4849cb059ba3,569.0,370.0,2.0,1
2023-08-28,74d6ed799e21,539.0,370.0,1.0,1
2023-08-28,76c18abd8f7c,539.0,380.0,1.0,1
2023-08-29,76c18abd8f7c,539.0,380.0,1.0,1
2023-09-03,389412076801,189.0,100.0,4.0,1
2023-09-03,dd94e2bc5601,169.0,100.0,1.0,1
2023-09-03,3a95d538a917,229.0,120.0,1.0,1
2023-09-03,d63b63612407,169.0,120.0,6.0,1
2023-09-03,bc2f82a22e11,189.0,120.0,6.0,1
2023-09-03,e7ff6ea67040,229.0,130.0,1.0,1
2023-09-03,44c942fe217c,549.0,240.0,1.0,1
2023-09-03,a9d8c085adc0,569.0,300.0,3.0,1
2023-09-03,fb45888e228e,589.0,320.0,18.0,1
2023-09-03,17abde81f33d,479.0,330.0,1.0,1
2023-09-03,4849cb059ba3,569.0,380.0,1.0,1
2023-09-03,f049b16ba53a,749.0,380.0,1.0,1
2023-09-03,76c18abd8f7c,539.0,390.0,1.0,1
2023-09-03,9f45a49e5ee4,899.0,630.0,1.0,1
2023-09-04,389412076801,189.0,100.0,6.0,1
2023-09-04,0e39cf5d57c1,159.0,100.0,3.0,1
2023-09-04,3a95d538a917,229.0,120.0,3.0,1
2023-09-04,d63b63612407,169.0,120.0,9.0,1
2023-09-04,bc2f82a22e11,189.0,120.0,11.0,1
2023-09-04,f0c2857afa61,199.0,120.0,4.0,1
2023-09-04,44c942fe217c,195.0,240.0,11.0,1
2023-09-04,e60d890f2812,389.0,270.0,1.0,1
2023-09-04,a9d8c085adc0,270.0,300.0,32.0,1
2023-09-04,fb45888e228e,589.0,320.0,21.0,1
2023-09-04,f611e25fa53a,275.0,320.0,13.0,1
2023-09-04,17abde81f33d,479.0,330.0,3.0,1
2023-09-04,4cf0bb777594,489.0,340.0,2.0,1
2023-09-04,4849cb059ba3,569.0,380.0,7.0,1
2023-09-04,74d6ed799e21,549.0,380.0,2.0,1
2023-09-04,76c18abd8f7c,359.0,390.0,7.0,1
2023-09-04,74e52a7dd94e,990.0,499.0,1.0,1
2023-09-05,dd94e2bc5601,169.0,100.0,1.0,1
2023-09-05,3a95d538a917,229.0,120.0,2.0,1
2023-09-05,d63b63612407,169.0,120.0,2.0,1
2023-09-05,a9d8c085adc0,569.0,300.0,6.0,1
2023-09-05,17abde81f33d,479.0,330.0,2.0,1
2023-09-05,f049b16ba53a,749.0,380.0,4.0,1
2023-09-05,76c18abd8f7c,539.0,390.0,7.0,1
2023-09-06,a9d8c085adc0,569.0,300.0,2.0,1
2023-09-06,4cf0bb777594,489.0,340.0,1.0,1
2023-09-06,f049b16ba53a,749.0,380.0,2.0,1
2023-09-06,76c18abd8f7c,539.0,390.0,1.0,1
2023-09-06,9f45a49e5ee4,899.0,630.0,1.0,1
2023-09-07,95879f411e24,189.0,100.0,2.0,1
2023-09-07,389412076801,189.0,100.0,2.0,1
2023-09-07,dd94e2bc5601,169.0,100.0,1.0,1
2023-09-07,3a95d538a917,229.0,120.0,1.0,1
2023-09-07,d63b63612407,169.0,120.0,3.0,1
2023-09-07,bc2f82a22e11,189.0,120.0,2.0,1
2023-09-07,f0c2857afa61,199.0,120.0,2.0,1
2023-09-07,e7ff6ea67040,229.0,130.0,2.0,1
2023-09-07,4cf0bb777594,489.0,340.0,3.0,1
2023-09-08,d63b63612407,169.0,120.0,3.0,1
2023-09-08,bc2f82a22e11,189.0,120.0,7.0,1
2023-09-08,4cf0bb777594,489.0,340.0,4.0,1
2023-09-09,95879f411e24,189.0,100.0,4.0,1
2023-09-09,389412076801,189.0,100.0,3.0,1
2023-09-09,3a95d538a917,229.0,120.0,1.0,1
2023-09-09,d63b63612407,169.0,120.0,2.0,1
2023-09-09,bc2f82a22e11,189.0,120.0,8.0,1
2023-09-09,f0c2857afa61,199.0,120.0,1.0,1
2023-09-09,44c942fe217c,549.0,240.0,4.0,1
2023-09-09,e60d890f2812,389.0,270.0,4.0,1
2023-09-09,a9d8c085adc0,569.0,300.0,3.0,1
2023-09-09,fb45888e228e,589.0,320.0,1.0,1
2023-09-09,17abde81f33d,479.0,330.0,2.0,1
2023-09-09,4cf0bb777594,489.0,340.0,3.0,1
2023-09-09,74d6ed799e21,549.0,380.0,7.0,1
2023-09-09,f049b16ba53a,749.0,380.0,6.0,1
2023-09-09,74e52a7dd94e,990.0,499.0,2.0,1
2023-09-10,389412076801,189.0,100.0,1.0,1
2023-09-10,bc2f82a22e11,189.0,120.0,2.0,1
2023-09-10,f0c2857afa61,199.0,120.0,1.0,1
2023-09-10,e60d890f2812,389.0,270.0,1.0,1
2023-09-10,4cf0bb777594,489.0,340.0,1.0,1
2023-09-11,f611e25fa53a,579.0,320.0,2.0,1
2023-09-11,74e52a7dd94e,990.0,499.0,1.0,1
2023-09-12,389412076801,189.0,100.0,2.0,1
2023-09-12,44c942fe217c,549.0,240.0,2.0,1
2023-09-12,fb45888e228e,589.0,320.0,3.0,1
2023-09-12,17abde81f33d,479.0,330.0,1.0,1
2023-09-12,4849cb059ba3,569.0,380.0,5.0,1
2023-09-12,76c18abd8f7c,539.0,390.0,1.0,1
2023-09-13,74d6ed799e21,549.0,380.0,1.0,1
2023-09-14,389412076801,189.0,100.0,1.0,1
2023-09-14,0e39cf5d57c1,159.0,100.0,1.0,1
2023-09-14,d63b63612407,169.0,120.0,1.0,1
2023-09-14,e7ff6ea67040,229.0,130.0,2.0,1
2023-09-14,fb45888e228e,589.0,320.0,4.0,1
2023-09-14,4849cb059ba3,569.0,380.0,1.0,1
2023-09-14,74d6ed799e21,549.0,380.0,1.0,1
2023-09-14,f049b16ba53a,749.0,380.0,1.0,1
2023-09-14,74e52a7dd94e,990.0,499.0,1.0,1
2023-09-15,389412076801,189.0,100.0,1.0,1
2023-09-15,3a95d538a917,229.0,120.0,2.0,1
2023-09-15,d63b63612407,169.0,120.0,5.0,1
2023-09-15,f0c2857afa61,199.0,120.0,3.0,1
2023-09-15,e7ff6ea67040,229.0,130.0,3.0,1
2023-09-15,fb45888e228e,589.0,320.0,2.0,1
2023-09-16,95879f411e24,189.0,100.0,1.0,1
2023-09-16,389412076801,189.0,100.0,3.0,1
2023-09-16,dd94e2bc5601,169.0,100.0,12.0,1
2023-09-16,3a95d538a917,229.0,120.0,1.0,1
2023-09-16,d63b63612407,169.0,120.0,5.0,1
2023-09-16,fb45888e228e,589.0,320.0,1.0,1
2023-09-16,4849cb059ba3,569.0,380.0,1.0,1
2023-09-16,f049b16ba53a,749.0,380.0,2.0,1
2023-09-17,dd94e2bc5601,169.0,100.0,1.0,1
2023-09-17,f0c2857afa61,199.0,120.0,2.0,1
2023-09-17,e60d890f2812,389.0,270.0,1.0,1
2023-09-17,fb45888e228e,589.0,320.0,2.0,1
2023-09-17,4849cb059ba3,569.0,380.0,1.0,1
2023-09-17,f049b16ba53a,749.0,380.0,5.0,1
2023-09-18,95879f411e24,189.0,100.0,4.0,1
2023-09-18,0e39cf5d57c1,159.0,100.0,10.0,1
2023-09-18,dd94e2bc5601,169.0,100.0,10.0,1
2023-09-18,fb45888e228e,589.0,320.0,2.0,1
2023-09-18,4849cb059ba3,569.0,380.0,1.0,1
2023-09-18,f049b16ba53a,749.0,380.0,5.0,1
2023-09-18,76c18abd8f7c,539.0,390.0,1.0,1
2023-09-18,9f45a49e5ee4,899.0,630.0,1.0,1
2023-09-19,95879f411e24,189.0,100.0,1.0,1
2023-09-19,4849cb059ba3,569.0,380.0,2.0,1
2023-09-19,76c18abd8f7c,539.0,390.0,3.0,1
2023-09-20,44c942fe217c,549.0,240.0,4.0,1
2023-09-20,9f45a49e5ee4,899.0,630.0,1.0,1
2023-09-21,0e39cf5d57c1,159.0,100.0,1.0,1
2023-09-21,3a95d538a917,229.0,120.0,4.0,1
2023-09-21,f0c2857afa61,199.0,120.0,1.0,1
2023-09-21,44c942fe217c,549.0,240.0,3.0,1
2023-09-21,4849cb059ba3,569.0,380.0,2.0,1
2023-09-21,76c18abd8f7c,539.0,390.0,1.0,1
2023-09-21,74e52a7dd94e,990.0,499.0,1.0,1
2023-09-22,d63b63612407,169.0,120.0,1.0,1
2023-09-22,4cf0bb777594,489.0,340.0,2.0,1
2023-09-23,fb45888e228e,589.0,320.0,1.0,1
2023-09-23,f611e25fa53a,579.0,320.0,3.0,1
2023-09-23,17abde81f33d,479.0,330.0,1.0,1
2023-09-23,4849cb059ba3,569.0,380.0,1.0,1
2023-09-23,f049b16ba53a,749.0,380.0,2.0,1
2023-09-24,3a95d538a917,229.0,120.0,4.0,1
2023-09-24,e60d890f2812,389.0,270.0,1.0,1
2023-09-24,f611e25fa53a,579.0,320.0,6.0,1
2023-09-24,4cf0bb777594,489.0,340.0,1.0,1
2023-09-24,4849cb059ba3,569.0,380.0,1.0,1
2023-09-24,9f45a49e5ee4,899.0,630.0,1.0,1
2023-09-25,74e52a7dd94e,1390.0,490.0,6.0,1
2023-09-26,44c942fe217c,549.0,240.0,8.0,1
2023-09-26,17abde81f33d,479.0,330.0,1.0,1
2023-09-26,4849cb059ba3,569.0,380.0,1.0,1
2023-09-26,76c18abd8f7c,539.0,390.0,3.0,1
2023-09-27,95879f411e24,189.0,100.0,2.0,1
2023-09-27,3a95d538a917,229.0,120.0,1.0,1
2023-09-27,74e52a7dd94e,1390.0,490.0,1.0,1
2023-09-28,95879f411e24,189.0,100.0,2.0,1
2023-09-28,0e39cf5d57c1,159.0,100.0,1.0,1
2023-09-28,3a95d538a917,229.0,120.0,4.0,1
2023-09-28,d63b63612407,169.0,120.0,3.0,1
2023-09-28,f0c2857afa61,199.0,120.0,2.0,1
2023-09-28,e7ff6ea67040,229.0,130.0,9.0,1
2023-09-28,f611e25fa53a,579.0,320.0,1.0,1
2023-09-28,17abde81f33d,479.0,330.0,1.0,1
2023-09-28,76c18abd8f7c,539.0,390.0,1.0,1
2023-09-28,74e52a7dd94e,1390.0,490.0,1.0,1
2023-09-29,0e39cf5d57c1,159.0,100.0,2.0,1
2023-09-29,3a95d538a917,229.0,120.0,2.0,1
2023-09-29,d63b63612407,169.0,120.0,3.0,1
2023-09-29,bc2f82a22e11,189.0,120.0,1.0,1
2023-09-29,f0c2857afa61,199.0,120.0,4.0,1
2023-09-29,e7ff6ea67040,229.0,130.0,2.0,1
2023-09-29,4849cb059ba3,569.0,380.0,1.0,1
2023-09-29,9f45a49e5ee4,899.0,630.0,2.0,1
2023-09-30,95879f411e24,189.0,100.0,1.0,1
2023-09-30,3a95d538a917,229.0,120.0,2.0,1
2023-09-30,bc2f82a22e11,189.0,120.0,2.0,1
2023-09-30,f0c2857afa61,199.0,120.0,2.0,1
2023-09-30,e7ff6ea67040,229.0,130.0,3.0,1
2023-09-30,17abde81f33d,479.0,330.0,1.0,1
2023-09-30,76c18abd8f7c,539.0,390.0,1.0,1
2023-09-30,9f45a49e5ee4,899.0,630.0,1.0,1
2023-10-02,bc2f82a22e11,189.0,100.0,10.0,1
2023-10-02,dd94e2bc5601,169.0,100.0,6.0,1
2023-10-02,d63b63612407,169.0,110.0,3.0,1
2023-10-02,3a95d538a917,229.0,120.0,7.0,1
2023-10-02,95879f411e24,189.0,120.0,2.0,1
2023-10-02,f0c2857afa61,199.0,120.0,2.0,1
2023-10-02,0e39cf5d57c1,159.0,120.0,5.0,1
2023-10-02,e7ff6ea67040,229.0,160.0,14.0,1
2023-10-02,4cf0bb777594,489.0,370.0,1.0,1
2023-10-03,dd94e2bc5601,169.0,100.0,2.0,1
2023-10-03,d63b63612407,169.0,110.0,7.0,1
2023-10-03,3a95d538a917,229.0,120.0,3.0,1
2023-10-03,95879f411e24,189.0,120.0,6.0,1
2023-10-03,f0c2857afa61,199.0,120.0,5.0,1
2023-10-03,0e39cf5d57c1,159.0,120.0,10.0,1
2023-10-03,e7ff6ea67040,229.0,160.0,39.0,1
2023-10-03,e60d890f2812,389.0,270.0,1.0,1
2023-10-04,95879f411e24,189.0,120.0,2.0,1
2023-10-04,44c942fe217c,549.0,250.0,1.0,1
2023-10-04,fb45888e228e,589.0,330.0,1.0,1
2023-10-04,17abde81f33d,479.0,340.0,1.0,1
2023-10-05,bc2f82a22e11,189.0,100.0,5.0,1
2023-10-05,389412076801,189.0,100.0,2.0,1
2023-10-05,dd94e2bc5601,169.0,100.0,4.0,1
2023-10-05,d63b63612407,169.0,110.0,2.0,1
2023-10-05,3a95d538a917,229.0,120.0,1.0,1
2023-10-05,f0c2857afa61,199.0,120.0,1.0,1
2023-10-05,0e39cf5d57c1,159.0,120.0,2.0,1
2023-10-05,e7ff6ea67040,229.0,160.0,3.0,1
2023-10-05,fb45888e228e,589.0,330.0,1.0,1
2023-10-06,bc2f82a22e11,189.0,100.0,5.0,1
2023-10-06,389412076801,189.0,100.0,1.0,1
2023-10-06,dd94e2bc5601,169.0,100.0,7.0,1
2023-10-06,d63b63612407,169.0,110.0,8.0,1
2023-10-06,3a95d538a917,229.0,120.0,1.0,1
2023-10-06,95879f411e24,189.0,120.0,4.0,1
2023-10-06,f0c2857afa61,199.0,120.0,3.0,1
2023-10-06,0e39cf5d57c1,159.0,120.0,6.0,1
2023-10-06,e7ff6ea67040,229.0,160.0,2.0,1
2023-10-06,e60d890f2812,389.0,270.0,2.0,1
2023-10-06,74d6ed799e21,549.0,370.0,2.0,1
2023-10-06,4cf0bb777594,489.0,370.0,1.0,1
2023-10-06,4849cb059ba3,569.0,380.0,1.0,1
2023-10-07,bc2f82a22e11,189.0,100.0,2.0,1
2023-10-07,389412076801,189.0,100.0,1.0,1
2023-10-07,dd94e2bc5601,169.0,100.0,5.0,1
2023-10-07,f0c2857afa61,199.0,120.0,5.0,1
2023-10-07,0e39cf5d57c1,159.0,120.0,1.0,1
2023-10-07,e7ff6ea67040,229.0,160.0,6.0,1
2023-10-07,e60d890f2812,389.0,270.0,2.0,1
2023-10-07,4cf0bb777594,489.0,370.0,2.0,1
2023-10-07,4849cb059ba3,569.0,380.0,1.0,1
2023-10-07,f049b16ba53a,749.0,380.0,1.0,1
2023-10-07,68e23e669702,699.0,400.0,3.0,1
2023-10-07,9f45a49e5ee4,899.0,620.0,1.0,1
2023-10-08,bc2f82a22e11,189.0,100.0,1.0,1
2023-10-08,389412076801,189.0,100.0,4.0,1
2023-10-08,dd94e2bc5601,169.0,100.0,3.0,1
2023-10-08,95879f411e24,189.0,120.0,1.0,1
2023-10-08,e60d890f2812,389.0,270.0,3.0,1
2023-10-08,a9d8c085adc0,569.0,330.0,2.0,1
2023-10-08,4849cb059ba3,569.0,380.0,1.0,1
2023-10-08,f049b16ba53a,749.0,380.0,1.0,1
2023-10-09,389412076801,189.0,100.0,3.0,1
2023-10-09,dd94e2bc5601,169.0,100.0,3.0,1
2023-10-09,3a95d538a917,229.0,120.0,2.0,1
2023-10-09,6d38b982dc71,499.0,250.0,1.0,1
2023-10-09,e60d890f2812,389.0,270.0,4.0,1
2023-10-09,4849cb059ba3,569.0,380.0,5.0,1
2023-10-09,f049b16ba53a,749.0,380.0,5.0,1
2023-10-10,dd94e2bc5601,169.0,100.0,1.0,1
2023-10-10,3a95d538a917,229.0,120.0,1.0,1
2023-10-10,95879f411e24,189.0,120.0,5.0,1
2023-10-10,e5cebf9a2793,479.0,250.0,1.0,1
2023-10-10,e60d890f2812,389.0,270.0,1.0,1
2023-10-10,a9d8c085adc0,569.0,330.0,1.0,1
2023-10-10,74d6ed799e21,549.0,370.0,2.0,1
2023-10-10,4849cb059ba3,569.0,380.0,3.0,1
2023-10-10,9f45a49e5ee4,899.0,620.0,1.0,1
2023-10-11,a9d8c085adc0,569.0,330.0,1.0,1
2023-10-11,74d6ed799e21,549.0,370.0,2.0,1
2023-10-12,3a95d538a917,229.0,120.0,2.0,1
2023-10-12,e7ff6ea67040,229.0,160.0,2.0,1
2023-10-12,f049b16ba53a,749.0,380.0,2.0,1
2023-10-12,68e23e669702,699.0,400.0,2.0,1
2023-10-13,e60d890f2812,389.0,270.0,3.0,1
2023-10-14,389412076801,189.0,100.0,3.0,1
2023-10-14,d63b63612407,169.0,110.0,1.0,1
2023-10-14,3a95d538a917,229.0,120.0,2.0,1
2023-10-14,0e39cf5d57c1,159.0,120.0,2.0,1
2023-10-14,e5cebf9a2793,479.0,250.0,1.0,1
2023-10-14,44c942fe217c,549.0,250.0,3.0,1
2023-10-14,f611e25fa53a,579.0,320.0,1.0,1
2023-10-14,74d6ed799e21,549.0,370.0,1.0,1
2023-10-14,4849cb059ba3,569.0,380.0,1.0,1
2023-10-14,f049b16ba53a,749.0,380.0,1.0,1
2023-10-15,bc2f82a22e11,189.0,100.0,3.0,1
2023-10-15,389412076801,189.0,100.0,1.0,1
2023-10-15,d63b63612407,169.0,110.0,5.0,1
2023-10-15,3a95d538a917,229.0,120.0,2.0,1
2023-10-15,95879f411e24,189.0,120.0,6.0,1
2023-10-15,0e39cf5d57c1,159.0,120.0,7.0,1
2023-10-15,e5cebf9a2793,479.0,250.0,1.0,1
2023-10-15,e60d890f2812,389.0,270.0,1.0,1
2023-10-15,f611e25fa53a,579.0,320.0,1.0,1
2023-10-15,74d6ed799e21,549.0,370.0,9.0,1
2023-10-15,4cf0bb777594,489.0,370.0,2.0,1
2023-10-15,4849cb059ba3,569.0,380.0,1.0,1
2023-10-15,68e23e669702,699.0,400.0,5.0,1
2023-10-16,bc2f82a22e11,189.0,100.0,1.0,1
2023-10-16,d63b63612407,169.0,110.0,1.0,1
2023-10-16,3a95d538a917,229.0,120.0,5.0,1
2023-10-16,0e39cf5d57c1,159.0,120.0,5.0,1
2023-10-16,4849cb059ba3,569.0,380.0,4.0,1
2023-10-17,bc2f82a22e11,189.0,100.0,1.0,1
2023-10-17,d63b63612407,169.0,110.0,1.0,1
2023-10-17,95879f411e24,189.0,120.0,2.0,1
2023-10-17,f0c2857afa61,199.0,120.0,1.0,1
2023-10-17,e7ff6ea67040,229.0,160.0,1.0,1
2023-10-17,4849cb059ba3,569.0,380.0,1.0,1
2023-10-18,d63b63612407,169.0,110.0,2.0,1
2023-10-18,f0c2857afa61,199.0,120.0,1.0,1
2023-10-19,bc2f82a22e11,189.0,100.0,1.0,1
2023-10-19,389412076801,189.0,100.0,3.0,1
2023-10-19,d63b63612407,169.0,110.0,2.0,1
2023-10-19,f0c2857afa61,199.0,120.0,4.0,1
2023-10-19,6d38b982dc71,499.0,250.0,1.0,1
2023-10-20,bc2f82a22e11,189.0,100.0,6.0,1
2023-10-20,d63b63612407,169.0,110.0,2.0,1
2023-10-20,f0c2857afa61,199.0,120.0,2.0,1
2023-10-20,e7ff6ea67040,229.0,160.0,5.0,1
2023-10-20,6d38b982dc71,499.0,250.0,4.0,1
2023-10-21,389412076801,189.0,100.0,1.0,1
2023-10-21,3a95d538a917,229.0,120.0,3.0,1
2023-10-21,f0c2857afa61,199.0,120.0,5.0,1
2023-10-21,e7ff6ea67040,229.0,160.0,3.0,1
2023-10-21,44c942fe217c,549.0,250.0,2.0,1
2023-10-22,389412076801,189.0,100.0,4.0,1
2023-10-22,d63b63612407,169.0,110.0,1.0,1
2023-10-22,f0c2857afa61,199.0,120.0,6.0,1
2023-10-22,fb45888e228e,589.0,330.0,2.0,1
2023-10-22,4cf0bb777594,489.0,370.0,2.0,1
2023-10-22,4849cb059ba3,569.0,380.0,3.0,1
2023-10-22,68e23e669702,699.0,400.0,3.0,1
2023-10-23,3a95d538a917,229.0,120.0,1.0,1
2023-10-23,74d6ed799e21,549.0,370.0,1.0,1
2023-10-23,68e23e669702,699.0,400.0,2.0,1
2023-10-24,389412076801,189.0,100.0,1.0,1
2023-10-24,d63b63612407,169.0,110.0,2.0,1
2023-10-24,f0c2857afa61,199.0,120.0,1.0,1
2023-10-24,74d6ed799e21,549.0,370.0,1.0,1
2023-10-24,f049b16ba53a,749.0,380.0,2.0,1
2023-10-24,9f45a49e5ee4,899.0,620.0,1.0,1
2023-10-25,d63b63612407,169.0,110.0,1.0,1
2023-10-25,4849cb059ba3,569.0,380.0,1.0,1
2023-10-26,389412076801,189.0,100.0,1.0,1
2023-10-26,dd94e2bc5601,169.0,100.0,2.0,1
2023-10-26,3a95d538a917,229.0,120.0,1.0,1
2023-10-26,95879f411e24,189.0,120.0,1.0,1
2023-10-26,e7ff6ea67040,229.0,160.0,1.0,1
2023-10-26,e5cebf9a2793,479.0,250.0,2.0,1
2023-10-26,6d38b982dc71,499.0,250.0,1.0,1
2023-10-27,389412076801,189.0,100.0,5.0,1
2023-10-27,95879f411e24,189.0,120.0,1.0,1
2023-10-28,389412076801,189.0,100.0,3.0,1
2023-10-28,d63b63612407,169.0,110.0,1.0,1
2023-10-28,3a95d538a917,229.0,120.0,1.0,1
2023-10-28,0e39cf5d57c1,159.0,120.0,4.0,1
2023-10-28,e7ff6ea67040,229.0,160.0,2.0,1
2023-10-28,f611e25fa53a,579.0,320.0,1.0,1
2023-10-28,4849cb059ba3,569.0,380.0,5.0,1
2023-10-29,bc2f82a22e11,189.0,100.0,2.0,1
2023-10-29,389412076801,189.0,100.0,3.0,1
2023-10-29,dd94e2bc5601,169.0,100.0,4.0,1
2023-10-29,d63b63612407,169.0,110.0,3.0,1
2023-10-29,3a95d538a917,229.0,120.0,1.0,1
2023-10-29,0e39cf5d57c1,159.0,120.0,6.0,1
2023-10-29,4cf0bb777594,489.0,370.0,1.0,1
2023-10-29,4849cb059ba3,569.0,380.0,3.0,1
2023-10-29,9f45a49e5ee4,899.0,620.0,2.0,1
2023-10-30,bc2f82a22e11,189.0,100.0,1.0,1
2023-10-30,95879f411e24,189.0,120.0,3.0,1
2023-10-30,4cf0bb777594,489.0,370.0,3.0,1
2023-10-30,4849cb059ba3,569.0,380.0,1.0,1
2023-10-31,bc2f82a22e11,189.0,100.0,1.0,1
2023-10-31,389412076801,189.0,100.0,1.0,1
2023-10-31,dd94e2bc5601,169.0,100.0,1.0,1
2023-10-31,3a95d538a917,229.0,120.0,2.0,1
2023-10-31,44c942fe217c,549.0,250.0,8.0,1
2023-10-31,4cf0bb777594,489.0,370.0,1.0,1
2023-10-31,f049b16ba53a,749.0,380.0,4.0,1
2023-10-31,68e23e669702,699.0,400.0,2.0,1
2023-10-31,9f45a49e5ee4,899.0,620.0,1.0,1
2023-11-03,44c942fe217c,549.0,250.0,1.0,1
2023-11-03,f049b16ba53a,749.0,343.0,6.0,1
2023-11-03,17abde81f33d,479.0,350.0,1.0,1
2023-11-03,68e23e669702,699.0,370.0,6.0,1
2023-11-03,4849cb059ba3,569.0,380.0,3.0,1
2023-11-04,95879f411e24,189.0,100.0,2.0,1
2023-11-04,389412076801,189.0,100.0,2.0,1
2023-11-04,f0c2857afa61,199.0,100.0,3.0,1
2023-11-04,0e39cf5d57c1,159.0,100.0,2.0,1
2023-11-04,dd94e2bc5601,169.0,100.0,5.0,1
2023-11-04,e7ff6ea67040,229.0,140.0,2.0,1
2023-11-04,44c942fe217c,549.0,250.0,1.0,1
2023-11-04,e60d890f2812,389.0,260.0,2.0,1
2023-11-04,f049b16ba53a,749.0,343.0,1.0,1
2023-11-04,68e23e669702,699.0,370.0,4.0,1
2023-11-04,4849cb059ba3,569.0,380.0,1.0,1
2023-11-05,95879f411e24,189.0,100.0,4.0,1
2023-11-05,f0c2857afa61,199.0,100.0,1.0,1
2023-11-05,3a95d538a917,229.0,120.0,1.0,1
2023-11-05,44c942fe217c,549.0,250.0,2.0,1
2023-11-05,f049b16ba53a,749.0,343.0,2.0,1
2023-11-05,68e23e669702,699.0,370.0,1.0,1
2023-11-05,383eda871fca,679.0,390.0,2.0,1
2023-11-06,bc2f82a22e11,189.0,100.0,2.0,1
2023-11-06,95879f411e24,189.0,100.0,3.0,1
2023-11-06,0e39cf5d57c1,159.0,100.0,1.0,1
2023-11-06,dd94e2bc5601,169.0,100.0,1.0,1
2023-11-06,3a95d538a917,229.0,120.0,4.0,1
2023-11-06,e7ff6ea67040,229.0,140.0,4.0,1
2023-11-06,44c942fe217c,549.0,250.0,10.0,1
2023-11-06,e60d890f2812,389.0,260.0,1.0,1
2023-11-06,f049b16ba53a,749.0,343.0,1.0,1
2023-11-06,68e23e669702,699.0,370.0,1.0,1
2023-11-06,4849cb059ba3,569.0,380.0,2.0,1
2023-11-06,f611e25fa53a,579.0,390.0,2.0,1
2023-11-06,383eda871fca,679.0,390.0,9.0,1
2023-11-07,bc2f82a22e11,189.0,100.0,1.0,1
2023-11-07,95879f411e24,189.0,100.0,2.0,1
2023-11-07,389412076801,189.0,100.0,1.0,1
2023-11-07,f0c2857afa61,199.0,100.0,1.0,1
2023-11-07,0e39cf5d57c1,159.0,100.0,8.0,1
2023-11-07,dd94e2bc5601,169.0,100.0,4.0,1
2023-11-07,3a95d538a917,229.0,120.0,3.0,1
2023-11-07,e7ff6ea67040,229.0,140.0,8.0,1
2023-11-07,44c942fe217c,549.0,250.0,12.0,1
2023-11-07,e60d890f2812,389.0,260.0,1.0,1
2023-11-07,f049b16ba53a,749.0,343.0,5.0,1
2023-11-07,68e23e669702,699.0,370.0,2.0,1
2023-11-07,4849cb059ba3,569.0,380.0,3.0,1
2023-11-07,f611e25fa53a,579.0,390.0,4.0,1
2023-11-07,383eda871fca,679.0,390.0,5.0,1
2023-11-07,9f45a49e5ee4,899.0,700.0,1.0,1
2023-11-08,d63b63612407,169.0,100.0,3.0,1
2023-11-08,bc2f82a22e11,189.0,100.0,8.0,1
2023-11-08,95879f411e24,189.0,100.0,2.0,1
2023-11-08,3a95d538a917,229.0,120.0,5.0,1
2023-11-08,e60d890f2812,389.0,260.0,1.0,1
2023-11-08,74d6ed799e21,549.0,390.0,1.0,1
2023-11-08,383eda871fca,679.0,390.0,2.0,1
2023-11-09,d63b63612407,169.0,100.0,6.0,1
2023-11-09,bc2f82a22e11,189.0,100.0,3.0,1
2023-11-09,95879f411e24,189.0,100.0,1.0,1
2023-11-09,f0c2857afa61,199.0,100.0,2.0,1
2023-11-09,0e39cf5d57c1,159.0,100.0,1.0,1
2023-11-09,3a95d538a917,229.0,120.0,4.0,1
2023-11-09,e7ff6ea67040,229.0,140.0,18.0,1
2023-11-09,44c942fe217c,549.0,250.0,1.0,1
2023-11-09,68e23e669702,699.0,370.0,5.0,1
2023-11-09,74d6ed799e21,549.0,390.0,1.0,1
2023-11-10,d63b63612407,169.0,100.0,2.0,1
2023-11-10,bc2f82a22e11,189.0,100.0,6.0,1
2023-11-10,95879f411e24,189.0,100.0,2.0,1
2023-11-10,389412076801,189.0,100.0,1.0,1
2023-11-10,f0c2857afa61,199.0,100.0,1.0,1
2023-11-10,0e39cf5d57c1,159.0,100.0,7.0,1
2023-11-10,dd94e2bc5601,169.0,100.0,2.0,1
2023-11-10,3a95d538a917,229.0,120.0,1.0,1
2023-11-10,e7ff6ea67040,229.0,140.0,1.0,1
2023-11-10,44c942fe217c,549.0,250.0,1.0,1
2023-11-10,e60d890f2812,389.0,260.0,1.0,1
2023-11-10,74d6ed799e21,549.0,390.0,2.0,1
2023-11-10,f611e25fa53a,579.0,390.0,3.0,1
2023-11-11,d63b63612407,169.0,100.0,2.0,1
2023-11-11,bc2f82a22e11,189.0,100.0,5.0,1
2023-11-11,0e39cf5d57c1,159.0,100.0,7.0,1
2023-11-11,3a95d538a917,229.0,120.0,1.0,1
2023-11-11,e7ff6ea67040,229.0,140.0,2.0,1
2023-11-11,e60d890f2812,389.0,260.0,1.0,1
2023-11-11,17abde81f33d,479.0,350.0,1.0,1
2023-11-11,68e23e669702,699.0,370.0,1.0,1
2023-11-11,74d6ed799e21,549.0,390.0,1.0,1
2023-11-11,9f45a49e5ee4,899.0,700.0,1.0,1
2023-11-12,bc2f82a22e11,189.0,100.0,1.0,1
2023-11-12,0e39cf5d57c1,159.0,100.0,1.0,1
2023-11-12,e7ff6ea67040,229.0,140.0,7.0,1
2023-11-12,e60d890f2812,389.0,260.0,6.0,1
2023-11-12,4849cb059ba3,569.0,380.0,3.0,1
2023-11-12,f611e25fa53a,579.0,390.0,2.0,1
2023-11-12,9f45a49e5ee4,899.0,700.0,1.0,1
2023-11-13,383eda871fca,679.0,390.0,2.0,1
2023-11-14,d63b63612407,169.0,100.0,6.0,1
2023-11-14,bc2f82a22e11,189.0,100.0,4.0,1
2023-11-14,3a95d538a917,229.0,120.0,2.0,1
2023-11-14,e7ff6ea67040,229.0,140.0,12.0,1
2023-11-15,e7ff6ea67040,229.0,140.0,1.0,1
2023-11-15,e60d890f2812,389.0,260.0,1.0,1
2023-11-16,d63b63612407,169.0,100.0,4.0,1
2023-11-16,f0c2857afa61,199.0,100.0,1.0,1
2023-11-16,74d6ed799e21,549.0,390.0,2.0,1
2023-11-17,d63b63612407,169.0,100.0,1.0,1
2023-11-17,95879f411e24,189.0,100.0,4.0,1
2023-11-17,389412076801,189.0,100.0,5.0,1
2023-11-17,f0c2857afa61,199.0,100.0,2.0,1
2023-11-17,3a95d538a917,229.0,120.0,3.0,1
2023-11-17,e7ff6ea67040,229.0,140.0,3.0,1
2023-11-17,68e23e669702,699.0,370.0,1.0,1
2023-11-17,74d6ed799e21,549.0,390.0,4.0,1
2023-11-17,383eda871fca,679.0,390.0,5.0,1
2023-11-18,e7ff6ea67040,229.0,140.0,5.0,1
2023-11-18,f049b16ba53a,749.0,343.0,1.0,1
2023-11-18,17abde81f33d,479.0,350.0,2.0,1
2023-11-18,383eda871fca,679.0,390.0,3.0,1
2023-11-19,389412076801,189.0,100.0,4.0,1
2023-11-19,f0c2857afa61,199.0,100.0,2.0,1
2023-11-19,3a95d538a917,229.0,120.0,3.0,1
2023-11-19,4cf0bb777594,489.0,370.0,1.0,1
2023-11-19,74d6ed799e21,549.0,390.0,1.0,1
2023-11-21,d63b63612407,169.0,100.0,5.0,1
2023-11-21,389412076801,189.0,100.0,1.0,1
2023-11-21,f0c2857afa61,199.0,100.0,3.0,1
2023-11-21,3a95d538a917,229.0,120.0,8.0,1
2023-11-22,f0c2857afa61,199.0,100.0,1.0,1
2023-11-22,44c942fe217c,549.0,250.0,1.0,1
2023-11-22,4cf0bb777594,489.0,370.0,1.0,1
2023-11-22,74d6ed799e21,549.0,390.0,1.0,1
2023-11-23,bc2f82a22e11,189.0,100.0,3.0,1
2023-11-23,95879f411e24,189.0,100.0,1.0,1
2023-11-23,389412076801,189.0,100.0,1.0,1
2023-11-23,f0c2857afa61,199.0,100.0,2.0,1
2023-11-23,dd94e2bc5601,169.0,100.0,1.0,1
2023-11-23,f049b16ba53a,749.0,343.0,1.0,1
2023-11-23,f611e25fa53a,579.0,390.0,1.0,1
2023-11-24,e60d890f2812,389.0,260.0,3.0,1
2023-11-25,d63b63612407,169.0,100.0,1.0,1
2023-11-25,e60d890f2812,389.0,260.0,3.0,1
2023-11-25,f049b16ba53a,749.0,343.0,4.0,1
2023-11-26,bc2f82a22e11,189.0,100.0,6.0,1
2023-11-26,389412076801,189.0,100.0,2.0,1
2023-11-26,f0c2857afa61,199.0,100.0,1.0,1
2023-11-26,dd94e2bc5601,169.0,100.0,1.0,1
2023-11-26,17abde81f33d,479.0,350.0,1.0,1
2023-11-27,bc2f82a22e11,189.0,100.0,7.0,1
2023-11-27,389412076801,189.0,100.0,2.0,1
2023-11-27,dd94e2bc5601,169.0,100.0,1.0,1
2023-11-27,e60d890f2812,389.0,260.0,1.0,1
2023-11-27,f049b16ba53a,749.0,343.0,1.0,1
2023-11-27,383eda871fca,679.0,390.0,1.0,1
2023-11-28,bc2f82a22e11,189.0,100.0,4.0,1
2023-11-28,389412076801,189.0,100.0,3.0,1
2023-11-28,f0c2857afa61,199.0,100.0,3.0,1
2023-11-28,dd94e2bc5601,169.0,100.0,4.0,1
2023-11-28,5ec8eafeb7ce,199.0,110.0,5.0,1
2023-11-28,e7ff6ea67040,219.0,140.0,2.0,1
2023-11-29,bc2f82a22e11,189.0,100.0,1.0,1
2023-11-30,d63b63612407,169.0,100.0,1.0,1
2023-11-30,95879f411e24,189.0,100.0,1.0,1
2023-11-30,389412076801,189.0,100.0,2.0,1
2023-11-30,f0c2857afa61,199.0,100.0,2.0,1
2023-11-30,dd94e2bc5601,169.0,100.0,1.0,1
2023-11-30,e7ff6ea67040,219.0,140.0,6.0,1
2023-11-30,44c942fe217c,549.0,250.0,6.0,1
2023-11-30,383eda871fca,679.0,390.0,1.0,1
2023-12-01,d63b63612407,169.0,110.0,4.0,1
2023-12-01,dd94e2bc5601,169.0,110.0,3.0,1
2023-12-01,389412076801,189.0,120.0,2.0,1
2023-12-01,f0c2857afa61,199.0,120.0,1.0,1
2023-12-01,5ec8eafeb7ce,199.0,120.0,4.0,1
2023-12-01,e7ff6ea67040,219.0,140.0,5.0,1
2023-12-01,17abde81f33d,479.0,380.0,1.0,1
2023-12-01,74d6ed799e21,549.0,400.0,1.0,1
2023-12-02,0e39cf5d57c1,159.0,100.0,2.0,1
2023-12-02,d63b63612407,169.0,110.0,6.0,1
2023-12-02,dd94e2bc5601,169.0,110.0,3.0,1
2023-12-02,bc2f82a22e11,189.0,120.0,2.0,1
2023-12-02,95879f411e24,189.0,120.0,2.0,1
2023-12-02,389412076801,189.0,120.0,4.0,1
2023-12-02,f0c2857afa61,199.0,120.0,4.0,1
2023-12-02,5ec8eafeb7ce,199.0,120.0,7.0,1
2023-12-02,3a95d538a917,229.0,140.0,6.0,1
2023-12-02,e7ff6ea67040,219.0,140.0,13.0,1
2023-12-02,44c942fe217c,549.0,300.0,3.0,1
2023-12-02,e60d890f2812,389.0,300.0,1.0,1
2023-12-02,17abde81f33d,479.0,380.0,4.0,1
2023-12-02,f611e25fa53a,579.0,390.0,1.0,1
2023-12-02,f049b16ba53a,749.0,470.0,1.0,1
2023-12-02,383eda871fca,679.0,480.0,2.0,1
2023-12-03,0e39cf5d57c1,159.0,100.0,1.0,1
2023-12-03,d63b63612407,169.0,110.0,1.0,1
2023-12-03,95879f411e24,189.0,120.0,3.0,1
2023-12-03,389412076801,189.0,120.0,3.0,1
2023-12-03,5ec8eafeb7ce,199.0,120.0,5.0,1
2023-12-03,3a95d538a917,229.0,140.0,1.0,1
2023-12-03,e7ff6ea67040,219.0,140.0,11.0,1
2023-12-03,44c942fe217c,549.0,300.0,9.0,1
2023-12-03,f611e25fa53a,579.0,390.0,2.0,1
2023-12-03,75a435426869,629.0,450.0,1.0,1
2023-12-03,383eda871fca,679.0,480.0,1.0,1
2023-12-03,68e23e669702,699.0,500.0,1.0,1
2023-12-03,9f45a49e5ee4,899.0,770.0,1.0,1
2023-12-04,d63b63612407,169.0,110.0,2.0,1
2023-12-04,95879f411e24,189.0,120.0,2.0,1
2023-12-04,389412076801,189.0,120.0,2.0,1
2023-12-04,5ec8eafeb7ce,199.0,120.0,5.0,1
2023-12-04,3a95d538a917,229.0,140.0,2.0,1
2023-12-04,e7ff6ea67040,219.0,140.0,10.0,1
2023-12-04,44c942fe217c,549.0,300.0,2.0,1
2023-12-04,f049b16ba53a,749.0,470.0,4.0,1
2023-12-04,383eda871fca,679.0,480.0,3.0,1
2023-12-05,dd94e2bc5601,169.0,110.0,1.0,1
2023-12-05,bc2f82a22e11,189.0,120.0,1.0,1
2023-12-05,95879f411e24,189.0,120.0,4.0,1
2023-12-05,5ec8eafeb7ce,199.0,120.0,7.0,1
2023-12-05,3a95d538a917,229.0,140.0,1.0,1
2023-12-05,e7ff6ea67040,219.0,140.0,9.0,1
2023-12-05,44c942fe217c,549.0,300.0,13.0,1
2023-12-05,17abde81f33d,479.0,380.0,1.0,1
2023-12-05,f611e25fa53a,579.0,390.0,3.0,1
2023-12-05,4cf0bb777594,489.0,400.0,1.0,1
2023-12-05,75a435426869,629.0,450.0,2.0,1
2023-12-05,f049b16ba53a,749.0,470.0,4.0,1
2023-12-05,383eda871fca,679.0,480.0,1.0,1
2023-12-05,68e23e669702,699.0,500.0,3.0,1
2023-12-06,5ec8eafeb7ce,199.0,120.0,3.0,1
2023-12-06,74d6ed799e21,549.0,400.0,4.0,1
2023-12-06,9f45a49e5ee4,899.0,770.0,1.0,1
2023-12-07,95879f411e24,189.0,120.0,2.0,1
2023-12-07,389412076801,189.0,120.0,1.0,1
2023-12-07,3a95d538a917,229.0,140.0,2.0,1
2023-12-07,e7ff6ea67040,219.0,140.0,3.0,1
2023-12-07,f611e25fa53a,579.0,390.0,1.0,1
2023-12-07,74d6ed799e21,549.0,400.0,1.0,1
2023-12-07,383eda871fca,679.0,480.0,1.0,1
2023-12-07,68e23e669702,699.0,500.0,2.0,1
2023-12-08,d63b63612407,169.0,110.0,1.0,1
2023-12-08,dd94e2bc5601,169.0,110.0,1.0,1
2023-12-08,bc2f82a22e11,189.0,120.0,2.0,1
2023-12-08,95879f411e24,189.0,120.0,4.0,1
2023-12-08,389412076801,189.0,120.0,6.0,1
2023-12-08,5ec8eafeb7ce,199.0,120.0,3.0,1
2023-12-08,3a95d538a917,229.0,140.0,4.0,1
2023-12-08,44c942fe217c,549.0,300.0,1.0,1
2023-12-08,17abde81f33d,479.0,380.0,1.0,1
2023-12-08,f611e25fa53a,579.0,390.0,2.0,1
2023-12-08,4cf0bb777594,489.0,400.0,1.0,1
2023-12-08,75a435426869,629.0,450.0,6.0,1
2023-12-08,f049b16ba53a,749.0,470.0,1.0,1
2023-12-08,383eda871fca,679.0,480.0,2.0,1
2023-12-09,dd94e2bc5601,169.0,110.0,3.0,1
2023-12-09,f0c2857afa61,199.0,120.0,1.0,1
2023-12-09,5ec8eafeb7ce,199.0,120.0,1.0,1
2023-12-09,3a95d538a917,229.0,140.0,2.0,1
2023-12-09,44c942fe217c,549.0,300.0,1.0,1
2023-12-09,e60d890f2812,389.0,300.0,2.0,1
2023-12-09,f611e25fa53a,579.0,390.0,2.0,1
2023-12-09,74d6ed799e21,549.0,400.0,2.0,1
2023-12-09,4cf0bb777594,489.0,400.0,1.0,1
2023-12-09,75a435426869,629.0,450.0,1.0,1
2023-12-09,f049b16ba53a,749.0,470.0,2.0,1
2023-12-09,383eda871fca,679.0,480.0,4.0,1
2023-12-09,68e23e669702,699.0,500.0,1.0,1
2023-12-09,9f45a49e5ee4,899.0,770.0,1.0,1
2023-12-10,d63b63612407,169.0,110.0,1.0,1
2023-12-10,f0c2857afa61,199.0,120.0,4.0,1
2023-12-10,3a95d538a917,229.0,140.0,3.0,1
2023-12-10,44c942fe217c,549.0,300.0,2.0,1
2023-12-10,e60d890f2812,389.0,300.0,2.0,1
2023-12-10,f611e25fa53a,579.0,390.0,1.0,1
2023-12-10,74d6ed799e21,549.0,400.0,2.0,1
2023-12-10,f049b16ba53a,749.0,470.0,2.0,1
2023-12-10,383eda871fca,679.0,480.0,4.0,1
2023-12-11,bc2f82a22e11,189.0,120.0,3.0,1
2023-12-11,f0c2857afa61,199.0,120.0,6.0,1
2023-12-11,e60d890f2812,389.0,300.0,1.0,1
2023-12-11,17abde81f33d,479.0,380.0,1.0,1
2023-12-12,d63b63612407,169.0,110.0,2.0,1
2023-12-12,bc2f82a22e11,189.0,120.0,5.0,1
2023-12-12,f0c2857afa61,199.0,120.0,8.0,1
2023-12-12,e60d890f2812,389.0,300.0,2.0,1
2023-12-12,74d6ed799e21,549.0,400.0,3.0,1
2023-12-13,e60d890f2812,389.0,300.0,5.0,1
2023-12-13,74d6ed799e21,549.0,400.0,4.0,1
2023-12-13,9f45a49e5ee4,899.0,770.0,1.0,1
2023-12-14,d63b63612407,169.0,110.0,2.0,1
2023-12-14,f0c2857afa61,199.0,120.0,1.0,1
2023-12-14,e60d890f2812,389.0,300.0,1.0,1
2023-12-14,74d6ed799e21,549.0,400.0,1.0,1
2023-12-15,d63b63612407,169.0,110.0,1.0,1
2023-12-15,dd94e2bc5601,169.0,110.0,1.0,1
2023-12-15,44c942fe217c,549.0,300.0,3.0,1
2023-12-15,e60d890f2812,389.0,300.0,2.0,1
2023-12-15,17abde81f33d,479.0,380.0,1.0,1
2023-12-15,f611e25fa53a,579.0,390.0,1.0,1
2023-12-15,74d6ed799e21,549.0,400.0,2.0,1
2023-12-16,0e39cf5d57c1,159.0,100.0,8.0,1
2023-12-16,dd94e2bc5601,169.0,110.0,2.0,1
2023-12-16,f0c2857afa61,199.0,120.0,6.0,1
2023-12-16,e7ff6ea67040,219.0,140.0,6.0,1
2023-12-16,17abde81f33d,479.0,380.0,1.0,1
2023-12-16,f049b16ba53a,749.0,470.0,4.0,1
2023-12-17,f0c2857afa61,199.0,120.0,3.0,1
2023-12-17,74d6ed799e21,549.0,400.0,2.0,1
2023-12-18,f0c2857afa61,199.0,120.0,3.0,1
2023-12-18,f611e25fa53a,579.0,390.0,1.0,1
2023-12-18,74d6ed799e21,549.0,400.0,1.0,1
2023-12-18,f049b16ba53a,749.0,470.0,2.0,1
2023-12-18,383eda871fca,679.0,480.0,1.0,1
2023-12-19,0e39cf5d57c1,159.0,100.0,9.0,1
2023-12-19,d63b63612407,169.0,110.0,8.0,1
2023-12-19,bc2f82a22e11,189.0,120.0,8.0,1
2023-12-19,95879f411e24,189.0,120.0,4.0,1
2023-12-19,f0c2857afa61,199.0,120.0,5.0,1
2023-12-19,5ec8eafeb7ce,199.0,120.0,5.0,1
2023-12-19,e7ff6ea67040,219.0,140.0,3.0,1
2023-12-19,e60d890f2812,389.0,300.0,2.0,1
2023-12-19,f611e25fa53a,579.0,390.0,1.0,1
2023-12-19,74d6ed799e21,549.0,400.0,1.0,1
2023-12-19,383eda871fca,679.0,480.0,1.0,1
2023-12-19,68e23e669702,699.0,500.0,1.0,1
2023-12-20,5ec8eafeb7ce,199.0,120.0,1.0,1
2023-12-20,f049b16ba53a,749.0,470.0,2.0,1
2023-12-21,d63b63612407,169.0,110.0,1.0,1
2023-12-21,dd94e2bc5601,169.0,110.0,3.0,1
2023-12-21,bc2f82a22e11,189.0,120.0,4.0,1
2023-12-21,95879f411e24,189.0,120.0,1.0,1
2023-12-21,389412076801,189.0,120.0,1.0,1
2023-12-21,5ec8eafeb7ce,199.0,120.0,3.0,1
2023-12-21,3a95d538a917,229.0,140.0,1.0,1
2023-12-21,74d6ed799e21,549.0,400.0,3.0,1
2023-12-22,0e39cf5d57c1,159.0,100.0,18.0,1
2023-12-22,d63b63612407,169.0,110.0,3.0,1
2023-12-22,dd94e2bc5601,169.0,110.0,6.0,1
2023-12-22,bc2f82a22e11,189.0,120.0,4.0,1
2023-12-22,95879f411e24,189.0,120.0,3.0,1
2023-12-22,389412076801,189.0,120.0,1.0,1
2023-12-22,e7ff6ea67040,219.0,140.0,15.0,1
2023-12-22,44c942fe217c,549.0,300.0,1.0,1
2023-12-22,74d6ed799e21,549.0,400.0,3.0,1
2023-12-22,f049b16ba53a,749.0,470.0,3.0,1
2023-12-23,0e39cf5d57c1,159.0,100.0,4.0,1
2023-12-23,dd94e2bc5601,169.0,110.0,7.0,1
2023-12-23,bc2f82a22e11,189.0,120.0,7.0,1
2023-12-23,95879f411e24,189.0,120.0,1.0,1
2023-12-23,389412076801,189.0,120.0,4.0,1
2023-12-23,3a95d538a917,229.0,140.0,1.0,1
2023-12-23,e7ff6ea67040,219.0,140.0,5.0,1
2023-12-23,f611e25fa53a,579.0,390.0,2.0,1
2023-12-23,f049b16ba53a,749.0,470.0,2.0,1
2023-12-23,383eda871fca,679.0,480.0,2.0,1
2023-12-23,68e23e669702,699.0,500.0,3.0,1
2023-12-24,0e39cf5d57c1,159.0,100.0,2.0,1
2023-12-24,d63b63612407,169.0,110.0,1.0,1
2023-12-24,dd94e2bc5601,169.0,110.0,8.0,1
2023-12-24,bc2f82a22e11,189.0,120.0,2.0,1
2023-12-24,95879f411e24,189.0,120.0,1.0,1
2023-12-24,389412076801,189.0,120.0,3.0,1
2023-12-24,e7ff6ea67040,219.0,140.0,4.0,1
2023-12-24,f611e25fa53a,579.0,390.0,1.0,1
2023-12-24,74d6ed799e21,549.0,400.0,2.0,1
2023-12-24,f049b16ba53a,749.0,470.0,2.0,1
2023-12-24,383eda871fca,679.0,480.0,1.0,1
2023-12-24,68e23e669702,699.0,500.0,1.0,1
2023-12-25,0e39cf5d57c1,159.0,100.0,2.0,1
2023-12-25,bc2f82a22e11,189.0,120.0,1.0,1
2023-12-25,95879f411e24,189.0,120.0,4.0,1
2023-12-25,389412076801,189.0,120.0,11.0,1
2023-12-25,17abde81f33d,479.0,380.0,1.0,1
2023-12-25,f611e25fa53a,579.0,390.0,3.0,1
2023-12-25,74d6ed799e21,549.0,400.0,1.0,1
2023-12-25,f049b16ba53a,749.0,470.0,1.0,1
2023-12-25,383eda871fca,679.0,480.0,7.0,1
2023-12-25,68e23e669702,699.0,500.0,1.0,1
2023-12-26,dd94e2bc5601,169.0,110.0,3.0,1
2023-12-26,bc2f82a22e11,189.0,120.0,2.0,1
2023-12-26,95879f411e24,189.0,120.0,1.0,1
2023-12-26,389412076801,189.0,120.0,2.0,1
2023-12-26,44c942fe217c,549.0,300.0,2.0,1
2023-12-26,f611e25fa53a,579.0,390.0,1.0,1
2023-12-26,f049b16ba53a,749.0,470.0,1.0,1
2023-12-26,383eda871fca,679.0,480.0,1.0,1
2023-12-26,68e23e669702,699.0,500.0,1.0,1
2023-12-26,9f45a49e5ee4,899.0,770.0,1.0,1
2023-12-27,dd94e2bc5601,169.0,110.0,2.0,1
2023-12-27,bc2f82a22e11,189.0,120.0,3.0,1
2023-12-27,95879f411e24,189.0,120.0,1.0,1
2023-12-27,389412076801,189.0,120.0,1.0,1
2023-12-27,68e23e669702,699.0,500.0,1.0,1
2023-12-31,44c942fe217c,549.0,300.0,2.0,1
2023-12-31,f611e25fa53a,579.0,390.0,2.0,1
2023-12-31,f049b16ba53a,749.0,470.0,1.0,1
2023-12-31,68e23e669702,699.0,500.0,1.0,1
2024-01-05,5ec8eafeb7ce,199.0,100.0,1.0,1
2024-01-07,e7ff6ea67040,219.0,120.0,15.0,1
2024-01-08,17abde81f33d,479.0,320.0,1.0,1
2024-01-08,99f1adc283c4,479.0,340.0,1.0,1
2024-01-09,e7ff6ea67040,229.0,120.0,13.0,1
2024-01-09,9f45a49e5ee4,949.0,625.0,1.0,1
2024-01-10,dd94e2bc5601,169.0,100.0,3.0,1
2024-01-10,e7ff6ea67040,229.0,120.0,22.0,1
2024-01-15,99f1adc283c4,509.0,340.0,3.0,1
2024-01-15,830dfe173dd6,529.0,360.0,1.0,1
2024-01-15,76c18abd8f7c,489.0,380.0,2.0,1
2024-01-18,389412076801,189.0,70.0,7.0,1
2024-01-18,d63b63612407,169.0,100.0,1.0,1
2024-01-18,bc2f82a22e11,189.0,100.0,5.0,1
2024-01-18,95879f411e24,199.0,100.0,1.0,1
2024-01-18,0e39cf5d57c1,159.0,100.0,3.0,1
2024-01-18,dd94e2bc5601,179.0,100.0,15.0,1
2024-01-18,e7ff6ea67040,229.0,120.0,1.0,1
2024-01-18,44c942fe217c,529.0,210.0,2.0,1
2024-01-18,383eda871fca,679.0,380.0,1.0,1
2024-01-19,d63b63612407,169.0,100.0,2.0,1
2024-01-19,bc2f82a22e11,189.0,100.0,2.0,1
2024-01-19,dd94e2bc5601,179.0,100.0,55.0,1
2024-01-19,44c942fe217c,529.0,210.0,1.0,1
2024-01-20,95879f411e24,199.0,100.0,1.0,1
2024-01-20,dd94e2bc5601,179.0,100.0,14.0,1
2024-01-20,e7ff6ea67040,229.0,120.0,1.0,1
2024-01-21,d63b63612407,169.0,100.0,4.0,1
2024-01-21,f0c2857afa61,199.0,100.0,2.0,1
2024-01-21,e60d890f2812,389.0,260.0,1.0,1
2024-01-21,17abde81f33d,499.0,320.0,1.0,1
2024-01-21,99f1adc283c4,509.0,340.0,1.0,1
2024-01-21,f049b16ba53a,749.0,350.0,1.0,1
2024-01-21,830dfe173dd6,529.0,360.0,1.0,1
2024-01-22,d63b63612407,169.0,100.0,1.0,1
2024-01-22,bc2f82a22e11,189.0,100.0,6.0,1
2024-01-22,95879f411e24,199.0,100.0,1.0,1
2024-01-22,e60d890f2812,389.0,260.0,1.0,1
2024-01-22,74d6ed799e21,559.0,370.0,1.0,1
2024-01-22,76c18abd8f7c,489.0,380.0,1.0,1
2024-01-22,9f45a49e5ee4,949.0,625.0,1.0,1
2024-01-23,389412076801,189.0,70.0,1.0,1
2024-01-23,d63b63612407,169.0,100.0,5.0,1
2024-01-23,bc2f82a22e11,189.0,100.0,4.0,1
2024-01-23,95879f411e24,199.0,100.0,1.0,1
2024-01-23,e60d890f2812,389.0,260.0,2.0,1
2024-01-23,74d6ed799e21,559.0,370.0,5.0,1
2024-01-24,d63b63612407,169.0,100.0,7.0,1
2024-01-24,bc2f82a22e11,189.0,100.0,1.0,1
2024-01-24,4cf0bb777594,489.0,350.0,1.0,1
2024-01-24,74d6ed799e21,559.0,370.0,2.0,1
2024-01-25,389412076801,189.0,70.0,2.0,1
2024-01-25,d63b63612407,169.0,100.0,5.0,1
2024-01-25,95879f411e24,199.0,100.0,2.0,1
2024-01-25,f0c2857afa61,199.0,100.0,2.0,1
2024-01-25,17abde81f33d,499.0,320.0,1.0,1
2024-01-25,9f45a49e5ee4,949.0,625.0,1.0,1
2024-01-26,389412076801,189.0,70.0,7.0,1
2024-01-26,3a95d538a917,249.0,100.0,1.0,1
2024-01-26,d63b63612407,179.0,100.0,7.0,1
2024-01-26,bc2f82a22e11,199.0,100.0,1.0,1
2024-01-26,95879f411e24,199.0,100.0,1.0,1
2024-01-26,5ec8eafeb7ce,199.0,100.0,3.0,1
2024-01-26,e7ff6ea67040,239.0,120.0,2.0,1
2024-01-26,e60d890f2812,389.0,260.0,4.0,1
2024-01-26,4cf0bb777594,559.0,350.0,1.0,1
2024-01-26,74d6ed799e21,559.0,370.0,7.0,1
2024-01-27,389412076801,189.0,70.0,2.0,1
2024-01-27,3a95d538a917,249.0,100.0,3.0,1
2024-01-27,bc2f82a22e11,199.0,100.0,3.0,1
2024-01-27,95879f411e24,199.0,100.0,3.0,1
2024-01-27,0e39cf5d57c1,159.0,100.0,1.0,1
2024-01-27,5ec8eafeb7ce,199.0,100.0,6.0,1
2024-01-27,99f1adc283c4,559.0,340.0,3.0,1
2024-01-27,f049b16ba53a,749.0,350.0,3.0,1
2024-01-27,830dfe173dd6,549.0,360.0,1.0,1
2024-01-27,74d6ed799e21,559.0,370.0,1.0,1
2024-01-27,76c18abd8f7c,529.0,380.0,3.0,1
2024-01-28,3a95d538a917,249.0,100.0,1.0,1
2024-01-28,d63b63612407,179.0,100.0,1.0,1
2024-01-28,f0c2857afa61,199.0,100.0,5.0,1
2024-01-28,5ec8eafeb7ce,199.0,100.0,3.0,1
2024-01-28,e7ff6ea67040,239.0,120.0,4.0,1
2024-01-28,e60d890f2812,389.0,260.0,8.0,1
2024-01-28,99f1adc283c4,559.0,340.0,5.0,1
2024-01-28,4cf0bb777594,559.0,350.0,1.0,1
2024-01-28,830dfe173dd6,549.0,360.0,1.0,1
2024-01-28,383eda871fca,729.0,380.0,2.0,1
2024-01-28,9f45a49e5ee4,949.0,625.0,3.0,1
2024-01-29,3a95d538a917,249.0,100.0,1.0,1
2024-01-29,d63b63612407,179.0,100.0,1.0,1
2024-01-29,bc2f82a22e11,199.0,100.0,3.0,1
2024-01-29,5ec8eafeb7ce,199.0,100.0,2.0,1
2024-01-29,e7ff6ea67040,239.0,120.0,10.0,1
2024-01-29,e60d890f2812,389.0,260.0,4.0,1
2024-01-29,4cf0bb777594,559.0,350.0,1.0,1
2024-01-30,389412076801,189.0,70.0,1.0,1
2024-01-30,d63b63612407,179.0,100.0,1.0,1
2024-01-30,bc2f82a22e11,199.0,100.0,7.0,1
2024-01-30,e7ff6ea67040,239.0,120.0,10.0,1
2024-02-01,e7ff6ea67040,239.0,140.0,7.0,1
2024-02-02,e7ff6ea67040,239.0,140.0,5.0,1
2024-02-04,0e39cf5d57c1,159.0,100.0,2.0,1
2024-02-04,e7ff6ea67040,239.0,140.0,9.0,1
2024-02-04,75a435426869,729.0,370.0,1.0,1
2024-02-04,4cf0bb777594,559.0,370.0,2.0,1
2024-02-04,68e23e669702,729.0,400.0,1.0,1
2024-02-05,0e39cf5d57c1,159.0,100.0,1.0,1
2024-02-05,e7ff6ea67040,239.0,140.0,4.0,1
2024-02-05,75a435426869,729.0,370.0,4.0,1
2024-02-05,4cf0bb777594,559.0,370.0,1.0,1
2024-02-05,76c18abd8f7c,529.0,400.0,4.0,1
2024-02-06,3a95d538a917,249.0,120.0,1.0,1
2024-02-06,5ec8eafeb7ce,199.0,120.0,1.0,1
2024-02-06,d63b63612407,179.0,130.0,1.0,1
2024-02-06,bc2f82a22e11,199.0,130.0,1.0,1
2024-02-06,e7ff6ea67040,239.0,140.0,3.0,1
2024-02-06,75a435426869,729.0,370.0,2.0,1
2024-02-06,4cf0bb777594,559.0,370.0,1.0,1
2024-02-06,f049b16ba53a,769.0,370.0,1.0,1
2024-02-06,68e23e669702,729.0,400.0,2.0,1
2024-02-07,0e39cf5d57c1,159.0,100.0,3.0,1
2024-02-07,bc2f82a22e11,199.0,130.0,3.0,1
2024-02-07,e7ff6ea67040,239.0,140.0,4.0,1
2024-02-07,4cf0bb777594,559.0,370.0,2.0,1
2024-02-07,68e23e669702,729.0,400.0,3.0,1
2024-02-08,95879f411e24,199.0,100.0,1.0,1
2024-02-08,0e39cf5d57c1,159.0,100.0,1.0,1
2024-02-08,3a95d538a917,249.0,120.0,3.0,1
2024-02-08,e7ff6ea67040,239.0,140.0,5.0,1
2024-02-08,44c942fe217c,569.0,250.0,4.0,1
2024-02-08,75a435426869,729.0,370.0,3.0,1
2024-02-08,68e23e669702,729.0,400.0,1.0,1
2024-02-09,0e39cf5d57c1,159.0,100.0,4.0,1
2024-02-09,bc2f82a22e11,199.0,130.0,1.0,1
2024-02-09,e7ff6ea67040,239.0,140.0,3.0,1
2024-02-09,17abde81f33d,489.0,350.0,3.0,1
2024-02-09,75a435426869,729.0,370.0,2.0,1
2024-02-09,68e23e669702,729.0,400.0,2.0,1
2024-02-09,383eda871fca,679.0,400.0,3.0,1
2024-02-09,9f45a49e5ee4,949.0,624.0,3.0,1
2024-02-11,3a95d538a917,249.0,120.0,1.0,1
2024-02-11,5ec8eafeb7ce,199.0,120.0,1.0,1
2024-02-11,d63b63612407,179.0,130.0,2.0,1
2024-02-11,bc2f82a22e11,199.0,130.0,1.0,1
2024-02-11,75a435426869,729.0,370.0,3.0,1
2024-02-11,f049b16ba53a,769.0,370.0,4.0,1
2024-02-11,68e23e669702,729.0,400.0,3.0,1
2024-02-11,383eda871fca,679.0,400.0,6.0,1
2024-02-11,9f45a49e5ee4,949.0,624.0,2.0,1
2024-02-12,bc2f82a22e11,199.0,130.0,5.0,1
2024-02-12,e60d890f2812,389.0,290.0,3.0,1
2024-02-12,75a435426869,729.0,370.0,1.0,1
2024-02-12,4cf0bb777594,559.0,370.0,1.0,1
2024-02-12,f049b16ba53a,769.0,370.0,2.0,1
2024-02-13,bc2f82a22e11,199.0,130.0,2.0,1
2024-02-13,f0c2857afa61,199.0,130.0,2.0,1
2024-02-13,44c942fe217c,569.0,250.0,3.0,1
2024-02-13,75a435426869,729.0,370.0,1.0,1
2024-02-14,bc2f82a22e11,199.0,130.0,1.0,1
2024-02-15,95879f411e24,199.0,100.0,1.0,1
2024-02-15,3a95d538a917,249.0,120.0,2.0,1
2024-02-15,dd94e2bc5601,189.0,120.0,5.0,1
2024-02-15,5ec8eafeb7ce,199.0,120.0,7.0,1
2024-02-15,d63b63612407,179.0,130.0,1.0,1
2024-02-15,bc2f82a22e11,199.0,130.0,3.0,1
2024-02-15,75a435426869,729.0,370.0,6.0,1
2024-02-15,68e23e669702,729.0,400.0,1.0,1
2024-02-15,383eda871fca,679.0,400.0,1.0,1
2024-02-16,95879f411e24,199.0,100.0,2.0,1
2024-02-16,3a95d538a917,249.0,120.0,3.0,1
2024-02-16,dd94e2bc5601,189.0,120.0,2.0,1
2024-02-16,5ec8eafeb7ce,199.0,120.0,1.0,1
2024-02-16,d63b63612407,179.0,130.0,2.0,1
2024-02-16,f0c2857afa61,199.0,130.0,1.0,1
2024-02-16,e60d890f2812,389.0,290.0,2.0,1
2024-02-16,75a435426869,729.0,370.0,4.0,1
2024-02-16,f049b16ba53a,769.0,370.0,4.0,1
2024-02-16,383eda871fca,679.0,400.0,1.0,1
2024-02-16,76c18abd8f7c,529.0,400.0,1.0,1
2024-02-16,9f45a49e5ee4,949.0,624.0,1.0,1
2024-02-17,3a95d538a917,249.0,120.0,1.0,1
2024-02-17,5ec8eafeb7ce,199.0,120.0,1.0,1
2024-02-17,e7ff6ea67040,239.0,140.0,3.0,1
2024-02-17,e60d890f2812,389.0,290.0,1.0,1
2024-02-17,75a435426869,729.0,370.0,3.0,1
2024-02-17,f049b16ba53a,769.0,370.0,1.0,1
2024-02-17,76c18abd8f7c,529.0,400.0,1.0,1
2024-02-18,0e39cf5d57c1,159.0,100.0,5.0,1
2024-02-18,3a95d538a917,249.0,120.0,6.0,1
2024-02-18,dd94e2bc5601,189.0,120.0,3.0,1
2024-02-18,5ec8eafeb7ce,199.0,120.0,4.0,1
2024-02-18,f0c2857afa61,199.0,130.0,1.0,1
2024-02-18,e7ff6ea67040,239.0,140.0,3.0,1
2024-02-18,e60d890f2812,389.0,290.0,1.0,1
2024-02-18,f611e25fa53a,599.0,330.0,3.0,1
2024-02-18,75a435426869,729.0,370.0,3.0,1
2024-02-18,f049b16ba53a,769.0,370.0,3.0,1
2024-02-18,68e23e669702,729.0,400.0,4.0,1
2024-02-18,383eda871fca,679.0,400.0,5.0,1
2024-02-18,76c18abd8f7c,529.0,400.0,4.0,1
2024-02-19,95879f411e24,199.0,100.0,5.0,1
2024-02-19,5ec8eafeb7ce,199.0,120.0,2.0,1
2024-02-19,d63b63612407,179.0,130.0,2.0,1
2024-02-19,f0c2857afa61,199.0,130.0,5.0,1
2024-02-19,e7ff6ea67040,239.0,140.0,11.0,1
2024-02-19,e60d890f2812,389.0,290.0,3.0,1
2024-02-19,f611e25fa53a,599.0,330.0,1.0,1
2024-02-19,17abde81f33d,489.0,350.0,1.0,1
2024-02-19,75a435426869,729.0,370.0,1.0,1
2024-02-19,f049b16ba53a,769.0,370.0,2.0,1
2024-02-19,68e23e669702,729.0,400.0,2.0,1
2024-02-19,76c18abd8f7c,529.0,400.0,1.0,1
2024-02-20,95879f411e24,199.0,100.0,7.0,1
2024-02-20,3a95d538a917,249.0,120.0,1.0,1
2024-02-20,dd94e2bc5601,189.0,120.0,5.0,1
2024-02-20,d63b63612407,179.0,130.0,4.0,1
2024-02-20,f0c2857afa61,199.0,130.0,5.0,1
2024-02-20,e7ff6ea67040,239.0,140.0,6.0,1
2024-02-20,44c942fe217c,569.0,250.0,9.0,1
2024-02-20,e60d890f2812,389.0,290.0,2.0,1
2024-02-20,f611e25fa53a,599.0,330.0,1.0,1
2024-02-20,17abde81f33d,489.0,350.0,2.0,1
2024-02-20,75a435426869,729.0,370.0,1.0,1
2024-02-20,68e23e669702,729.0,400.0,3.0,1
2024-02-20,383eda871fca,679.0,400.0,2.0,1
2024-02-20,74d6ed799e21,579.0,420.0,2.0,1
2024-02-21,3a95d538a917,249.0,120.0,14.0,1
2024-02-21,dd94e2bc5601,189.0,120.0,4.0,1
2024-02-21,5ec8eafeb7ce,199.0,120.0,4.0,1
2024-02-21,bc2f82a22e11,199.0,130.0,5.0,1
2024-02-21,f0c2857afa61,199.0,130.0,9.0,1
2024-02-21,e7ff6ea67040,239.0,140.0,16.0,1
2024-02-21,44c942fe217c,569.0,250.0,6.0,1
2024-02-21,e60d890f2812,389.0,290.0,3.0,1
2024-02-21,f611e25fa53a,599.0,330.0,3.0,1
2024-02-21,f049b16ba53a,769.0,370.0,5.0,1
2024-02-21,383eda871fca,679.0,400.0,2.0,1
2024-02-21,74d6ed799e21,579.0,420.0,2.0,1
2024-02-22,bc2f82a22e11,199.0,130.0,3.0,1
2024-02-22,44c942fe217c,569.0,250.0,1.0,1
2024-02-22,e60d890f2812,389.0,290.0,1.0,1
2024-02-22,68e23e669702,729.0,400.0,3.0,1
2024-02-23,95879f411e24,199.0,100.0,1.0,1
2024-02-23,3a95d538a917,249.0,120.0,1.0,1
2024-02-23,5ec8eafeb7ce,199.0,120.0,1.0,1
2024-02-23,bc2f82a22e11,199.0,130.0,2.0,1
2024-02-23,f611e25fa53a,599.0,330.0,3.0,1
2024-02-23,f049b16ba53a,769.0,370.0,1.0,1
2024-02-24,95879f411e24,199.0,100.0,6.0,1
2024-02-24,0e39cf5d57c1,159.0,100.0,2.0,1
2024-02-24,3a95d538a917,249.0,120.0,8.0,1
2024-02-24,dd94e2bc5601,189.0,120.0,1.0,1
2024-02-24,5ec8eafeb7ce,199.0,120.0,3.0,1
2024-02-24,e7ff6ea67040,239.0,140.0,16.0,1
2024-02-24,17abde81f33d,489.0,350.0,1.0,1
2024-02-24,4cf0bb777594,559.0,370.0,2.0,1
2024-02-25,95879f411e24,199.0,100.0,3.0,1
2024-02-25,0e39cf5d57c1,159.0,100.0,3.0,1
2024-02-25,5ec8eafeb7ce,199.0,120.0,2.0,1
2024-02-25,bc2f82a22e11,199.0,130.0,6.0,1
2024-02-25,e7ff6ea67040,239.0,140.0,9.0,1
2024-02-25,17abde81f33d,489.0,350.0,1.0,1
2024-02-25,4cf0bb777594,559.0,370.0,1.0,1
2024-02-26,0e39cf5d57c1,159.0,100.0,4.0,1
2024-02-26,dd94e2bc5601,189.0,120.0,1.0,1
2024-02-26,5ec8eafeb7ce,199.0,120.0,5.0,1
2024-02-26,bc2f82a22e11,199.0,130.0,7.0,1
2024-02-26,e7ff6ea67040,239.0,140.0,30.0,1
2024-02-26,44c942fe217c,569.0,250.0,1.0,1
2024-02-27,0e39cf5d57c1,159.0,100.0,5.0,1
2024-02-27,5ec8eafeb7ce,199.0,120.0,4.0,1
2024-02-27,d63b63612407,179.0,130.0,6.0,1
2024-02-27,bc2f82a22e11,199.0,130.0,7.0,1
2024-02-27,e7ff6ea67040,239.0,140.0,32.0,1
2024-02-27,4cf0bb777594,559.0,370.0,4.0,1
2024-02-28,0e39cf5d57c1,159.0,100.0,8.0,1
2024-02-28,dd94e2bc5601,189.0,120.0,3.0,1
2024-02-28,d63b63612407,179.0,130.0,3.0,1
2024-02-28,e7ff6ea67040,239.0,140.0,7.0,1
2024-02-28,76c18abd8f7c,529.0,400.0,2.0,1
2024-02-29,0e39cf5d57c1,159.0,100.0,5.0,1
2024-02-29,3a95d538a917,249.0,120.0,3.0,1
2024-02-29,dd94e2bc5601,189.0,120.0,3.0,1
2024-02-29,d63b63612407,179.0,130.0,5.0,1
2024-02-29,f0c2857afa61,199.0,130.0,2.0,1
2024-02-29,e7ff6ea67040,239.0,140.0,5.0,1
2024-02-29,e60d890f2812,419.0,290.0,2.0,1
2024-02-29,68e23e669702,729.0,400.0,1.0,1
2024-02-29,383eda871fca,679.0,400.0,2.0,1
2024-02-29,76c18abd8f7c,529.0,400.0,3.0,1
2024-02-29,9f45a49e5ee4,949.0,624.0,1.0,1
2024-03-01,0e39cf5d57c1,159.0,100.0,3.0,1
2024-03-01,389412076801,189.0,120.0,1.0,1
2024-03-01,5ec8eafeb7ce,199.0,120.0,1.0,1
2024-03-01,e7ff6ea67040,239.0,170.0,3.0,1
2024-03-01,4cf0bb777594,559.0,400.0,1.0,1
2024-03-02,d63b63612407,179.0,120.0,4.0,1
2024-03-02,389412076801,189.0,120.0,1.0,1
2024-03-02,5ec8eafeb7ce,199.0,120.0,1.0,1
2024-03-02,3a95d538a917,249.0,140.0,1.0,1
2024-03-02,e7ff6ea67040,239.0,170.0,5.0,1
2024-03-02,44c942fe217c,569.0,350.0,1.0,1
2024-03-02,76c18abd8f7c,529.0,450.0,3.0,1
2024-03-02,f049b16ba53a,769.0,550.0,1.0,1
2024-03-03,d63b63612407,179.0,120.0,7.0,1
2024-03-03,4cf0bb777594,559.0,400.0,3.0,1
2024-03-03,76c18abd8f7c,529.0,450.0,1.0,1
2024-03-03,383eda871fca,679.0,500.0,3.0,1
2024-03-05,d63b63612407,179.0,120.0,3.0,1
2024-03-05,95879f411e24,199.0,120.0,1.0,1
2024-03-05,e7ff6ea67040,239.0,170.0,3.0,1
2024-03-05,4cf0bb777594,559.0,400.0,1.0,1
2024-03-05,76c18abd8f7c,529.0,450.0,2.0,1
2024-03-06,e60d890f2812,419.0,320.0,2.0,1
2024-03-06,44c942fe217c,569.0,350.0,1.0,1
2024-03-07,4cf0bb777594,559.0,400.0,1.0,1
2024-03-08,44c942fe217c,569.0,350.0,3.0,1
2024-03-10,0e39cf5d57c1,159.0,100.0,2.0,1
2024-03-10,389412076801,189.0,120.0,4.0,1
2024-03-10,dd94e2bc5601,189.0,120.0,1.0,1
2024-03-10,5ec8eafeb7ce,199.0,120.0,1.0,1
2024-03-10,bc2f82a22e11,199.0,140.0,3.0,1
2024-03-10,e7ff6ea67040,239.0,170.0,7.0,1
2024-03-10,44c942fe217c,569.0,350.0,1.0,1
2024-03-11,0e39cf5d57c1,159.0,100.0,3.0,1
2024-03-11,389412076801,119.0,120.0,9.0,1
2024-03-11,5ec8eafeb7ce,199.0,120.0,3.0,1
2024-03-11,e7ff6ea67040,239.0,170.0,14.0,1
2024-03-12,0e39cf5d57c1,159.0,100.0,14.0,1
2024-03-12,389412076801,119.0,120.0,3.0,1
2024-03-12,5ec8eafeb7ce,199.0,120.0,1.0,1
2024-03-12,e7ff6ea67040,239.0,170.0,13.0,1
2024-03-13,389412076801,119.0,120.0,3.0,1
2024-03-13,5ec8eafeb7ce,199.0,120.0,5.0,1
2024-03-13,bc2f82a22e11,199.0,140.0,1.0,1
2024-03-13,e7ff6ea67040,239.0,170.0,14.0,1
2024-03-14,0e39cf5d57c1,159.0,100.0,6.0,1
2024-03-14,d63b63612407,179.0,120.0,1.0,1
2024-03-14,389412076801,119.0,120.0,2.0,1
2024-03-14,f0c2857afa61,199.0,120.0,1.0,1
2024-03-14,dd94e2bc5601,189.0,120.0,2.0,1
2024-03-14,5ec8eafeb7ce,199.0,120.0,3.0,1
2024-03-14,3a95d538a917,249.0,140.0,1.0,1
2024-03-14,bc2f82a22e11,199.0,140.0,1.0,1
2024-03-14,e7ff6ea67040,239.0,170.0,7.0,1
2024-03-15,0e39cf5d57c1,159.0,100.0,5.0,1
2024-03-15,d63b63612407,179.0,120.0,1.0,1
2024-03-15,dd94e2bc5601,189.0,120.0,2.0,1
2024-03-15,5ec8eafeb7ce,199.0,120.0,1.0,1
2024-03-15,3a95d538a917,249.0,140.0,3.0,1
2024-03-15,bc2f82a22e11,199.0,140.0,1.0,1
2024-03-15,e7ff6ea67040,239.0,170.0,13.0,1
2024-03-15,e60d890f2812,419.0,320.0,1.0,1
2024-03-15,44c942fe217c,569.0,350.0,4.0,1
2024-03-15,f611e25fa53a,599.0,380.0,1.0,1
2024-03-16,95879f411e24,199.0,120.0,1.0,1
2024-03-16,5ec8eafeb7ce,199.0,120.0,1.0,1
2024-03-16,3a95d538a917,249.0,140.0,3.0,1
2024-03-16,bc2f82a22e11,199.0,140.0,1.0,1
2024-03-16,e7ff6ea67040,239.0,170.0,7.0,1
2024-03-16,e60d890f2812,419.0,320.0,1.0,1
2024-03-16,44c942fe217c,569.0,350.0,5.0,1
2024-03-17,d63b63612407,179.0,120.0,2.0,1
2024-03-17,95879f411e24,199.0,120.0,2.0,1
2024-03-17,5ec8eafeb7ce,199.0,120.0,1.0,1
2024-03-17,3a95d538a917,249.0,140.0,6.0,1
2024-03-17,bc2f82a22e11,199.0,140.0,7.0,1
2024-03-17,e7ff6ea67040,239.0,170.0,3.0,1
2024-03-17,e60d890f2812,419.0,320.0,4.0,1
2024-03-17,44c942fe217c,569.0,350.0,15.0,1
2024-03-17,4cf0bb777594,559.0,400.0,1.0,1
2024-03-17,68e23e669702,729.0,550.0,1.0,1
2024-03-17,9f45a49e5ee4,949.0,700.0,1.0,1
2024-03-18,d63b63612407,179.0,120.0,1.0,1
2024-03-18,5ec8eafeb7ce,199.0,120.0,4.0,1
2024-03-18,bc2f82a22e11,199.0,140.0,7.0,1
2024-03-18,e60d890f2812,419.0,320.0,1.0,1
2024-03-19,3a95d538a917,249.0,140.0,1.0,1
2024-03-19,bc2f82a22e11,199.0,140.0,2.0,1
2024-03-19,e60d890f2812,419.0,320.0,1.0,1
2024-03-20,bc2f82a22e11,199.0,140.0,1.0,1
2024-03-20,e60d890f2812,419.0,320.0,1.0,1
2024-03-20,17abde81f33d,489.0,370.0,1.0,1
2024-03-20,9f45a49e5ee4,949.0,700.0,1.0,1
2024-03-21,d63b63612407,179.0,120.0,1.0,1
2024-03-21,389412076801,119.0,120.0,1.0,1
2024-03-21,dd94e2bc5601,189.0,120.0,3.0,1
2024-03-21,5ec8eafeb7ce,199.0,120.0,1.0,1
2024-03-21,bc2f82a22e11,199.0,140.0,3.0,1
2024-03-22,dd94e2bc5601,189.0,120.0,1.0,1
2024-03-22,17abde81f33d,489.0,370.0,2.0,1
2024-03-22,9f45a49e5ee4,949.0,700.0,1.0,1
2024-03-23,f049b16ba53a,769.0,550.0,1.0,1
2024-03-24,e7ff6ea67040,239.0,170.0,4.0,1
2024-03-25,0e39cf5d57c1,159.0,100.0,1.0,1
2024-03-25,e7ff6ea67040,239.0,170.0,2.0,1
2024-03-25,68e23e669702,729.0,550.0,2.0,1
2024-03-26,75a435426869,729.0,420.0,5.0,1
2024-03-26,74d6ed799e21,579.0,460.0,1.0,1
2024-03-28,d63b63612407,179.0,120.0,3.0,1
2024-03-28,dd94e2bc5601,189.0,120.0,2.0,1
2024-03-28,bc2f82a22e11,199.0,140.0,2.0,1
2024-03-28,4cf0bb777594,559.0,400.0,1.0,1
2024-03-29,d63b63612407,179.0,120.0,3.0,1
2024-03-29,dd94e2bc5601,189.0,120.0,1.0,1
2024-03-29,bc2f82a22e11,199.0,140.0,3.0,1
2024-03-29,4cf0bb777594,559.0,400.0,1.0,1
2024-03-29,75a435426869,729.0,420.0,1.0,1
2024-03-29,74d6ed799e21,579.0,460.0,2.0,1
2024-03-29,383eda871fca,679.0,500.0,1.0,1
2024-03-30,dd94e2bc5601,189.0,120.0,1.0,1
2024-03-30,4cf0bb777594,559.0,400.0,1.0,1
2024-03-30,75a435426869,729.0,420.0,1.0,1
2024-03-30,68e23e669702,729.0,550.0,1.0,1
2024-03-30,f049b16ba53a,769.0,550.0,1.0,1
2024-03-31,74d6ed799e21,579.0,460.0,1.0,1
2024-04-04,389412076801,119.0,100.0,3.0,1
2024-04-04,dd94e2bc5601,189.0,125.0,4.0,1
2024-04-04,bc2f82a22e11,199.0,130.0,3.0,1
2024-04-04,3a95d538a917,249.0,140.0,1.0,1
2024-04-04,e7ff6ea67040,239.0,160.0,8.0,1
2024-04-05,e7ff6ea67040,239.0,160.0,6.0,1
2024-04-06,0e39cf5d57c1,159.0,110.0,3.0,1
2024-04-06,d63b63612407,179.0,130.0,1.0,1
2024-04-06,bc2f82a22e11,199.0,130.0,3.0,1
2024-04-06,e7ff6ea67040,239.0,160.0,7.0,1
2024-04-06,44c942fe217c,569.0,400.0,4.0,1
2024-04-06,851410d2704b,629.0,540.0,1.0,1
2024-04-07,dd94e2bc5601,189.0,125.0,1.0,1
2024-04-07,d63b63612407,179.0,130.0,2.0,1
2024-04-07,bc2f82a22e11,199.0,130.0,3.0,1
2024-04-07,44c942fe217c,569.0,400.0,5.0,1
2024-04-07,851410d2704b,629.0,540.0,3.0,1
2024-04-08,d63b63612407,179.0,130.0,1.0,1
2024-04-08,bc2f82a22e11,199.0,130.0,1.0,1
2024-04-08,44c942fe217c,569.0,400.0,2.0,1
2024-04-08,74d6ed799e21,579.0,410.0,1.0,1
2024-04-08,851410d2704b,629.0,540.0,2.0,1
2024-04-08,383eda871fca,679.0,550.0,1.0,1
2024-04-08,75a435426869,729.0,600.0,1.0,1
2024-04-09,95879f411e24,199.0,120.0,1.0,1
2024-04-09,d63b63612407,179.0,130.0,1.0,1
2024-04-09,bc2f82a22e11,199.0,130.0,1.0,1
2024-04-09,74d6ed799e21,579.0,410.0,1.0,1
2024-04-10,44c942fe217c,569.0,400.0,8.0,1
2024-04-10,74d6ed799e21,579.0,410.0,2.0,1
2024-04-10,75a435426869,729.0,600.0,1.0,1
2024-04-11,389412076801,119.0,100.0,6.0,1
2024-04-11,0e39cf5d57c1,159.0,110.0,1.0,1
2024-04-11,dd94e2bc5601,189.0,125.0,5.0,1
2024-04-11,d63b63612407,179.0,130.0,2.0,1
2024-04-11,bc2f82a22e11,199.0,130.0,2.0,1
2024-04-11,3a95d538a917,249.0,140.0,1.0,1
2024-04-11,e7ff6ea67040,239.0,160.0,7.0,1
2024-04-11,44c942fe217c,569.0,400.0,1.0,1
2024-04-11,74d6ed799e21,579.0,410.0,4.0,1
2024-04-12,bc2f82a22e11,199.0,130.0,1.0,1
2024-04-13,68e23e669702,729.0,570.0,1.0,1
2024-04-14,389412076801,119.0,100.0,1.0,1
2024-04-14,bc2f82a22e11,199.0,130.0,3.0,1
2024-04-14,e7ff6ea67040,239.0,160.0,1.0,1
2024-04-14,44c942fe217c,569.0,400.0,2.0,1
2024-04-15,4cf0bb777594,559.0,450.0,1.0,1
2024-04-18,389412076801,119.0,100.0,1.0,1
2024-04-18,95879f411e24,199.0,120.0,1.0,1
2024-04-18,d63b63612407,179.0,130.0,1.0,1
2024-04-18,3a95d538a917,249.0,140.0,1.0,1
2024-04-18,e7ff6ea67040,239.0,160.0,1.0,1
2024-04-18,8b7268eb2b33,479.0,380.0,1.0,1
2024-04-19,95879f411e24,199.0,120.0,1.0,1
2024-04-19,bc2f82a22e11,199.0,130.0,3.0,1
2024-04-19,e7ff6ea67040,239.0,160.0,3.0,1
2024-04-19,8b7268eb2b33,479.0,380.0,3.0,1
2024-04-19,75a435426869,729.0,600.0,1.0,1
2024-04-22,e7ff6ea67040,239.0,160.0,3.0,1
2024-04-23,e7ff6ea67040,239.0,160.0,1.0,1
2024-04-24,389412076801,119.0,100.0,5.0,1
2024-04-24,d63b63612407,179.0,130.0,4.0,1
2024-04-24,e7ff6ea67040,239.0,160.0,7.0,1
2024-04-24,e60d890f2812,419.0,350.0,1.0,1
2024-04-25,389412076801,119.0,100.0,1.0,1
2024-04-25,d63b63612407,179.0,130.0,1.0,1
2024-04-27,0e39cf5d57c1,159.0,110.0,1.0,1
2024-04-27,bc2f82a22e11,199.0,130.0,4.0,1
2024-04-27,3a95d538a917,249.0,140.0,1.0,1
2024-04-27,e7ff6ea67040,239.0,160.0,12.0,1
2024-04-27,e60d890f2812,419.0,350.0,1.0,1
2024-04-29,dd94e2bc5601,189.0,125.0,9.0,1
2024-04-29,bc2f82a22e11,199.0,130.0,4.0,1
2024-04-30,389412076801,119.0,100.0,8.0,1
2024-04-30,0e39cf5d57c1,159.0,110.0,2.0,1
2024-04-30,95879f411e24,199.0,120.0,1.0,1
2024-04-30,f0c2857afa61,199.0,120.0,1.0,1
2024-04-30,5ec8eafeb7ce,199.0,120.0,1.0,1
2024-04-30,dd94e2bc5601,189.0,125.0,2.0,1
2024-04-30,d63b63612407,179.0,130.0,2.0,1
2024-04-30,bc2f82a22e11,199.0,130.0,8.0,1
2024-04-30,3a95d538a917,249.0,140.0,2.0,1
2024-04-30,e7ff6ea67040,239.0,160.0,2.0,1
2024-04-30,44c942fe217c,569.0,400.0,3.0,1
2024-04-30,851410d2704b,629.0,540.0,5.0,1
2024-04-30,75a435426869,749.0,600.0,2.0,1
2024-05-02,389412076801,119.0,80.0,3.0,1
2024-05-02,d63b63612407,179.0,130.0,2.0,1
2024-05-02,bc2f82a22e11,199.0,150.0,1.0,1
2024-05-02,e7ff6ea67040,239.0,170.0,2.0,1
2024-05-02,44c942fe217c,569.0,390.0,3.0,1
2024-05-02,851410d2704b,629.0,480.0,2.0,1
2024-05-02,383eda871fca,679.0,500.0,1.0,1
2024-05-03,389412076801,119.0,80.0,3.0,1
2024-05-03,d63b63612407,179.0,130.0,1.0,1
2024-05-03,95879f411e24,199.0,140.0,2.0,1
2024-05-03,dd94e2bc5601,189.0,140.0,3.0,1
2024-05-03,e7ff6ea67040,239.0,170.0,4.0,1
2024-05-03,44c942fe217c,569.0,390.0,6.0,1
2024-05-03,f611e25fa53a,599.0,450.0,1.0,1
2024-05-03,851410d2704b,629.0,480.0,5.0,1
2024-05-03,383eda871fca,679.0,500.0,2.0,1
2024-05-03,75a435426869,749.0,600.0,1.0,1
2024-05-04,389412076801,119.0,80.0,1.0,1
2024-05-04,dd94e2bc5601,189.0,140.0,1.0,1
2024-05-04,bc2f82a22e11,199.0,150.0,3.0,1
2024-05-04,e7ff6ea67040,239.0,170.0,2.0,1
2024-05-04,44c942fe217c,569.0,390.0,8.0,1
2024-05-04,851410d2704b,629.0,480.0,2.0,1
2024-05-04,383eda871fca,679.0,500.0,3.0,1
2024-05-04,75a435426869,749.0,600.0,1.0,1
2024-05-05,95879f411e24,199.0,140.0,2.0,1
2024-05-05,dd94e2bc5601,189.0,140.0,1.0,1
2024-05-05,bc2f82a22e11,199.0,150.0,2.0,1
2024-05-05,e7ff6ea67040,239.0,170.0,4.0,1
2024-05-05,44c942fe217c,569.0,390.0,2.0,1
2024-05-05,f611e25fa53a,599.0,450.0,1.0,1
2024-05-05,851410d2704b,629.0,480.0,7.0,1
2024-05-05,75a435426869,749.0,600.0,2.0,1
2024-05-06,d63b63612407,179.0,130.0,3.0,1
2024-05-06,95879f411e24,199.0,140.0,2.0,1
2024-05-06,dd94e2bc5601,189.0,140.0,7.0,1
2024-05-06,bc2f82a22e11,199.0,150.0,5.0,1
2024-05-06,e7ff6ea67040,239.0,170.0,8.0,1
2024-05-06,44c942fe217c,569.0,390.0,2.0,1
2024-05-06,851410d2704b,629.0,480.0,1.0,1
2024-05-06,383eda871fca,679.0,500.0,1.0,1
2024-05-06,75a435426869,749.0,600.0,3.0,1
2024-05-07,d63b63612407,179.0,130.0,1.0,1
2024-05-07,95879f411e24,199.0,140.0,1.0,1
2024-05-07,dd94e2bc5601,189.0,140.0,4.0,1
2024-05-07,bc2f82a22e11,199.0,150.0,6.0,1
2024-05-07,e7ff6ea67040,239.0,170.0,5.0,1
2024-05-07,44c942fe217c,569.0,390.0,3.0,1
2024-05-07,f611e25fa53a,599.0,450.0,2.0,1
2024-05-07,851410d2704b,629.0,480.0,9.0,1
2024-05-07,75a435426869,749.0,600.0,2.0,1
2024-05-08,dd94e2bc5601,189.0,140.0,3.0,1
2024-05-08,bc2f82a22e11,199.0,150.0,3.0,1
2024-05-08,f611e25fa53a,599.0,450.0,1.0,1
2024-05-08,851410d2704b,629.0,480.0,10.0,1
2024-05-09,389412076801,119.0,80.0,3.0,1
2024-05-09,f0c2857afa61,199.0,120.0,1.0,1
2024-05-09,0e39cf5d57c1,159.0,120.0,4.0,1
2024-05-09,d63b63612407,179.0,130.0,1.0,1
2024-05-09,95879f411e24,199.0,140.0,1.0,1
2024-05-09,dd94e2bc5601,189.0,140.0,11.0,1
2024-05-09,bc2f82a22e11,199.0,150.0,2.0,1
2024-05-09,3a95d538a917,249.0,160.0,1.0,1
2024-05-09,e7ff6ea67040,239.0,170.0,5.0,1
2024-05-09,383eda871fca,679.0,500.0,1.0,1
2024-05-10,389412076801,119.0,80.0,1.0,1
2024-05-10,0e39cf5d57c1,159.0,120.0,4.0,1
2024-05-10,d63b63612407,179.0,130.0,6.0,1
2024-05-10,dd94e2bc5601,189.0,140.0,2.0,1
2024-05-10,bc2f82a22e11,199.0,150.0,1.0,1
2024-05-10,3a95d538a917,249.0,160.0,1.0,1
2024-05-10,383eda871fca,679.0,500.0,1.0,1
2024-05-10,75a435426869,749.0,600.0,3.0,1
2024-05-11,3a95d538a917,249.0,160.0,1.0,1
2024-05-11,75a435426869,749.0,600.0,1.0,1
2024-05-12,75a435426869,749.0,600.0,3.0,1
2024-05-13,44c942fe217c,569.0,390.0,1.0,1
2024-05-14,389412076801,119.0,80.0,7.0,1
2024-05-14,d63b63612407,179.0,130.0,4.0,1
2024-05-14,dd94e2bc5601,189.0,140.0,5.0,1
2024-05-14,bc2f82a22e11,199.0,150.0,1.0,1
2024-05-14,44c942fe217c,569.0,390.0,3.0,1
2024-05-14,383eda871fca,679.0,500.0,1.0,1
2024-05-15,dd94e2bc5601,189.0,140.0,1.0,1
2024-05-16,389412076801,119.0,80.0,3.0,1
2024-05-16,0e39cf5d57c1,159.0,120.0,2.0,1
2024-05-16,95879f411e24,199.0,140.0,1.0,1
2024-05-16,dd94e2bc5601,189.0,140.0,3.0,1
2024-05-16,bc2f82a22e11,199.0,150.0,1.0,1
2024-05-16,3a95d538a917,249.0,160.0,2.0,1
2024-05-16,e7ff6ea67040,239.0,170.0,1.0,1
2024-05-16,851410d2704b,629.0,480.0,1.0,1
2024-05-16,75a435426869,749.0,600.0,3.0,1
2024-05-17,389412076801,119.0,80.0,1.0,1
2024-05-17,dd94e2bc5601,189.0,140.0,2.0,1
2024-05-17,bc2f82a22e11,199.0,150.0,3.0,1
2024-05-17,3a95d538a917,249.0,160.0,1.0,1
2024-05-17,44c942fe217c,569.0,390.0,1.0,1
2024-05-17,f611e25fa53a,599.0,450.0,1.0,1
2024-05-17,851410d2704b,629.0,480.0,2.0,1
2024-05-17,383eda871fca,679.0,500.0,1.0,1
2024-05-17,f049b16ba53a,769.0,560.0,1.0,1
2024-05-17,75a435426869,749.0,600.0,3.0,1
2024-05-17,a6b6bfbc73b9,749.0,600.0,2.0,1
2024-05-18,389412076801,119.0,80.0,4.0,1
2024-05-18,0e39cf5d57c1,159.0,120.0,3.0,1
2024-05-18,bc2f82a22e11,199.0,150.0,2.0,1
2024-05-18,e7ff6ea67040,239.0,170.0,2.0,1
2024-05-18,44c942fe217c,569.0,390.0,1.0,1
2024-05-18,851410d2704b,629.0,480.0,2.0,1
2024-05-18,383eda871fca,679.0,500.0,1.0,1
2024-05-18,f049b16ba53a,769.0,560.0,1.0,1
2024-05-19,389412076801,119.0,80.0,9.0,1
2024-05-19,f0c2857afa61,199.0,120.0,1.0,1
2024-05-19,0e39cf5d57c1,159.0,120.0,3.0,1
2024-05-19,95879f411e24,199.0,140.0,1.0,1
2024-05-19,dd94e2bc5601,189.0,140.0,4.0,1
2024-05-19,bc2f82a22e11,199.0,150.0,8.0,1
2024-05-19,3a95d538a917,249.0,160.0,4.0,1
2024-05-19,e7ff6ea67040,239.0,170.0,6.0,1
2024-05-19,f611e25fa53a,599.0,450.0,4.0,1
2024-05-19,851410d2704b,629.0,480.0,1.0,1
2024-05-19,383eda871fca,679.0,500.0,2.0,1
2024-05-19,75a435426869,749.0,600.0,4.0,1
2024-05-19,a6b6bfbc73b9,749.0,600.0,3.0,1
2024-05-20,389412076801,119.0,80.0,2.0,1
2024-05-20,0e39cf5d57c1,159.0,120.0,9.0,1
2024-05-20,d63b63612407,179.0,130.0,1.0,1
2024-05-20,95879f411e24,199.0,140.0,5.0,1
2024-05-20,dd94e2bc5601,189.0,140.0,2.0,1
2024-05-20,bc2f82a22e11,199.0,150.0,2.0,1
2024-05-20,75a435426869,749.0,600.0,2.0,1
2024-05-20,a6b6bfbc73b9,749.0,600.0,1.0,1
2024-05-20,9f45a49e5ee4,899.0,750.0,1.0,1
2024-05-21,389412076801,119.0,80.0,6.0,1
2024-05-21,0e39cf5d57c1,159.0,120.0,6.0,1
2024-05-21,95879f411e24,199.0,140.0,3.0,1
2024-05-21,dd94e2bc5601,189.0,140.0,3.0,1
2024-05-21,bc2f82a22e11,199.0,150.0,5.0,1
2024-05-21,e7ff6ea67040,239.0,170.0,6.0,1
2024-05-22,389412076801,119.0,80.0,6.0,1
2024-05-22,0e39cf5d57c1,159.0,120.0,2.0,1
2024-05-22,d63b63612407,179.0,130.0,4.0,1
2024-05-22,95879f411e24,199.0,140.0,1.0,1
2024-05-22,dd94e2bc5601,189.0,140.0,4.0,1
2024-05-22,bc2f82a22e11,199.0,150.0,1.0,1
2024-05-22,3a95d538a917,249.0,160.0,4.0,1
2024-05-22,e7ff6ea67040,239.0,170.0,6.0,1
2024-05-23,389412076801,139.0,80.0,6.0,1
2024-05-23,0e39cf5d57c1,159.0,120.0,7.0,1
2024-05-23,d63b63612407,179.0,130.0,4.0,1
2024-05-23,95879f411e24,199.0,140.0,2.0,1
2024-05-23,dd94e2bc5601,189.0,140.0,6.0,1
2024-05-23,bc2f82a22e11,199.0,150.0,6.0,1
2024-05-23,3a95d538a917,249.0,160.0,1.0,1
2024-05-23,e7ff6ea67040,239.0,170.0,13.0,1
2024-05-23,851410d2704b,629.0,480.0,1.0,1
2024-05-24,0e39cf5d57c1,159.0,120.0,7.0,1
2024-05-24,d63b63612407,179.0,130.0,1.0,1
2024-05-24,95879f411e24,199.0,140.0,3.0,1
2024-05-24,bc2f82a22e11,199.0,150.0,1.0,1
2024-05-24,3a95d538a917,249.0,160.0,1.0,1
2024-05-24,9f45a49e5ee4,899.0,750.0,2.0,1
2024-05-25,0e39cf5d57c1,159.0,120.0,5.0,1
2024-05-25,95879f411e24,199.0,140.0,2.0,1
2024-05-25,dd94e2bc5601,189.0,140.0,5.0,1
2024-05-25,bc2f82a22e11,199.0,150.0,2.0,1
2024-05-25,e7ff6ea67040,239.0,170.0,2.0,1
2024-05-25,851410d2704b,629.0,480.0,1.0,1
2024-05-25,383eda871fca,759.0,500.0,2.0,1
2024-05-26,389412076801,139.0,80.0,3.0,1
2024-05-26,0e39cf5d57c1,159.0,120.0,10.0,1
2024-05-26,95879f411e24,199.0,140.0,6.0,1
2024-05-26,dd94e2bc5601,189.0,140.0,6.0,1
2024-05-26,bc2f82a22e11,199.0,150.0,9.0,1
2024-05-26,e7ff6ea67040,239.0,170.0,10.0,1
2024-05-26,383eda871fca,759.0,500.0,3.0,1
2024-05-26,75a435426869,749.0,600.0,1.0,1
2024-05-27,389412076801,139.0,80.0,3.0,1
2024-05-27,95879f411e24,199.0,140.0,2.0,1
2024-05-27,bc2f82a22e11,199.0,150.0,2.0,1
2024-05-27,3a95d538a917,249.0,160.0,1.0,1
2024-05-27,e7ff6ea67040,239.0,170.0,6.0,1
2024-05-27,851410d2704b,629.0,480.0,1.0,1
2024-05-27,383eda871fca,759.0,500.0,1.0,1
2024-05-28,95879f411e24,199.0,140.0,5.0,1
2024-05-28,bc2f82a22e11,199.0,150.0,2.0,1
2024-05-28,3a95d538a917,249.0,160.0,4.0,1
2024-05-28,e7ff6ea67040,239.0,170.0,5.0,1
2024-05-28,e60d890f2812,419.0,350.0,1.0,1
2024-05-28,74d6ed799e21,579.0,480.0,1.0,1
2024-05-28,383eda871fca,759.0,500.0,3.0,1
2024-05-28,a6b6bfbc73b9,749.0,600.0,1.0,1
2024-05-30,389412076801,139.0,80.0,5.0,1
2024-05-30,0e39cf5d57c1,159.0,120.0,4.0,1
2024-05-30,d63b63612407,179.0,130.0,2.0,1
2024-05-30,95879f411e24,199.0,140.0,2.0,1
2024-05-30,dd94e2bc5601,199.0,140.0,1.0,1
2024-05-30,bc2f82a22e11,199.0,150.0,2.0,1
2024-05-30,e7ff6ea67040,239.0,170.0,11.0,1
2024-05-30,75a435426869,749.0,600.0,1.0,1
2024-05-31,389412076801,139.0,80.0,2.0,1
2024-05-31,0e39cf5d57c1,159.0,120.0,6.0,1
2024-05-31,d63b63612407,179.0,130.0,3.0,1
2024-05-31,95879f411e24,199.0,140.0,1.0,1
2024-05-31,bc2f82a22e11,199.0,150.0,3.0,1
2024-05-31,e7ff6ea67040,239.0,170.0,1.0,1
2024-05-31,383eda871fca,759.0,500.0,2.0,1
2024-06-01,389412076801,139.0,100.0,2.0,1
2024-06-01,0e39cf5d57c1,159.0,110.0,1.0,1
2024-06-01,95879f411e24,199.0,130.0,1.0,1
2024-06-01,5ec8eafeb7ce,199.0,140.0,2.0,1
2024-06-01,bc2f82a22e11,199.0,150.0,1.0,1
2024-06-01,dd94e2bc5601,199.0,160.0,1.0,1
2024-06-01,e7ff6ea67040,239.0,170.0,5.0,1
2024-06-01,e60d890f2812,419.0,320.0,1.0,1
2024-06-01,75a435426869,749.0,620.0,2.0,1
2024-06-02,389412076801,139.0,100.0,2.0,1
2024-06-02,0e39cf5d57c1,159.0,110.0,4.0,1
2024-06-02,d63b63612407,179.0,120.0,2.0,1
2024-06-02,95879f411e24,199.0,130.0,2.0,1
2024-06-02,f0c2857afa61,199.0,140.0,1.0,1
2024-06-02,bc2f82a22e11,199.0,150.0,1.0,1
2024-06-02,e7ff6ea67040,239.0,170.0,11.0,1
2024-06-02,74d6ed799e21,579.0,430.0,1.0,1
2024-06-02,f611e25fa53a,599.0,500.0,1.0,1
2024-06-02,851410d2704b,649.0,520.0,1.0,1
2024-06-02,383eda871fca,759.0,650.0,1.0,1
2024-06-03,389412076801,139.0,100.0,2.0,1
2024-06-03,0e39cf5d57c1,159.0,110.0,3.0,1
2024-06-03,d63b63612407,179.0,120.0,2.0,1
2024-06-03,95879f411e24,199.0,130.0,1.0,1
2024-06-03,f0c2857afa61,199.0,140.0,1.0,1
2024-06-03,bc2f82a22e11,199.0,150.0,1.0,1
2024-06-03,3a95d538a917,249.0,160.0,1.0,1
2024-06-03,dd94e2bc5601,199.0,160.0,3.0,1
2024-06-03,e7ff6ea67040,239.0,170.0,4.0,1
2024-06-03,e60d890f2812,419.0,320.0,1.0,1
2024-06-03,f611e25fa53a,599.0,500.0,1.0,1
2024-06-03,851410d2704b,649.0,520.0,7.0,1
2024-06-03,383eda871fca,759.0,650.0,3.0,1
2024-06-03,9f45a49e5ee4,899.0,780.0,1.0,1
2024-06-04,f0c2857afa61,199.0,140.0,1.0,1
2024-06-04,bc2f82a22e11,199.0,150.0,4.0,1
2024-06-04,3a95d538a917,249.0,160.0,1.0,1
2024-06-04,dd94e2bc5601,199.0,160.0,5.0,1
2024-06-04,e7ff6ea67040,239.0,170.0,11.0,1
2024-06-04,e60d890f2812,419.0,320.0,1.0,1
2024-06-04,44c942fe217c,569.0,420.0,1.0,1
2024-06-04,f611e25fa53a,599.0,500.0,3.0,1
2024-06-04,851410d2704b,649.0,520.0,14.0,1
2024-06-04,75a435426869,749.0,620.0,2.0,1
2024-06-04,a6b6bfbc73b9,749.0,640.0,4.0,1
2024-06-04,383eda871fca,759.0,650.0,3.0,1
2024-06-04,9f45a49e5ee4,899.0,780.0,2.0,1
2024-06-05,bc2f82a22e11,199.0,150.0,1.0,1
2024-06-05,e7ff6ea67040,239.0,170.0,2.0,1
2024-06-05,e60d890f2812,419.0,320.0,2.0,1
2024-06-05,17abde81f33d,489.0,370.0,1.0,1
2024-06-05,851410d2704b,649.0,520.0,5.0,1
2024-06-05,a6b6bfbc73b9,749.0,640.0,2.0,1
2024-06-06,389412076801,139.0,100.0,2.0,1
2024-06-06,0e39cf5d57c1,159.0,110.0,3.0,1
2024-06-06,d63b63612407,179.0,120.0,2.0,1
2024-06-06,95879f411e24,199.0,130.0,1.0,1
2024-06-06,bc2f82a22e11,199.0,150.0,1.0,1
2024-06-06,dd94e2bc5601,199.0,160.0,1.0,1
2024-06-06,e7ff6ea67040,239.0,170.0,4.0,1
2024-06-06,17abde81f33d,489.0,370.0,1.0,1
2024-06-06,44c942fe217c,569.0,420.0,1.0,1
2024-06-06,f611e25fa53a,599.0,500.0,1.0,1
2024-06-07,389412076801,139.0,100.0,3.0,1
2024-06-07,0e39cf5d57c1,159.0,110.0,4.0,1
2024-06-07,d63b63612407,179.0,120.0,3.0,1
2024-06-07,95879f411e24,199.0,130.0,2.0,1
2024-06-07,bc2f82a22e11,199.0,150.0,5.0,1
2024-06-07,dd94e2bc5601,199.0,160.0,8.0,1
2024-06-07,e7ff6ea67040,239.0,170.0,5.0,1
2024-06-07,e60d890f2812,419.0,320.0,1.0,1
2024-06-07,f611e25fa53a,599.0,500.0,1.0,1
2024-06-07,851410d2704b,649.0,520.0,5.0,1
2024-06-07,a6b6bfbc73b9,799.0,640.0,1.0,1
2024-06-08,389412076801,139.0,100.0,2.0,1
2024-06-08,0e39cf5d57c1,159.0,110.0,5.0,1
2024-06-08,d63b63612407,179.0,120.0,3.0,1
2024-06-08,95879f411e24,199.0,130.0,1.0,1
2024-06-08,bc2f82a22e11,199.0,150.0,2.0,1
2024-06-08,dd94e2bc5601,199.0,160.0,1.0,1
2024-06-08,e7ff6ea67040,239.0,170.0,9.0,1
2024-06-08,e60d890f2812,419.0,320.0,1.0,1
2024-06-08,851410d2704b,649.0,520.0,7.0,1
2024-06-08,75a435426869,749.0,620.0,1.0,1
2024-06-08,a6b6bfbc73b9,799.0,640.0,6.0,1
2024-06-08,383eda871fca,759.0,650.0,1.0,1
2024-06-09,0e39cf5d57c1,159.0,110.0,5.0,1
2024-06-09,bc2f82a22e11,199.0,150.0,2.0,1
2024-06-09,74d6ed799e21,579.0,430.0,4.0,1
2024-06-09,f611e25fa53a,599.0,500.0,1.0,1
2024-06-09,75a435426869,749.0,620.0,1.0,1
2024-06-09,a6b6bfbc73b9,799.0,640.0,1.0,1
2024-06-10,bc2f82a22e11,199.0,150.0,1.0,1
2024-06-11,0e39cf5d57c1,159.0,110.0,7.0,1
2024-06-11,d63b63612407,179.0,120.0,1.0,1
2024-06-11,bc2f82a22e11,199.0,150.0,2.0,1
2024-06-11,e7ff6ea67040,239.0,170.0,6.0,1
2024-06-12,0e39cf5d57c1,159.0,110.0,1.0,1
2024-06-14,383eda871fca,759.0,650.0,1.0,1
2024-06-15,0e39cf5d57c1,159.0,110.0,2.0,1
2024-06-15,e7ff6ea67040,239.0,170.0,5.0,1
2024-06-15,44c942fe217c,569.0,420.0,5.0,1
2024-06-15,851410d2704b,649.0,520.0,3.0,1
2024-06-16,389412076801,139.0,100.0,1.0,1
2024-06-16,0e39cf5d57c1,159.0,110.0,5.0,1
2024-06-16,d63b63612407,179.0,120.0,2.0,1
2024-06-16,dd94e2bc5601,199.0,160.0,3.0,1
2024-06-16,e7ff6ea67040,239.0,170.0,4.0,1
2024-06-16,e60d890f2812,419.0,320.0,1.0,1
2024-06-16,44c942fe217c,569.0,420.0,1.0,1
2024-06-16,851410d2704b,649.0,520.0,3.0,1
2024-06-16,a6b6bfbc73b9,799.0,640.0,4.0,1
2024-06-17,389412076801,139.0,100.0,2.0,1
2024-06-17,0e39cf5d57c1,159.0,110.0,5.0,1
2024-06-17,95879f411e24,199.0,130.0,4.0,1
2024-06-17,f0c2857afa61,199.0,140.0,1.0,1
2024-06-17,bc2f82a22e11,199.0,150.0,2.0,1
2024-06-17,3a95d538a917,249.0,160.0,1.0,1
2024-06-17,dd94e2bc5601,199.0,160.0,3.0,1
2024-06-17,e7ff6ea67040,239.0,170.0,3.0,1
2024-06-17,44c942fe217c,569.0,420.0,4.0,1
2024-06-17,851410d2704b,649.0,520.0,5.0,1
2024-06-18,0e39cf5d57c1,159.0,110.0,5.0,1
2024-06-18,d63b63612407,179.0,120.0,1.0,1
2024-06-18,95879f411e24,199.0,130.0,3.0,1
2024-06-18,5ec8eafeb7ce,199.0,140.0,2.0,1
2024-06-18,bc2f82a22e11,199.0,150.0,4.0,1
2024-06-18,3a95d538a917,249.0,160.0,2.0,1
2024-06-18,dd94e2bc5601,199.0,160.0,1.0,1
2024-06-18,e7ff6ea67040,239.0,170.0,6.0,1
2024-06-19,389412076801,139.0,100.0,5.0,1
2024-06-19,0e39cf5d57c1,159.0,110.0,2.0,1
2024-06-19,d63b63612407,179.0,120.0,2.0,1
2024-06-19,95879f411e24,199.0,130.0,1.0,1
2024-06-19,5ec8eafeb7ce,199.0,140.0,1.0,1
2024-06-19,3a95d538a917,249.0,160.0,1.0,1
2024-06-19,dd94e2bc5601,199.0,160.0,2.0,1
2024-06-19,e7ff6ea67040,239.0,170.0,2.0,1
2024-06-19,44c942fe217c,569.0,420.0,1.0,1
2024-06-20,389412076801,139.0,100.0,3.0,1
2024-06-20,0e39cf5d57c1,159.0,110.0,5.0,1
2024-06-20,d63b63612407,179.0,120.0,2.0,1
2024-06-20,95879f411e24,199.0,130.0,1.0,1
2024-06-20,5ec8eafeb7ce,199.0,140.0,1.0,1
2024-06-20,bc2f82a22e11,199.0,150.0,5.0,1
2024-06-20,3a95d538a917,249.0,160.0,4.0,1
2024-06-20,dd94e2bc5601,199.0,160.0,4.0,1
2024-06-20,e7ff6ea67040,239.0,170.0,9.0,1
2024-06-20,e60d890f2812,419.0,320.0,1.0,1
2024-06-20,44c942fe217c,569.0,420.0,1.0,1
2024-06-20,851410d2704b,649.0,520.0,1.0,1
2024-06-20,383eda871fca,759.0,650.0,1.0,1
2024-06-21,389412076801,139.0,100.0,1.0,1
2024-06-21,0e39cf5d57c1,159.0,110.0,2.0,1
2024-06-21,95879f411e24,199.0,130.0,2.0,1
2024-06-21,bc2f82a22e11,199.0,150.0,2.0,1
2024-06-21,dd94e2bc5601,199.0,160.0,2.0,1
2024-06-21,e7ff6ea67040,239.0,170.0,1.0,1
2024-06-21,383eda871fca,759.0,650.0,5.0,1
2024-06-22,389412076801,139.0,100.0,2.0,1
2024-06-22,d63b63612407,179.0,120.0,2.0,1
2024-06-22,95879f411e24,199.0,130.0,1.0,1
2024-06-22,3a95d538a917,249.0,160.0,2.0,1
2024-06-22,e7ff6ea67040,239.0,170.0,2.0,1
2024-06-22,383eda871fca,759.0,650.0,1.0,1
2024-06-22,9f45a49e5ee4,899.0,780.0,1.0,1
2024-06-23,389412076801,139.0,100.0,2.0,1
2024-06-23,0e39cf5d57c1,159.0,110.0,1.0,1
2024-06-23,bc2f82a22e11,199.0,150.0,3.0,1
2024-06-23,3a95d538a917,249.0,160.0,1.0,1
2024-06-23,dd94e2bc5601,199.0,160.0,2.0,1
2024-06-24,389412076801,139.0,100.0,1.0,1
2024-06-24,0e39cf5d57c1,159.0,110.0,4.0,1
2024-06-24,d63b63612407,179.0,120.0,2.0,1
2024-06-24,95879f411e24,199.0,130.0,1.0,1
2024-06-24,bc2f82a22e11,199.0,150.0,2.0,1
2024-06-24,44c942fe217c,569.0,420.0,3.0,1
2024-06-25,d63b63612407,179.0,120.0,3.0,1
2024-06-25,95879f411e24,199.0,130.0,1.0,1
2024-06-25,f0c2857afa61,199.0,140.0,1.0,1
2024-06-25,bc2f82a22e11,199.0,150.0,2.0,1
2024-06-25,44c942fe217c,569.0,420.0,1.0,1
2024-06-26,d63b63612407,179.0,120.0,1.0,1
2024-06-27,389412076801,139.0,100.0,3.0,1
2024-06-27,0e39cf5d57c1,199.0,110.0,9.0,1
2024-06-27,95879f411e24,199.0,130.0,2.0,1
2024-06-27,bc2f82a22e11,199.0,150.0,6.0,1
2024-06-27,3a95d538a917,249.0,160.0,3.0,1
2024-06-27,dd94e2bc5601,199.0,160.0,2.0,1
2024-06-27,e7ff6ea67040,239.0,170.0,9.0,1
2024-06-28,389412076801,139.0,100.0,1.0,1
2024-06-28,0e39cf5d57c1,199.0,110.0,3.0,1
2024-06-28,95879f411e24,199.0,130.0,1.0,1
2024-06-28,bc2f82a22e11,199.0,150.0,5.0,1
2024-06-28,e7ff6ea67040,239.0,170.0,10.0,1
2024-06-28,e60d890f2812,419.0,320.0,1.0,1
2024-06-28,44c942fe217c,569.0,420.0,1.0,1
2024-06-29,0e39cf5d57c1,199.0,110.0,1.0,1
2024-06-29,e7ff6ea67040,239.0,170.0,1.0,1
2024-06-30,389412076801,139.0,100.0,2.0,1
2024-06-30,d63b63612407,179.0,120.0,1.0,1
2024-06-30,95879f411e24,199.0,130.0,1.0,1
2024-06-30,bc2f82a22e11,199.0,150.0,2.0,1
2024-06-30,e7ff6ea67040,239.0,170.0,7.0,1
2024-06-30,44c942fe217c,569.0,420.0,3.0,1
2024-06-30,74d6ed799e21,579.0,430.0,1.0,1
2024-06-30,383eda871fca,759.0,650.0,2.0,1
2024-07-02,389412076801,139.0,100.0,3.0,1
2024-07-02,bc2f82a22e11,199.0,150.0,3.0,1
2024-07-02,f0c2857afa61,199.0,150.0,1.0,1
2024-07-02,e7ff6ea67040,239.0,180.0,5.0,1
2024-07-02,851410d2704b,649.0,550.0,1.0,1
2024-07-03,e7ff6ea67040,239.0,180.0,4.0,1
2024-07-03,74d6ed799e21,579.0,480.0,1.0,1
2024-07-04,0e39cf5d57c1,199.0,150.0,1.0,1
2024-07-04,dd94e2bc5601,199.0,150.0,4.0,1
2024-07-04,e7ff6ea67040,239.0,180.0,6.0,1
2024-07-04,851410d2704b,649.0,550.0,2.0,1
2024-07-05,bc2f82a22e11,199.0,150.0,1.0,1
2024-07-05,95879f411e24,199.0,150.0,2.0,1
2024-07-05,0e39cf5d57c1,199.0,150.0,7.0,1
2024-07-05,dd94e2bc5601,199.0,150.0,7.0,1
2024-07-05,e7ff6ea67040,239.0,180.0,10.0,1
2024-07-05,3a95d538a917,249.0,190.0,2.0,1
2024-07-05,44c942fe217c,569.0,470.0,4.0,1
2024-07-05,851410d2704b,649.0,550.0,1.0,1
2024-07-06,bc2f82a22e11,199.0,150.0,4.0,1
2024-07-06,95879f411e24,199.0,150.0,3.0,1
2024-07-06,0e39cf5d57c1,199.0,150.0,4.0,1
2024-07-06,dd94e2bc5601,199.0,150.0,4.0,1
2024-07-06,e7ff6ea67040,239.0,180.0,16.0,1
2024-07-06,3a95d538a917,249.0,190.0,5.0,1
2024-07-06,44c942fe217c,569.0,470.0,2.0,1
2024-07-06,74d6ed799e21,579.0,480.0,2.0,1
2024-07-06,851410d2704b,649.0,550.0,4.0,1
2024-07-06,a6b6bfbc73b9,799.0,680.0,4.0,1
2024-07-07,d63b63612407,179.0,140.0,1.0,1
2024-07-07,bc2f82a22e11,199.0,150.0,5.0,1
2024-07-07,95879f411e24,199.0,150.0,2.0,1
2024-07-07,0e39cf5d57c1,199.0,150.0,7.0,1
2024-07-07,dd94e2bc5601,199.0,150.0,5.0,1
2024-07-07,e7ff6ea67040,239.0,180.0,7.0,1
2024-07-07,3a95d538a917,249.0,190.0,2.0,1
2024-07-07,17abde81f33d,489.0,390.0,1.0,1
2024-07-07,44c942fe217c,569.0,470.0,10.0,1
2024-07-07,74d6ed799e21,579.0,480.0,1.0,1
2024-07-07,f611e25fa53a,599.0,490.0,1.0,1
2024-07-07,851410d2704b,649.0,550.0,11.0,1
2024-07-07,383eda871fca,759.0,650.0,1.0,1
2024-07-07,a6b6bfbc73b9,799.0,680.0,6.0,1
2024-07-08,bc2f82a22e11,199.0,150.0,7.0,1
2024-07-08,95879f411e24,199.0,150.0,2.0,1
2024-07-08,0e39cf5d57c1,199.0,150.0,4.0,1
2024-07-08,dd94e2bc5601,199.0,150.0,4.0,1
2024-07-08,e7ff6ea67040,239.0,180.0,7.0,1
2024-07-08,3a95d538a917,249.0,190.0,4.0,1
2024-07-08,44c942fe217c,569.0,470.0,9.0,1
2024-07-08,74d6ed799e21,579.0,480.0,1.0,1
2024-07-08,f611e25fa53a,599.0,490.0,1.0,1
2024-07-08,851410d2704b,649.0,550.0,12.0,1
2024-07-08,383eda871fca,759.0,650.0,2.0,1
2024-07-09,389412076801,139.0,100.0,1.0,1
2024-07-09,d63b63612407,179.0,140.0,1.0,1
2024-07-09,bc2f82a22e11,199.0,150.0,5.0,1
2024-07-09,95879f411e24,199.0,150.0,1.0,1
2024-07-09,f0c2857afa61,199.0,150.0,1.0,1
2024-07-09,dd94e2bc5601,199.0,150.0,5.0,1
2024-07-09,e7ff6ea67040,239.0,180.0,4.0,1
2024-07-09,3a95d538a917,249.0,190.0,1.0,1
2024-07-09,44c942fe217c,569.0,470.0,5.0,1
2024-07-09,74d6ed799e21,579.0,480.0,1.0,1
2024-07-09,851410d2704b,649.0,550.0,5.0,1
2024-07-09,a6b6bfbc73b9,799.0,680.0,4.0,1
2024-07-10,bc2f82a22e11,199.0,150.0,4.0,1
2024-07-10,95879f411e24,199.0,150.0,2.0,1
2024-07-10,f0c2857afa61,199.0,150.0,1.0,1
2024-07-10,e7ff6ea67040,239.0,180.0,8.0,1
2024-07-10,3a95d538a917,249.0,190.0,3.0,1
2024-07-10,e60d890f2812,419.0,380.0,1.0,1
2024-07-10,74d6ed799e21,579.0,480.0,3.0,1
2024-07-10,f611e25fa53a,599.0,490.0,1.0,1
2024-07-10,851410d2704b,649.0,550.0,9.0,1
2024-07-10,a6b6bfbc73b9,799.0,680.0,1.0,1
2024-07-11,bc2f82a22e11,199.0,150.0,5.0,1
2024-07-11,95879f411e24,199.0,150.0,1.0,1
2024-07-11,f0c2857afa61,199.0,150.0,1.0,1
2024-07-11,dd94e2bc5601,199.0,150.0,2.0,1
2024-07-11,e7ff6ea67040,239.0,180.0,5.0,1
2024-07-11,3a95d538a917,249.0,190.0,4.0,1
2024-07-11,e60d890f2812,419.0,380.0,2.0,1
2024-07-11,44c942fe217c,569.0,470.0,1.0,1
2024-07-11,74d6ed799e21,579.0,480.0,1.0,1
2024-07-11,f611e25fa53a,599.0,490.0,1.0,1
2024-07-11,851410d2704b,659.0,550.0,4.0,1
2024-07-11,383eda871fca,759.0,650.0,1.0,1
2024-07-12,bc2f82a22e11,199.0,150.0,5.0,1
2024-07-12,dd94e2bc5601,199.0,150.0,2.0,1
2024-07-12,4cf0bb777594,559.0,460.0,1.0,1
2024-07-12,851410d2704b,659.0,550.0,1.0,1
2024-07-12,75a435426869,749.0,650.0,1.0,1
2024-07-13,f0c2857afa61,199.0,150.0,1.0,1
2024-07-13,e60d890f2812,419.0,380.0,2.0,1
2024-07-13,44c942fe217c,569.0,470.0,2.0,1
2024-07-13,383eda871fca,759.0,650.0,1.0,1
2024-07-14,bc2f82a22e11,199.0,150.0,1.0,1
2024-07-14,dd94e2bc5601,199.0,150.0,1.0,1
2024-07-14,e7ff6ea67040,239.0,180.0,2.0,1
2024-07-14,44c942fe217c,569.0,470.0,1.0,1
2024-07-14,851410d2704b,659.0,550.0,2.0,1
2024-07-15,44c942fe217c,569.0,470.0,2.0,1
2024-07-15,74d6ed799e21,579.0,480.0,1.0,1
2024-07-15,851410d2704b,659.0,550.0,1.0,1
2024-07-16,44c942fe217c,569.0,470.0,4.0,1
2024-07-17,389412076801,139.0,100.0,1.0,1
2024-07-17,dd94e2bc5601,199.0,150.0,2.0,1
2024-07-18,389412076801,139.0,100.0,7.0,1
2024-07-18,d63b63612407,179.0,140.0,1.0,1
2024-07-18,95879f411e24,199.0,150.0,3.0,1
2024-07-18,dd94e2bc5601,199.0,150.0,1.0,1
2024-07-18,5ec8eafeb7ce,199.0,150.0,2.0,1
2024-07-19,d63b63612407,179.0,140.0,1.0,1
2024-07-19,f0c2857afa61,199.0,150.0,1.0,1
2024-07-19,4cf0bb777594,559.0,460.0,1.0,1
2024-07-19,a6b6bfbc73b9,799.0,680.0,1.0,1
2024-07-20,44c942fe217c,569.0,470.0,3.0,1
2024-07-21,389412076801,139.0,100.0,1.0,1
2024-07-21,95879f411e24,199.0,150.0,1.0,1
2024-07-21,17abde81f33d,489.0,390.0,2.0,1
2024-07-24,bc2f82a22e11,199.0,150.0,6.0,1
2024-07-24,95879f411e24,199.0,150.0,1.0,1
2024-07-24,e60d890f2812,419.0,380.0,1.0,1
2024-07-24,74d6ed799e21,579.0,480.0,6.0,1
2024-07-25,bc2f82a22e11,199.0,150.0,3.0,1
2024-07-25,95879f411e24,199.0,150.0,1.0,1
2024-07-25,0e39cf5d57c1,199.0,150.0,1.0,1
2024-07-26,bc2f82a22e11,199.0,150.0,3.0,1
2024-07-27,bc2f82a22e11,199.0,150.0,2.0,1
2024-07-27,e60d890f2812,419.0,380.0,2.0,1
2024-07-28,383eda871fca,759.0,650.0,1.0,1
2024-08-08,95879f411e24,199.0,150.0,1.0,1
2024-08-08,5ec8eafeb7ce,199.0,150.0,1.0,1
2024-08-08,59541dc4af68,199.0,150.0,1.0,1
2024-08-08,07605df7333f,199.0,150.0,5.0,1
2024-08-09,95879f411e24,199.0,150.0,1.0,1
2024-08-10,95879f411e24,199.0,150.0,1.0,1
2024-08-10,59541dc4af68,199.0,150.0,6.0,1
2024-08-10,07605df7333f,199.0,150.0,3.0,1
2024-08-11,389412076801,139.0,100.0,1.0,1
2024-08-11,d63b63612407,179.0,150.0,2.0,1
2024-08-11,95879f411e24,199.0,150.0,1.0,1
2024-08-11,5ec8eafeb7ce,199.0,150.0,1.0,1
2024-08-11,d60184cf6ca5,199.0,150.0,3.0,1
2024-08-11,59541dc4af68,199.0,150.0,4.0,1
2024-08-11,07605df7333f,199.0,150.0,3.0,1
2024-08-11,74d6ed799e21,579.0,540.0,1.0,1
2024-08-12,389412076801,139.0,100.0,4.0,1
2024-08-12,d63b63612407,179.0,150.0,2.0,1
2024-08-12,95879f411e24,199.0,150.0,3.0,1
2024-08-12,dd94e2bc5601,199.0,150.0,4.0,1
2024-08-12,d60184cf6ca5,199.0,150.0,2.0,1
2024-08-12,07605df7333f,199.0,150.0,5.0,1
2024-08-12,e60d890f2812,419.0,400.0,2.0,1
2024-08-13,bc2f82a22e11,199.0,150.0,1.0,1
2024-08-13,95879f411e24,199.0,150.0,1.0,1
2024-08-13,f0c2857afa61,199.0,150.0,1.0,1
2024-08-13,dd94e2bc5601,199.0,150.0,3.0,1
2024-08-13,59541dc4af68,199.0,150.0,5.0,1
2024-08-13,07605df7333f,199.0,150.0,1.0,1
2024-08-14,f0c2857afa61,199.0,150.0,1.0,1
2024-08-15,389412076801,139.0,100.0,1.0,1
2024-08-15,d63b63612407,179.0,150.0,2.0,1
2024-08-15,f0c2857afa61,199.0,150.0,2.0,1
2024-08-15,dd94e2bc5601,199.0,150.0,3.0,1
2024-08-15,d60184cf6ca5,199.0,150.0,12.0,1
2024-08-15,59541dc4af68,199.0,150.0,3.0,1
2024-08-15,07605df7333f,199.0,150.0,4.0,1
2024-08-17,d60184cf6ca5,199.0,150.0,2.0,1
2024-08-17,07605df7333f,199.0,150.0,7.0,1
2024-08-18,dd94e2bc5601,199.0,150.0,1.0,1
2024-08-18,d60184cf6ca5,199.0,150.0,6.0,1
2024-08-18,e60d890f2812,419.0,400.0,1.0,1
2024-08-19,bc2f82a22e11,199.0,150.0,3.0,1
2024-08-19,dd94e2bc5601,199.0,150.0,5.0,1
2024-08-19,d60184cf6ca5,199.0,150.0,7.0,1
2024-08-19,07605df7333f,199.0,150.0,4.0,1
2024-08-19,e60d890f2812,419.0,400.0,1.0,1
2024-08-20,bc2f82a22e11,199.0,150.0,6.0,1
2024-08-20,dd94e2bc5601,199.0,150.0,4.0,1
2024-08-20,5ec8eafeb7ce,199.0,150.0,1.0,1
2024-08-20,d60184cf6ca5,199.0,150.0,6.0,1
2024-08-20,07605df7333f,199.0,150.0,1.0,1
2024-08-22,bc2f82a22e11,199.0,150.0,4.0,1
2024-08-22,95879f411e24,199.0,150.0,1.0,1
2024-08-22,dd94e2bc5601,199.0,150.0,4.0,1
2024-08-22,5ec8eafeb7ce,199.0,150.0,1.0,1
2024-08-22,d60184cf6ca5,199.0,150.0,4.0,1
2024-08-22,07605df7333f,199.0,150.0,3.0,1
2024-08-23,95879f411e24,199.0,150.0,1.0,1
2024-08-23,dd94e2bc5601,199.0,150.0,1.0,1
2024-08-23,d60184cf6ca5,199.0,150.0,13.0,1
2024-08-24,95879f411e24,199.0,150.0,1.0,1
2024-08-24,f0c2857afa61,199.0,150.0,1.0,1
2024-08-24,dd94e2bc5601,199.0,150.0,1.0,1
2024-08-24,d60184cf6ca5,199.0,150.0,5.0,1
2024-08-24,07605df7333f,199.0,150.0,1.0,1
2024-08-24,44c942fe217c,569.0,500.0,1.0,1
2024-08-25,95879f411e24,199.0,150.0,1.0,1
2024-08-25,d60184cf6ca5,199.0,150.0,7.0,1
2024-08-25,07605df7333f,199.0,150.0,2.0,1
2024-08-25,3a95d538a917,249.0,200.0,3.0,1
2024-08-25,e60d890f2812,419.0,400.0,1.0,1
2024-08-25,44c942fe217c,569.0,500.0,7.0,1
2024-08-25,383eda871fca,759.0,700.0,3.0,1
2024-08-26,e60d890f2812,419.0,400.0,1.0,1
2024-08-26,44c942fe217c,569.0,500.0,1.0,1
2024-08-26,383eda871fca,759.0,700.0,2.0,1
2024-08-27,07605df7333f,199.0,150.0,4.0,1
2024-08-28,3a95d538a917,249.0,200.0,1.0,1
2024-08-28,74d6ed799e21,579.0,540.0,2.0,1
2024-08-31,d63b63612407,189.0,150.0,1.0,1
2024-08-31,bc2f82a22e11,199.0,150.0,1.0,1
2024-08-31,dd94e2bc5601,199.0,150.0,2.0,1
2024-08-31,d60184cf6ca5,199.0,150.0,1.0,1
2024-09-03,389412076801,159.0,100.0,2.0,1
2024-09-03,f0c2857afa61,199.0,106.81,1.0,1
2024-09-03,d60184cf6ca5,199.0,110.23,3.0,1
2024-09-03,bc2f82a22e11,199.0,119.99,5.0,1
2024-09-03,dd94e2bc5601,199.0,128.38,5.0,1
2024-09-03,5ec8eafeb7ce,199.0,130.0,1.0,1
2024-09-03,44c942fe217c,599.0,265.87,46.0,1
2024-09-03,9f45a49e5ee4,1059.0,748.31,1.0,1
2024-09-04,bc2f82a22e11,199.0,119.99,1.0,1
2024-09-04,44c942fe217c,599.0,265.87,3.0,1
2024-09-05,389412076801,159.0,100.0,4.0,1
2024-09-05,3a95d538a917,249.0,102.66,3.0,1
2024-09-05,f0c2857afa61,199.0,106.81,3.0,1
2024-09-05,d60184cf6ca5,199.0,110.23,7.0,1
2024-09-05,07605df7333f,199.0,112.67,3.0,1
2024-09-05,bc2f82a22e11,199.0,119.99,4.0,1
2024-09-05,dd94e2bc5601,199.0,128.38,4.0,1
2024-09-05,d63b63612407,189.0,130.0,5.0,1
2024-09-05,f611e25fa53a,639.0,339.95,3.0,1
2024-09-05,383eda871fca,789.0,474.04,3.0,1
2024-09-05,9f45a49e5ee4,1059.0,748.31,1.0,1
2024-09-06,389412076801,159.0,100.0,5.0,1
2024-09-06,d60184cf6ca5,199.0,110.23,11.0,1
2024-09-06,bc2f82a22e11,199.0,119.99,3.0,1
2024-09-06,d63b63612407,189.0,130.0,3.0,1
2024-09-06,5ec8eafeb7ce,199.0,130.0,1.0,1
2024-09-06,f611e25fa53a,639.0,339.95,6.0,1
2024-09-12,3a95d538a917,249.0,102.66,1.0,1
2024-09-12,f0c2857afa61,199.0,106.81,2.0,1
2024-09-12,07605df7333f,199.0,112.67,6.0,1
2024-09-12,dd94e2bc5601,199.0,128.38,2.0,1
2024-09-12,d63b63612407,189.0,130.0,4.0,1
2024-09-12,383eda871fca,789.0,474.04,1.0,1
2024-09-14,389412076801,159.0,100.0,2.0,1
2024-09-14,f0c2857afa61,199.0,106.81,1.0,1
2024-09-14,d60184cf6ca5,199.0,110.23,7.0,1
2024-09-14,07605df7333f,199.0,112.67,7.0,1
2024-09-14,dd94e2bc5601,199.0,128.38,1.0,1
2024-09-14,5ec8eafeb7ce,199.0,130.0,3.0,1
2024-09-15,f0c2857afa61,199.0,106.81,3.0,1
2024-09-15,d60184cf6ca5,199.0,110.23,4.0,1
2024-09-15,07605df7333f,199.0,112.67,1.0,1
2024-09-15,bc2f82a22e11,199.0,119.99,3.0,1
2024-09-15,5ec8eafeb7ce,199.0,130.0,1.0,1
2024-09-17,389412076801,159.0,100.0,1.0,1
2024-09-17,d60184cf6ca5,199.0,110.23,3.0,1
2024-09-17,07605df7333f,199.0,112.67,6.0,1
2024-09-17,dd94e2bc5601,199.0,128.38,9.0,1
2024-09-17,d63b63612407,189.0,130.0,1.0,1
2024-09-17,75a435426869,769.0,399.73,1.0,1
2024-09-19,d60184cf6ca5,199.0,110.23,5.0,1
2024-09-19,07605df7333f,199.0,112.67,5.0,1
2024-09-19,d63b63612407,189.0,130.0,10.0,1
2024-09-19,5ec8eafeb7ce,199.0,130.0,1.0,1
2024-09-19,383eda871fca,789.0,474.04,5.0,1
2024-09-20,3a95d538a917,249.0,102.66,1.0,1
2024-09-20,07605df7333f,199.0,112.67,6.0,1
2024-09-20,dd94e2bc5601,199.0,128.38,8.0,1
2024-09-20,d63b63612407,189.0,130.0,5.0,1
2024-09-20,44c942fe217c,599.0,265.87,1.0,1
2024-09-20,383eda871fca,789.0,474.04,5.0,1
2024-09-21,d60184cf6ca5,199.0,110.23,1.0,1
2024-09-21,07605df7333f,199.0,112.67,3.0,1
2024-09-21,d63b63612407,189.0,130.0,4.0,1
2024-09-21,44c942fe217c,599.0,265.87,1.0,1
2024-09-21,383eda871fca,789.0,474.04,3.0,1
2024-09-22,07605df7333f,199.0,112.67,1.0,1
2024-09-22,d63b63612407,189.0,130.0,1.0,1
2024-09-22,59541dc4af68,199.0,150.0,1.0,1
2024-09-22,44c942fe217c,599.0,265.87,2.0,1
2024-09-22,383eda871fca,789.0,474.04,3.0,1
2024-09-23,59541dc4af68,199.0,150.0,3.0,1
2024-09-25,389412076801,159.0,100.0,1.0,1
2024-09-25,5ec8eafeb7ce,199.0,130.0,1.0,1
2024-09-25,59541dc4af68,199.0,150.0,3.0,1
2024-09-25,44c942fe217c,599.0,265.87,4.0,1
2022-08-28,ebf771e2bec9,289.0,130.0,7.0,1
2022-08-28,1b3367edc2a7,269.0,198.0,2.0,1
2022-08-28,02dced2f71f3,309.0,210.0,6.0,1
2022-08-28,da2fef765dce,459.0,334.0,2.0,1
2022-08-29,91a0c1494ef6,149.0,61.2,10.0,1
2022-08-29,0e39cf5d57c1,149.0,64.7,5.0,1
2022-08-29,389412076801,179.0,65.0,2.0,1
2022-08-29,95879f411e24,189.0,73.7,6.0,1
2022-08-29,bc2f82a22e11,189.0,79.2,8.0,1
2022-08-29,772976e34f2d,159.9,79.8,3.0,1
2022-08-29,3cb1c969dd01,189.0,83.1,2.0,1
2022-08-29,dce876058095,149.9,90.0,1.0,1
2022-08-29,584cbff2b783,159.9,90.0,1.0,1
2022-08-29,e7ff6ea67040,179.0,108.7,6.0,1
2022-08-29,ebf771e2bec9,289.0,130.0,8.0,1
2022-08-29,bfe4db97c9d4,519.0,180.1,3.0,1
2022-08-29,1b3367edc2a7,269.0,198.0,1.0,1
2022-08-29,02dced2f71f3,309.0,210.0,1.0,1
2022-08-29,fb45888e228e,499.0,299.0,4.0,1
2022-08-29,f049b16ba53a,699.0,314.4,2.0,1
2022-08-29,da2fef765dce,459.0,334.0,1.0,1
2022-08-31,772976e34f2d,159.9,79.8,5.0,1
2022-08-31,584cbff2b783,159.9,90.0,1.0,1
2022-08-31,1b3367edc2a7,269.0,198.0,1.0,1
2022-08-31,da2fef765dce,459.0,334.0,1.0,1
2022-08-30,772976e34f2d,159.9,79.8,2.0,1
2022-08-30,ebf771e2bec9,289.0,130.0,2.0,1
2022-08-30,02dced2f71f3,309.0,210.0,2.0,1
2022-08-30,da2fef765dce,459.0,334.0,1.0,1
2022-08-30,4ded9e2e446d,619.0,427.4,1.0,1
2022-09-03,389412076801,179.0,65.0,1.0,1
2022-09-03,0e39cf5d57c1,149.0,75.0,8.0,1
2022-09-03,3cb1c969dd01,189.0,80.0,3.0,1
2022-09-03,291d60da77b1,549.0,350.0,1.0,1
2022-09-03,9f45a49e5ee4,879.0,600.0,2.0,1
2022-09-02,118f7e5cc636,149.0,65.0,7.0,1
2022-09-02,389412076801,179.0,65.0,12.0,1
2022-09-02,91a0c1494ef6,149.0,65.0,16.0,1
2022-09-02,95879f411e24,189.0,75.0,7.0,1
2022-09-02,0e39cf5d57c1,149.0,75.0,20.0,1
2022-09-02,d63b63612407,159.0,80.0,6.0,1
2022-09-02,bc2f82a22e11,189.0,80.0,8.0,1
2022-09-02,3cb1c969dd01,189.0,80.0,12.0,1
2022-09-02,3a95d538a917,229.0,95.0,3.0,1
2022-09-02,8b52df27c241,199.0,100.0,12.0,1
2022-09-02,e7ff6ea67040,179.0,110.0,3.0,1
2022-09-02,f0c2857afa61,199.0,110.0,2.0,1
2022-09-02,bfe4db97c9d4,519.0,199.0,2.0,1
2022-09-02,17abde81f33d,469.0,300.0,2.0,1
2022-09-02,291d60da77b1,549.0,350.0,3.0,1
2022-09-02,4ded9e2e446d,619.0,430.0,1.0,1
2022-09-04,118f7e5cc636,149.0,65.0,3.0,1
2022-09-04,389412076801,179.0,65.0,2.0,1
2022-09-04,91a0c1494ef6,149.0,65.0,1.0,1
2022-09-04,95879f411e24,189.0,75.0,1.0,1
2022-09-04,0e39cf5d57c1,149.0,75.0,5.0,1
2022-09-04,d63b63612407,159.0,80.0,3.0,1
2022-09-04,bc2f82a22e11,189.0,80.0,3.0,1
2022-09-04,3cb1c969dd01,189.0,80.0,1.0,1
2022-09-04,8b52df27c241,199.0,100.0,3.0,1
2022-09-04,f0c2857afa61,199.0,110.0,1.0,1
2022-09-04,bfe4db97c9d4,519.0,199.0,8.0,1
2022-09-04,17abde81f33d,469.0,300.0,2.0,1
2022-09-04,291d60da77b1,549.0,350.0,1.0,1
2022-09-04,4ded9e2e446d,619.0,430.0,2.0,1
2022-09-06,389412076801,179.0,65.0,5.0,1
2022-09-06,91a0c1494ef6,149.0,65.0,8.0,1
2022-09-06,0e39cf5d57c1,149.0,75.0,3.0,1
2022-09-06,bc2f82a22e11,189.0,80.0,4.0,1
2022-09-06,3cb1c969dd01,189.0,80.0,9.0,1
2022-09-06,772976e34f2d,159.9,85.0,5.0,1
2022-09-06,f0c2857afa61,199.0,110.0,3.0,1
2022-09-05,118f7e5cc636,149.0,65.0,2.0,1
2022-09-05,389412076801,179.0,65.0,13.0,1
2022-09-05,91a0c1494ef6,149.0,65.0,19.0,1
2022-09-05,95879f411e24,189.0,75.0,5.0,1
2022-09-05,0e39cf5d57c1,149.0,75.0,32.0,1
2022-09-05,d63b63612407,159.0,80.0,1.0,1
2022-09-05,bc2f82a22e11,189.0,80.0,11.0,1
2022-09-05,3cb1c969dd01,189.0,80.0,20.0,1
2022-09-05,772976e34f2d,159.9,85.0,4.0,1
2022-09-05,8b52df27c241,199.0,100.0,2.0,1
2022-09-05,f0c2857afa61,199.0,110.0,12.0,1
2022-09-05,17abde81f33d,469.0,300.0,6.0,1
2022-09-05,99f1adc283c4,479.0,330.0,5.0,1
2022-09-05,291d60da77b1,549.0,350.0,1.0,1
2022-09-05,4ded9e2e446d,619.0,430.0,2.0,1
2022-09-05,9f45a49e5ee4,879.0,600.0,3.0,1
2022-09-07,772976e34f2d,159.9,85.0,3.0,1
2022-09-07,1b3367edc2a7,269.0,199.0,5.0,1
2022-09-07,da2fef765dce,459.0,350.0,1.0,1
2022-09-08,389412076801,179.0,65.0,1.0,1
2022-09-08,91a0c1494ef6,149.0,65.0,3.0,1
2022-09-08,3cb1c969dd01,189.0,80.0,2.0,1
2022-09-08,f0c2857afa61,199.0,110.0,1.0,1
2022-09-08,99f1adc283c4,479.0,330.0,1.0,1
2022-09-08,da2fef765dce,459.0,350.0,5.0,1
2022-09-11,772976e34f2d,159.9,85.0,1.0,1
2022-09-09,91a0c1494ef6,149.0,65.0,2.0,1
2022-09-09,95879f411e24,189.0,75.0,1.0,1
2022-09-09,3cb1c969dd01,189.0,80.0,3.0,1
2022-09-09,772976e34f2d,159.9,85.0,1.0,1
2022-09-09,3a95d538a917,229.0,95.0,4.0,1
2022-09-12,400d2909c512,471.0,338.5,1.0,1
2022-09-12,10f8da2cfebd,520.0,374.0,1.0,1
2022-09-15,389412076801,179.0,65.0,5.0,1
2022-09-15,91a0c1494ef6,149.0,65.0,2.0,1
2022-09-15,0e39cf5d57c1,129.0,75.0,3.0,1
2022-09-15,d63b63612407,159.0,80.0,2.0,1
2022-09-15,bc2f82a22e11,189.0,80.0,2.0,1
2022-09-15,3cb1c969dd01,189.0,80.0,5.0,1
2022-09-15,f0c2857afa61,199.0,110.0,2.0,1
2022-09-15,da2fef765dce,459.0,350.0,3.0,1
2022-09-16,bc2f82a22e11,189.0,80.0,1.0,1
2022-09-18,389412076801,179.0,65.0,4.0,1
2022-09-18,95879f411e24,189.0,75.0,1.0,1
2022-09-18,3cb1c969dd01,189.0,80.0,5.0,1
2022-09-25,118f7e5cc636,149.0,65.0,4.0,1
2022-09-25,389412076801,179.0,65.0,2.0,1
2022-09-25,91a0c1494ef6,149.0,65.0,4.0,1
2022-09-25,d63b63612407,159.0,80.0,1.0,1
2022-09-25,3cb1c969dd01,189.0,80.0,5.0,1
2022-09-25,3a95d538a917,229.0,95.0,3.0,1
2022-09-25,8b52df27c241,199.0,100.0,10.0,1
2022-09-25,17abde81f33d,469.0,300.0,3.0,1
2022-09-20,772976e34f2d,149.9,85.0,3.0,1
2022-09-22,118f7e5cc636,149.0,65.0,3.0,1
2022-09-22,389412076801,179.0,65.0,5.0,1
2022-09-22,91a0c1494ef6,149.0,65.0,1.0,1
2022-09-22,95879f411e24,189.0,75.0,1.0,1
2022-09-22,d63b63612407,159.0,80.0,2.0,1
2022-09-22,3cb1c969dd01,189.0,80.0,3.0,1
2022-09-22,772976e34f2d,149.9,85.0,1.0,1
2022-09-22,8b52df27c241,199.0,100.0,11.0,1
2022-09-22,e7ff6ea67040,199.0,110.0,9.0,1
2022-09-22,74d6ed799e21,519.0,350.0,1.0,1
2022-09-19,389412076801,179.0,65.0,5.0,1
2022-09-19,91a0c1494ef6,149.0,65.0,7.0,1
2022-09-19,95879f411e24,189.0,75.0,9.0,1
2022-09-19,bc2f82a22e11,189.0,80.0,1.0,1
2022-09-19,772976e34f2d,149.9,85.0,7.0,1
2022-09-19,e7ff6ea67040,199.0,110.0,8.0,1
2022-09-23,389412076801,179.0,65.0,4.0,1
2022-09-23,91a0c1494ef6,149.0,65.0,1.0,1
2022-09-23,95879f411e24,189.0,75.0,3.0,1
2022-09-23,d63b63612407,159.0,80.0,1.0,1
2022-09-23,bc2f82a22e11,189.0,80.0,4.0,1
2022-09-23,3cb1c969dd01,189.0,80.0,6.0,1
2022-09-23,3a95d538a917,229.0,95.0,3.0,1
2022-09-23,e7ff6ea67040,199.0,110.0,14.0,1
2022-09-23,17abde81f33d,469.0,300.0,2.0,1
2022-09-26,389412076801,179.0,65.0,5.0,1
2022-09-26,95879f411e24,189.0,75.0,2.0,1
2022-09-26,3cb1c969dd01,189.0,80.0,3.0,1
2022-09-26,3a95d538a917,229.0,95.0,2.0,1
2022-09-26,e7ff6ea67040,199.0,110.0,18.0,1
2022-09-24,3cb1c969dd01,189.0,80.0,1.0,1
2022-09-24,3a95d538a917,229.0,95.0,1.0,1
2022-09-29,95879f411e24,189.0,75.0,2.0,1
2022-09-29,3cb1c969dd01,189.0,80.0,7.0,1
2022-09-29,986dbd10687c,149.9,80.0,9.0,1
2022-09-29,3a95d538a917,229.0,95.0,6.0,1
2022-09-29,301ab3da516b,169.9,100.0,3.0,1
2022-09-29,e7ff6ea67040,199.0,110.0,6.0,1
2022-09-29,029f72f6913c,169.9,110.0,2.0,1
2022-09-29,75c7ffa4eebc,189.9,120.0,6.0,1
2022-09-29,74d6ed799e21,519.0,350.0,2.0,1
2022-09-30,91a0c1494ef6,149.0,65.0,1.0,1
2022-09-30,95879f411e24,189.0,75.0,1.0,1
2022-09-30,d63b63612407,159.0,80.0,3.0,1
2022-09-30,3cb1c969dd01,189.0,80.0,1.0,1
2022-09-30,986dbd10687c,149.9,80.0,7.0,1
2022-09-30,3a95d538a917,229.0,95.0,1.0,1
2022-09-30,029f72f6913c,169.9,110.0,3.0,1
2022-09-30,75c7ffa4eebc,189.9,120.0,3.0,1
2022-09-30,74d6ed799e21,519.0,350.0,3.0,1
2022-09-27,95879f411e24,189.0,75.0,3.0,1
2022-09-27,3cb1c969dd01,189.0,80.0,5.0,1
2022-09-27,3a95d538a917,229.0,95.0,2.0,1
2022-09-27,e7ff6ea67040,199.0,110.0,16.0,1
2022-09-27,74d6ed799e21,519.0,350.0,1.0,1
2022-10-05,75c7ffa4eebc,189.9,120.0,1.0,1
2022-10-04,389412076801,179.0,65.0,4.0,1
2022-10-04,91a0c1494ef6,149.0,65.0,8.0,1
2022-10-04,95879f411e24,189.0,75.0,2.0,1
2022-10-04,986dbd10687c,149.9,80.0,3.0,1
2022-10-04,3a95d538a917,229.0,85.0,1.0,1
2022-10-04,301ab3da516b,169.9,100.0,2.0,1
2022-10-04,e7ff6ea67040,199.0,110.0,9.0,1
2022-10-04,029f72f6913c,169.9,110.0,2.0,1
2022-10-04,75c7ffa4eebc,189.9,120.0,5.0,1
2022-10-01,389412076801,179.0,65.0,6.0,1
2022-10-01,91a0c1494ef6,149.0,65.0,5.0,1
2022-10-01,95879f411e24,189.0,75.0,1.0,1
2022-10-01,d63b63612407,159.0,80.0,3.0,1
2022-10-01,986dbd10687c,149.9,80.0,1.0,1
2022-10-01,3a95d538a917,229.0,85.0,3.0,1
2022-10-01,f0c2857afa61,199.0,100.0,1.0,1
2022-10-01,e7ff6ea67040,199.0,110.0,3.0,1
2022-10-01,75c7ffa4eebc,189.9,120.0,2.0,1
2022-10-02,389412076801,179.0,65.0,3.0,1
2022-10-02,e7ff6ea67040,199.0,110.0,1.0,1
2022-10-02,74d6ed799e21,519.0,350.0,1.0,1
2022-10-03,986dbd10687c,149.9,80.0,6.0,1
2022-10-03,301ab3da516b,169.9,100.0,2.0,1
2022-10-03,029f72f6913c,169.9,110.0,2.0,1
2022-10-03,75c7ffa4eebc,189.9,120.0,5.0,1
2022-10-06,301ab3da516b,169.9,100.0,1.0,1
2022-10-06,029f72f6913c,169.9,110.0,2.0,1
2022-10-06,3e1302a06ca8,189.9,120.0,3.0,1
2022-10-06,75c7ffa4eebc,189.9,120.0,2.0,1
2022-10-07,029f72f6913c,169.9,110.0,2.0,1
2022-10-07,75c7ffa4eebc,189.9,120.0,2.0,1
2022-10-10,029f72f6913c,169.9,110.0,1.0,1
2022-10-11,389412076801,179.0,65.0,10.0,1
2022-10-11,91a0c1494ef6,149.0,65.0,3.0,1
2022-10-11,95879f411e24,189.0,75.0,1.0,1
2022-10-11,3cb1c969dd01,189.0,80.0,2.0,1
2022-10-11,584cbff2b783,149.9,85.0,6.0,1
2022-10-11,f0c2857afa61,199.0,100.0,2.0,1
2022-10-11,d9160be84d68,169.9,100.0,2.0,1
2022-10-11,cd154f470ffa,189.9,110.0,3.0,1
2022-10-11,e7ff6ea67040,199.0,110.0,33.0,1
2022-10-11,534465a0faf1,199.9,120.0,1.0,1
2022-10-09,389412076801,179.0,65.0,6.0,1
2022-10-09,95879f411e24,189.0,75.0,1.0,1
2022-10-09,d63b63612407,159.0,80.0,1.0,1
2022-10-09,f0c2857afa61,199.0,100.0,2.0,1
2022-10-09,e7ff6ea67040,199.0,110.0,8.0,1
2022-10-09,029f72f6913c,169.9,110.0,4.0,1
2022-10-09,4ded9e2e446d,619.0,450.0,1.0,1
2022-10-08,029f72f6913c,169.9,110.0,1.0,1
2022-10-12,91a0c1494ef6,149.0,65.0,2.0,1
2022-10-12,95879f411e24,189.0,75.0,2.0,1
2022-10-12,3cb1c969dd01,189.0,80.0,7.0,1
2022-10-12,584cbff2b783,149.9,85.0,3.0,1
2022-10-12,f0c2857afa61,199.0,100.0,5.0,1
2022-10-12,e7ff6ea67040,179.0,110.0,25.0,1
2022-10-12,029f72f6913c,169.9,110.0,1.0,1
2022-10-12,3e1302a06ca8,189.9,120.0,2.0,1
2022-10-14,389412076801,179.0,65.0,7.0,1
2022-10-14,d63b63612407,159.0,80.0,7.0,1
2022-10-14,3cb1c969dd01,189.0,80.0,18.0,1
2022-10-14,f0c2857afa61,199.0,100.0,9.0,1
2022-10-14,cd154f470ffa,189.9,110.0,1.0,1
2022-10-14,e7ff6ea67040,179.0,110.0,26.0,1
2022-10-14,3e1302a06ca8,189.9,120.0,2.0,1
2022-10-14,74d6ed799e21,519.0,350.0,2.0,1
2022-10-13,0e39cf5d57c1,149.0,60.0,1.0,1
2022-10-13,389412076801,179.0,65.0,12.0,1
2022-10-13,584cbff2b783,149.9,85.0,1.0,1
2022-10-13,f0c2857afa61,199.0,100.0,1.0,1
2022-10-13,d9160be84d68,169.9,100.0,2.0,1
2022-10-13,cd154f470ffa,189.9,110.0,1.0,1
2022-10-13,e7ff6ea67040,179.0,110.0,18.0,1
2022-10-13,029f72f6913c,169.9,110.0,5.0,1
2022-10-13,75c7ffa4eebc,189.9,120.0,1.0,1
2022-10-13,534465a0faf1,169.9,120.0,1.0,1
2022-10-13,17abde81f33d,469.0,299.0,1.0,1
2022-10-13,74d6ed799e21,519.0,350.0,3.0,1
2022-10-17,0e39cf5d57c1,149.0,60.0,12.0,1
2022-10-17,389412076801,179.0,65.0,5.0,1
2022-10-17,95879f411e24,189.0,75.0,3.0,1
2022-10-17,d63b63612407,159.0,80.0,3.0,1
2022-10-17,bc2f82a22e11,189.0,80.0,2.0,1
2022-10-17,3cb1c969dd01,189.0,80.0,10.0,1
2022-10-17,3a95d538a917,229.0,85.0,5.0,1
2022-10-17,f0c2857afa61,199.0,100.0,2.0,1
2022-10-17,e7ff6ea67040,179.0,110.0,15.0,1
2022-10-17,3e1302a06ca8,189.9,120.0,1.0,1
2022-10-17,ebf771e2bec9,289.0,127.0,2.0,1
2022-10-17,c837799bf9bc,309.0,192.0,3.0,1
2022-10-17,44c942fe217c,519.0,210.0,4.0,1
2022-10-17,fb45888e228e,569.0,288.4,2.0,1
2022-10-17,f049b16ba53a,699.0,312.0,1.0,1
2022-10-17,74d6ed799e21,519.0,350.0,1.0,1
2022-10-16,389412076801,179.0,65.0,4.0,1
2022-10-16,d63b63612407,159.0,80.0,3.0,1
2022-10-16,f0c2857afa61,199.0,100.0,2.0,1
2022-10-16,e7ff6ea67040,179.0,110.0,2.0,1
2022-10-16,ebf771e2bec9,289.0,127.0,5.0,1
2022-10-16,c837799bf9bc,309.0,192.0,12.0,1
2022-10-16,fb45888e228e,569.0,288.4,7.0,1
2022-10-16,f049b16ba53a,699.0,312.0,2.0,1
2022-10-15,389412076801,179.0,65.0,2.0,1
2022-10-15,3cb1c969dd01,189.0,80.0,1.0,1
2022-10-15,f0c2857afa61,199.0,100.0,1.0,1
2022-10-15,e7ff6ea67040,179.0,110.0,12.0,1
2022-10-15,ebf771e2bec9,289.0,127.0,5.0,1
2022-10-15,c837799bf9bc,309.0,192.0,10.0,1
2022-10-15,fb45888e228e,569.0,288.4,17.0,1
2022-10-15,f049b16ba53a,699.0,312.0,11.0,1
2022-10-19,301ab3da516b,169.9,100.0,1.0,1
2022-10-19,d9160be84d68,169.9,100.0,2.0,1
2022-10-19,029f72f6913c,169.9,110.0,5.0,1
2022-10-19,ebf771e2bec9,289.0,127.0,10.0,1
2022-10-19,c837799bf9bc,309.0,192.0,2.0,1
2022-10-19,1b3367edc2a7,269.0,200.0,1.0,1
2022-10-19,da2fef765dce,459.0,350.0,2.0,1
2022-10-18,819b7948e314,149.9,70.0,3.0,1
2022-10-18,3cb1c969dd01,189.0,80.0,6.0,1
2022-10-18,3a95d538a917,229.0,85.0,1.0,1
2022-10-18,301ab3da516b,169.9,100.0,5.0,1
2022-10-18,d9160be84d68,169.9,100.0,4.0,1
2022-10-18,e7ff6ea67040,179.0,110.0,12.0,1
2022-10-18,ebf771e2bec9,289.0,127.0,12.0,1
2022-10-18,c837799bf9bc,309.0,192.0,21.0,1
2022-10-18,1b3367edc2a7,269.0,200.0,2.0,1
2022-10-18,44c942fe217c,519.0,210.0,3.0,1
2022-10-18,fb45888e228e,569.0,288.4,15.0,1
2022-10-18,f049b16ba53a,699.0,312.0,3.0,1
2022-10-18,da2fef765dce,459.0,350.0,2.0,1
2022-10-20,0e39cf5d57c1,149.0,60.0,6.0,1
2022-10-20,389412076801,179.0,65.0,6.0,1
2022-10-20,95879f411e24,189.0,75.0,3.0,1
2022-10-20,bc2f82a22e11,189.0,80.0,3.0,1
2022-10-20,3cb1c969dd01,189.0,80.0,4.0,1
2022-10-20,3a95d538a917,229.0,85.0,3.0,1
2022-10-20,d9160be84d68,169.9,100.0,1.0,1
2022-10-20,ebf771e2bec9,289.0,127.0,7.0,1
2022-10-20,1b3367edc2a7,269.0,200.0,5.0,1
2022-10-20,44c942fe217c,519.0,210.0,1.0,1
2022-10-20,fb45888e228e,569.0,288.4,4.0,1
2022-10-22,f049b16ba53a,699.0,312.0,1.0,1
2022-10-24,389412076801,179.0,65.0,8.0,1
2022-10-24,95879f411e24,189.0,75.0,5.0,1
2022-10-24,d63b63612407,159.0,80.0,1.0,1
2022-10-24,1b3367edc2a7,269.0,200.0,3.0,1
2022-10-24,fb45888e228e,569.0,288.4,2.0,1
2022-10-24,17abde81f33d,469.0,299.0,3.0,1
2022-10-24,4849cb059ba3,549.0,350.0,2.0,1
2022-10-25,0e39cf5d57c1,149.0,60.0,1.0,1
2022-10-25,389412076801,179.0,65.0,12.0,1
2022-10-25,819b7948e314,149.9,70.0,1.0,1
2022-10-25,95879f411e24,189.0,75.0,6.0,1
2022-10-25,986dbd10687c,149.9,80.0,4.0,1
2022-10-25,301ab3da516b,169.9,100.0,4.0,1
2022-10-25,029f72f6913c,169.9,110.0,4.0,1
2022-10-25,1b3367edc2a7,269.0,200.0,1.0,1
2022-10-25,947567091b5f,309.0,210.0,2.0,1
2022-10-25,4849cb059ba3,549.0,350.0,1.0,1
2022-10-25,da2fef765dce,459.0,350.0,2.0,1
2022-10-26,986dbd10687c,139.9,80.0,5.0,1
2022-10-26,301ab3da516b,169.9,100.0,3.0,1
2022-10-26,029f72f6913c,169.9,110.0,2.0,1
2022-10-28,0e39cf5d57c1,149.0,60.0,1.0,1
2022-10-28,389412076801,179.0,65.0,6.0,1
2022-10-28,3cb1c969dd01,189.0,80.0,3.0,1
2022-10-28,3a95d538a917,229.0,85.0,1.0,1
2022-10-28,f0c2857afa61,199.0,100.0,3.0,1
2022-10-28,e7ff6ea67040,199.0,110.0,4.0,1
2022-10-28,bfe4db97c9d4,519.0,180.0,3.0,1
2022-10-28,947567091b5f,309.0,210.0,2.0,1
2022-10-28,f611e25fa53a,549.0,280.0,3.0,1
2022-10-28,fb45888e228e,569.0,288.4,13.0,1
2022-10-28,17abde81f33d,469.0,299.0,1.0,1
2022-10-28,f049b16ba53a,699.0,312.0,1.0,1
2022-10-28,72f2f63f2a5d,469.0,330.0,2.0,1
2022-10-28,da2fef765dce,459.0,350.0,1.0,1
2022-10-28,4ded9e2e446d,619.0,450.0,1.0,1
2022-10-28,9f45a49e5ee4,879.0,600.0,1.0,1
2022-10-27,986dbd10687c,139.9,80.0,1.0,1
2022-10-30,f0c2857afa61,199.0,100.0,1.0,1
2022-10-30,e7ff6ea67040,199.0,110.0,12.0,1
2022-10-30,fb45888e228e,569.0,288.4,8.0,1
2022-10-30,17abde81f33d,469.0,299.0,2.0,1
2022-10-30,f049b16ba53a,699.0,312.0,5.0,1
2022-10-30,72f2f63f2a5d,469.0,330.0,1.0,1
2022-10-30,4cf0bb777594,469.0,330.0,2.0,1
2022-10-29,0e39cf5d57c1,149.0,60.0,7.0,1
2022-10-29,389412076801,179.0,65.0,1.0,1
2022-10-29,95879f411e24,189.0,75.0,1.0,1
2022-10-29,d63b63612407,159.0,80.0,1.0,1
2022-10-29,bc2f82a22e11,189.0,80.0,1.0,1
2022-10-29,3a95d538a917,229.0,85.0,2.0,1
2022-10-29,e7ff6ea67040,199.0,110.0,3.0,1
2022-10-29,1b3367edc2a7,269.0,200.0,3.0,1
2022-10-29,f611e25fa53a,549.0,280.0,2.0,1
2022-10-29,f049b16ba53a,699.0,312.0,2.0,1
2022-10-29,74d6ed799e21,519.0,350.0,1.0,1
2022-11-01,389412076801,179.0,60.0,9.0,1
2022-11-01,0e39cf5d57c1,149.0,65.0,4.0,1
2022-11-01,bc2f82a22e11,189.0,80.0,3.0,1
2022-11-01,3a95d538a917,229.0,90.0,4.0,1
2022-11-01,e7ff6ea67040,199.0,110.0,16.0,1
2022-11-01,da2fef765dce,459.0,350.0,3.0,1
2022-10-31,389412076801,179.0,65.0,1.0,1
2022-10-31,3a95d538a917,229.0,85.0,2.0,1
2022-10-31,fb45888e228e,569.0,288.4,11.0,1
2022-11-02,3e1302a06ca8,189.9,120.0,5.0,1
2022-11-02,17abde81f33d,469.0,299.0,1.0,1
2022-11-06,389412076801,179.0,60.0,1.0,1
2022-11-06,95879f411e24,189.0,65.0,4.0,1
2022-11-06,3a95d538a917,229.0,90.0,2.0,1
2022-11-06,f0c2857afa61,199.0,90.0,3.0,1
2022-11-04,389412076801,179.0,60.0,5.0,1
2022-11-04,118f7e5cc636,149.0,65.0,5.0,1
2022-11-04,95879f411e24,189.0,65.0,2.0,1
2022-11-04,0e39cf5d57c1,149.0,65.0,4.0,1
2022-11-04,d63b63612407,159.0,75.0,2.0,1
2022-11-04,bc2f82a22e11,189.0,80.0,2.0,1
2022-11-04,3a95d538a917,229.0,90.0,5.0,1
2022-11-04,e7ff6ea67040,199.0,110.0,11.0,1
2022-11-04,ad032f759ad6,275.0,183.1,1.0,1
2022-11-04,44c942fe217c,519.0,210.0,11.0,1
2022-11-04,f19e46b153bf,427.0,284.1,1.0,1
2022-11-04,fb45888e228e,569.0,299.0,10.0,1
2022-11-04,a9d8c085adc0,539.0,299.0,4.0,1
2022-11-04,f049b16ba53a,699.0,330.0,5.0,1
2022-11-04,4cf0bb777594,469.0,340.0,3.0,1
2022-11-04,4849cb059ba3,549.0,350.0,2.0,1
2022-11-04,291d60da77b1,549.0,350.0,3.0,1
2022-11-04,9f45a49e5ee4,879.0,600.0,2.0,1
2022-11-04,6f34201abd4c,999.9,786.6,1.0,1
2022-11-09,f049b16ba53a,699.0,330.0,1.0,1
2022-11-08,389412076801,179.0,60.0,5.0,1
2022-11-08,95879f411e24,189.0,65.0,1.0,1
2022-11-08,44c942fe217c,519.0,210.0,1.0,1
2022-11-08,fb45888e228e,569.0,299.0,9.0,1
2022-11-08,a9d8c085adc0,539.0,299.0,2.0,1
2022-11-08,f049b16ba53a,699.0,330.0,8.0,1
2022-11-11,986dbd10687c,149.9,80.0,1.0,1
2022-11-11,fb45888e228e,569.0,299.0,15.0,1
2022-11-10,389412076801,179.0,60.0,6.0,1
2022-11-10,95879f411e24,189.0,65.0,3.0,1
2022-11-10,d63b63612407,159.0,75.0,3.0,1
2022-11-10,fb45888e228e,569.0,299.0,4.0,1
2022-11-10,4cf0bb777594,469.0,340.0,1.0,1
2022-11-13,389412076801,179.0,60.0,1.0,1
2022-11-13,95879f411e24,189.0,65.0,4.0,1
2022-11-13,d63b63612407,159.0,75.0,5.0,1
2022-11-13,986dbd10687c,149.9,80.0,2.0,1
2022-11-13,f0c2857afa61,199.0,90.0,3.0,1
2022-11-13,c633a7004667,179.9,115.0,1.0,1
2022-11-13,44c942fe217c,519.0,210.0,2.0,1
2022-11-13,291d60da77b1,549.0,350.0,1.0,1
2022-11-13,9f45a49e5ee4,879.0,600.0,1.0,1
2022-11-12,986dbd10687c,149.9,80.0,2.0,1
2022-11-15,e85f45f1aa00,129.9,85.0,1.0,1
2022-11-15,c633a7004667,179.9,115.0,2.0,1
2022-11-15,17abde81f33d,469.0,299.0,2.0,1
2022-11-16,986dbd10687c,149.9,80.0,2.0,1
2022-11-16,e85f45f1aa00,129.9,85.0,1.0,1
2022-11-16,b39c70a89eab,169.9,115.0,3.0,1
2022-11-17,118f7e5cc636,149.0,65.0,4.0,1
2022-11-17,0e39cf5d57c1,149.0,65.0,5.0,1
2022-11-17,d63b63612407,159.0,75.0,1.0,1
2022-11-17,e7ff6ea67040,199.0,110.0,5.0,1
2022-11-17,44c942fe217c,519.0,210.0,1.0,1
2022-11-17,4cf0bb777594,469.0,340.0,2.0,1
2022-11-17,da2fef765dce,459.0,350.0,1.0,1
2022-11-17,74d6ed799e21,519.0,350.0,2.0,1
2022-11-14,95879f411e24,189.0,65.0,1.0,1
2022-11-14,17abde81f33d,469.0,299.0,1.0,1
2022-11-14,fb45888e228e,569.0,299.0,4.0,1
2022-11-14,99f1adc283c4,479.0,330.0,1.0,1
2022-11-18,389412076801,179.0,60.0,3.0,1
2022-11-18,95879f411e24,189.0,65.0,1.0,1
2022-11-18,0e39cf5d57c1,149.0,65.0,11.0,1
2022-11-18,d63b63612407,159.0,75.0,4.0,1
2022-11-18,986dbd10687c,149.9,80.0,2.0,1
2022-11-18,e85f45f1aa00,129.9,85.0,1.0,1
2022-11-18,f0c2857afa61,199.0,90.0,4.0,1
2022-11-18,e7ff6ea67040,199.0,110.0,1.0,1
2022-11-18,1b3367edc2a7,269.0,200.0,1.0,1
2022-11-18,17abde81f33d,469.0,299.0,1.0,1
2022-11-18,fb45888e228e,569.0,299.0,8.0,1
2022-11-18,a9d8c085adc0,539.0,299.0,7.0,1
2022-11-18,99f1adc283c4,479.0,330.0,2.0,1
2022-11-18,f049b16ba53a,699.0,330.0,3.0,1
2022-11-18,4849cb059ba3,549.0,350.0,1.0,1
2022-11-18,74d6ed799e21,519.0,350.0,2.0,1
2022-11-18,291d60da77b1,549.0,350.0,1.0,1
2022-11-18,9f45a49e5ee4,879.0,600.0,1.0,1
2022-11-20,92543c68fd9b,75.9,63.4,1.0,1
2022-11-20,44c942fe217c,519.0,210.0,2.0,1
2022-11-19,389412076801,179.0,60.0,3.0,1
2022-11-19,118f7e5cc636,149.0,65.0,1.0,1
2022-11-19,0e39cf5d57c1,149.0,65.0,12.0,1
2022-11-19,d63b63612407,159.0,75.0,3.0,1
2022-11-19,e85f45f1aa00,129.9,85.0,1.0,1
2022-11-19,e7ff6ea67040,199.0,110.0,7.0,1
2022-11-19,b39c70a89eab,169.9,115.0,1.0,1
2022-11-19,44c942fe217c,519.0,210.0,2.0,1
2022-11-19,f611e25fa53a,549.0,270.0,2.0,1
2022-11-19,17abde81f33d,469.0,299.0,2.0,1
2022-11-19,fb45888e228e,569.0,299.0,25.0,1
2022-11-19,a9d8c085adc0,539.0,299.0,10.0,1
2022-11-19,99f1adc283c4,479.0,330.0,2.0,1
2022-11-19,f049b16ba53a,699.0,330.0,8.0,1
2022-11-19,4849cb059ba3,549.0,350.0,1.0,1
2022-11-19,291d60da77b1,549.0,350.0,5.0,1
2022-11-19,9f45a49e5ee4,879.0,600.0,2.0,1
2022-11-26,389412076801,179.0,60.0,3.0,1
2022-11-26,95879f411e24,189.0,65.0,1.0,1
2022-11-26,d63b63612407,159.0,75.0,1.0,1
2022-11-26,bc2f82a22e11,189.0,80.0,1.0,1
2022-11-26,f0c2857afa61,199.0,90.0,2.0,1
2022-11-26,17abde81f33d,469.0,299.0,1.0,1
2022-11-22,389412076801,179.0,60.0,5.0,1
2022-11-22,e85f45f1aa00,129.9,85.0,2.0,1
2022-11-22,e7ff6ea67040,199.0,110.0,2.0,1
2022-11-22,fb45888e228e,569.0,299.0,3.0,1
2022-11-22,a9d8c085adc0,539.0,299.0,4.0,1
2022-11-24,389412076801,179.0,60.0,10.0,1
2022-11-24,d63b63612407,159.0,75.0,1.0,1
2022-11-24,f0c2857afa61,199.0,90.0,6.0,1
2022-11-24,e7ff6ea67040,179.0,110.0,6.0,1
2022-11-24,fb45888e228e,499.0,299.0,14.0,1
2022-11-29,584cbff2b783,149.9,84.2,3.0,1
2022-11-29,3a95d538a917,229.0,90.0,1.0,1
2022-11-29,74d6ed799e21,519.0,350.0,1.0,1
2022-11-30,584cbff2b783,149.9,84.2,2.0,1
2022-11-30,b39c70a89eab,169.9,115.0,1.0,1
2022-11-25,118f7e5cc636,149.0,65.0,2.0,1
2022-11-25,95879f411e24,189.0,65.0,5.0,1
2022-11-25,0e39cf5d57c1,149.0,65.0,3.0,1
2022-11-25,bc2f82a22e11,189.0,80.0,2.0,1
2022-11-25,c633a7004667,179.9,115.0,1.0,1
2022-12-01,389412076801,179.0,53.8,9.0,1
2022-12-01,95879f411e24,189.0,64.9,5.0,1
2022-12-01,d63b63612407,159.0,71.7,4.0,1
2022-12-01,bc2f82a22e11,189.0,77.7,3.0,1
2022-12-01,e7ff6ea67040,179.0,105.6,10.0,1
2022-12-01,44c942fe217c,519.0,196.2,8.0,1
2022-12-01,fb45888e228e,569.0,287.9,3.0,1
2022-12-01,f049b16ba53a,699.0,322.7,5.0,1
2022-12-01,291d60da77b1,549.0,332.3,1.0,1
2022-12-01,4849cb059ba3,549.0,343.8,1.0,1
2022-12-02,389412076801,179.0,53.8,1.0,1
2022-12-02,bc2f82a22e11,189.0,77.7,2.0,1
2022-12-02,44c942fe217c,519.0,196.2,3.0,1
2022-12-02,fb45888e228e,569.0,287.9,5.0,1
2022-12-02,f049b16ba53a,699.0,322.7,1.0,1
2022-12-02,291d60da77b1,549.0,332.3,1.0,1
2022-12-02,4849cb059ba3,549.0,343.8,2.0,1
2022-12-02,9f45a49e5ee4,879.0,599.6,1.0,1
2022-12-05,389412076801,179.0,53.8,8.0,1
2022-12-05,95879f411e24,189.0,64.9,2.0,1
2022-12-05,301ab3da516b,169.9,101.6,1.0,1
2022-12-05,e7ff6ea67040,179.0,105.6,8.0,1
2022-12-05,fb45888e228e,569.0,287.9,17.0,1
2022-12-05,f049b16ba53a,699.0,322.7,4.0,1
2022-12-04,95879f411e24,189.0,64.9,2.0,1
2022-12-04,b39c70a89eab,169.9,113.5,2.0,1
2022-12-06,95879f411e24,189.0,64.9,5.0,1
2022-12-06,e7ff6ea67040,179.0,105.6,14.0,1
2022-12-08,389412076801,179.0,53.8,6.0,1
2022-12-08,95879f411e24,189.0,64.9,6.0,1
2022-12-08,bc2f82a22e11,159.0,77.7,3.0,1
2022-12-08,f0c2857afa61,199.0,99.9,2.0,1
2022-12-08,c837799bf9bc,309.0,192.0,7.0,1
2022-12-08,1b3367edc2a7,269.0,199.9,4.0,1
2022-12-08,fb45888e228e,569.0,287.9,6.0,1
2022-12-08,291d60da77b1,549.0,332.3,1.0,1
2022-12-08,ebd0004b28f9,749.0,529.9,3.0,1
2022-12-11,389412076801,179.0,53.8,2.0,1
2022-12-11,95879f411e24,189.0,64.9,4.0,1
2022-12-11,d63b63612407,159.0,71.7,4.0,1
2022-12-11,bc2f82a22e11,159.0,77.7,5.0,1
2022-12-11,f0c2857afa61,199.0,99.9,4.0,1
2022-12-11,301ab3da516b,169.9,101.6,1.0,1
2022-12-11,e7ff6ea67040,199.0,105.6,7.0,1
2022-12-11,44c942fe217c,519.0,196.2,3.0,1
2022-12-11,e60d890f2812,349.0,249.9,3.0,1
2022-12-11,fb45888e228e,569.0,287.9,9.0,1
2022-12-11,17abde81f33d,469.0,299.9,1.0,1
2022-12-11,291d60da77b1,549.0,332.3,3.0,1
2022-12-11,99f1adc283c4,479.0,339.9,2.0,1
2022-12-11,4849cb059ba3,549.0,343.8,3.0,1
2022-12-11,ebd0004b28f9,749.0,529.9,4.0,1
2022-12-09,389412076801,179.0,53.8,1.0,1
2022-12-09,95879f411e24,189.0,64.9,4.0,1
2022-12-09,bc2f82a22e11,159.0,77.7,2.0,1
2022-12-09,f0c2857afa61,199.0,99.9,3.0,1
2022-12-09,c837799bf9bc,309.0,192.0,4.0,1
2022-12-09,1b3367edc2a7,269.0,199.9,2.0,1
2022-12-09,e60d890f2812,349.0,249.9,1.0,1
2022-12-09,fb45888e228e,569.0,287.9,28.0,1
2022-12-09,17abde81f33d,469.0,299.9,3.0,1
2022-12-09,291d60da77b1,549.0,332.3,3.0,1
2022-12-09,74d6ed799e21,519.0,341.7,3.0,1
2022-12-09,4849cb059ba3,549.0,343.8,3.0,1
2022-12-09,b98730438166,739.0,519.9,1.0,1
2022-12-09,9f45a49e5ee4,879.0,599.6,2.0,1
2022-12-09,c1ce8667bfd6,1139.0,789.9,1.0,1
2022-12-13,389412076801,179.0,53.8,8.0,1
2022-12-13,95879f411e24,189.0,64.9,2.0,1
2022-12-13,d63b63612407,159.0,71.7,3.0,1
2022-12-13,0e39cf5d57c1,149.0,79.9,9.0,1
2022-12-13,f0c2857afa61,199.0,99.9,7.0,1
2022-12-13,301ab3da516b,169.9,101.6,1.0,1
2022-12-13,e7ff6ea67040,199.0,105.6,16.0,1
2022-12-13,44c942fe217c,519.0,196.2,8.0,1
2022-12-13,4cf0bb777594,469.0,339.9,2.0,1
2022-12-13,74d6ed799e21,519.0,341.7,5.0,1
2022-12-13,ebd0004b28f9,749.0,529.9,3.0,1
2022-12-07,389412076801,179.0,53.8,7.0,1
2022-12-07,c837799bf9bc,309.0,192.0,10.0,1
2022-12-07,fb45888e228e,569.0,287.9,7.0,1
2022-12-07,74d6ed799e21,519.0,341.7,1.0,1
2022-12-07,53d9fbf41098,721.0,500.4,1.0,1
2022-12-07,c31d46b06c20,1699.9,1380.5,1.0,1
2022-12-12,389412076801,179.0,53.8,5.0,1
2022-12-12,95879f411e24,189.0,64.9,3.0,1
2022-12-12,d63b63612407,159.0,71.7,9.0,1
2022-12-12,0e39cf5d57c1,149.0,79.9,5.0,1
2022-12-12,f0c2857afa61,199.0,99.9,4.0,1
2022-12-12,301ab3da516b,169.9,101.6,3.0,1
2022-12-12,e7ff6ea67040,199.0,105.6,18.0,1
2022-12-12,b39c70a89eab,169.9,113.5,1.0,1
2022-12-14,d63b63612407,159.0,71.7,4.0,1
2022-12-14,819b7948e314,149.9,79.9,1.0,1
2022-12-14,f0c2857afa61,199.0,99.9,3.0,1
2022-12-14,029f72f6913c,169.9,112.9,3.0,1
2022-12-14,4cf0bb777594,469.0,339.9,2.0,1
2022-12-14,ebd0004b28f9,749.0,529.9,1.0,1
2022-12-15,389412076801,179.0,53.8,10.0,1
2022-12-15,95879f411e24,189.0,64.9,2.0,1
2022-12-15,d63b63612407,159.0,71.7,13.0,1
2022-12-15,986dbd10687c,139.9,77.5,2.0,1
2022-12-15,0e39cf5d57c1,149.0,79.9,9.0,1
2022-12-15,f0c2857afa61,199.0,99.9,11.0,1
2022-12-15,301ab3da516b,169.9,101.6,1.0,1
2022-12-15,e7ff6ea67040,199.0,105.6,14.0,1
2022-12-15,029f72f6913c,169.9,112.9,3.0,1
2022-12-15,b39c70a89eab,169.9,113.5,2.0,1
2022-12-15,5d834dae9ebc,289.0,159.9,9.0,1
2022-12-15,1b3367edc2a7,269.0,199.9,1.0,1
2022-12-15,947567091b5f,309.0,219.0,1.0,1
2022-12-15,f96735cf36e8,379.0,219.0,8.0,1
2022-12-15,f049b16ba53a,699.0,322.7,3.0,1
2022-12-15,291d60da77b1,549.0,332.3,1.0,1
2022-12-15,4cf0bb777594,469.0,339.9,3.0,1
2022-12-15,99f1adc283c4,479.0,339.9,1.0,1
2022-12-15,9d04914a7333,799.0,559.9,1.0,1
2022-12-15,9f45a49e5ee4,879.0,599.6,1.0,1
2022-12-17,986dbd10687c,139.9,77.5,2.0,1
2022-12-17,b39c70a89eab,169.9,113.5,1.0,1
2022-12-17,4cf0bb777594,469.0,339.9,1.0,1
2022-12-17,ebd0004b28f9,749.0,529.9,2.0,1
2022-12-16,d63b63612407,159.0,71.7,1.0,1
2022-12-16,986dbd10687c,139.9,77.5,1.0,1
2022-12-16,029f72f6913c,169.9,112.9,1.0,1
2022-12-16,b39c70a89eab,169.9,113.5,1.0,1
2022-12-16,947567091b5f,309.0,219.0,6.0,1
2022-12-16,f96735cf36e8,379.0,219.0,2.0,1
2022-12-16,4cf0bb777594,469.0,339.9,1.0,1
2022-12-16,4ded9e2e446d,619.0,439.9,2.0,1
2022-12-16,ebd0004b28f9,749.0,529.9,2.0,1
2022-12-16,9d04914a7333,799.0,559.9,5.0,1
2022-12-16,9f45a49e5ee4,879.0,599.6,3.0,1
2022-12-19,389412076801,179.0,53.8,5.0,1
2022-12-19,95879f411e24,189.0,64.9,4.0,1
2022-12-19,d63b63612407,159.0,71.7,5.0,1
2022-12-19,bc2f82a22e11,159.0,77.7,4.0,1
2022-12-19,4cf0bb777594,469.0,339.9,2.0,1
2022-12-19,ebd0004b28f9,749.0,529.9,1.0,1
2022-12-18,389412076801,179.0,53.8,6.0,1
2022-12-18,d63b63612407,159.0,71.7,7.0,1
2022-12-21,17abde81f33d,469.0,309.9,1.0,1
2022-12-23,17abde81f33d,469.0,309.9,2.0,1
2022-12-20,95879f411e24,189.0,64.9,3.0,1
2022-12-20,d63b63612407,159.0,71.7,5.0,1
2022-12-20,bc2f82a22e11,159.0,77.7,6.0,1
2022-12-20,17abde81f33d,469.0,309.9,2.0,1
2022-12-20,4ded9e2e446d,619.0,439.9,1.0,1
2022-12-20,ebd0004b28f9,749.0,529.9,1.0,1
2022-12-20,9d04914a7333,799.0,559.9,1.0,1
2022-12-24,389412076801,179.0,53.8,4.0,1
2022-12-24,17abde81f33d,469.0,309.9,2.0,1
2023-01-10,0e39cf5d57c1,149.0,79.9,24.0,1
2023-01-10,e7ff6ea67040,199.0,119.9,25.0,1
2023-01-10,75e3f62c174d,347.9,347.7,1.0,1
2023-01-10,4849cb059ba3,549.0,349.9,2.0,1
2022-12-27,95879f411e24,189.0,64.9,3.0,1
2022-12-27,e7ff6ea67040,199.0,105.6,3.0,1
2022-12-27,3a95d538a917,229.0,119.9,1.0,1
2022-12-27,17abde81f33d,469.0,309.9,1.0,1
2023-01-12,d63b63612407,159.0,79.9,2.0,1
2023-01-12,118f7e5cc636,149.0,79.9,2.0,1
2023-01-12,e7ff6ea67040,199.0,119.9,7.0,1
2023-01-12,74d6ed799e21,519.0,349.9,1.0,1
2023-01-09,0e39cf5d57c1,149.0,79.9,14.0,1
2023-01-09,e7ff6ea67040,199.0,119.9,6.0,1
2023-01-09,e60d890f2812,349.0,249.9,6.0,1
2023-01-09,99f1adc283c4,326.9,326.4,1.0,1
2023-01-09,f049b16ba53a,699.0,329.9,27.0,1
2023-01-09,291d60da77b1,332.9,339.9,2.0,1
2023-01-09,75e3f62c174d,347.9,347.7,5.0,1
2023-01-09,4849cb059ba3,343.9,349.9,3.0,1
2023-01-09,74d6ed799e21,519.0,349.9,2.0,1
2023-01-09,4ded9e2e446d,619.0,439.9,2.0,1
2023-01-09,9d04914a7333,556.9,559.9,3.0,1
2023-01-03,118f7e5cc636,149.0,79.9,2.0,1
2023-01-03,389412076801,179.0,99.9,5.0,1
2023-01-03,3a95d538a917,229.0,119.9,2.0,1
2023-01-03,17abde81f33d,469.0,299.9,3.0,1
2023-01-03,9d04914a7333,799.0,559.9,5.0,1
2022-12-28,59a9442d508a,64.9,54.9,4.0,1
2023-01-11,0e39cf5d57c1,129.0,79.9,5.0,1
2023-01-11,e7ff6ea67040,199.0,119.9,3.0,1
2023-01-21,d63b63612407,159.0,79.9,5.0,1
2023-01-21,389412076801,179.0,79.9,3.0,1
2023-01-21,95879f411e24,189.0,99.9,1.0,1
2023-01-21,f0c2857afa61,199.0,99.9,3.0,1
2023-01-21,17abde81f33d,469.0,299.9,1.0,1
2023-01-21,4cf0bb777594,469.0,339.0,4.0,1
2023-01-21,74d6ed799e21,519.0,349.9,1.0,1
2023-01-14,d63b63612407,159.0,79.9,3.0,1
2023-01-14,118f7e5cc636,149.0,79.9,6.0,1
2023-01-14,389412076801,179.0,99.9,4.0,1
2023-01-14,e7ff6ea67040,199.0,119.9,14.0,1
2023-01-25,e60d890f2812,349.0,239.9,3.0,1
2023-01-13,e7ff6ea67040,199.0,119.9,1.0,1
2023-01-13,74d6ed799e21,519.0,349.9,1.0,1
2023-01-26,d63b63612407,159.0,79.9,3.0,1
2023-01-26,f0c2857afa61,199.0,99.9,10.0,1
2023-01-26,3a95d538a917,229.0,119.9,3.0,1
2023-01-26,e7ff6ea67040,199.0,119.9,1.0,1
2023-01-24,d63b63612407,159.0,79.9,15.0,1
2023-01-24,bc2f82a22e11,159.0,89.9,1.0,1
2023-01-24,f0c2857afa61,199.0,99.9,13.0,1
2023-01-24,e60d890f2812,349.0,239.9,3.0,1
2023-01-27,d63b63612407,159.0,79.9,1.0,1
2023-01-27,bc2f82a22e11,159.0,89.9,3.0,1
2023-01-27,f0c2857afa61,199.0,99.9,4.0,1
2023-01-27,3a95d538a917,229.0,119.9,1.0,1
2023-01-27,e7ff6ea67040,199.0,119.9,3.0,1
2023-01-27,e60d890f2812,349.0,239.9,2.0,1
2023-01-29,95879f411e24,189.0,99.9,1.0,1
2023-01-29,f0c2857afa61,199.0,99.9,4.0,1
2023-01-29,4ded9e2e446d,619.0,429.0,2.0,1
2023-01-31,e7ff6ea67040,199.0,119.9,8.0,1
2023-01-31,5d834dae9ebc,289.0,139.0,4.0,1
2023-01-31,14e5192f6150,299.0,179.0,4.0,1
2023-01-31,c837799bf9bc,309.0,192.0,4.0,1
2023-01-31,02dced2f71f3,309.0,200.9,2.0,1
2023-01-31,f96735cf36e8,379.0,201.0,5.0,1
2023-01-31,947567091b5f,309.0,209.9,2.0,1
2023-01-31,8987bb32d6d1,349.0,248.4,1.0,1
2023-01-31,f611e25fa53a,549.0,299.0,2.0,1
2023-01-31,a9d8c085adc0,539.0,299.0,5.0,1
2023-01-31,44c942fe217c,519.0,299.0,8.0,1
2023-01-31,17abde81f33d,469.0,299.9,1.0,1
2023-01-31,fb45888e228e,569.0,299.9,4.0,1
2023-01-31,291d60da77b1,549.0,339.0,1.0,1
2023-01-31,4cf0bb777594,469.0,339.0,1.0,1
2023-01-31,f049b16ba53a,699.0,339.0,1.0,1
2023-01-31,4849cb059ba3,549.0,349.9,3.0,1
2023-01-31,4ded9e2e446d,619.0,429.0,2.0,1
2023-01-31,9d04914a7333,799.0,559.0,1.0,1
2023-01-31,9f45a49e5ee4,879.0,599.6,1.0,1
2023-01-28,118f7e5cc636,149.0,69.9,4.0,1
2023-01-28,d63b63612407,159.0,79.9,4.0,1
2023-01-28,389412076801,179.0,79.9,5.0,1
2023-01-28,bc2f82a22e11,159.0,89.9,2.0,1
2023-01-28,95879f411e24,189.0,99.9,1.0,1
2023-01-28,f0c2857afa61,199.0,99.9,5.0,1
2023-01-28,3a95d538a917,229.0,119.9,3.0,1
2023-01-28,e7ff6ea67040,199.0,119.9,7.0,1
2023-01-28,e60d890f2812,349.0,239.9,1.0,1
2023-01-28,4ded9e2e446d,619.0,429.0,2.0,1
2023-02-02,389412076801,179.0,53.3,10.0,1
2023-02-02,bc2f82a22e11,189.0,78.4,2.0,1
2023-02-02,d63b63612407,159.0,79.9,4.0,1
2023-02-02,3a95d538a917,229.0,85.2,10.0,1
2023-02-02,e7ff6ea67040,199.0,119.0,8.0,1
2023-02-02,44c942fe217c,519.0,197.0,19.0,1
2023-02-02,e60d890f2812,349.0,239.0,1.0,1
2023-02-02,a9d8c085adc0,539.0,266.7,10.0,1
2023-02-02,fb45888e228e,569.0,289.4,6.0,1
2023-02-02,4cf0bb777594,469.0,324.6,4.0,1
2023-02-02,291d60da77b1,549.0,332.3,2.0,1
2023-02-02,f049b16ba53a,699.0,339.0,1.0,1
2023-02-02,4849cb059ba3,549.0,349.0,2.0,1
2023-02-02,76c18abd8f7c,519.0,358.7,3.0,1
2023-02-03,e7ff6ea67040,199.0,119.0,17.0,1
2023-02-03,44c942fe217c,519.0,197.0,5.0,1
2023-02-03,17abde81f33d,469.0,299.0,1.0,1
2023-02-03,291d60da77b1,549.0,332.3,4.0,1
2023-02-03,4849cb059ba3,549.0,349.0,1.0,1
2023-02-03,76c18abd8f7c,519.0,358.7,5.0,1
2023-02-03,4ded9e2e446d,619.0,439.0,1.0,1
2023-02-03,9d04914a7333,799.0,556.7,5.0,1
2023-02-04,389412076801,179.0,53.3,1.0,1
2023-02-04,bc2f82a22e11,189.0,78.4,7.0,1
2023-02-04,d63b63612407,159.0,79.9,1.0,1
2023-02-04,3a95d538a917,229.0,85.2,8.0,1
2023-02-04,e7ff6ea67040,199.0,119.0,14.0,1
2023-02-04,44c942fe217c,519.0,197.0,44.0,1
2023-02-04,a9d8c085adc0,539.0,266.7,18.0,1
2023-02-04,fb45888e228e,569.0,289.4,26.0,1
2023-02-04,17abde81f33d,469.0,299.0,1.0,1
2023-02-04,4cf0bb777594,469.0,324.6,3.0,1
2023-02-04,291d60da77b1,549.0,332.3,3.0,1
2023-02-04,4849cb059ba3,549.0,349.0,8.0,1
2023-02-04,76c18abd8f7c,519.0,358.7,4.0,1
2023-02-04,4ded9e2e446d,619.0,439.0,2.0,1
2023-02-04,9d04914a7333,799.0,556.7,3.0,1
2023-02-04,9f45a49e5ee4,879.0,599.6,3.0,1
2023-02-01,389412076801,179.0,53.3,10.0,1
2023-02-01,bc2f82a22e11,159.0,78.4,7.0,1
2023-02-01,3a95d538a917,229.0,85.2,9.0,1
2023-02-01,f0c2857afa61,169.0,85.3,5.0,1
2023-02-01,44c942fe217c,519.0,197.0,6.0,1
2023-02-01,f611e25fa53a,549.0,261.9,2.0,1
2023-02-01,a9d8c085adc0,539.0,266.7,6.0,1
2023-02-01,fb45888e228e,569.0,289.4,7.0,1
2023-02-01,4cf0bb777594,469.0,324.6,3.0,1
2023-02-01,291d60da77b1,549.0,332.3,3.0,1
2023-02-01,76c18abd8f7c,519.0,358.7,2.0,1
2023-02-01,9d04914a7333,799.0,556.7,4.0,1
2023-02-07,e7ff6ea67040,199.0,119.0,20.0,1
2023-02-07,44c942fe217c,519.0,197.0,2.0,1
2023-02-07,a9d8c085adc0,539.0,266.7,8.0,1
2023-02-07,fb45888e228e,569.0,289.4,6.0,1
2023-02-07,da2fef765dce,459.0,334.0,1.0,1
2023-02-07,4849cb059ba3,549.0,349.0,1.0,1
2023-02-05,389412076801,179.0,53.3,3.0,1
2023-02-05,bc2f82a22e11,189.0,78.4,7.0,1
2023-02-05,d63b63612407,159.0,79.9,2.0,1
2023-02-05,3a95d538a917,229.0,85.2,8.0,1
2023-02-05,e7ff6ea67040,199.0,119.0,11.0,1
2023-02-05,5d834dae9ebc,289.0,139.0,6.0,1
2023-02-05,14e5192f6150,299.0,179.0,3.0,1
2023-02-05,44c942fe217c,519.0,197.0,9.0,1
2023-02-05,02dced2f71f3,309.0,200.9,2.0,1
2023-02-05,947567091b5f,309.0,209.9,5.0,1
2023-02-05,e60d890f2812,349.0,239.0,5.0,1
2023-02-05,8987bb32d6d1,349.0,248.4,2.0,1
2023-02-05,a9d8c085adc0,539.0,266.7,14.0,1
2023-02-05,fb45888e228e,569.0,289.4,2.0,1
2023-02-05,17abde81f33d,469.0,299.0,1.0,1
2023-02-05,ef0719199759,439.0,312.1,2.0,1
2023-02-05,da2fef765dce,459.0,334.0,1.0,1
2023-02-05,f049b16ba53a,699.0,339.0,1.0,1
2023-02-05,4849cb059ba3,549.0,349.0,3.0,1
2023-02-05,76c18abd8f7c,519.0,358.7,6.0,1
2023-02-05,4ded9e2e446d,619.0,439.0,2.0,1
2023-02-05,9f45a49e5ee4,879.0,599.6,1.0,1
2023-02-10,5d834dae9ebc,289.0,139.0,5.0,1
2023-02-10,c837799bf9bc,319.0,192.0,5.0,1
2023-02-10,44c942fe217c,529.0,197.0,2.0,1
2023-02-10,02dced2f71f3,309.0,200.9,4.0,1
2023-02-10,947567091b5f,309.0,209.9,2.0,1
2023-02-10,a9d8c085adc0,549.0,266.7,1.0,1
2023-02-10,fb45888e228e,589.0,289.4,3.0,1
2023-02-10,ef0719199759,439.0,312.1,4.0,1
2023-02-10,4849cb059ba3,559.0,349.0,3.0,1
2023-02-08,bc2f82a22e11,189.0,78.4,11.0,1
2023-02-08,3a95d538a917,229.0,85.2,5.0,1
2023-02-08,95879f411e24,189.0,99.9,2.0,1
2023-02-08,e7ff6ea67040,209.0,119.0,7.0,1
2023-02-08,76c18abd8f7c,529.0,358.7,2.0,1
2023-02-09,bc2f82a22e11,189.0,78.4,5.0,1
2023-02-09,3a95d538a917,229.0,85.2,1.0,1
2023-02-09,e7ff6ea67040,209.0,119.0,3.0,1
2023-02-09,5d834dae9ebc,289.0,139.0,4.0,1
2023-02-09,14e5192f6150,309.0,179.0,7.0,1
2023-02-09,c837799bf9bc,319.0,192.0,5.0,1
2023-02-09,44c942fe217c,529.0,197.0,3.0,1
2023-02-09,02dced2f71f3,309.0,200.9,3.0,1
2023-02-09,947567091b5f,309.0,209.9,1.0,1
2023-02-09,a9d8c085adc0,549.0,266.7,3.0,1
2023-02-09,fb45888e228e,589.0,289.4,2.0,1
2023-02-09,ef0719199759,439.0,312.1,1.0,1
2023-02-09,76c18abd8f7c,529.0,358.7,3.0,1
2023-02-13,2db44c2d7083,289.0,213.3,16.0,1
2023-02-15,2db44c2d7083,289.0,213.3,4.0,1
2023-02-17,bc2f82a22e11,189.0,99.9,9.0,1
2023-02-17,95879f411e24,189.0,99.9,2.0,1
2023-02-17,f0c2857afa61,199.0,99.9,5.0,1
2023-02-17,e7ff6ea67040,209.0,119.9,12.0,1
2023-02-17,4cf0bb777594,479.0,339.9,3.0,1
2023-02-17,74d6ed799e21,529.0,349.9,3.0,1
2023-02-18,389412076801,179.0,79.9,4.0,1
2023-02-18,bc2f82a22e11,189.0,99.9,6.0,1
2023-02-18,95879f411e24,189.0,99.9,1.0,1
2023-02-18,e7ff6ea67040,209.0,119.9,10.0,1
2023-02-18,74d6ed799e21,529.0,349.9,2.0,1
2023-02-14,2db44c2d7083,289.0,213.3,30.0,1
2023-02-20,e7ff6ea67040,209.0,119.9,13.0,1
2023-02-21,118f7e5cc636,149.0,79.9,7.0,1
2023-02-21,389412076801,179.0,79.9,14.0,1
2023-02-21,d63b63612407,159.0,89.9,5.0,1
2023-02-21,f0c2857afa61,199.0,99.9,4.0,1
2023-02-21,e7ff6ea67040,209.0,119.9,21.0,1
2023-02-21,4cf0bb777594,479.0,339.9,5.0,1
2023-02-22,4cf0bb777594,479.0,339.9,1.0,1
2023-02-25,a89e947f0636,139.9,99.9,4.0,1
2023-02-24,a89e947f0636,139.9,99.9,1.0,1
2023-02-27,118f7e5cc636,149.0,79.9,1.0,1
2023-02-27,389412076801,179.0,79.9,8.0,1
2023-02-27,d63b63612407,159.0,89.9,1.0,1
2023-02-27,a89e947f0636,139.9,99.9,1.0,1
2023-02-27,f0c2857afa61,199.0,99.9,8.0,1
2023-02-27,e7ff6ea67040,209.0,119.9,10.0,1
2023-02-27,4cf0bb777594,479.0,339.9,3.0,1
2023-02-23,118f7e5cc636,149.0,79.9,8.0,1
2023-02-23,389412076801,179.0,79.9,5.0,1
2023-02-23,d63b63612407,159.0,89.9,6.0,1
2023-02-23,a89e947f0636,139.9,99.9,2.0,1
2023-02-23,f0c2857afa61,199.0,99.9,4.0,1
2023-03-01,bc2f82a22e11,159.0,79.2,1.0,1
2023-03-01,f0c2857afa61,199.0,93.3,8.0,1
2023-03-01,e7ff6ea67040,209.0,107.4,4.0,1
2023-02-28,389412076801,179.0,79.9,12.0,1
2023-02-28,a89e947f0636,139.9,99.9,1.0,1
2023-02-28,e7ff6ea67040,209.0,119.9,17.0,1
2023-02-28,fb45888e228e,589.0,319.9,20.0,1
2023-02-28,4cf0bb777594,479.0,339.9,1.0,1
2023-03-02,118f7e5cc636,149.0,69.9,1.0,1
2023-03-02,bc2f82a22e11,159.0,79.2,4.0,1
2023-03-02,389412076801,179.0,79.9,3.0,1
2023-03-02,f0c2857afa61,199.0,93.3,6.0,1
2023-03-02,95879f411e24,189.0,99.9,2.0,1
2023-03-02,e7ff6ea67040,209.0,107.4,11.0,1
2023-03-04,e7ff6ea67040,209.0,119.9,9.0,1
2023-03-14,389412076801,179.0,79.9,6.0,1
2023-03-14,d63b63612407,159.0,89.9,6.0,1
2023-03-14,bc2f82a22e11,159.0,89.9,3.0,1
2023-03-14,f0c2857afa61,199.0,99.9,2.0,1
2023-03-06,389412076801,179.0,79.9,3.0,1
2023-03-06,0e39cf5d57c1,159.0,99.9,2.0,1
2023-03-05,e7ff6ea67040,209.0,119.9,1.0,1
2023-03-15,389412076801,179.0,79.9,2.0,1
2023-03-13,389412076801,179.0,79.9,8.0,1
2023-03-13,d63b63612407,159.0,89.9,1.0,1
2023-02-06,bc2f82a22e11,189.0,78.4,1.0,1
2023-02-06,e7ff6ea67040,199.0,119.0,7.0,1
2023-02-06,8987bb32d6d1,349.0,248.4,1.0,1
2023-02-06,17abde81f33d,469.0,299.0,1.0,1
2023-02-06,da2fef765dce,459.0,334.0,1.0,1
2023-02-06,f049b16ba53a,699.0,339.0,2.0,1
2023-02-06,76c18abd8f7c,519.0,358.7,5.0,1
2023-03-18,389412076801,179.0,79.9,2.0,1
2023-03-18,bc2f82a22e11,189.0,89.9,7.0,1
2023-03-18,3a95d538a917,229.0,99.9,3.0,1
2023-03-18,95879f411e24,189.0,99.9,1.0,1
2023-03-18,e7ff6ea67040,209.0,119.9,1.0,1
2023-03-18,a9d8c085adc0,549.0,299.0,3.0,1
2023-03-18,4849cb059ba3,559.0,309.4,3.0,1
2023-03-18,291d60da77b1,549.0,339.9,4.0,1
2023-03-18,9f45a49e5ee4,879.0,599.6,1.0,1
2023-03-19,389412076801,179.0,79.9,2.0,1
2023-03-19,d63b63612407,159.0,89.9,3.0,1
2023-03-19,bc2f82a22e11,189.0,89.9,8.0,1
2023-03-19,3a95d538a917,229.0,99.9,3.0,1
2023-03-19,e7ff6ea67040,209.0,119.9,1.0,1
2023-03-19,f611e25fa53a,559.0,299.0,1.0,1
2023-03-19,a9d8c085adc0,549.0,299.0,11.0,1
2023-03-19,44c942fe217c,529.0,299.0,11.0,1
2023-03-19,4849cb059ba3,559.0,309.4,3.0,1
2023-03-19,fb45888e228e,589.0,319.0,7.0,1
2023-03-19,291d60da77b1,549.0,339.9,2.0,1
2023-03-19,f049b16ba53a,719.0,349.0,3.0,1
2023-03-19,4ded9e2e446d,619.0,429.9,1.0,1
2023-03-19,9f45a49e5ee4,879.0,599.6,1.0,1
2023-03-17,118f7e5cc636,149.0,79.9,4.0,1
2023-03-17,389412076801,179.0,79.9,9.0,1
2023-03-17,d63b63612407,159.0,89.9,2.0,1
2023-03-17,95879f411e24,189.0,99.9,3.0,1
2023-03-17,f0c2857afa61,199.0,99.9,2.0,1
2023-03-17,e7ff6ea67040,209.0,119.9,7.0,1
2023-03-21,389412076801,179.0,79.9,14.0,1
2023-03-21,bc2f82a22e11,189.0,89.9,5.0,1
2023-03-21,3a95d538a917,229.0,99.9,3.0,1
2023-03-21,f0c2857afa61,199.0,99.9,2.0,1
2023-03-21,e7ff6ea67040,209.0,119.9,17.0,1
2023-03-21,a9d8c085adc0,549.0,299.0,12.0,1
2023-03-20,389412076801,179.0,79.9,7.0,1
2023-03-20,bc2f82a22e11,189.0,89.9,6.0,1
2023-03-20,3a95d538a917,229.0,99.9,3.0,1
2023-03-20,95879f411e24,189.0,99.9,1.0,1
2023-03-20,f0c2857afa61,199.0,99.9,3.0,1
2023-03-20,e7ff6ea67040,209.0,119.9,3.0,1
2023-03-23,118f7e5cc636,149.0,79.9,3.0,1
2023-03-23,389412076801,179.0,79.9,1.0,1
2023-03-23,bc2f82a22e11,189.0,89.9,2.0,1
2023-03-23,e7ff6ea67040,209.0,119.9,3.0,1
2023-03-23,a9d8c085adc0,549.0,299.0,5.0,1
2023-03-23,44c942fe217c,529.0,299.0,2.0,1
2023-03-23,4849cb059ba3,559.0,309.4,1.0,1
2023-03-23,fb45888e228e,589.0,319.0,2.0,1
2023-03-23,291d60da77b1,549.0,339.9,2.0,1
2023-03-23,f049b16ba53a,719.0,349.0,1.0,1
2023-03-23,76c18abd8f7c,529.0,358.7,1.0,1
2023-03-23,9f45a49e5ee4,879.0,599.6,1.0,1
2023-03-22,118f7e5cc636,149.0,79.9,1.0,1
2023-03-22,389412076801,179.0,79.9,5.0,1
2023-03-22,d63b63612407,159.0,89.9,2.0,1
2023-03-22,3a95d538a917,229.0,99.9,5.0,1
2023-03-22,f0c2857afa61,199.0,99.9,2.0,1
2023-03-22,e7ff6ea67040,209.0,119.9,14.0,1
2023-03-22,a9d8c085adc0,549.0,299.0,3.0,1
2023-03-22,44c942fe217c,529.0,299.0,2.0,1
2023-03-22,4849cb059ba3,559.0,309.4,1.0,1
2023-03-22,fb45888e228e,589.0,319.0,10.0,1
2023-03-24,118f7e5cc636,149.0,79.9,6.0,1
2023-03-24,389412076801,179.0,79.9,8.0,1
2023-03-24,0e39cf5d57c1,129.0,79.9,5.0,1
2023-03-24,bc2f82a22e11,189.0,89.9,6.0,1
2023-03-24,3a95d538a917,229.0,99.9,6.0,1
2023-03-24,f0c2857afa61,199.0,99.9,2.0,1
2023-03-24,e7ff6ea67040,209.0,119.9,14.0,1
2023-03-24,f611e25fa53a,559.0,299.0,3.0,1
2023-03-24,a9d8c085adc0,549.0,299.0,17.0,1
2023-03-24,44c942fe217c,529.0,299.0,23.0,1
2023-03-24,4849cb059ba3,559.0,309.4,5.0,1
2023-03-24,fb45888e228e,589.0,319.0,13.0,1
2023-03-24,291d60da77b1,549.0,339.9,2.0,1
2023-03-24,9d04914a7333,799.0,556.7,1.0,1
2023-03-24,9f45a49e5ee4,879.0,599.6,2.0,1
2023-03-25,e7ff6ea67040,209.0,119.9,1.0,1
2023-03-25,4849cb059ba3,559.0,309.4,2.0,1
2023-03-25,f049b16ba53a,719.0,349.0,2.0,1
2023-03-25,76c18abd8f7c,529.0,358.7,1.0,1
2023-03-25,9d04914a7333,799.0,556.7,2.0,1
2023-03-28,389412076801,179.0,79.9,12.0,1
2023-03-28,d63b63612407,159.0,89.9,10.0,1
2023-03-28,bc2f82a22e11,189.0,89.9,6.0,1
2023-03-28,3a95d538a917,229.0,99.9,1.0,1
2023-03-28,95879f411e24,189.0,99.9,1.0,1
2023-03-28,f0c2857afa61,199.0,99.9,2.0,1
2023-03-28,e7ff6ea67040,209.0,119.9,19.0,1
2023-03-28,e60d890f2812,369.0,239.9,2.0,1
2023-03-28,f611e25fa53a,559.0,299.0,2.0,1
2023-03-28,a9d8c085adc0,549.0,299.0,6.0,1
2023-03-28,44c942fe217c,529.0,299.0,6.0,1
2023-03-28,17abde81f33d,469.0,299.9,1.0,1
2023-03-28,4849cb059ba3,559.0,309.4,5.0,1
2023-03-28,fb45888e228e,589.0,319.0,18.0,1
2023-03-28,291d60da77b1,549.0,339.9,2.0,1
2023-03-28,4cf0bb777594,479.0,339.9,1.0,1
2023-03-28,f049b16ba53a,719.0,349.0,6.0,1
2023-03-28,76c18abd8f7c,529.0,358.7,2.0,1
2023-03-28,9d04914a7333,799.0,556.7,2.0,1
2023-03-27,d63b63612407,159.0,89.9,1.0,1
2023-03-27,bc2f82a22e11,189.0,89.9,1.0,1
2023-03-27,e7ff6ea67040,209.0,119.9,3.0,1
2023-03-27,e60d890f2812,369.0,239.9,1.0,1
2023-03-27,f611e25fa53a,559.0,299.0,1.0,1
2023-03-27,a9d8c085adc0,549.0,299.0,1.0,1
2023-03-27,44c942fe217c,529.0,299.0,1.0,1
2023-03-27,4849cb059ba3,559.0,309.4,1.0,1
2023-03-27,fb45888e228e,589.0,319.0,4.0,1
2023-03-27,f049b16ba53a,719.0,349.0,1.0,1
2023-03-27,76c18abd8f7c,529.0,358.7,1.0,1
2023-03-27,4ded9e2e446d,619.0,429.9,1.0,1
2023-03-27,b59ed83075ad,709.0,509.5,1.0,1
2023-03-27,9f45a49e5ee4,879.0,599.6,1.0,1
2023-03-26,389412076801,179.0,79.9,11.0,1
2023-03-26,d63b63612407,159.0,89.9,6.0,1
2023-03-26,bc2f82a22e11,189.0,89.9,5.0,1
2023-03-26,3a95d538a917,229.0,99.9,1.0,1
2023-03-26,95879f411e24,189.0,99.9,2.0,1
2023-03-26,f0c2857afa61,199.0,99.9,1.0,1
2023-03-26,e7ff6ea67040,209.0,119.9,14.0,1
2023-03-26,f611e25fa53a,559.0,299.0,2.0,1
2023-03-26,a9d8c085adc0,549.0,299.0,4.0,1
2023-03-26,44c942fe217c,529.0,299.0,8.0,1
2023-03-26,4849cb059ba3,559.0,309.4,5.0,1
2023-03-26,fb45888e228e,589.0,319.0,3.0,1
2023-03-26,291d60da77b1,549.0,339.9,3.0,1
2023-03-26,f049b16ba53a,719.0,349.0,1.0,1
2023-03-29,389412076801,179.0,79.9,1.0,1
2023-03-29,fb45888e228e,589.0,319.0,2.0,1
2023-03-29,291d60da77b1,549.0,339.9,1.0,1
2023-03-29,f049b16ba53a,719.0,349.0,1.0,1
2023-03-30,118f7e5cc636,149.0,79.9,4.0,1
2023-03-30,389412076801,179.0,79.9,4.0,1
2023-03-30,0e39cf5d57c1,149.0,79.9,4.0,1
2023-03-30,d63b63612407,159.0,89.9,6.0,1
2023-03-30,bc2f82a22e11,189.0,89.9,5.0,1
2023-03-30,3a95d538a917,229.0,99.9,6.0,1
2023-03-30,f0c2857afa61,169.0,99.9,5.0,1
2023-03-30,e7ff6ea67040,209.0,119.9,5.0,1
2023-03-30,e60d890f2812,369.0,239.9,2.0,1
2023-03-30,f611e25fa53a,559.0,299.0,1.0,1
2023-03-30,a9d8c085adc0,549.0,299.0,2.0,1
2023-03-30,17abde81f33d,469.0,299.9,2.0,1
2023-03-30,4849cb059ba3,559.0,309.4,2.0,1
2023-03-30,291d60da77b1,549.0,339.9,2.0,1
2023-03-30,4cf0bb777594,479.0,339.9,3.0,1
2023-03-30,f049b16ba53a,719.0,349.0,4.0,1
2023-03-30,76c18abd8f7c,529.0,358.7,3.0,1
2023-03-30,9d04914a7333,799.0,556.7,1.0,1
2023-03-30,9f45a49e5ee4,879.0,599.6,1.0,1
2023-03-31,d63b63612407,159.0,89.9,2.0,1
2023-03-31,bc2f82a22e11,189.0,89.9,1.0,1
2023-03-31,e7ff6ea67040,209.0,119.9,10.0,1
2023-03-31,6ee7135d2b5a,472.0,327.6,1.0,1
2023-04-02,d63b63612407,159.0,79.9,8.0,1
2023-04-02,3a95d538a917,229.0,109.9,3.0,1
2023-04-02,e7ff6ea67040,209.0,109.9,5.0,1
2023-04-02,17abde81f33d,469.0,299.9,1.0,1
2023-04-02,f611e25fa53a,559.0,299.9,1.0,1
2023-04-02,291d60da77b1,549.0,339.9,1.0,1
2023-04-02,76c18abd8f7c,529.0,359.9,1.0,1
2023-04-02,9d04914a7333,799.0,556.7,2.0,1
2023-04-02,9f45a49e5ee4,879.0,599.6,1.0,1
2023-04-01,bc2f82a22e11,189.0,89.9,6.0,1
2023-04-06,118f7e5cc636,149.0,79.9,1.0,1
2023-04-06,0e39cf5d57c1,149.0,79.9,3.0,1
2023-04-06,3a95d538a917,229.0,109.9,4.0,1
2023-04-06,9d04914a7333,799.0,556.7,1.0,1
2023-04-04,d63b63612407,159.0,79.9,3.0,1
2023-04-04,3a95d538a917,229.0,109.9,4.0,1
2023-04-04,e7ff6ea67040,209.0,109.9,10.0,1
2023-04-04,e60d890f2812,369.0,249.9,1.0,1
2023-04-04,17abde81f33d,469.0,299.9,1.0,1
2023-04-04,f611e25fa53a,559.0,299.9,2.0,1
2023-04-04,291d60da77b1,549.0,339.9,4.0,1
2023-04-04,76c18abd8f7c,529.0,359.9,5.0,1
2023-04-03,d63b63612407,159.0,79.9,1.0,1
2023-04-03,bc2f82a22e11,189.0,89.9,3.0,1
2023-04-03,3a95d538a917,229.0,109.9,2.0,1
2023-04-03,e60d890f2812,369.0,249.9,1.0,1
2023-04-03,17abde81f33d,469.0,299.9,1.0,1
2023-04-03,4cf0bb777594,479.0,329.9,1.0,1
2023-04-03,291d60da77b1,549.0,339.9,2.0,1
2023-04-03,74d6ed799e21,529.0,349.9,1.0,1
2023-04-03,76c18abd8f7c,529.0,359.9,3.0,1
2022-12-10,389412076801,179.0,53.8,10.0,1
2022-12-10,95879f411e24,189.0,64.9,6.0,1
2022-12-10,d63b63612407,159.0,71.7,5.0,1
2022-12-10,bc2f82a22e11,159.0,77.7,9.0,1
2022-12-10,0e39cf5d57c1,149.0,79.9,14.0,1
2022-12-10,f0c2857afa61,199.0,99.9,11.0,1
2022-12-10,301ab3da516b,169.9,101.6,1.0,1
2022-12-10,44c942fe217c,519.0,196.2,7.0,1
2022-12-10,1b3367edc2a7,269.0,199.9,1.0,1
2022-12-10,fb45888e228e,569.0,287.9,14.0,1
2022-12-10,17abde81f33d,469.0,299.9,1.0,1
2022-12-10,f049b16ba53a,699.0,322.7,11.0,1
2022-12-10,291d60da77b1,549.0,332.3,1.0,1
2022-12-10,74d6ed799e21,519.0,341.7,1.0,1
2022-12-10,b98730438166,739.0,519.9,1.0,1
2022-12-10,9f45a49e5ee4,879.0,599.6,3.0,1
2022-12-10,c1ce8667bfd6,1139.0,789.9,1.0,1
2023-04-07,d63b63612407,159.0,79.9,4.0,1
2023-04-07,118f7e5cc636,149.0,79.9,1.0,1
2023-04-07,0e39cf5d57c1,149.0,79.9,4.0,1
2023-04-07,bc2f82a22e11,189.0,89.9,2.0,1
2023-04-07,95879f411e24,189.0,99.9,2.0,1
2023-04-07,3a95d538a917,229.0,109.9,7.0,1
2023-04-07,e7ff6ea67040,209.0,109.9,8.0,1
2023-04-07,76c18abd8f7c,529.0,359.9,1.0,1
2023-04-05,95879f411e24,189.0,99.9,1.0,1
2023-04-05,3a95d538a917,229.0,109.9,8.0,1
2023-04-05,e7ff6ea67040,209.0,109.9,5.0,1
2023-04-05,291d60da77b1,549.0,339.9,1.0,1
2023-04-05,76c18abd8f7c,529.0,359.9,2.0,1
2023-04-05,9f45a49e5ee4,879.0,599.6,2.0,1
2023-04-08,291d60da77b1,549.0,339.9,1.0,1
2023-04-11,d63b63612407,159.0,79.9,3.0,1
2023-04-11,0e39cf5d57c1,149.0,79.9,4.0,1
2023-04-11,bc2f82a22e11,189.0,89.9,5.0,1
2023-04-11,95879f411e24,189.0,99.9,3.0,1
2023-04-11,3a95d538a917,229.0,109.9,3.0,1
2023-04-11,e7ff6ea67040,209.0,109.9,15.0,1
2023-04-11,fb45888e228e,589.0,299.9,3.0,1
2023-04-11,f611e25fa53a,559.0,299.9,1.0,1
2023-04-11,a9d8c085adc0,549.0,299.9,6.0,1
2023-04-11,44c942fe217c,529.0,299.9,8.0,1
2023-04-11,f049b16ba53a,719.0,339.9,5.0,1
2023-04-11,4849cb059ba3,559.0,343.8,1.0,1
2023-04-11,76c18abd8f7c,529.0,359.9,2.0,1
2023-04-10,d63b63612407,159.0,79.9,3.0,1
2023-04-10,118f7e5cc636,149.0,79.9,3.0,1
2023-04-10,0e39cf5d57c1,149.0,79.9,8.0,1
2023-04-10,bc2f82a22e11,189.0,89.9,2.0,1
2023-04-10,e7ff6ea67040,209.0,109.9,12.0,1
2023-04-10,e60d890f2812,369.0,249.9,2.0,1
2023-04-10,44c942fe217c,529.0,299.9,10.0,1
2023-04-10,76c18abd8f7c,529.0,359.9,1.0,1
2023-04-09,d63b63612407,159.0,79.9,2.0,1
2023-04-09,118f7e5cc636,149.0,79.9,2.0,1
2023-04-09,0e39cf5d57c1,149.0,79.9,3.0,1
2023-04-09,bc2f82a22e11,189.0,89.9,3.0,1
2023-04-09,95879f411e24,189.0,99.9,1.0,1
2023-04-09,3a95d538a917,229.0,109.9,3.0,1
2023-04-09,e7ff6ea67040,209.0,109.9,5.0,1
2023-04-09,e60d890f2812,369.0,249.9,1.0,1
2023-04-09,a9d8c085adc0,549.0,299.9,2.0,1
2023-04-09,f049b16ba53a,719.0,339.9,3.0,1
2023-04-09,76c18abd8f7c,529.0,359.9,3.0,1
2023-04-09,4ded9e2e446d,619.0,427.4,1.0,1
2023-04-12,bc2f82a22e11,189.0,89.9,2.0,1
2023-04-12,95879f411e24,189.0,99.9,1.0,1
2023-04-12,e7ff6ea67040,209.0,109.9,1.0,1
2023-04-12,e60d890f2812,369.0,249.9,1.0,1
2023-04-12,44c942fe217c,529.0,299.9,6.0,1
2023-04-12,76c18abd8f7c,529.0,359.9,1.0,1
2023-04-13,d63b63612407,159.0,79.9,1.0,1
2023-04-13,118f7e5cc636,149.0,79.9,1.0,1
2023-04-13,0e39cf5d57c1,149.0,79.9,6.0,1
2023-04-13,bc2f82a22e11,189.0,89.9,3.0,1
2023-04-13,3a95d538a917,229.0,109.9,8.0,1
2023-04-13,e7ff6ea67040,209.0,109.9,10.0,1
2023-04-13,e60d890f2812,369.0,249.9,3.0,1
2023-04-13,a9d8c085adc0,549.0,299.9,2.0,1
2023-04-13,44c942fe217c,529.0,299.9,6.0,1
2023-04-13,f049b16ba53a,719.0,339.9,3.0,1
2023-04-13,4849cb059ba3,559.0,343.8,2.0,1
2023-04-15,389412076801,179.0,79.9,3.0,1
2023-04-15,0e39cf5d57c1,149.0,79.9,7.0,1
2023-04-15,bc2f82a22e11,189.0,89.9,2.0,1
2023-04-15,95879f411e24,189.0,99.9,1.0,1
2023-04-15,f0c2857afa61,199.0,99.9,2.0,1
2023-04-15,3a95d538a917,229.0,109.9,4.0,1
2023-04-15,e7ff6ea67040,209.0,109.9,3.0,1
2023-04-15,fb45888e228e,589.0,299.9,3.0,1
2023-04-15,f611e25fa53a,559.0,299.9,1.0,1
2023-04-15,a9d8c085adc0,549.0,299.9,8.0,1
2023-04-15,44c942fe217c,529.0,299.9,8.0,1
2023-04-15,291d60da77b1,549.0,339.9,1.0,1
2023-04-15,76c18abd8f7c,529.0,359.9,1.0,1
2023-04-15,4ded9e2e446d,619.0,427.4,1.0,1
2023-04-15,9f45a49e5ee4,879.0,599.6,2.0,1
2023-04-19,389412076801,179.0,79.9,1.0,1
2023-04-19,f0c2857afa61,199.0,99.9,1.0,1
2023-04-19,a9d8c085adc0,549.0,299.9,6.0,1
2023-04-19,291d60da77b1,549.0,339.9,5.0,1
2023-04-19,4cf0bb777594,479.0,339.9,1.0,1
2023-04-19,4849cb059ba3,559.0,349.9,3.0,1
2023-04-19,76c18abd8f7c,529.0,359.9,4.0,1
2023-04-19,9f45a49e5ee4,879.0,599.6,1.0,1
2023-04-14,d63b63612407,159.0,79.9,1.0,1
2023-04-14,118f7e5cc636,149.0,79.9,1.0,1
2023-04-14,389412076801,179.0,79.9,1.0,1
2023-04-14,0e39cf5d57c1,149.0,79.9,6.0,1
2023-04-14,bc2f82a22e11,189.0,89.9,3.0,1
2023-04-14,95879f411e24,189.0,99.9,2.0,1
2023-04-14,f0c2857afa61,199.0,99.9,1.0,1
2023-04-14,e60d890f2812,369.0,249.9,2.0,1
2023-04-14,fb45888e228e,589.0,299.9,1.0,1
2023-04-14,f611e25fa53a,559.0,299.9,1.0,1
2023-04-14,44c942fe217c,529.0,299.9,3.0,1
2023-04-14,291d60da77b1,549.0,339.9,3.0,1
2023-04-14,4849cb059ba3,559.0,343.8,2.0,1
2023-04-14,74d6ed799e21,529.0,349.9,2.0,1
2023-04-14,76c18abd8f7c,529.0,359.9,4.0,1
2023-04-14,9f45a49e5ee4,879.0,599.6,2.0,1
2023-04-18,d63b63612407,159.0,79.9,12.0,1
2023-04-18,118f7e5cc636,149.0,79.9,7.0,1
2023-04-18,389412076801,179.0,79.9,9.0,1
2023-04-18,0e39cf5d57c1,149.0,79.9,8.0,1
2023-04-18,bc2f82a22e11,189.0,99.9,4.0,1
2023-04-18,95879f411e24,189.0,99.9,2.0,1
2023-04-18,f0c2857afa61,199.0,99.9,3.0,1
2023-04-18,e7ff6ea67040,209.0,119.9,11.0,1
2023-04-18,fb45888e228e,589.0,299.9,5.0,1
2023-04-18,f611e25fa53a,559.0,299.9,3.0,1
2023-04-18,a9d8c085adc0,549.0,299.9,6.0,1
2023-04-18,44c942fe217c,529.0,299.9,6.0,1
2023-04-18,291d60da77b1,549.0,339.9,1.0,1
2023-04-18,4cf0bb777594,479.0,339.9,1.0,1
2023-04-18,4849cb059ba3,559.0,349.9,1.0,1
2023-04-18,76c18abd8f7c,529.0,359.9,1.0,1
2023-04-18,9d04914a7333,799.0,556.9,1.0,1
2023-04-16,d63b63612407,159.0,79.9,1.0,1
2023-04-16,118f7e5cc636,149.0,79.9,3.0,1
2023-04-16,389412076801,179.0,79.9,6.0,1
2023-04-16,0e39cf5d57c1,149.0,79.9,7.0,1
2023-04-16,bc2f82a22e11,189.0,89.9,4.0,1
2023-04-16,95879f411e24,189.0,99.9,1.0,1
2023-04-16,f0c2857afa61,199.0,99.9,3.0,1
2023-04-16,3a95d538a917,229.0,109.9,9.0,1
2023-04-16,e7ff6ea67040,209.0,109.9,4.0,1
2023-04-16,e60d890f2812,369.0,249.9,2.0,1
2023-04-16,fb45888e228e,589.0,299.9,5.0,1
2023-04-16,f611e25fa53a,559.0,299.9,1.0,1
2023-04-16,a9d8c085adc0,549.0,299.9,16.0,1
2023-04-16,44c942fe217c,529.0,299.9,7.0,1
2023-04-16,291d60da77b1,549.0,339.9,2.0,1
2023-04-16,f049b16ba53a,719.0,339.9,3.0,1
2023-04-16,76c18abd8f7c,529.0,359.9,2.0,1
2023-04-16,4ded9e2e446d,619.0,427.4,1.0,1
2023-04-16,9d04914a7333,799.0,556.7,1.0,1
2023-04-16,9f45a49e5ee4,879.0,599.6,2.0,1
2023-04-20,d63b63612407,159.0,79.9,3.0,1
2023-04-20,118f7e5cc636,149.0,79.9,1.0,1
2023-04-20,389412076801,179.0,79.9,7.0,1
2023-04-20,0e39cf5d57c1,149.0,79.9,5.0,1
2023-04-20,95879f411e24,189.0,99.9,1.0,1
2023-04-20,f0c2857afa61,199.0,99.9,4.0,1
2023-04-20,e7ff6ea67040,209.0,119.9,5.0,1
2023-04-20,74d6ed799e21,529.0,359.9,1.0,1
2023-04-20,76c18abd8f7c,529.0,359.9,1.0,1
2023-04-17,d63b63612407,159.0,79.9,3.0,1
2023-04-17,118f7e5cc636,149.0,79.9,2.0,1
2023-04-17,389412076801,179.0,79.9,6.0,1
2023-04-17,0e39cf5d57c1,149.0,79.9,1.0,1
2023-04-17,e7ff6ea67040,209.0,109.9,1.0,1
2023-04-17,a9d8c085adc0,549.0,299.9,2.0,1
2023-04-17,44c942fe217c,529.0,299.9,3.0,1
2023-04-17,4849cb059ba3,559.0,343.8,1.0,1
2023-04-21,d63b63612407,159.0,79.9,3.0,1
2023-04-21,118f7e5cc636,149.0,79.9,1.0,1
2023-04-21,389412076801,179.0,79.9,4.0,1
2023-04-21,0e39cf5d57c1,149.0,79.9,7.0,1
2023-04-21,bc2f82a22e11,189.0,99.9,6.0,1
2023-04-21,f0c2857afa61,199.0,99.9,1.0,1
2023-04-21,e7ff6ea67040,209.0,119.9,8.0,1
2023-04-21,637977e4e8fc,333.0,231.1,1.0,1
2023-04-21,e60d890f2812,369.0,259.9,1.0,1
2023-04-21,17abde81f33d,469.0,299.9,1.0,1
2023-04-21,a9d8c085adc0,549.0,299.9,5.0,1
2023-04-21,44c942fe217c,529.0,299.9,1.0,1
2023-04-21,f049b16ba53a,719.0,329.9,1.0,1
2023-04-21,291d60da77b1,549.0,339.9,1.0,1
2023-04-21,4cf0bb777594,479.0,339.9,2.0,1
2023-04-21,74d6ed799e21,529.0,359.9,1.0,1
2023-04-21,76c18abd8f7c,529.0,359.9,2.0,1
2023-04-23,d63b63612407,159.0,79.9,6.0,1
2023-04-23,389412076801,179.0,79.9,3.0,1
2023-04-23,bc2f82a22e11,189.0,99.9,3.0,1
2023-04-23,f0c2857afa61,199.0,99.9,1.0,1
2023-04-23,e60d890f2812,369.0,259.9,1.0,1
2023-04-28,d63b63612407,159.0,79.9,2.0,1
2023-04-28,389412076801,179.0,79.9,3.0,1
2023-04-28,76c18abd8f7c,529.0,359.9,1.0,1
2023-04-24,d63b63612407,159.0,79.9,2.0,1
2023-04-24,389412076801,179.0,79.9,7.0,1
2023-04-24,bc2f82a22e11,189.0,99.9,6.0,1
2023-04-24,f0c2857afa61,199.0,99.9,2.0,1
2023-04-24,e7ff6ea67040,209.0,119.9,2.0,1
2023-04-24,17abde81f33d,469.0,299.9,3.0,1
2023-04-29,95879f411e24,189.0,99.9,1.0,1
2023-04-29,fd076e3edf43,189.9,131.8,1.0,1
2023-04-29,e47fe9e828ba,296.0,233.0,1.0,1
2023-04-30,d63b63612407,159.0,79.9,2.0,1
2023-04-30,389412076801,179.0,79.9,2.0,1
2023-04-30,f0c2857afa61,199.0,99.9,1.0,1
2023-05-07,389412076801,179.0,79.9,2.0,1
2023-05-07,0e39cf5d57c1,149.0,79.9,3.0,1
2023-05-07,d63b63612407,159.0,89.9,4.0,1
2023-05-07,3a95d538a917,229.0,99.9,5.0,1
2023-05-07,95879f411e24,189.0,99.9,1.0,1
2023-05-07,17abde81f33d,469.0,299.9,3.0,1
2023-05-07,fb45888e228e,589.0,299.9,1.0,1
2023-05-07,f611e25fa53a,559.0,299.9,1.0,1
2023-05-07,a9d8c085adc0,549.0,299.9,9.0,1
2023-05-07,4cf0bb777594,479.0,329.9,1.0,1
2023-05-07,291d60da77b1,549.0,339.9,1.0,1
2023-05-07,f049b16ba53a,719.0,339.9,1.0,1
2023-05-07,4849cb059ba3,559.0,349.9,1.0,1
2023-05-07,4ded9e2e446d,619.0,427.4,2.0,1
2023-05-07,9f45a49e5ee4,879.0,599.6,2.0,1
2023-05-08,389412076801,179.0,79.9,17.0,1
2023-05-08,0e39cf5d57c1,149.0,79.9,2.0,1
2023-05-08,dd94e2bc5601,149.0,79.9,5.0,1
2023-05-08,d63b63612407,159.0,89.9,7.0,1
2023-05-08,3a95d538a917,229.0,99.9,5.0,1
2023-05-08,bc2f82a22e11,159.0,99.9,6.0,1
2023-05-08,95879f411e24,189.0,99.9,8.0,1
2023-05-08,f0c2857afa61,199.0,99.9,13.0,1
2023-05-08,e7ff6ea67040,209.0,119.9,10.0,1
2023-05-08,e60d890f2812,369.0,249.9,4.0,1
2023-05-08,17abde81f33d,469.0,299.9,3.0,1
2023-05-08,fb45888e228e,589.0,299.9,19.0,1
2023-05-08,f611e25fa53a,559.0,299.9,1.0,1
2023-05-08,a9d8c085adc0,549.0,299.9,18.0,1
2023-05-08,44c942fe217c,529.0,299.9,17.0,1
2023-05-08,4cf0bb777594,479.0,329.9,4.0,1
2023-05-08,291d60da77b1,549.0,339.9,2.0,1
2023-05-08,f049b16ba53a,719.0,339.9,7.0,1
2023-05-08,4849cb059ba3,559.0,349.9,2.0,1
2023-05-08,74d6ed799e21,529.0,359.9,3.0,1
2023-05-08,76c18abd8f7c,529.0,359.9,1.0,1
2023-05-08,4ded9e2e446d,619.0,427.4,2.0,1
2023-05-08,9f45a49e5ee4,879.0,599.6,2.0,1
2023-05-06,389412076801,179.0,79.9,8.0,1
2023-05-06,0e39cf5d57c1,149.0,79.9,1.0,1
2023-05-06,d63b63612407,159.0,89.9,4.0,1
2023-05-06,3a95d538a917,229.0,99.9,3.0,1
2023-05-06,95879f411e24,189.0,99.9,2.0,1
2023-05-06,f0c2857afa61,199.0,99.9,10.0,1
2023-05-06,e7ff6ea67040,209.0,119.9,8.0,1
2023-05-06,e60d890f2812,369.0,249.9,2.0,1
2023-05-06,17abde81f33d,469.0,299.9,1.0,1
2023-05-06,4849cb059ba3,559.0,349.9,1.0,1
2023-05-06,9f45a49e5ee4,879.0,599.6,2.0,1
2023-05-09,389412076801,179.0,79.9,12.0,1
2023-05-09,f0c2857afa61,199.0,99.9,2.0,1
2023-05-09,fb45888e228e,589.0,299.9,1.0,1
2023-05-09,a9d8c085adc0,549.0,299.9,3.0,1
2023-05-09,291d60da77b1,549.0,339.9,1.0,1
2023-05-09,4849cb059ba3,559.0,349.9,3.0,1
2023-05-09,4ded9e2e446d,619.0,427.4,1.0,1
2023-05-09,9f45a49e5ee4,879.0,599.6,3.0,1
2023-05-13,389412076801,179.0,79.9,9.0,1
2023-05-13,0e39cf5d57c1,149.0,79.9,1.0,1
2023-05-13,dd94e2bc5601,149.0,79.9,2.0,1
2023-05-13,3a95d538a917,229.0,99.9,4.0,1
2023-05-13,bc2f82a22e11,189.0,99.9,3.0,1
2023-05-13,e60d890f2812,369.0,249.9,1.0,1
2023-05-13,74d6ed799e21,529.0,359.9,1.0,1
2023-05-16,389412076801,179.0,79.9,3.0,1
2023-05-16,95879f411e24,189.0,99.9,2.0,1
2023-05-16,e60d890f2812,369.0,249.9,4.0,1
2023-05-16,4849cb059ba3,559.0,349.9,1.0,1
2023-05-15,389412076801,179.0,79.9,9.0,1
2023-05-15,0e39cf5d57c1,149.0,79.9,2.0,1
2023-05-15,3a95d538a917,229.0,99.9,4.0,1
2023-05-15,bc2f82a22e11,189.0,99.9,1.0,1
2023-05-15,f0c2857afa61,199.0,99.9,2.0,1
2023-05-14,bc2f82a22e11,189.0,99.9,1.0,1
2023-05-17,17abde81f33d,469.0,299.9,2.0,1
2023-05-17,fb45888e228e,589.0,299.9,3.0,1
2023-05-17,44c942fe217c,529.0,299.9,2.0,1
2023-05-17,9f45a49e5ee4,879.0,599.6,1.0,1
2023-05-11,389412076801,179.0,79.9,1.0,1
2023-05-11,3a95d538a917,229.0,99.9,1.0,1
2023-05-11,95879f411e24,189.0,99.9,4.0,1
2023-05-11,f0c2857afa61,199.0,99.9,3.0,1
2023-05-11,e7ff6ea67040,209.0,119.9,2.0,1
2023-05-20,389412076801,179.0,79.9,13.0,1
2023-05-20,0e39cf5d57c1,149.0,79.9,4.0,1
2023-05-20,d63b63612407,159.0,89.9,2.0,1
2023-05-20,3a95d538a917,229.0,99.9,1.0,1
2023-05-20,bc2f82a22e11,189.0,99.9,4.0,1
2023-05-20,95879f411e24,189.0,99.9,2.0,1
2023-05-20,f0c2857afa61,199.0,99.9,4.0,1
2023-05-20,17abde81f33d,469.0,299.9,3.0,1
2023-05-20,4849cb059ba3,559.0,349.9,1.0,1
2023-05-20,9f45a49e5ee4,879.0,599.6,1.0,1
2023-05-18,389412076801,179.0,79.9,2.0,1
2023-05-18,bc2f82a22e11,189.0,99.9,2.0,1
2023-05-18,95879f411e24,189.0,99.9,3.0,1
2023-05-18,f0c2857afa61,199.0,99.9,1.0,1
2023-05-22,0e39cf5d57c1,149.0,79.9,9.0,1
2023-05-22,95879f411e24,189.0,99.9,1.0,1
2023-05-24,e7ff6ea67040,209.0,119.9,15.0,1
2023-05-24,9f45a49e5ee4,879.0,599.6,1.0,1
2023-05-27,d63b63612407,159.0,89.9,5.0,1
2023-05-27,95879f411e24,189.0,99.9,2.0,1
2023-05-27,e7ff6ea67040,209.0,119.9,19.0,1
2023-05-27,17abde81f33d,469.0,299.9,3.0,1
2023-05-27,f611e25fa53a,559.0,299.9,2.0,1
2023-05-27,a9d8c085adc0,549.0,299.9,10.0,1
2023-05-27,4849cb059ba3,559.0,349.9,7.0,1
2023-05-27,76c18abd8f7c,529.0,359.9,10.0,1
2023-05-27,9f45a49e5ee4,879.0,599.6,1.0,1
2023-05-23,389412076801,179.0,79.9,6.0,1
2023-05-23,0e39cf5d57c1,149.0,79.9,3.0,1
2023-05-23,dd94e2bc5601,149.0,79.9,2.0,1
2023-05-23,3a95d538a917,229.0,99.9,1.0,1
2023-05-23,bc2f82a22e11,189.0,99.9,4.0,1
2023-05-23,95879f411e24,189.0,99.9,3.0,1
2023-05-23,e7ff6ea67040,209.0,119.9,20.0,1
2023-05-23,17abde81f33d,469.0,299.9,1.0,1
2023-05-23,9f45a49e5ee4,879.0,599.6,2.0,1
2023-05-21,389412076801,179.0,79.9,1.0,1
2023-05-21,0e39cf5d57c1,149.0,79.9,6.0,1
2023-05-21,dd94e2bc5601,149.0,79.9,1.0,1
2023-05-21,bc2f82a22e11,189.0,99.9,7.0,1
2023-05-21,95879f411e24,189.0,99.9,2.0,1
2023-05-21,e7ff6ea67040,209.0,119.9,3.0,1
2023-05-21,17abde81f33d,469.0,299.9,2.0,1
2023-05-21,76c18abd8f7c,529.0,359.9,1.0,1
2023-05-21,9f45a49e5ee4,879.0,599.6,1.0,1
2023-05-25,389412076801,179.0,79.9,3.0,1
2023-05-25,0e39cf5d57c1,149.0,79.9,4.0,1
2023-05-25,bc2f82a22e11,189.0,99.9,7.0,1
2023-05-25,e7ff6ea67040,209.0,119.9,13.0,1
2023-05-25,17abde81f33d,469.0,299.9,2.0,1
2023-05-25,f611e25fa53a,559.0,299.9,3.0,1
2023-05-25,4cf0bb777594,479.0,329.9,3.0,1
2023-05-25,4849cb059ba3,559.0,349.9,1.0,1
2023-05-28,17abde81f33d,469.0,299.9,1.0,1
2023-05-28,f611e25fa53a,559.0,299.9,1.0,1
2023-05-28,4849cb059ba3,559.0,349.9,3.0,1
2023-05-28,76c18abd8f7c,529.0,359.9,4.0,1
2023-05-28,9f45a49e5ee4,879.0,599.6,3.0,1
2023-05-26,389412076801,179.0,79.9,3.0,1
2023-05-26,dd94e2bc5601,149.0,79.9,1.0,1
2023-05-26,d63b63612407,159.0,89.9,5.0,1
2023-05-26,3a95d538a917,229.0,99.9,6.0,1
2023-05-26,bc2f82a22e11,189.0,99.9,2.0,1
2023-05-26,95879f411e24,189.0,99.9,4.0,1
2023-05-26,e7ff6ea67040,209.0,119.9,22.0,1
2023-05-26,e60d890f2812,369.0,249.9,7.0,1
2023-05-26,f611e25fa53a,559.0,299.9,1.0,1
2023-05-26,a9d8c085adc0,549.0,299.9,5.0,1
2023-05-26,4cf0bb777594,479.0,329.9,3.0,1
2023-05-26,f049b16ba53a,719.0,339.9,1.0,1
2023-05-26,4849cb059ba3,559.0,349.9,7.0,1
2023-05-26,76c18abd8f7c,529.0,359.9,7.0,1
2023-05-26,9f45a49e5ee4,879.0,599.6,1.0,1
2023-05-31,dd94e2bc5601,149.0,79.9,2.0,1
2023-05-31,d63b63612407,159.0,89.9,1.0,1
2023-05-31,bc2f82a22e11,189.0,99.9,7.0,1
2023-05-31,e60d890f2812,369.0,249.9,1.0,1
2023-05-31,f611e25fa53a,559.0,299.9,2.0,1
2023-05-31,4849cb059ba3,559.0,349.9,3.0,1
2023-05-31,74d6ed799e21,529.0,359.9,6.0,1
2023-05-31,76c18abd8f7c,529.0,359.9,1.0,1
2023-05-29,0e39cf5d57c1,149.0,79.9,8.0,1
2023-05-29,dd94e2bc5601,149.0,79.9,1.0,1
2023-05-29,d63b63612407,159.0,89.9,4.0,1
2023-05-29,bc2f82a22e11,189.0,99.9,1.0,1
2023-05-29,e7ff6ea67040,209.0,119.9,49.0,1
2023-05-29,e60d890f2812,369.0,249.9,5.0,1
2023-05-29,f611e25fa53a,559.0,299.9,2.0,1
2023-05-29,a9d8c085adc0,549.0,299.9,7.0,1
2023-05-29,4849cb059ba3,559.0,349.9,7.0,1
2023-05-29,76c18abd8f7c,529.0,359.9,5.0,1
2023-05-30,e7ff6ea67040,209.0,119.9,2.0,1
2023-05-30,e60d890f2812,369.0,249.9,1.0,1
2023-05-30,4849cb059ba3,559.0,349.9,1.0,1
2023-05-30,76c18abd8f7c,529.0,359.9,4.0,1
2023-06-04,bc2f82a22e11,189.0,100.0,13.0,1
2023-06-04,dd94e2bc5601,149.0,100.0,4.0,1
2023-06-04,e60d890f2812,369.0,250.0,1.0,1
2023-06-03,bc2f82a22e11,189.0,100.0,4.0,1
2023-06-03,4cf0bb777594,479.0,350.0,1.0,1
2023-06-02,95879f411e24,189.0,80.0,1.0,1
2023-06-02,bc2f82a22e11,189.0,100.0,12.0,1
2023-06-02,74d6ed799e21,529.0,370.0,2.0,1
2023-06-07,74d6ed799e21,529.0,370.0,1.0,1
2023-06-05,bc2f82a22e11,189.0,100.0,6.0,1
2023-06-05,e60d890f2812,369.0,250.0,1.0,1
2023-06-15,95879f411e24,189.0,80.0,2.0,1
2023-06-15,bc2f82a22e11,189.0,100.0,4.0,1
2023-06-15,f0c2857afa61,199.0,100.0,9.0,1
2023-06-15,dd94e2bc5601,149.0,100.0,1.0,1
2023-06-18,95879f411e24,189.0,80.0,7.0,1
2023-06-18,bc2f82a22e11,189.0,100.0,1.0,1
2023-06-18,f0c2857afa61,199.0,100.0,3.0,1
2023-06-18,dd94e2bc5601,149.0,100.0,6.0,1
2023-06-16,bc2f82a22e11,189.0,100.0,1.0,1
2023-06-16,f0c2857afa61,199.0,100.0,1.0,1
2023-06-10,17abde81f33d,469.0,300.0,1.0,1
2023-06-19,95879f411e24,189.0,80.0,4.0,1
2023-06-19,d63b63612407,159.0,100.0,5.0,1
2023-06-26,e60d890f2812,369.0,250.0,1.0,1
2023-06-26,74d6ed799e21,529.0,370.0,3.0,1
2023-06-24,4849cb059ba3,559.0,370.0,2.0,1
2023-06-27,dd94e2bc5601,149.0,100.0,2.0,1
2023-06-27,e60d890f2812,369.0,250.0,2.0,1
2023-06-27,17abde81f33d,469.0,300.0,1.0,1
2023-06-27,74d6ed799e21,529.0,370.0,1.0,1
2023-06-25,95879f411e24,189.0,80.0,2.0,1
2023-06-25,dd94e2bc5601,149.0,100.0,5.0,1
2023-06-25,e60d890f2812,369.0,250.0,3.0,1
2023-06-25,74d6ed799e21,529.0,370.0,2.0,1
2023-07-02,0e39cf5d57c1,149.0,80.0,7.0,1
2023-07-02,bc2f82a22e11,149.0,100.0,2.0,1
2023-07-09,44c942fe217c,529.0,200.0,1.0,1
2023-06-28,dd94e2bc5601,149.0,100.0,5.0,1
2023-06-28,e60d890f2812,369.0,250.0,3.0,1
2023-06-28,74d6ed799e21,529.0,370.0,1.0,1
2023-06-29,bc2f82a22e11,149.0,100.0,9.0,1
2023-07-03,17abde81f33d,469.0,300.0,1.0,1
2023-07-10,389412076801,179.0,80.0,2.0,1
2023-07-10,bc2f82a22e11,189.0,100.0,8.0,1
2023-07-10,e60d890f2812,369.0,250.0,2.0,1
2023-07-10,a9d8c085adc0,549.0,300.0,3.0,1
2023-07-10,4849cb059ba3,559.0,370.0,2.0,1
2023-07-10,f049b16ba53a,719.0,370.0,3.0,1
2023-07-10,76c18abd8f7c,529.0,370.0,5.0,1
2023-07-11,bc2f82a22e11,189.0,100.0,1.0,1
2023-07-11,fb45888e228e,589.0,300.0,4.0,1
2023-07-11,f611e25fa53a,559.0,300.0,3.0,1
2023-07-11,a9d8c085adc0,549.0,300.0,9.0,1
2023-07-11,4849cb059ba3,559.0,370.0,5.0,1
2023-07-11,f049b16ba53a,719.0,370.0,7.0,1
2023-07-11,76c18abd8f7c,529.0,370.0,1.0,1
2023-07-12,fb45888e228e,589.0,300.0,1.0,1
2023-07-12,f611e25fa53a,559.0,300.0,1.0,1
2023-07-12,4849cb059ba3,559.0,370.0,1.0,1
2023-07-13,e60d890f2812,369.0,250.0,1.0,1
2023-07-13,4cf0bb777594,479.0,360.0,2.0,1
2023-07-15,4cf0bb777594,479.0,360.0,1.0,1
2023-07-14,e60d890f2812,369.0,250.0,7.0,1
2023-07-14,4cf0bb777594,479.0,360.0,5.0,1
2023-07-14,4849cb059ba3,559.0,370.0,3.0,1
2023-07-16,e60d890f2812,369.0,250.0,3.0,1
2023-07-16,4cf0bb777594,479.0,360.0,4.0,1
2023-07-30,95879f411e24,189.0,80.0,6.0,1
2023-07-30,389412076801,179.0,80.0,2.0,1
2023-07-30,0e39cf5d57c1,149.0,80.0,19.0,1
2023-07-30,bc2f82a22e11,189.0,100.0,18.0,1
2023-07-30,dd94e2bc5601,149.0,100.0,3.0,1
2023-07-30,f0c2857afa61,199.0,110.0,6.0,1
2023-07-30,3a95d538a917,229.0,120.0,4.0,1
2023-07-30,44c942fe217c,529.0,200.0,10.0,1
2023-07-30,e60d890f2812,369.0,250.0,3.0,1
2023-07-30,fb45888e228e,589.0,300.0,16.0,1
2023-07-30,f611e25fa53a,559.0,300.0,3.0,1
2023-07-30,a9d8c085adc0,549.0,300.0,4.0,1
2023-07-30,4849cb059ba3,559.0,370.0,1.0,1
2023-07-30,76c18abd8f7c,529.0,370.0,2.0,1
2023-07-30,74d6ed799e21,529.0,380.0,3.0,1
2023-07-29,0e39cf5d57c1,149.0,80.0,5.0,1
2023-07-29,bc2f82a22e11,189.0,100.0,1.0,1
2023-07-29,dd94e2bc5601,149.0,100.0,2.0,1
2023-07-29,f0c2857afa61,199.0,110.0,1.0,1
2023-07-29,44c942fe217c,529.0,200.0,9.0,1
2023-07-29,fb45888e228e,589.0,300.0,9.0,1
2023-07-29,f611e25fa53a,559.0,300.0,1.0,1
2023-07-29,a9d8c085adc0,549.0,300.0,1.0,1
2023-07-29,74d6ed799e21,529.0,380.0,2.0,1
2023-07-31,95879f411e24,189.0,80.0,7.0,1
2023-07-31,3a95d538a917,229.0,120.0,7.0,1
2023-07-31,44c942fe217c,529.0,200.0,1.0,1
2023-07-31,e60d890f2812,369.0,250.0,1.0,1
2023-07-31,fb45888e228e,589.0,300.0,2.0,1
2023-07-31,a9d8c085adc0,549.0,300.0,9.0,1
2023-07-31,4849cb059ba3,559.0,370.0,3.0,1
2023-07-31,f049b16ba53a,719.0,370.0,9.0,1
2023-07-31,76c18abd8f7c,529.0,370.0,5.0,1
2023-07-31,fdeaff382891,220.0,145.0,1.0,2
2023-07-31,b4423c946041,230.0,152.0,2.0,2
2023-07-31,f66c0bb13790,230.0,152.0,1.0,2
2023-07-31,7161b2b5b613,356.0,235.0,1.0,2
2023-07-31,85a419adb3a4,378.0,250.0,1.0,2
2023-08-03,389412076801,179.0,53.7,2.0,2
2023-08-03,bc2f82a22e11,189.0,76.1,2.0,2
2023-08-03,f049b16ba53a,719.0,344.6,1.0,2
2023-08-03,8692ad0cb38d,599.0,400.0,1.0,2
2023-08-04,8b49288f5fd4,119.0,70.1,1.0,2
2023-08-04,d5edd8ff439a,148.0,97.4,1.0,2
2023-08-04,44c942fe217c,529.0,191.4,1.0,2
2023-08-04,aeeec4788cf5,359.0,230.0,1.0,2
2023-08-04,f611e25fa53a,559.0,268.9,1.0,2
2023-08-05,17abde81f33d,469.0,296.4,2.0,2
2023-08-06,8b49288f5fd4,119.0,70.1,1.0,2
2023-08-06,bc2f82a22e11,189.0,76.1,3.0,2
2023-08-06,d5edd8ff439a,148.0,97.4,1.0,2
2023-08-06,f611e25fa53a,559.0,268.9,1.0,2
2023-08-06,fb45888e228e,589.0,293.0,1.0,2
2023-08-07,bc2f82a22e11,189.0,76.1,3.0,2
2023-08-08,389412076801,179.0,53.7,3.0,2
2023-08-08,263763ed2e81,139.0,63.8,3.0,2
2023-08-08,8b49288f5fd4,119.0,70.1,2.0,2
2023-08-08,d63b63612407,159.0,80.9,3.0,2
2023-08-08,f0c2857afa61,199.0,83.5,1.0,2
2023-08-08,3a95d538a917,229.0,84.3,5.0,2
2023-08-08,701044a0780f,149.0,90.0,2.0,2
2023-08-08,d5edd8ff439a,148.0,97.4,2.0,2
2023-08-08,30f48a9890c9,229.9,146.2,2.0,2
2023-08-08,44dba4d4d441,309.0,182.4,3.0,2
2023-08-08,17abde81f33d,469.0,296.4,1.0,2
2023-08-08,830dfe173dd6,519.0,336.1,1.0,2
2023-08-08,e7a79d5847b2,499.9,385.0,1.0,2
2023-08-09,d5edd8ff439a,148.0,97.4,1.0,2
2023-08-09,081f2cf4afc8,279.0,156.0,1.0,2
2023-08-10,389412076801,179.0,53.7,2.0,2
2023-08-10,0e39cf5d57c1,159.0,55.4,1.0,2
2023-08-10,263763ed2e81,139.0,63.8,4.0,2
2023-08-10,bc2f82a22e11,189.0,76.1,2.0,2
2023-08-10,f0c2857afa61,199.0,83.5,2.0,2
2023-08-10,701044a0780f,149.0,90.0,1.0,2
2023-08-10,e7ff6ea67040,209.0,102.6,5.0,2
2023-08-10,c14553bd4907,256.0,144.5,3.0,2
2023-08-10,fdeaff382891,220.0,145.0,2.0,2
2023-08-10,081f2cf4afc8,279.0,156.0,2.0,2
2023-08-10,aeeec4788cf5,359.0,230.0,2.0,2
2023-08-10,d6467e3c8762,399.0,257.2,1.0,2
2023-08-10,8692ad0cb38d,599.0,400.0,1.0,2
2023-08-11,389412076801,179.0,53.7,3.0,2
2023-08-11,d63b63612407,159.0,80.9,2.0,2
2023-08-11,f0c2857afa61,199.0,83.5,4.0,2
2023-08-11,3a95d538a917,229.0,84.3,3.0,2
2023-08-11,e7ff6ea67040,209.0,102.6,1.0,2
2023-08-11,081f2cf4afc8,279.0,156.0,1.0,2
2023-08-11,1dc20c4f962f,429.0,252.5,1.0,2
2023-08-11,a9d8c085adc0,549.0,267.4,3.0,2
2023-08-11,fb45888e228e,589.0,293.0,2.0,2
2023-08-11,17abde81f33d,469.0,296.4,1.0,2
2023-08-11,e7a79d5847b2,499.9,385.0,2.0,2
2023-08-12,d63b63612407,159.0,80.9,2.0,2
2023-08-12,f0c2857afa61,199.0,83.5,2.0,2
2023-08-12,17abde81f33d,469.0,296.4,1.0,2
2023-08-14,a9d8c085adc0,549.0,268.7,2.0,2
2023-08-14,fb45888e228e,589.0,287.3,1.0,2
2023-08-15,95879f411e24,189.0,67.6,3.0,2
2023-08-15,8b49288f5fd4,119.0,70.1,1.0,2
2023-08-15,3a95d538a917,229.0,84.8,4.0,2
2023-08-15,d5edd8ff439a,148.0,97.4,2.0,2
2023-08-15,44c942fe217c,529.0,193.5,1.0,2
2023-08-15,4849cb059ba3,559.0,343.8,2.0,2
2023-08-16,3a95d538a917,229.0,84.8,5.0,2
2023-08-16,d5edd8ff439a,148.0,97.4,1.0,2
2023-08-16,f049b16ba53a,719.0,346.8,3.0,2
2023-08-17,8b49288f5fd4,119.0,70.1,1.0,2
2023-08-17,bc2f82a22e11,189.0,77.0,2.0,2
2023-08-17,9025d817fff5,200.0,113.9,1.0,2
2023-08-17,44dba4d4d441,309.0,182.4,1.0,2
2023-08-17,aeeec4788cf5,359.0,230.0,2.0,2
2023-08-17,d6467e3c8762,399.0,257.2,1.0,2
2023-08-17,8692ad0cb38d,599.0,400.0,3.0,2
2023-08-18,389412076801,179.0,53.9,4.0,2
2023-08-18,8b49288f5fd4,119.0,70.1,2.0,2
2023-08-18,bc2f82a22e11,189.0,77.0,3.0,2
2023-08-18,d6467e3c8762,399.0,257.2,2.0,2
2023-08-18,8692ad0cb38d,599.0,400.0,1.0,2
2023-08-23,694e6be81eb6,259.9,184.9,1.0,2
2023-08-24,d5edd8ff439a,149.0,97.4,1.0,2
2023-08-24,694e6be81eb6,259.9,184.9,1.0,2
2023-08-24,aeeec4788cf5,359.0,230.0,1.0,2
2023-08-24,830dfe173dd6,519.0,336.1,2.0,2
2023-08-25,95879f411e24,189.0,67.8,2.0,2
2023-08-25,8b49288f5fd4,119.0,70.1,4.0,2
2023-08-25,bc2f82a22e11,189.0,77.4,4.0,2
2023-08-25,d63b63612407,159.0,78.5,1.0,2
2023-08-25,694e6be81eb6,259.9,184.9,2.0,2
2023-08-26,694e6be81eb6,259.9,184.9,2.0,2
2023-08-27,8b49288f5fd4,119.0,70.1,2.0,2
2023-08-27,bc2f82a22e11,189.0,77.4,2.0,2
2023-08-27,3a95d538a917,229.0,84.8,3.0,2
2023-08-27,fb45888e228e,599.0,287.4,1.0,2
2023-08-31,694e6be81eb6,269.9,184.9,2.0,2
2023-09-03,389412076801,179.0,53.9,9.0,2
2023-09-03,0e39cf5d57c1,189.0,63.2,6.0,2
2023-09-03,95879f411e24,189.0,67.8,2.0,2
2023-09-03,de04645e9c49,109.0,69.9,3.0,2
2023-09-03,dd94e2bc5601,159.0,76.4,9.0,2
2023-09-03,bc2f82a22e11,189.0,77.4,3.0,2
2023-09-03,d63b63612407,159.0,78.5,3.0,2
2023-09-03,3a95d538a917,229.0,84.8,2.0,2
2023-09-03,701044a0780f,149.0,90.0,1.0,2
2023-09-03,d5edd8ff439a,149.0,97.4,1.0,2
2023-09-03,e7ff6ea67040,219.0,105.3,5.0,2
2023-09-03,c14553bd4907,245.0,170.0,4.0,2
2023-09-03,44c942fe217c,529.0,193.9,4.0,2
2023-09-03,a9d8c085adc0,549.0,269.2,3.0,2
2023-09-03,f611e25fa53a,569.0,272.8,1.0,2
2023-09-03,4849cb059ba3,569.0,343.8,1.0,2
2023-09-03,6135bfd00200,609.0,394.2,1.0,2
2023-09-04,389412076801,179.0,53.9,1.0,2
2023-09-04,de04645e9c49,109.0,69.9,1.0,2
2023-09-04,e99098466529,119.0,75.0,1.0,2
2023-09-04,d63b63612407,159.0,78.5,3.0,2
2023-09-04,701044a0780f,149.0,90.0,4.0,2
2023-09-04,e7ff6ea67040,219.0,105.3,1.0,2
2023-09-04,44c942fe217c,529.0,193.9,8.0,2
2023-09-04,a9d8c085adc0,549.0,269.2,2.0,2
2023-09-04,f611e25fa53a,569.0,272.8,5.0,2
2023-09-04,74d6ed799e21,539.0,341.7,1.0,2
2023-09-04,4849cb059ba3,569.0,343.8,1.0,2
2023-09-05,dd94e2bc5601,159.0,76.4,5.0,2
2023-09-05,bc2f82a22e11,189.0,77.4,2.0,2
2023-09-05,d63b63612407,159.0,78.5,1.0,2
2023-09-05,3a95d538a917,229.0,84.8,5.0,2
2023-09-05,211171fd6b9b,189.9,142.9,1.0,2
2023-09-05,44c942fe217c,529.0,193.9,1.0,2
2023-09-05,e60d890f2812,389.0,237.8,1.0,2
2023-09-05,17abde81f33d,479.0,296.4,1.0,2
2023-09-05,4cf0bb777594,489.0,324.6,1.0,2
2023-09-06,de04645e9c49,109.0,69.9,3.0,2
2023-09-06,e60d890f2812,389.0,237.8,2.0,2
2023-09-06,a9d8c085adc0,549.0,269.2,4.0,2
2023-09-06,4cf0bb777594,489.0,324.6,1.0,2
2023-09-06,830dfe173dd6,519.0,336.1,1.0,2
2023-09-07,a9d8c085adc0,549.0,269.2,2.0,2
2023-09-08,f32fc9c894a5,39.9,35.0,29.0,2
2023-09-08,389412076801,179.0,54.6,4.0,2
2023-09-08,0e39cf5d57c1,189.0,63.8,3.0,2
2023-09-08,95879f411e24,189.0,68.0,3.0,2
2023-09-08,263763ed2e81,109.0,75.0,3.0,2
2023-09-08,bc2f82a22e11,189.0,76.8,5.0,2
2023-09-08,3a95d538a917,229.0,84.3,2.0,2
2023-09-08,e7ff6ea67040,219.0,105.3,1.0,2
2023-09-08,44dba4d4d441,309.0,182.4,1.0,2
2023-09-08,1dc20c4f962f,429.0,252.5,1.0,2
2023-09-08,a9d8c085adc0,549.0,271.6,4.0,2
2023-09-08,f611e25fa53a,569.0,272.8,2.0,2
2023-09-08,fb45888e228e,589.0,286.2,4.0,2
2023-09-08,17abde81f33d,479.0,296.4,2.0,2
2023-09-08,f049b16ba53a,729.0,344.9,1.0,2
2023-09-08,e7a79d5847b2,499.9,385.0,1.0,2
2023-09-09,f32fc9c894a5,39.9,35.0,9.0,2
2023-09-09,f611e25fa53a,569.0,272.8,1.0,2
2023-09-09,830dfe173dd6,519.0,336.1,2.0,2
2023-09-10,f32fc9c894a5,39.9,35.0,2.0,2
2023-09-10,389412076801,179.0,54.6,4.0,2
2023-09-10,0e39cf5d57c1,189.0,63.8,3.0,2
2023-09-10,95879f411e24,189.0,68.0,3.0,2
2023-09-10,bc2f82a22e11,189.0,76.8,5.0,2
2023-09-10,3a95d538a917,229.0,84.3,2.0,2
2023-09-10,e7ff6ea67040,219.0,105.3,2.0,2
2023-09-10,a9d8c085adc0,549.0,271.6,2.0,2
2023-09-10,f611e25fa53a,569.0,272.8,2.0,2
2023-09-10,fb45888e228e,589.0,286.2,6.0,2
2023-09-10,17abde81f33d,479.0,296.4,2.0,2
2023-09-10,74d6ed799e21,539.0,341.7,2.0,2
2023-09-11,f32fc9c894a5,39.9,35.0,2.0,2
2023-09-12,389412076801,179.0,54.6,5.0,2
2023-09-12,95879f411e24,189.0,68.0,4.0,2
2023-09-12,bc2f82a22e11,189.0,76.8,2.0,2
2023-09-12,d63b63612407,159.0,81.5,3.0,2
2023-09-12,3a95d538a917,229.0,84.3,2.0,2
2023-09-12,701044a0780f,149.0,90.0,4.0,2
2023-09-12,e7ff6ea67040,219.0,105.3,3.0,2
2023-09-12,c3af0e2407f3,239.0,157.1,3.0,2
2023-09-12,fb45888e228e,589.0,286.2,5.0,2
2023-09-12,76c18abd8f7c,539.0,358.7,1.0,2
2023-09-13,bc2f82a22e11,189.0,76.8,2.0,2
2023-09-13,d63b63612407,159.0,81.5,1.0,2
2023-09-13,f0c2857afa61,199.0,82.5,1.0,2
2023-09-13,e7ff6ea67040,219.0,105.3,4.0,2
2023-09-13,c3af0e2407f3,239.0,157.1,3.0,2
2023-09-13,1dc20c4f962f,429.0,252.5,2.0,2
2023-09-13,d6467e3c8762,399.0,257.2,1.0,2
2023-09-13,4cf0bb777594,489.0,324.6,1.0,2
2023-09-14,eb78a3668d0d,249.9,185.3,1.0,2
2023-09-16,3a95d538a917,229.0,84.3,3.0,2
2023-09-17,3a95d538a917,229.0,84.3,1.0,2
2023-09-18,bc2f82a22e11,189.0,76.8,3.0,2
2023-09-18,f611e25fa53a,569.0,272.8,1.0,2
2023-09-18,fb45888e228e,589.0,286.2,5.0,2
2023-09-18,17abde81f33d,479.0,296.4,1.0,2
2023-09-18,f049b16ba53a,729.0,344.9,2.0,2
2023-09-18,76c18abd8f7c,539.0,358.7,1.0,2
2023-09-18,6135bfd00200,609.0,394.2,2.0,2
2023-09-19,389412076801,179.0,54.6,3.0,2
2023-09-19,44c942fe217c,529.0,192.5,3.0,2
2023-09-19,a9d8c085adc0,549.0,271.6,1.0,2
2023-09-19,830dfe173dd6,519.0,336.1,1.0,2
2023-09-19,74d6ed799e21,539.0,341.7,1.0,2
2023-09-19,4849cb059ba3,569.0,343.8,1.0,2
2023-09-19,f049b16ba53a,729.0,344.9,1.0,2
2023-09-20,d6467e3c8762,399.0,257.2,1.0,2
2023-09-25,0e39cf5d57c1,189.0,63.8,1.0,2
2023-09-25,8b49288f5fd4,119.0,70.1,3.0,2
2023-09-25,bc2f82a22e11,189.0,76.8,2.0,2
2023-09-25,f611e25fa53a,569.0,272.8,2.0,2
2023-09-25,17abde81f33d,479.0,296.4,2.0,2
2023-09-25,f049b16ba53a,729.0,344.9,1.0,2
2023-09-25,76c18abd8f7c,539.0,358.7,1.0,2
2023-09-25,e7a79d5847b2,499.9,385.0,1.0,2
2023-09-26,17abde81f33d,479.0,296.4,1.0,2
2023-09-27,de04645e9c49,109.0,79.9,1.0,2
2023-09-27,389412076801,179.0,99.9,1.0,2
2023-09-27,d5edd8ff439a,148.0,99.9,1.0,2
2023-09-27,c3af0e2407f3,239.0,169.9,1.0,2
2023-09-27,76c18abd8f7c,539.0,358.7,1.0,2
2023-09-28,081f2cf4afc8,279.0,189.9,1.0,2
2023-10-10,31c92abeb90b,27.9,24.0,18.0,2
2023-10-11,31c92abeb90b,27.9,24.0,23.0,2
2023-10-11,fdeaff382891,220.0,145.0,1.0,2
2023-10-11,7161b2b5b613,356.0,235.0,1.0,2
2023-10-11,17abde81f33d,479.0,296.4,1.0,2
2023-10-12,31c92abeb90b,27.9,24.0,7.0,2
2023-10-12,fdeaff382891,220.0,145.0,2.0,2
2023-10-13,31c92abeb90b,27.9,24.0,45.0,2
2023-10-14,31c92abeb90b,27.9,24.0,7.0,2
2023-10-15,31c92abeb90b,27.9,24.0,5.0,2
2023-10-15,95879f411e24,189.0,68.9,3.0,2
2023-10-15,263763ed2e81,109.0,75.0,1.0,2
2023-10-15,d63b63612407,159.0,79.5,2.0,2
2023-10-15,3a95d538a917,229.0,84.0,2.0,2
2023-10-15,d5edd8ff439a,148.0,97.4,2.0,2
2023-10-15,6d38b982dc71,499.0,174.3,2.0,2
2023-10-15,e5cebf9a2793,479.0,188.0,2.0,2
2023-10-15,a9d8c085adc0,549.0,276.2,1.0,2
2023-10-15,f049b16ba53a,729.0,323.6,2.0,2
2023-10-15,4cf0bb777594,489.0,324.6,2.0,2
2023-10-15,68e23e669702,699.0,338.9,2.0,2
2023-10-15,4849cb059ba3,569.0,343.8,1.0,2
2023-10-18,8b49288f5fd4,119.0,70.1,5.0,2
2023-10-18,dd94e2bc5601,159.0,77.5,2.0,2
2023-10-18,e7ff6ea67040,219.0,106.3,2.0,2
2023-10-18,b4423c946041,230.0,152.0,1.0,2
2023-10-18,f66c0bb13790,230.0,152.0,2.0,2
2023-10-18,7161b2b5b613,356.0,235.0,3.0,2
2023-10-18,e60d890f2812,389.0,237.8,1.0,2
2023-10-18,1dc20c4f962f,429.0,252.5,1.0,2
2023-10-18,f049b16ba53a,729.0,323.6,1.0,2
2023-10-18,68e23e669702,699.0,338.9,1.0,2
2023-10-18,4849cb059ba3,569.0,343.8,1.0,2
2023-10-19,7161b2b5b613,356.0,235.0,1.0,2
2023-10-19,17abde81f33d,479.0,296.4,1.0,2
2023-10-19,6135bfd00200,609.0,394.2,1.0,2
2023-10-20,de04645e9c49,109.0,69.9,1.0,2
2023-10-20,d63b63612407,159.0,80.9,3.0,2
2023-10-20,17abde81f33d,479.0,296.4,1.0,2
2023-10-20,74d6ed799e21,539.0,341.7,3.0,2
2023-10-20,8692ad0cb38d,579.0,400.0,2.0,2
2023-10-27,0e39cf5d57c1,189.0,69.0,1.0,2
2023-10-27,d5edd8ff439a,148.0,97.4,1.0,2
2023-10-27,e7ff6ea67040,219.0,112.3,2.0,2
2023-10-27,17abde81f33d,479.0,296.4,1.0,2
2023-10-28,d5edd8ff439a,148.0,97.4,1.0,2
2023-10-29,d63b63612407,159.0,80.9,1.0,2
2023-10-29,bc2f82a22e11,189.0,82.2,3.0,2
2023-10-29,3a95d538a917,229.0,91.1,1.0,2
2023-10-29,f66c0bb13790,230.0,152.0,4.0,2
2023-10-29,44c942fe217c,529.0,201.1,1.0,2
2023-10-29,f049b16ba53a,729.0,338.6,2.0,2
2023-10-29,74d6ed799e21,539.0,341.7,1.0,2
2023-10-29,68e23e669702,699.0,356.4,1.0,2
2023-10-30,9db850377ae0,220.0,145.0,4.0,2
2023-10-30,7161b2b5b613,356.0,235.0,2.0,2
2023-10-30,f049b16ba53a,729.0,342.8,3.0,2
2023-10-30,68e23e669702,699.0,360.6,2.0,2
2023-10-31,f049b16ba53a,729.0,342.8,1.0,2
2023-10-31,68e23e669702,699.0,360.6,2.0,2
2023-11-03,0e39cf5d57c1,189.0,70.0,3.0,2
2023-11-03,8b49288f5fd4,119.0,70.1,1.0,2
2023-11-03,d63b63612407,159.0,82.6,2.0,2
2023-11-03,701044a0780f,149.0,90.0,3.0,2
2023-11-03,d5edd8ff439a,148.0,97.4,2.0,2
2023-11-03,44c942fe217c,529.0,204.1,2.0,2
2023-11-03,1dc20c4f962f,429.0,252.5,1.0,2
2023-11-03,4849cb059ba3,569.0,343.8,2.0,2
2023-11-04,0e39cf5d57c1,189.0,70.0,4.0,2
2023-11-04,d5edd8ff439a,148.0,97.4,1.0,2
2023-11-04,85a419adb3a4,378.0,212.5,2.0,2
2023-11-04,4849cb059ba3,569.0,343.8,2.0,2
2023-11-05,0e39cf5d57c1,189.0,70.0,7.0,2
2023-11-05,8b49288f5fd4,119.0,70.1,9.0,2
2023-11-05,d63b63612407,159.0,82.6,7.0,2
2023-11-05,bc2f82a22e11,189.0,83.4,3.0,2
2023-11-05,dd94e2bc5601,159.0,84.2,5.0,2
2023-11-05,3a95d538a917,229.0,93.1,5.0,2
2023-11-05,d5edd8ff439a,148.0,97.4,3.0,2
2023-11-05,e7ff6ea67040,219.0,113.6,6.0,2
2023-11-05,44c942fe217c,529.0,204.1,3.0,2
2023-11-05,1dc20c4f962f,429.0,252.5,1.0,2
2023-11-05,f611e25fa53a,569.0,284.1,2.0,2
2023-11-05,17abde81f33d,479.0,296.4,1.0,2
2023-11-05,4849cb059ba3,569.0,343.8,2.0,2
2023-11-05,68e23e669702,699.0,360.6,4.0,2
2023-11-06,0e39cf5d57c1,189.0,70.0,2.0,2
2023-11-06,dd94e2bc5601,159.0,84.2,4.0,2
2023-11-06,3a95d538a917,229.0,93.1,5.0,2
2023-11-06,1dc20c4f962f,429.0,252.5,1.0,2
2023-11-06,17abde81f33d,479.0,296.4,3.0,2
2023-11-06,68e23e669702,699.0,360.6,2.0,2
2023-11-07,8b49288f5fd4,119.0,70.1,1.0,2
2023-11-07,e99098466529,119.0,77.0,2.0,2
2023-11-07,3a95d538a917,229.0,93.1,3.0,2
2023-11-07,d5edd8ff439a,148.0,97.4,1.0,2
2023-11-07,17abde81f33d,479.0,296.4,2.0,2
2023-11-07,74d6ed799e21,549.0,341.7,2.0,2
2023-11-08,0e39cf5d57c1,189.0,70.0,5.0,2
2023-11-08,8b49288f5fd4,119.0,70.1,2.0,2
2023-11-08,dd94e2bc5601,159.0,84.2,8.0,2
2023-11-08,f0c2857afa61,199.0,84.6,9.0,2
2023-11-08,3a95d538a917,229.0,93.1,14.0,2
2023-11-08,e7ff6ea67040,219.0,113.6,9.0,2
2023-11-08,85a419adb3a4,378.0,212.5,1.0,2
2023-11-08,7161b2b5b613,356.0,235.0,4.0,2
2023-11-08,1dc20c4f962f,429.0,252.5,1.0,2
2023-11-08,17abde81f33d,479.0,296.4,2.0,2
2023-11-08,f049b16ba53a,729.0,342.8,2.0,2
2023-11-08,68e23e669702,699.0,360.6,3.0,2
2023-11-08,383eda871fca,699.0,365.5,1.0,2
2023-11-09,d63b63612407,159.0,82.6,1.0,2
2023-11-09,bc2f82a22e11,189.0,83.4,7.0,2
2023-11-09,f0c2857afa61,199.0,84.6,7.0,2
2023-11-09,e7ff6ea67040,219.0,113.6,4.0,2
2023-11-09,1dc20c4f962f,429.0,252.5,1.0,2
2023-11-09,f611e25fa53a,569.0,284.1,4.0,2
2023-11-09,74d6ed799e21,549.0,341.7,1.0,2
2023-11-10,0e39cf5d57c1,189.0,70.0,5.0,2
2023-11-10,e99098466529,119.0,77.0,2.0,2
2023-11-10,263763ed2e81,109.0,77.0,1.0,2
2023-11-10,bc2f82a22e11,189.0,83.4,4.0,2
2023-11-10,701044a0780f,149.0,90.0,1.0,2
2023-11-10,3a95d538a917,229.0,93.1,7.0,2
2023-11-10,e7ff6ea67040,219.0,113.6,3.0,2
2023-11-10,fdeaff382891,220.0,145.0,2.0,2
2023-11-10,f66c0bb13790,230.0,152.0,2.0,2
2023-11-10,85a419adb3a4,378.0,212.5,5.0,2
2023-11-10,7161b2b5b613,356.0,235.0,4.0,2
2023-11-10,f611e25fa53a,569.0,284.1,2.0,2
2023-11-10,383eda871fca,699.0,365.5,1.0,2
2023-11-11,f66c0bb13790,230.0,152.0,3.0,2
2023-11-12,0e39cf5d57c1,189.0,70.0,7.0,2
2023-11-12,d63b63612407,159.0,82.6,2.0,2
2023-11-12,bc2f82a22e11,189.0,83.4,3.0,2
2023-11-12,9db850377ae0,220.0,145.0,1.0,2
2023-11-12,b4423c946041,230.0,152.0,3.0,2
2023-11-12,f611e25fa53a,569.0,284.1,3.0,2
2023-11-12,68e23e669702,699.0,360.6,1.0,2
2023-11-14,44c942fe217c,529.0,204.7,1.0,2
2023-11-14,f611e25fa53a,569.0,284.1,2.0,2
2023-11-14,68e23e669702,699.0,360.6,3.0,2
2023-11-15,d63b63612407,159.0,82.9,1.0,2
2023-11-15,f611e25fa53a,569.0,288.6,3.0,2
2023-11-15,f049b16ba53a,729.0,346.1,1.0,2
2023-11-15,68e23e669702,699.0,372.9,3.0,2
2023-11-16,8b49288f5fd4,119.0,70.1,1.0,2
2023-11-16,bc2f82a22e11,189.0,86.0,2.0,2
2023-11-16,d5edd8ff439a,148.0,97.4,1.0,2
2023-11-16,383eda871fca,699.0,365.9,2.0,2
2023-11-18,8b49288f5fd4,119.0,70.1,1.0,2
2023-11-18,e99098466529,119.0,77.0,8.0,2
2023-11-18,263763ed2e81,109.0,77.0,1.0,2
2023-11-18,f0c2857afa61,199.0,85.6,8.0,2
2023-11-18,bc2f82a22e11,189.0,86.0,2.0,2
2023-11-18,701044a0780f,149.0,90.0,1.0,2
2023-11-18,d5edd8ff439a,148.0,97.4,1.0,2
2023-11-18,e7ff6ea67040,219.0,116.5,3.0,2
2023-11-18,1dc20c4f962f,429.0,252.5,1.0,2
2023-11-18,f611e25fa53a,569.0,291.7,5.0,2
2023-11-18,74d6ed799e21,549.0,341.7,1.0,2
2023-11-18,383eda871fca,699.0,365.9,2.0,2
2023-11-19,8b49288f5fd4,119.0,70.1,6.0,2
2023-11-19,0e39cf5d57c1,189.0,70.1,2.0,2
2023-11-19,e99098466529,119.0,77.0,1.0,2
2023-11-19,bc2f82a22e11,189.0,86.9,7.0,2
2023-11-19,701044a0780f,149.0,90.0,1.0,2
2023-11-19,e7ff6ea67040,219.0,116.5,1.0,2
2023-11-19,44c942fe217c,529.0,205.8,1.0,2
2023-11-19,1dc20c4f962f,429.0,252.5,1.0,2
2023-11-19,383eda871fca,699.0,368.4,3.0,2
2023-11-20,8b49288f5fd4,119.0,70.1,1.0,2
2023-11-20,0e39cf5d57c1,189.0,70.1,1.0,2
2023-11-20,e99098466529,119.0,77.0,8.0,2
2023-11-20,263763ed2e81,109.0,77.0,1.0,2
2023-11-20,bc2f82a22e11,189.0,86.9,2.0,2
2023-11-20,dd94e2bc5601,159.0,87.4,1.0,2
2023-11-20,701044a0780f,149.0,90.0,5.0,2
2023-11-20,d5edd8ff439a,148.0,97.4,5.0,2
2023-11-20,e7ff6ea67040,219.0,116.5,3.0,2
2023-11-20,fdeaff382891,220.0,145.0,2.0,2
2023-11-20,9db850377ae0,220.0,145.0,3.0,2
2023-11-20,7161b2b5b613,356.0,235.0,1.0,2
2023-11-20,f611e25fa53a,569.0,291.7,2.0,2
2023-11-20,74d6ed799e21,549.0,341.7,2.0,2
2023-11-20,76c18abd8f7c,539.0,358.7,1.0,2
2023-11-21,bc2f82a22e11,189.0,86.9,1.0,2
2023-11-21,dd94e2bc5601,159.0,87.4,2.0,2
2023-11-21,3a95d538a917,229.0,96.3,2.0,2
2023-11-21,e7ff6ea67040,219.0,116.5,16.0,2
2023-11-21,44c942fe217c,529.0,205.8,1.0,2
2023-11-22,b4423c946041,230.0,152.0,1.0,2
2023-11-23,d63b63612407,159.0,84.9,1.0,2
2023-11-23,dd94e2bc5601,159.0,87.2,4.0,2
2023-11-23,d5edd8ff439a,148.0,97.4,2.0,2
2023-11-23,e7ff6ea67040,219.0,116.3,2.0,2
2023-11-23,fdeaff382891,220.0,145.0,5.0,2
2023-11-23,9db850377ae0,220.0,145.0,3.0,2
2023-11-23,b4423c946041,230.0,152.0,3.0,2
2023-11-23,7161b2b5b613,356.0,235.0,4.0,2
2023-11-23,f611e25fa53a,569.0,289.0,3.0,2
2023-11-24,f0c2857afa61,199.0,85.3,5.0,2
2023-11-24,dd94e2bc5601,159.0,87.2,3.0,2
2023-11-24,3a95d538a917,229.0,96.1,7.0,2
2023-11-24,d5edd8ff439a,148.0,97.4,1.0,2
2023-11-24,e7ff6ea67040,219.0,116.3,6.0,2
2023-11-24,b4423c946041,230.0,152.0,1.0,2
2023-11-24,44c942fe217c,529.0,204.9,3.0,2
2023-11-24,f611e25fa53a,569.0,289.0,1.0,2
2023-11-24,17abde81f33d,479.0,296.4,1.0,2
2023-11-24,383eda871fca,699.0,376.6,2.0,2
2023-11-25,0e39cf5d57c1,189.0,70.0,3.0,2
2023-11-25,dd94e2bc5601,159.0,87.2,2.0,2
2023-11-25,e7ff6ea67040,219.0,116.3,4.0,2
2023-11-25,f611e25fa53a,569.0,289.0,8.0,2
2023-11-25,17abde81f33d,479.0,296.4,7.0,2
2023-11-25,75a435426869,629.0,349.0,2.0,2
2023-11-25,383eda871fca,699.0,376.6,1.0,2
2023-11-26,263763ed2e81,109.0,77.0,11.0,2
2023-11-26,701044a0780f,149.0,90.0,5.0,2
2023-11-26,fdeaff382891,220.0,145.0,3.0,2
2023-11-26,b4423c946041,230.0,152.0,3.0,2
2023-11-26,f66c0bb13790,230.0,152.0,6.0,2
2023-11-26,7161b2b5b613,356.0,235.0,5.0,2
2023-11-26,85a419adb3a4,378.0,250.0,3.0,2
2023-11-26,1dc20c4f962f,429.0,252.5,2.0,2
2023-11-26,f611e25fa53a,569.0,289.0,4.0,2
2023-11-26,383eda871fca,699.0,376.6,3.0,2
2023-11-27,0e39cf5d57c1,189.0,70.0,7.0,2
2023-11-27,263763ed2e81,109.0,77.0,1.0,2
2023-11-27,f66c0bb13790,230.0,152.0,1.0,2
2023-11-27,75a435426869,629.0,349.0,1.0,2
2023-11-27,f049b16ba53a,729.0,349.5,1.0,2
2023-11-27,383eda871fca,699.0,376.6,1.0,2
2023-11-28,0e39cf5d57c1,189.0,70.0,11.0,2
2023-11-28,263763ed2e81,109.0,77.0,2.0,2
2023-11-28,bc2f82a22e11,189.0,86.6,5.0,2
2023-11-28,3a95d538a917,229.0,96.1,3.0,2
2023-11-28,d5edd8ff439a,148.0,97.4,4.0,2
2023-11-28,f66c0bb13790,230.0,152.0,1.0,2
2023-11-28,f611e25fa53a,569.0,289.0,1.0,2
2023-11-28,17abde81f33d,479.0,296.4,1.0,2
2023-11-28,75a435426869,629.0,349.0,2.0,2
2023-11-28,f049b16ba53a,729.0,349.5,2.0,2
2023-11-29,263763ed2e81,109.0,77.0,9.0,2
2023-11-29,bc2f82a22e11,189.0,86.6,8.0,2
2023-11-29,dd94e2bc5601,159.0,87.2,3.0,2
2023-11-29,3a95d538a917,229.0,96.1,3.0,2
2023-11-29,d5edd8ff439a,148.0,97.4,1.0,2
2023-11-29,fdeaff382891,220.0,145.0,1.0,2
2023-11-29,f66c0bb13790,230.0,152.0,1.0,2
2023-11-29,44c942fe217c,529.0,204.9,4.0,2
2023-11-29,7161b2b5b613,356.0,235.0,3.0,2
2023-11-29,85a419adb3a4,378.0,250.0,2.0,2
2023-11-29,f611e25fa53a,569.0,289.0,1.0,2
2023-11-29,75a435426869,629.0,349.0,1.0,2
2023-11-29,f049b16ba53a,729.0,349.5,1.0,2
2023-11-29,383eda871fca,699.0,376.6,2.0,2
2023-11-30,7161b2b5b613,356.0,235.0,4.0,2
2023-12-01,0e39cf5d57c1,189.0,70.0,6.0,2
2023-12-01,8b49288f5fd4,119.0,73.7,2.0,2
2023-12-01,d63b63612407,159.0,84.9,4.0,2
2023-12-01,f0c2857afa61,199.0,85.3,9.0,2
2023-12-01,bc2f82a22e11,189.0,86.6,6.0,2
2023-12-01,dd94e2bc5601,159.0,87.2,4.0,2
2023-12-01,3a95d538a917,229.0,96.1,1.0,2
2023-12-01,e7ff6ea67040,219.0,116.3,4.0,2
2023-12-01,74d6ed799e21,549.0,341.7,1.0,2
2023-12-01,f049b16ba53a,729.0,349.5,2.0,2
2023-12-01,68e23e669702,699.0,376.5,1.0,2
2023-12-02,0e39cf5d57c1,189.0,70.0,3.0,2
2023-12-02,f0c2857afa61,199.0,85.3,4.0,2
2023-12-02,bc2f82a22e11,189.0,86.6,7.0,2
2023-12-02,3a95d538a917,229.0,96.1,2.0,2
2023-12-02,e7ff6ea67040,219.0,116.3,3.0,2
2023-12-02,f611e25fa53a,569.0,289.0,1.0,2
2023-12-02,68e23e669702,699.0,376.5,2.0,2
2023-12-03,0e39cf5d57c1,189.0,70.0,1.0,2
2023-12-03,3a95d538a917,229.0,96.1,1.0,2
2023-12-03,fdeaff382891,220.0,145.0,1.0,2
2023-12-03,9db850377ae0,220.0,145.0,1.0,2
2023-12-03,f66c0bb13790,230.0,152.0,3.0,2
2023-12-03,7161b2b5b613,356.0,235.0,3.0,2
2023-12-03,85a419adb3a4,378.0,250.0,4.0,2
2023-12-03,68e23e669702,699.0,376.5,1.0,2
2023-12-04,1dc20c4f962f,429.0,263.9,1.0,2
2023-12-05,1dc20c4f962f,429.0,263.9,1.0,2
2023-12-07,8b49288f5fd4,119.0,73.7,2.0,2
2023-12-07,263763ed2e81,109.0,77.0,10.0,2
2023-12-07,701044a0780f,149.0,90.0,3.0,2
2023-12-07,d5edd8ff439a,156.0,102.5,2.0,2
2023-12-07,f66c0bb13790,230.0,129.2,1.0,2
2023-12-07,fdeaff382891,220.0,145.0,3.0,2
2023-12-07,9db850377ae0,220.0,145.0,1.0,2
2023-12-07,b4423c946041,230.0,152.0,3.0,2
2023-12-07,7161b2b5b613,356.0,199.8,2.0,2
2023-12-07,85a419adb3a4,378.0,250.0,3.0,2
2023-12-07,1dc20c4f962f,429.0,263.9,2.0,2
2023-12-07,17abde81f33d,479.0,311.9,1.0,2
2023-12-08,263763ed2e81,109.0,77.0,6.0,2
2023-12-08,74d6ed799e21,549.0,359.5,1.0,2
2023-12-09,8b49288f5fd4,119.0,73.7,1.0,2
2023-12-09,d63b63612407,159.0,84.9,2.0,2
2023-12-09,f049b16ba53a,729.0,349.5,2.0,2
2023-12-09,383eda871fca,699.0,376.6,3.0,2
2023-12-10,8b49288f5fd4,119.0,73.7,1.0,2
2023-12-10,d63b63612407,159.0,84.9,2.0,2
2023-12-10,9db850377ae0,220.0,145.0,2.0,2
2023-12-10,b4423c946041,230.0,152.0,1.0,2
2023-12-10,7161b2b5b613,356.0,199.8,2.0,2
2023-12-10,85a419adb3a4,378.0,250.0,2.0,2
2023-12-10,f049b16ba53a,729.0,349.5,1.0,2
2023-12-10,383eda871fca,699.0,376.6,1.0,2
2023-12-11,d63b63612407,159.0,84.9,4.0,2
2023-12-11,bc2f82a22e11,189.0,86.6,1.0,2
2023-12-17,9db850377ae0,220.0,145.0,1.0,2
2023-12-17,85a419adb3a4,378.0,250.0,1.0,2
2023-12-17,383eda871fca,699.0,365.7,1.0,2
2023-12-17,76c18abd8f7c,489.0,376.0,1.0,2
2023-12-18,f611e25fa53a,569.0,293.8,1.0,2
2023-12-18,383eda871fca,699.0,365.7,2.0,2
2023-12-19,f611e25fa53a,569.0,293.8,1.0,2
2023-12-19,17abde81f33d,479.0,311.9,2.0,2
2023-12-19,f049b16ba53a,729.0,349.4,1.0,2
2023-12-19,383eda871fca,699.0,365.7,2.0,2
2023-12-19,68e23e669702,699.0,371.4,5.0,2
2023-12-20,17abde81f33d,479.0,311.9,1.0,2
2023-12-21,263763ed2e81,109.0,77.0,4.0,2
2023-12-21,701044a0780f,149.0,90.0,2.0,2
2023-12-21,f049b16ba53a,729.0,349.4,2.0,2
2023-12-23,d5edd8ff439a,156.0,102.5,2.0,2
2023-12-23,44c942fe217c,549.0,206.4,2.0,2
2023-12-23,f049b16ba53a,729.0,349.4,6.0,2
2023-12-25,d63b63612407,159.0,86.4,3.0,2
2023-12-25,dd94e2bc5601,159.0,90.4,9.0,2
2023-12-25,44c942fe217c,549.0,206.4,3.0,2
2023-12-25,1dc20c4f962f,429.0,263.9,2.0,2
2023-12-26,d63b63612407,159.0,86.4,5.0,2
2023-12-26,d5edd8ff439a,156.0,102.5,2.0,2
2023-12-26,383eda871fca,699.0,365.7,1.0,2
2023-12-27,d63b63612407,159.0,86.4,5.0,2
2023-12-27,dd94e2bc5601,159.0,90.4,3.0,2
2023-12-27,17abde81f33d,479.0,311.9,2.0,2
2023-12-29,3a95d538a917,229.0,96.4,1.0,2
2023-12-29,e7ff6ea67040,219.0,118.4,1.0,2
2023-12-30,3a95d538a917,229.0,96.4,4.0,2
2023-12-30,e7ff6ea67040,219.0,118.4,1.0,2
2023-12-30,f611e25fa53a,569.0,293.8,2.0,2
2023-12-30,17abde81f33d,479.0,311.9,2.0,2
2023-12-30,383eda871fca,699.0,365.7,1.0,2
2023-12-30,68e23e669702,699.0,371.4,1.0,2
2023-12-30,76c18abd8f7c,489.0,376.0,1.0,2
2023-12-31,e99098466529,119.0,77.0,2.0,2
2023-12-31,263763ed2e81,109.0,77.0,5.0,2
2023-12-31,bc2f82a22e11,189.0,83.7,7.0,2
2023-12-31,fdeaff382891,220.0,145.0,8.0,2
2023-12-31,b4423c946041,230.0,152.0,4.0,2
2023-12-31,f66c0bb13790,249.0,152.0,3.0,2
2023-12-31,44c942fe217c,549.0,206.4,1.0,2
2023-12-31,85a419adb3a4,369.0,212.5,4.0,2
2023-12-31,1dc20c4f962f,429.0,263.9,3.0,2
2023-12-31,f611e25fa53a,569.0,293.8,4.0,2
2023-12-31,f049b16ba53a,729.0,349.4,1.0,2
2023-12-31,76c18abd8f7c,489.0,376.0,2.0,2
2024-01-01,b4423c946041,230.0,152.0,1.0,2
2024-01-01,1dc20c4f962f,429.0,263.9,3.0,2
2024-01-01,383eda871fca,699.0,365.7,3.0,2
2024-01-01,68e23e669702,699.0,371.4,1.0,2
2024-01-02,0e39cf5d57c1,189.0,70.9,11.0,2
2024-01-02,e99098466529,119.0,77.0,2.0,2
2024-01-02,263763ed2e81,109.0,77.0,3.0,2
2024-01-02,bc2f82a22e11,189.0,83.7,6.0,2
2024-01-02,701044a0780f,149.0,90.0,2.0,2
2024-01-02,dd94e2bc5601,159.0,90.4,5.0,2
2024-01-02,e7ff6ea67040,219.0,118.4,5.0,2
2024-01-02,fdeaff382891,220.0,145.0,2.0,2
2024-01-02,9db850377ae0,220.0,145.0,2.0,2
2024-01-02,b4423c946041,230.0,152.0,2.0,2
2024-01-02,f66c0bb13790,249.0,152.0,2.0,2
2024-01-02,85a419adb3a4,369.0,212.5,2.0,2
2024-01-02,17abde81f33d,479.0,311.9,1.0,2
2024-01-02,851410d2704b,589.0,332.2,7.0,2
2024-01-02,f049b16ba53a,729.0,349.4,4.0,2
2024-01-02,383eda871fca,699.0,365.7,3.0,2
2024-01-02,68e23e669702,699.0,371.4,2.0,2
2024-01-03,0e39cf5d57c1,189.0,70.9,12.0,2
2024-01-03,851410d2704b,589.0,332.2,6.0,2
2024-01-04,fdeaff382891,220.0,145.0,1.0,2
2024-01-04,9db850377ae0,220.0,145.0,1.0,2
2024-01-04,b4423c946041,230.0,152.0,2.0,2
2024-01-04,f66c0bb13790,249.0,152.0,2.0,2
2024-01-04,1dc20c4f962f,429.0,263.9,2.0,2
2024-01-05,1dc20c4f962f,429.0,263.9,1.0,2
2024-01-08,e99098466529,119.0,65.5,3.0,2
2024-01-08,263763ed2e81,109.0,77.0,2.0,2
2024-01-08,f049b16ba53a,729.0,344.0,2.0,2
2024-01-09,701044a0780f,149.0,90.0,1.0,2
2024-01-09,1dc20c4f962f,429.0,263.9,1.0,2
2024-01-10,d5edd8ff439a,149.0,102.5,3.0,2
2024-01-10,fdeaff382891,220.0,145.0,3.0,2
2024-01-10,9db850377ae0,220.0,145.0,1.0,2
2024-01-10,b4423c946041,230.0,152.0,1.0,2
2024-01-10,85a419adb3a4,369.0,250.0,1.0,2
2024-01-10,1dc20c4f962f,429.0,263.9,1.0,2
2024-01-10,f049b16ba53a,749.0,344.0,2.0,2
2024-01-11,b4423c946041,230.0,152.0,2.0,2
2024-01-14,b4423c946041,230.0,152.0,2.0,2
2024-01-14,f66c0bb13790,249.0,152.0,1.0,2
2024-01-14,68e23e669702,699.0,376.6,3.0,2
2024-01-15,85a419adb3a4,369.0,250.0,1.0,2
2024-01-16,e99098466529,119.0,65.5,5.0,2
2024-01-16,263763ed2e81,109.0,77.0,2.0,2
2024-01-16,17abde81f33d,499.0,311.9,3.0,2
2024-01-16,f049b16ba53a,749.0,344.0,3.0,2
2024-01-16,74d6ed799e21,559.0,359.5,2.0,2
2024-01-16,68e23e669702,699.0,376.6,2.0,2
2024-01-17,1dc20c4f962f,429.0,263.9,1.0,2
2024-01-17,74d6ed799e21,559.0,359.5,1.0,2
2024-01-18,d63b63612407,169.0,87.2,3.0,2
2024-01-18,701044a0780f,149.0,90.0,1.0,2
2024-01-18,f66c0bb13790,249.0,152.0,1.0,2
2024-01-18,1dc20c4f962f,429.0,263.9,3.0,2
2024-01-18,f049b16ba53a,749.0,344.0,2.0,2
2024-01-19,e99098466529,119.0,65.5,3.0,2
2024-01-19,263763ed2e81,109.0,77.0,1.0,2
2024-01-19,d63b63612407,169.0,87.2,1.0,2
2024-01-19,701044a0780f,149.0,90.0,3.0,2
2024-01-19,fdeaff382891,220.0,123.3,1.0,2
2024-01-19,9db850377ae0,220.0,145.0,2.0,2
2024-01-19,b4423c946041,230.0,152.0,3.0,2
2024-01-19,7161b2b5b613,356.0,235.0,1.0,2
2024-01-19,85a419adb3a4,378.0,250.0,1.0,2
2024-01-19,1dc20c4f962f,429.0,263.9,1.0,2
2024-01-19,f611e25fa53a,579.0,283.1,1.0,2
2024-01-19,f049b16ba53a,749.0,344.0,1.0,2
2024-01-20,e99098466529,119.0,65.5,2.0,2
2024-01-20,263763ed2e81,109.0,77.0,3.0,2
2024-01-20,d63b63612407,169.0,87.2,5.0,2
2024-01-20,701044a0780f,149.0,90.0,2.0,2
2024-01-20,3a95d538a917,229.0,91.6,2.0,2
2024-01-20,fdeaff382891,220.0,123.3,9.0,2
2024-01-20,9db850377ae0,220.0,145.0,5.0,2
2024-01-20,85a419adb3a4,378.0,250.0,6.0,2
2024-01-20,1dc20c4f962f,429.0,263.9,2.0,2
2024-01-20,f049b16ba53a,749.0,344.0,3.0,2
2024-01-21,fdeaff382891,220.0,123.3,1.0,2
2024-01-21,85a419adb3a4,378.0,250.0,1.0,2
2024-01-21,1dc20c4f962f,429.0,263.9,1.0,2
2024-01-22,263763ed2e81,109.0,77.0,2.0,2
2024-01-22,bc2f82a22e11,189.0,88.2,1.0,2
2024-01-22,fdeaff382891,220.0,123.3,1.0,2
2024-01-22,9db850377ae0,220.0,145.0,1.0,2
2024-01-22,7161b2b5b613,356.0,235.0,1.0,2
2024-01-22,f049b16ba53a,749.0,344.0,2.0,2
2024-01-23,bc2f82a22e11,189.0,88.2,2.0,2
2024-01-23,701044a0780f,149.0,90.0,1.0,2
2024-01-23,d5edd8ff439a,149.0,102.5,3.0,2
2024-01-23,fdeaff382891,220.0,123.3,4.0,2
2024-01-23,9db850377ae0,220.0,145.0,5.0,2
2024-01-23,b4423c946041,230.0,152.0,2.0,2
2024-01-23,f66c0bb13790,249.0,152.0,2.0,2
2024-01-23,85a419adb3a4,378.0,250.0,4.0,2
2024-01-23,76c18abd8f7c,489.0,376.0,2.0,2
2024-01-24,bc2f82a22e11,189.0,88.2,4.0,2
2024-01-24,701044a0780f,149.0,90.0,1.0,2
2024-01-24,dd94e2bc5601,179.0,93.2,2.0,2
2024-01-24,e7ff6ea67040,229.0,120.4,2.0,2
2024-01-24,f66c0bb13790,230.0,152.0,1.0,2
2024-01-24,44c942fe217c,529.0,210.1,3.0,2
2024-01-24,1dc20c4f962f,429.0,263.9,1.0,2
2024-01-24,17abde81f33d,499.0,311.9,1.0,2
2024-01-24,f049b16ba53a,749.0,349.6,5.0,2
2024-01-24,76c18abd8f7c,489.0,376.0,1.0,2
2024-01-24,68e23e669702,699.0,388.6,3.0,2
2024-01-25,fdeaff382891,199.0,123.3,2.0,2
2024-01-25,b4423c946041,230.0,152.0,1.0,2
2024-01-25,85a419adb3a4,378.0,250.0,2.0,2
2024-01-25,1dc20c4f962f,429.0,263.9,1.0,2
2024-01-25,74d6ed799e21,559.0,359.5,1.0,2
2024-01-26,8b49288f5fd4,119.0,73.7,4.0,2
2024-01-26,d63b63612407,179.0,88.1,1.0,2
2024-01-26,d5edd8ff439a,169.0,102.5,2.0,2
2024-01-26,e7ff6ea67040,239.0,120.4,1.0,2
2024-01-26,44c942fe217c,569.0,210.1,2.0,2
2024-01-26,f049b16ba53a,769.0,349.6,2.0,2
2024-01-26,383eda871fca,729.0,385.0,3.0,2
2024-01-27,8b49288f5fd4,119.0,73.7,5.0,2
2024-01-27,d5edd8ff439a,169.0,102.5,2.0,2
2024-01-28,8b49288f5fd4,119.0,73.7,4.0,2
2024-01-28,d63b63612407,179.0,88.1,5.0,2
2024-01-28,3a95d538a917,249.0,96.4,1.0,2
2024-01-28,d5edd8ff439a,169.0,102.5,1.0,2
2024-01-28,68e23e669702,729.0,388.6,1.0,2
2024-01-29,d63b63612407,179.0,88.1,1.0,2
2024-02-01,e99098466529,119.0,77.0,3.0,2
2024-02-01,f049b16ba53a,769.0,349.6,2.0,2
2024-02-01,383eda871fca,729.0,385.0,1.0,2
2024-02-02,383eda871fca,729.0,385.0,1.0,2
2024-02-03,0e39cf5d57c1,159.0,72.2,4.0,2
2024-02-03,3a95d538a917,249.0,96.4,2.0,2
2024-02-03,e7ff6ea67040,239.0,120.4,3.0,2
2024-02-03,44c942fe217c,569.0,210.1,1.0,2
2024-02-03,1dc20c4f962f,439.0,263.9,1.0,2
2024-02-03,f049b16ba53a,769.0,349.6,2.0,2
2024-02-03,383eda871fca,729.0,385.0,2.0,2
2024-02-04,0e39cf5d57c1,159.0,72.2,3.0,2
2024-02-04,17abde81f33d,489.0,311.9,1.0,2
2024-02-04,75a435426869,729.0,349.0,1.0,2
2024-02-04,f049b16ba53a,769.0,349.6,3.0,2
2024-02-04,383eda871fca,729.0,385.0,1.0,2
2024-02-04,68e23e669702,729.0,388.6,1.0,2
2024-02-05,1dc20c4f962f,439.0,263.9,3.0,2
2024-02-05,75a435426869,729.0,349.0,1.0,2
2024-02-05,74d6ed799e21,579.0,359.5,2.0,2
2024-02-05,68e23e669702,729.0,388.6,2.0,2
2024-02-06,701044a0780f,149.0,90.0,3.0,2
2024-02-06,e7ff6ea67040,239.0,120.4,2.0,2
2024-02-06,44c942fe217c,569.0,210.1,3.0,2
2024-02-06,1dc20c4f962f,439.0,263.9,2.0,2
2024-02-08,8b49288f5fd4,119.0,73.7,1.0,2
2024-02-08,d5edd8ff439a,169.0,102.5,3.0,2
2024-02-08,9db850377ae0,220.0,123.3,1.0,2
2024-02-08,fdeaff382891,199.0,145.0,2.0,2
2024-02-08,f66c0bb13790,230.0,152.0,3.0,2
2024-02-08,7161b2b5b613,356.0,235.0,1.0,2
2024-02-09,bc2f82a22e11,199.0,93.1,5.0,2
2024-02-09,e7ff6ea67040,239.0,120.4,5.0,2
2024-02-09,f611e25fa53a,599.0,295.5,1.0,2
2024-02-09,76c18abd8f7c,529.0,376.0,4.0,2
2024-02-09,68e23e669702,729.0,388.6,1.0,2
2024-02-11,bc2f82a22e11,199.0,93.1,3.0,2
2024-02-11,dd94e2bc5601,189.0,99.2,1.0,2
2024-02-11,1dc20c4f962f,439.0,263.9,1.0,2
2024-02-13,e7ff6ea67040,239.0,120.4,1.0,2
2024-02-13,17abde81f33d,489.0,311.9,2.0,2
2024-02-13,f049b16ba53a,769.0,349.6,1.0,2
2024-02-14,f611e25fa53a,599.0,295.5,1.0,2
2024-02-14,76c18abd8f7c,529.0,376.0,1.0,2
2024-02-16,bc2f82a22e11,199.0,93.1,5.0,2
2024-02-16,f611e25fa53a,599.0,295.5,2.0,2
2024-02-16,17abde81f33d,489.0,311.9,2.0,2
2024-02-16,75a435426869,729.0,363.0,1.0,2
2024-02-16,383eda871fca,729.0,385.0,1.0,2
2024-02-19,d5edd8ff439a,169.0,102.5,3.0,2
2024-02-19,75a435426869,729.0,363.0,1.0,2
2024-02-19,76c18abd8f7c,529.0,376.0,1.0,2
2024-02-19,383eda871fca,729.0,385.0,1.0,2
2024-02-19,68e23e669702,729.0,388.6,1.0,2
2024-02-20,d5edd8ff439a,169.0,102.5,1.0,2
2024-02-20,68e23e669702,729.0,388.6,1.0,2
2024-02-21,d5edd8ff439a,169.0,102.5,1.0,2
2024-02-24,8b49288f5fd4,119.0,73.7,1.0,2
2024-02-24,d63b63612407,179.0,86.2,2.0,2
2024-02-24,f049b16ba53a,769.0,345.9,3.0,2
2024-02-24,68e23e669702,729.0,393.2,1.0,2
2024-02-27,0e39cf5d57c1,159.0,71.2,7.0,2
2024-02-27,dd94e2bc5601,189.0,99.4,3.0,2
2024-02-27,e7ff6ea67040,239.0,120.9,4.0,2
2024-02-27,68e23e669702,729.0,393.2,1.0,2
2024-02-28,0e39cf5d57c1,159.0,71.2,7.0,2
2024-02-28,e7ff6ea67040,239.0,120.9,10.0,2
2024-02-28,e38eae00cf79,699.9,496.3,1.0,2
2024-02-29,0e39cf5d57c1,159.0,71.2,2.0,2
2024-02-29,e99098466529,119.0,80.0,2.0,2
2024-02-29,263763ed2e81,109.0,81.3,3.0,2
2024-02-29,e7ff6ea67040,239.0,120.9,5.0,2
2024-02-29,13522ed2ae85,629.0,352.7,1.0,2
2024-02-29,4849cb059ba3,699.0,360.2,1.0,2
2024-03-01,e99098466529,119.0,80.0,1.0,2
2024-03-01,263763ed2e81,109.0,81.3,3.0,2
2024-03-01,701044a0780f,149.0,90.0,4.0,2
2024-03-01,d5edd8ff439a,169.0,102.5,5.0,2
2024-03-01,1dc20c4f962f,439.0,263.9,2.0,2
2024-03-01,f611e25fa53a,599.0,288.9,3.0,2
2024-03-01,17abde81f33d,489.0,311.9,2.0,2
2024-03-01,76c18abd8f7c,529.0,376.0,1.0,2
2024-03-01,383eda871fca,729.0,385.0,3.0,2
2024-03-01,e38eae00cf79,699.9,496.3,1.0,2
2024-03-02,1dc20c4f962f,439.0,263.9,1.0,2
2024-03-02,17abde81f33d,489.0,311.9,1.0,2
2024-03-03,1dc20c4f962f,439.0,263.9,1.0,2
2024-03-04,8b49288f5fd4,119.0,73.7,3.0,2
2024-03-04,bc2f82a22e11,199.0,93.2,2.0,2
2024-03-04,f611e25fa53a,599.0,288.9,1.0,2
2024-03-04,f049b16ba53a,769.0,345.9,1.0,2
2024-03-04,383eda871fca,729.0,385.0,3.0,2
2024-03-05,bc2f82a22e11,199.0,93.2,1.0,2
2024-03-05,44c942fe217c,569.0,212.7,3.0,2
2024-03-05,76c18abd8f7c,529.0,376.0,2.0,2
2024-03-05,68e23e669702,729.0,393.2,4.0,2
2024-03-06,d63b63612407,179.0,83.7,6.0,2
2024-03-06,bc2f82a22e11,199.0,93.2,2.0,2
2024-03-06,3a95d538a917,249.0,94.2,1.0,2
2024-03-06,dd94e2bc5601,189.0,99.4,1.0,2
2024-03-06,68e23e669702,729.0,393.2,1.0,2
2024-03-11,0e39cf5d57c1,159.0,71.2,5.0,2
2024-03-11,bc2f82a22e11,199.0,93.2,5.0,2
2024-03-11,3a95d538a917,249.0,94.2,2.0,2
2024-03-11,dd94e2bc5601,189.0,99.4,1.0,2
2024-03-11,f66c0bb13790,240.0,134.1,2.0,2
2024-03-11,85a419adb3a4,378.0,255.0,1.0,2
2024-03-12,dd94e2bc5601,189.0,99.4,1.0,2
2024-03-12,7161b2b5b613,364.0,240.0,4.0,2
2024-03-13,0e39cf5d57c1,159.0,71.2,5.0,2
2024-03-13,bc2f82a22e11,199.0,93.2,6.0,2
2024-03-13,3a95d538a917,249.0,94.2,3.0,2
2024-03-13,dd94e2bc5601,189.0,99.4,4.0,2
2024-03-13,e7ff6ea67040,239.0,120.9,3.0,2
2024-03-14,0e39cf5d57c1,159.0,71.2,4.0,2
2024-03-14,d63b63612407,179.0,86.2,3.0,2
2024-03-14,dd94e2bc5601,189.0,99.4,2.0,2
2024-03-14,f611e25fa53a,599.0,289.5,1.0,2
2024-03-14,68e23e669702,729.0,393.2,2.0,2
2024-03-15,d63b63612407,179.0,86.2,1.0,2
2024-03-15,dd94e2bc5601,189.0,100.0,7.0,2
2024-03-15,fdeaff382891,232.0,129.5,3.0,2
2024-03-15,44c942fe217c,569.0,215.7,2.0,2
2024-03-15,85a419adb3a4,386.0,255.0,1.0,2
2024-03-15,1dc20c4f962f,439.0,263.9,1.0,2
2024-03-15,17abde81f33d,489.0,280.7,3.0,2
2024-03-15,f611e25fa53a,599.0,289.5,4.0,2
2024-03-15,f049b16ba53a,769.0,351.4,4.0,2
2024-03-15,74d6ed799e21,579.0,359.5,1.0,2
2024-03-15,75a435426869,729.0,366.4,3.0,2
2024-03-15,68e23e669702,729.0,393.2,1.0,2
2024-03-16,44c942fe217c,569.0,215.7,2.0,2
2024-03-16,7161b2b5b613,364.0,240.0,1.0,2
2024-03-16,85a419adb3a4,386.0,255.0,4.0,2
2024-03-16,1dc20c4f962f,439.0,263.9,2.0,2
2024-03-16,17abde81f33d,489.0,280.7,1.0,2
2024-03-16,f049b16ba53a,769.0,351.4,1.0,2
2024-03-16,74d6ed799e21,579.0,359.5,2.0,2
2024-03-16,75a435426869,729.0,366.4,1.0,2
2024-03-16,383eda871fca,729.0,389.1,2.0,2
2024-03-17,7161b2b5b613,364.0,240.0,3.0,2
2024-03-17,1dc20c4f962f,439.0,263.9,1.0,2
2024-03-18,d63b63612407,179.0,86.2,2.0,2
2024-03-18,1dc20c4f962f,439.0,263.9,1.0,2
2024-03-19,d63b63612407,179.0,86.2,4.0,2
2024-03-19,f0c2857afa61,199.0,88.5,1.0,2
2024-03-19,3a95d538a917,249.0,93.0,1.0,2
2024-03-19,bc2f82a22e11,199.0,94.4,5.0,2
2024-03-19,44c942fe217c,569.0,215.7,1.0,2
2024-03-19,74d6ed799e21,579.0,359.5,2.0,2
2024-03-19,383eda871fca,729.0,389.1,1.0,2
2024-03-20,bc2f82a22e11,199.0,94.4,5.0,2
2024-03-20,17abde81f33d,489.0,280.7,1.0,2
2024-03-20,383eda871fca,729.0,389.1,1.0,2
2024-03-20,68e23e669702,729.0,393.2,1.0,2
2024-03-22,0e39cf5d57c1,159.0,71.2,6.0,2
2024-03-22,263763ed2e81,109.0,81.3,1.0,2
2024-03-22,d63b63612407,179.0,86.2,2.0,2
2024-03-22,701044a0780f,149.0,90.0,2.0,2
2024-03-22,7161b2b5b613,364.0,240.0,2.0,2
2024-03-22,85a419adb3a4,386.0,255.0,2.0,2
2024-03-22,68e23e669702,729.0,393.2,6.0,2
2024-03-23,85a419adb3a4,386.0,255.0,1.0,2
2024-03-25,0e39cf5d57c1,159.0,71.2,5.0,2
2024-03-25,e99098466529,119.0,80.0,1.0,2
2024-03-25,701044a0780f,149.0,90.0,1.0,2
2024-03-25,f611e25fa53a,599.0,289.5,1.0,2
2024-03-25,75a435426869,729.0,371.4,1.0,2
2024-03-25,68e23e669702,729.0,393.2,1.0,2
2024-03-26,e99098466529,119.0,80.0,3.0,2
2024-03-26,dd94e2bc5601,189.0,99.9,4.0,2
2024-03-26,f611e25fa53a,599.0,289.5,1.0,2
2024-03-26,74d6ed799e21,579.0,359.5,1.0,2
2024-03-26,75a435426869,729.0,371.4,2.0,2
2024-03-27,3a95d538a917,249.0,93.0,1.0,2
2024-03-27,fdeaff382891,232.0,129.5,3.0,2
2024-03-27,9db850377ae0,232.0,152.4,1.0,2
2024-03-27,7161b2b5b613,364.0,240.0,2.0,2
2024-03-27,85a419adb3a4,386.0,255.0,1.0,2
2024-03-27,17abde81f33d,489.0,280.7,2.0,2
2024-03-27,75a435426869,729.0,371.4,1.0,2
2024-03-29,263763ed2e81,109.0,81.3,2.0,2
2024-03-29,3a95d538a917,249.0,93.0,2.0,2
2024-03-29,17abde81f33d,489.0,280.7,1.0,2
2024-03-29,f611e25fa53a,599.0,290.4,1.0,2
2024-03-29,383eda871fca,729.0,388.4,2.0,2
2024-03-30,74d6ed799e21,579.0,359.5,2.0,2
2024-03-31,7161b2b5b613,364.0,240.0,2.0,2
2024-03-31,75a435426869,729.0,372.0,2.0,2
2024-03-31,383eda871fca,729.0,388.4,1.0,2
2024-04-03,0e39cf5d57c1,159.0,71.2,5.0,2
2024-04-03,dd94e2bc5601,189.0,99.9,1.0,2
2024-04-03,d5edd8ff439a,156.0,102.5,1.0,2
2024-04-03,e7ff6ea67040,239.0,120.9,2.0,2
2024-04-03,44c942fe217c,569.0,219.3,3.0,2
2024-04-03,f611e25fa53a,599.0,290.4,1.0,2
2024-04-03,851410d2704b,629.0,341.4,5.0,2
2024-04-03,f049b16ba53a,769.0,357.0,2.0,2
2024-04-03,75a435426869,729.0,372.0,1.0,2
2024-04-04,0e39cf5d57c1,159.0,71.2,4.0,2
2024-04-04,bc2f82a22e11,199.0,94.3,1.0,2
2024-04-04,44c942fe217c,569.0,219.3,1.0,2
2024-04-04,f611e25fa53a,599.0,290.4,2.0,2
2024-04-04,851410d2704b,629.0,341.4,1.0,2
2024-04-05,e99098466529,119.0,80.0,5.0,2
2024-04-05,263763ed2e81,109.0,81.3,3.0,2
2024-04-05,d63b63612407,179.0,87.6,3.0,2
2024-04-05,701044a0780f,149.0,90.0,1.0,2
2024-04-05,3a95d538a917,249.0,93.0,5.0,2
2024-04-05,bc2f82a22e11,199.0,94.3,5.0,2
2024-04-05,dd94e2bc5601,189.0,99.9,5.0,2
2024-04-05,d5edd8ff439a,156.0,102.5,3.0,2
2024-04-05,e7ff6ea67040,239.0,120.9,2.0,2
2024-04-05,1dc20c4f962f,439.0,263.9,3.0,2
2024-04-05,f611e25fa53a,599.0,290.4,1.0,2
2024-04-05,851410d2704b,629.0,341.4,4.0,2
2024-04-05,74d6ed799e21,579.0,359.5,1.0,2
2024-04-05,383eda871fca,729.0,388.4,3.0,2
2024-04-06,bc2f82a22e11,199.0,94.3,2.0,2
2024-04-06,dd94e2bc5601,189.0,99.9,2.0,2
2024-04-06,44c942fe217c,569.0,219.3,2.0,2
2024-04-06,17abde81f33d,489.0,280.7,2.0,2
2024-04-06,f611e25fa53a,599.0,290.4,3.0,2
2024-04-06,851410d2704b,629.0,341.4,4.0,2
2024-04-06,383eda871fca,729.0,388.4,1.0,2
2024-04-07,f611e25fa53a,599.0,290.4,1.0,2
2024-04-08,3a95d538a917,249.0,93.0,1.0,2
2024-04-08,e7ff6ea67040,239.0,120.9,4.0,2
2024-04-08,44c942fe217c,569.0,219.3,2.0,2
2024-04-08,1dc20c4f962f,439.0,263.9,1.0,2
2024-04-08,f611e25fa53a,599.0,290.4,3.0,2
2024-04-08,75a435426869,729.0,372.0,3.0,2
2024-04-09,e7ff6ea67040,239.0,120.9,1.0,2
2024-04-09,1dc20c4f962f,439.0,263.9,1.0,2
2024-04-09,f611e25fa53a,599.0,290.4,1.0,2
2024-04-09,75a435426869,729.0,372.0,1.0,2
2024-04-11,0e39cf5d57c1,159.0,71.2,5.0,2
2024-04-11,f0c2857afa61,199.0,88.3,1.0,2
2024-04-11,bc2f82a22e11,199.0,94.3,3.0,2
2024-04-11,e7ff6ea67040,239.0,120.9,2.0,2
2024-04-12,0e39cf5d57c1,159.0,71.2,8.0,2
2024-04-12,f0c2857afa61,199.0,88.3,8.0,2
2024-04-13,0e39cf5d57c1,159.0,71.2,8.0,2
2024-04-13,f0c2857afa61,199.0,88.3,1.0,2
2024-04-13,bc2f82a22e11,199.0,94.3,7.0,2
2024-04-13,e7ff6ea67040,239.0,120.9,2.0,2
2024-04-13,851410d2704b,629.0,341.4,1.0,2
2024-04-14,bc2f82a22e11,199.0,94.3,1.0,2
2024-04-18,0e39cf5d57c1,159.0,71.2,7.0,2
2024-04-18,d63b63612407,179.0,87.6,3.0,2
2024-04-18,3a95d538a917,249.0,93.0,2.0,2
2024-04-18,dd94e2bc5601,189.0,99.9,3.0,2
2024-04-18,e7ff6ea67040,239.0,120.9,11.0,2
2024-04-18,b4423c946041,240.0,157.7,2.0,2
2024-04-18,85a419adb3a4,386.0,255.0,2.0,2
2024-04-18,383eda871fca,729.0,388.4,2.0,2
2024-04-19,383eda871fca,729.0,388.4,1.0,2
2024-04-20,e99098466529,119.0,68.0,1.0,2
2024-04-20,0e39cf5d57c1,159.0,71.2,5.0,2
2024-04-20,263763ed2e81,109.0,81.3,1.0,2
2024-04-20,d5edd8ff439a,155.0,102.5,1.0,2
2024-04-20,e7ff6ea67040,239.0,120.9,3.0,2
2024-04-20,44c942fe217c,569.0,219.3,1.0,2
2024-04-20,851410d2704b,629.0,341.4,2.0,2
2024-04-20,383eda871fca,729.0,388.4,3.0,2
2024-04-21,0e39cf5d57c1,159.0,71.2,1.0,2
2024-04-21,263763ed2e81,109.0,81.3,1.0,2
2024-04-21,e7ff6ea67040,239.0,120.9,4.0,2
2024-04-22,e99098466529,119.0,68.0,2.0,2
2024-04-22,263763ed2e81,109.0,81.3,2.0,2
2024-04-22,bc2f82a22e11,199.0,94.3,2.0,2
2024-04-22,e7ff6ea67040,239.0,120.9,3.0,2
2024-04-22,9db850377ae0,232.0,152.4,2.0,2
2024-04-22,44c942fe217c,569.0,219.3,6.0,2
2024-04-22,85a419adb3a4,386.0,255.0,2.0,2
2024-04-22,8b7268eb2b33,479.0,290.2,2.0,2
2024-04-22,851410d2704b,629.0,341.4,3.0,2
2024-04-22,75a435426869,729.0,372.0,1.0,2
2024-04-23,85a419adb3a4,386.0,255.0,3.0,2
2024-04-24,0e39cf5d57c1,159.0,71.2,4.0,2
2024-04-24,d63b63612407,179.0,87.6,7.0,2
2024-04-24,3a95d538a917,249.0,93.0,3.0,2
2024-04-24,bc2f82a22e11,199.0,94.3,5.0,2
2024-04-24,e7ff6ea67040,239.0,120.9,10.0,2
2024-04-24,9db850377ae0,232.0,152.4,2.0,2
2024-04-24,f66c0bb13790,240.0,157.7,2.0,2
2024-04-24,7161b2b5b613,364.0,240.0,4.0,2
2024-04-24,85a419adb3a4,386.0,255.0,4.0,2
2024-04-24,383eda871fca,729.0,388.4,2.0,2
2024-04-25,0e39cf5d57c1,159.0,71.2,6.0,2
2024-04-25,d63b63612407,179.0,87.6,6.0,2
2024-04-25,bc2f82a22e11,199.0,94.7,3.0,2
2024-04-25,e7ff6ea67040,239.0,120.9,5.0,2
2024-04-25,9db850377ae0,232.0,152.4,2.0,2
2024-04-25,b4423c946041,240.0,157.7,4.0,2
2024-04-25,f66c0bb13790,240.0,157.7,1.0,2
2024-04-26,d63b63612407,179.0,87.6,9.0,2
2024-04-26,3a95d538a917,249.0,93.0,6.0,2
2024-04-26,383eda871fca,399.0,388.4,5.0,2
2024-04-27,e7ff6ea67040,239.0,120.9,13.0,2
2024-04-28,0e39cf5d57c1,159.0,73.2,2.0,2
2024-04-28,d63b63612407,179.0,88.7,10.0,2
2024-04-28,3a95d538a917,249.0,91.4,1.0,2
2024-04-28,d5edd8ff439a,155.0,102.5,2.0,2
2024-04-28,e7ff6ea67040,239.0,123.1,12.0,2
2024-04-28,291d60da77b1,569.0,345.6,3.0,2
2024-04-28,851410d2704b,629.0,347.6,2.0,2
2024-04-28,4849cb059ba3,699.0,360.2,1.0,2
2024-04-28,383eda871fca,729.0,389.7,3.0,2
2024-05-01,fdeaff382891,232.0,152.4,3.0,2
2024-05-01,f66c0bb13790,240.0,157.7,1.0,2
2024-05-01,85a419adb3a4,386.0,216.8,1.0,2
2024-05-01,7161b2b5b613,364.0,240.0,1.0,2
2024-05-01,f611e25fa53a,599.0,292.4,1.0,2
2024-05-01,17abde81f33d,489.0,311.9,1.0,2
2024-05-01,851410d2704b,629.0,347.6,2.0,2
2024-05-01,75a435426869,729.0,376.5,7.0,2
2024-05-01,a6b6bfbc73b9,749.0,437.1,6.0,2
2024-05-02,d5edd8ff439a,155.0,102.5,2.0,2
2024-05-02,a6b6bfbc73b9,749.0,437.1,2.0,2
2024-05-09,3a95d538a917,249.0,91.4,5.0,2
2024-05-09,e7ff6ea67040,239.0,126.5,2.0,2
2024-05-09,f66c0bb13790,240.0,134.1,1.0,2
2024-05-09,b4423c946041,240.0,157.7,1.0,2
2024-05-09,7161b2b5b613,364.0,204.0,2.0,2
2024-05-09,44c942fe217c,569.0,217.8,1.0,2
2024-05-09,17abde81f33d,489.0,311.9,1.0,2
2024-05-09,75a435426869,729.0,376.5,1.0,2
2024-05-14,0e39cf5d57c1,159.0,73.9,6.0,2
2024-05-14,f0c2857afa61,199.0,88.3,1.0,2
2024-05-14,e7ff6ea67040,239.0,126.5,2.0,2
2024-05-14,851410d2704b,629.0,352.3,1.0,2
2024-05-17,0e39cf5d57c1,159.0,74.2,5.0,2
2024-05-17,44c942fe217c,569.0,218.6,6.0,2
2024-05-17,17abde81f33d,489.0,311.9,1.0,2
2024-05-17,f049b16ba53a,769.0,353.5,2.0,2
2024-05-17,851410d2704b,629.0,354.3,3.0,2
2024-05-18,0e39cf5d57c1,159.0,74.2,7.0,2
2024-05-18,e7ff6ea67040,239.0,128.4,2.0,2
2024-05-18,383eda871fca,729.0,392.4,1.0,2
2024-05-19,0e39cf5d57c1,159.0,74.2,2.0,2
2024-05-19,3a95d538a917,249.0,91.4,1.0,2
2024-05-19,e7ff6ea67040,239.0,128.4,7.0,2
2024-05-19,44c942fe217c,569.0,218.6,6.0,2
2024-05-19,f611e25fa53a,599.0,294.9,1.0,2
2024-05-19,851410d2704b,629.0,354.3,2.0,2
2024-05-19,74d6ed799e21,579.0,359.5,1.0,2
2024-05-19,75a435426869,749.0,370.0,3.0,2
2024-05-20,17abde81f33d,489.0,311.9,2.0,2
2024-05-20,851410d2704b,629.0,354.3,4.0,2
2024-05-20,75a435426869,749.0,370.0,1.0,2
2024-05-21,8b49288f5fd4,119.0,73.7,4.0,2
2024-05-21,e99098466529,119.0,80.0,1.0,2
2024-05-21,3a95d538a917,249.0,91.4,3.0,2
2024-05-21,bc2f82a22e11,199.0,97.3,3.0,2
2024-05-21,d5edd8ff439a,155.0,102.5,1.0,2
2024-05-21,dd94e2bc5601,189.0,102.8,4.0,2
2024-05-21,fdeaff382891,232.0,152.4,1.0,2
2024-05-21,b4423c946041,240.0,157.7,1.0,2
2024-05-21,17abde81f33d,489.0,311.9,1.0,2
2024-05-21,f049b16ba53a,769.0,353.5,2.0,2
2024-05-21,75a435426869,749.0,370.0,1.0,2
2024-05-22,8b49288f5fd4,119.0,73.7,3.0,2
2024-05-22,bc2f82a22e11,199.0,97.3,4.0,2
2024-05-22,dd94e2bc5601,189.0,102.8,2.0,2
2024-05-22,e7ff6ea67040,239.0,128.4,2.0,2
2024-05-22,9db850377ae0,259.0,152.4,1.0,2
2024-05-22,b4423c946041,259.0,157.7,1.0,2
2024-05-22,7161b2b5b613,364.0,204.0,2.0,2
2024-05-22,44c942fe217c,569.0,218.6,1.0,2
2024-05-22,75a435426869,749.0,370.0,1.0,2
2024-05-23,e7ff6ea67040,239.0,128.4,1.0,2
2024-05-23,f66c0bb13790,240.0,134.1,4.0,2
2024-05-23,fdeaff382891,249.0,152.4,3.0,2
2024-05-23,b4423c946041,259.0,157.7,2.0,2
2024-05-23,7161b2b5b613,364.0,204.0,1.0,2
2024-05-26,9db850377ae0,259.0,129.5,2.0,2
2024-05-26,fdeaff382891,249.0,152.4,4.0,2
2024-05-26,b4423c946041,259.0,157.7,1.0,2
2024-05-26,7161b2b5b613,364.0,204.0,2.0,2
2024-05-26,85a419adb3a4,386.0,255.0,1.0,2
2024-05-26,75a435426869,749.0,370.0,1.0,2
2024-05-26,383eda871fca,759.0,392.4,3.0,2
2024-05-28,68e23e669702,729.0,393.2,1.0,2
2024-05-29,3a95d538a917,249.0,91.4,4.0,2
2024-05-29,dd94e2bc5601,199.0,105.9,1.0,2
2024-05-29,75a435426869,749.0,366.0,4.0,2
2024-05-29,383eda871fca,759.0,392.4,2.0,2
2024-05-31,e99098466529,119.0,80.0,2.0,2
2024-05-31,f0c2857afa61,199.0,88.3,8.0,2
2024-05-31,3a95d538a917,249.0,91.4,1.0,2
2024-05-31,dd94e2bc5601,199.0,105.9,1.0,2
2024-05-31,e7ff6ea67040,239.0,129.3,7.0,2
2024-05-31,44c942fe217c,569.0,223.6,1.0,2
2024-06-01,f0c2857afa61,199.0,88.3,5.0,2
2024-06-01,e7ff6ea67040,239.0,129.3,4.0,2
2024-06-01,fdeaff382891,249.0,152.4,2.0,2
2024-06-02,0e39cf5d57c1,159.0,75.0,2.0,2
2024-06-02,f0c2857afa61,199.0,89.3,6.0,2
2024-06-02,3a95d538a917,249.0,91.4,2.0,2
2024-06-02,dd94e2bc5601,199.0,105.9,4.0,2
2024-06-02,e7ff6ea67040,239.0,129.3,1.0,2
2024-06-02,fdeaff382891,249.0,152.4,1.0,2
2024-06-02,85a419adb3a4,386.0,255.0,2.0,2
2024-06-03,701044a0780f,149.0,76.5,2.0,2
2024-06-03,e99098466529,119.0,80.0,3.0,2
2024-06-03,263763ed2e81,109.0,81.3,2.0,2
2024-06-03,dd94e2bc5601,199.0,105.9,4.0,2
2024-06-03,9db850377ae0,259.0,129.5,2.0,2
2024-06-03,f66c0bb13790,240.0,157.7,4.0,2
2024-06-03,383eda871fca,759.0,392.8,1.0,2
2024-06-03,a6b6bfbc73b9,749.0,439.1,1.0,2
2024-06-04,701044a0780f,149.0,76.5,1.0,2
2024-06-04,e99098466529,119.0,80.0,1.0,2
2024-06-04,263763ed2e81,109.0,81.3,2.0,2
2024-06-04,d63b63612407,179.0,93.4,1.0,2
2024-06-04,bc2f82a22e11,199.0,97.9,1.0,2
2024-06-04,dd94e2bc5601,199.0,110.7,2.0,2
2024-06-04,e7ff6ea67040,239.0,129.3,5.0,2
2024-06-04,9db850377ae0,259.0,129.5,1.0,2
2024-06-04,fdeaff382891,249.0,152.4,6.0,2
2024-06-04,b4423c946041,259.0,157.7,8.0,2
2024-06-04,f66c0bb13790,240.0,157.7,4.0,2
2024-06-04,44c942fe217c,569.0,223.6,2.0,2
2024-06-04,85a419adb3a4,386.0,255.0,1.0,2
2024-06-04,851410d2704b,649.0,357.0,1.0,2
2024-06-04,a6b6bfbc73b9,749.0,439.1,1.0,2
2024-06-05,0e39cf5d57c1,159.0,75.0,1.0,2
2024-06-05,3a95d538a917,249.0,91.5,4.0,2
2024-06-05,e7ff6ea67040,239.0,129.3,1.0,2
2024-06-05,9db850377ae0,259.0,129.5,3.0,2
2024-06-05,fdeaff382891,249.0,152.4,2.0,2
2024-06-05,b4423c946041,259.0,157.7,3.0,2
2024-06-05,85a419adb3a4,386.0,255.0,3.0,2
2024-06-05,383eda871fca,759.0,392.8,3.0,2
2024-06-05,a6b6bfbc73b9,749.0,439.1,2.0,2
2024-06-06,f66c0bb13790,240.0,134.1,6.0,2
2024-06-06,fdeaff382891,249.0,152.4,5.0,2
2024-06-07,0e39cf5d57c1,159.0,74.4,3.0,2
2024-06-07,d63b63612407,179.0,93.9,1.0,2
2024-06-07,44c942fe217c,569.0,218.9,3.0,2
2024-06-07,75a435426869,749.0,363.9,3.0,2
2024-06-08,44c942fe217c,569.0,218.9,4.0,2
2024-06-11,f611e25fa53a,599.0,289.5,2.0,2
2024-06-11,a6b6bfbc73b9,799.0,439.3,2.0,2
2024-06-12,17abde81f33d,489.0,311.9,1.0,2
2024-06-15,0e39cf5d57c1,159.0,74.9,3.0,2
2024-06-15,dd94e2bc5601,199.0,103.7,1.0,2
2024-06-15,f611e25fa53a,599.0,294.2,1.0,2
2024-06-15,75a435426869,749.0,365.0,2.0,2
2024-06-16,0e39cf5d57c1,159.0,74.9,1.0,2
2024-06-16,e99098466529,119.0,80.0,1.0,2
2024-06-16,3a95d538a917,249.0,89.3,1.0,2
2024-06-16,dd94e2bc5601,199.0,103.7,4.0,2
2024-06-16,f66c0bb13790,219.0,134.1,2.0,2
2024-06-16,fdeaff382891,249.0,152.4,1.0,2
2024-06-16,9db850377ae0,259.0,152.4,1.0,2
2024-06-16,74d6ed799e21,579.0,359.5,1.0,2
2024-06-17,f66c0bb13790,219.0,134.1,2.0,2
2024-06-17,fdeaff382891,249.0,152.4,2.0,2
2024-06-17,9db850377ae0,259.0,152.4,1.0,2
2024-06-17,b4423c946041,259.0,157.7,1.0,2
2024-06-17,85a419adb3a4,386.0,255.0,1.0,2
2024-06-18,f66c0bb13790,219.0,134.1,3.0,2
2024-06-18,9db850377ae0,259.0,152.4,3.0,2
2024-06-18,b4423c946041,259.0,157.7,2.0,2
2024-06-18,85a419adb3a4,386.0,255.0,1.0,2
2024-06-19,bc2f82a22e11,199.0,98.3,4.0,2
2024-06-19,44c942fe217c,569.0,219.9,1.0,2
2024-06-19,851410d2704b,649.0,360.3,2.0,2
2024-06-19,75a435426869,749.0,365.0,2.0,2
2024-06-19,a6b6bfbc73b9,799.0,444.3,1.0,2
2024-06-22,a6b6bfbc73b9,799.0,445.3,2.0,2
2024-06-27,75a435426869,749.0,350.7,1.0,2
2024-06-28,383eda871fca,759.0,391.6,1.0,2
2024-07-01,bc2f82a22e11,199.0,97.2,2.0,2
2024-07-01,44c942fe217c,569.0,216.3,1.0,2
2024-07-01,851410d2704b,649.0,354.9,1.0,2
2024-07-03,701044a0780f,149.0,90.0,1.0,2
2024-07-05,3a95d538a917,249.0,87.4,1.0,2
2024-07-05,0e39cf5d57c1,199.0,91.6,2.0,2
2024-07-05,d5edd8ff439a,155.0,102.5,3.0,2
2024-07-05,dd94e2bc5601,199.0,106.4,1.0,2
2024-07-05,e7ff6ea67040,239.0,128.1,2.0,2
2024-07-05,75a435426869,749.0,350.7,2.0,2
2024-07-05,383eda871fca,759.0,391.6,1.0,2
2024-07-05,a6b6bfbc73b9,799.0,445.3,2.0,2
2024-07-07,3a95d538a917,249.0,87.4,1.0,2
2024-07-07,0e39cf5d57c1,199.0,91.6,1.0,2
2024-07-07,dd94e2bc5601,199.0,106.4,3.0,2
2024-07-07,e7ff6ea67040,239.0,128.1,2.0,2
2024-07-07,75a435426869,749.0,350.7,1.0,2
2024-07-08,17abde81f33d,489.0,311.9,1.0,2
2024-07-09,3a95d538a917,249.0,87.4,1.0,2
2024-07-09,f0c2857afa61,199.0,89.4,1.0,2
2024-07-09,0e39cf5d57c1,199.0,91.6,5.0,2
2024-07-09,d63b63612407,179.0,95.6,1.0,2
2024-07-09,d5edd8ff439a,155.0,102.5,2.0,2
2024-07-09,75a435426869,749.0,350.7,1.0,2
2024-07-09,851410d2704b,649.0,354.9,1.0,2
2024-07-10,17abde81f33d,489.0,311.9,1.0,2
2024-07-10,75a435426869,749.0,350.7,7.0,2
2024-07-10,851410d2704b,649.0,354.9,1.0,2
2024-07-11,bc2f82a22e11,199.0,97.2,2.0,2
2024-07-11,e7ff6ea67040,239.0,128.1,2.0,2
2024-07-11,b4423c946041,235.0,134.1,1.0,2
2024-07-11,f66c0bb13790,239.0,157.7,2.0,2
2024-07-11,74d6ed799e21,579.0,359.5,1.0,2
2024-07-13,75a435426869,749.0,350.7,1.0,2
2024-07-14,f0c2857afa61,199.0,89.4,1.0,2
2024-07-14,17abde81f33d,489.0,311.9,1.0,2
2024-07-14,851410d2704b,659.0,354.9,1.0,2
2024-07-14,a6b6bfbc73b9,799.0,445.3,1.0,2
2024-07-15,0e39cf5d57c1,199.0,91.6,2.0,2
2024-07-15,bc2f82a22e11,199.0,97.2,3.0,2
2024-07-15,dd94e2bc5601,199.0,106.4,3.0,2
2024-07-15,851410d2704b,659.0,354.9,2.0,2
2024-07-15,74d6ed799e21,579.0,359.5,1.0,2
2024-07-16,701044a0780f,149.0,90.0,2.0,2
2024-07-16,bc2f82a22e11,199.0,97.2,1.0,2
2024-07-16,f611e25fa53a,599.0,284.7,2.0,2
2024-07-16,a6b6bfbc73b9,799.0,445.3,2.0,2
2024-07-17,263763ed2e81,109.0,81.3,4.0,2
2024-07-17,3a95d538a917,249.0,87.4,3.0,2
2024-07-17,0e39cf5d57c1,199.0,91.6,4.0,2
2024-07-17,e7ff6ea67040,239.0,128.1,4.0,2
2024-07-17,f611e25fa53a,599.0,284.7,2.0,2
2024-07-17,851410d2704b,659.0,354.9,2.0,2
2024-07-18,3a95d538a917,249.0,87.4,2.0,2
2024-07-18,f0c2857afa61,199.0,89.4,2.0,2
2024-07-18,d63b63612407,179.0,96.2,1.0,2
2024-07-18,bc2f82a22e11,199.0,97.2,2.0,2
2024-07-18,f611e25fa53a,599.0,284.7,1.0,2
2024-07-18,75a435426869,749.0,350.7,1.0,2
2024-07-18,a6b6bfbc73b9,799.0,445.3,1.0,2
2024-07-19,0e39cf5d57c1,199.0,96.5,4.0,2
2024-07-19,bc2f82a22e11,199.0,97.2,3.0,2
2024-07-19,e7ff6ea67040,239.0,128.1,9.0,2
2024-07-19,f611e25fa53a,599.0,284.7,3.0,2
2024-07-19,75a435426869,749.0,350.7,1.0,2
2024-07-19,a6b6bfbc73b9,799.0,445.3,1.0,2
2024-07-20,d63b63612407,179.0,96.2,1.0,2
2024-07-20,9db850377ae0,259.0,129.5,1.0,2
2024-07-20,fdeaff382891,249.0,152.4,1.0,2
2024-07-20,44c942fe217c,569.0,216.8,2.0,2
2024-07-20,85a419adb3a4,386.0,255.0,1.0,2
2024-07-20,f611e25fa53a,599.0,284.7,1.0,2
2024-07-20,75a435426869,749.0,350.7,1.0,2
2024-07-20,383eda871fca,759.0,391.6,1.0,2
2024-07-20,a6b6bfbc73b9,799.0,445.3,2.0,2
2024-07-22,8b49288f5fd4,119.0,73.7,3.0,2
2024-07-22,bc2f82a22e11,199.0,97.2,1.0,2
2024-07-22,d5edd8ff439a,155.0,102.5,2.0,2
2024-07-22,44c942fe217c,569.0,216.8,1.0,2
2024-07-22,75a435426869,749.0,332.3,1.0,2
2024-07-22,74d6ed799e21,579.0,359.5,2.0,2
2024-07-22,a6b6bfbc73b9,799.0,445.3,2.0,2
2024-07-23,8b49288f5fd4,119.0,73.7,1.0,2
2024-07-26,3a95d538a917,249.0,86.4,1.0,2
2024-07-27,3a95d538a917,249.0,86.4,4.0,2
2024-07-27,f0c2857afa61,199.0,89.4,3.0,2
2024-07-27,d60184cf6ca5,199.0,92.8,3.0,2
2024-07-27,d63b63612407,179.0,94.3,4.0,2
2024-07-27,bc2f82a22e11,199.0,97.2,8.0,2
2024-07-27,59541dc4af68,199.0,103.3,2.0,2
2024-07-27,07605df7333f,199.0,103.3,2.0,2
2024-07-27,dd94e2bc5601,199.0,105.3,7.0,2
2024-07-27,9db850377ae0,259.0,129.5,1.0,2
2024-07-28,701044a0780f,149.0,90.0,3.0,2
2024-07-28,d60184cf6ca5,199.0,92.8,1.0,2
2024-07-28,d63b63612407,179.0,94.3,1.0,2
2024-07-28,59541dc4af68,199.0,103.3,7.0,2
2024-07-28,07605df7333f,199.0,103.3,5.0,2
2024-07-28,dd94e2bc5601,199.0,105.3,1.0,2
2024-07-28,9db850377ae0,259.0,129.5,3.0,2
2024-07-28,fdeaff382891,249.0,152.4,3.0,2
2024-07-28,f66c0bb13790,239.0,157.7,3.0,2
2024-07-28,85a419adb3a4,386.0,255.0,1.0,2
2024-07-28,75a435426869,749.0,332.3,1.0,2
2024-07-28,383eda871fca,759.0,382.4,2.0,2
2024-07-29,701044a0780f,149.0,90.0,2.0,2
2024-07-29,d60184cf6ca5,199.0,92.8,2.0,2
2024-07-29,d63b63612407,179.0,94.3,1.0,2
2024-07-29,59541dc4af68,199.0,103.3,1.0,2
2024-07-29,07605df7333f,199.0,103.3,2.0,2
2024-07-29,dd94e2bc5601,199.0,105.3,1.0,2
2024-07-29,fdeaff382891,249.0,152.4,3.0,2
2024-07-29,f66c0bb13790,239.0,157.7,1.0,2
2024-07-29,7161b2b5b613,364.0,240.0,1.0,2
2024-07-29,f611e25fa53a,599.0,284.7,1.0,2
2024-07-29,17abde81f33d,489.0,311.9,2.0,2
2024-07-29,75a435426869,749.0,332.3,2.0,2
2024-07-29,a6b6bfbc73b9,799.0,445.3,1.0,2
2024-07-30,e99098466529,119.0,80.0,6.0,2
2024-07-30,701044a0780f,149.0,90.0,1.0,2
2024-07-30,d60184cf6ca5,199.0,92.8,11.0,2
2024-07-30,d63b63612407,179.0,94.3,3.0,2
2024-07-30,dd94e2bc5601,199.0,105.3,3.0,2
2024-07-30,f66c0bb13790,239.0,157.7,2.0,2
2024-07-30,44c942fe217c,569.0,219.3,1.0,2
2024-07-30,7161b2b5b613,364.0,240.0,4.0,2
2024-07-30,85a419adb3a4,386.0,255.0,5.0,2
2024-07-30,f611e25fa53a,599.0,284.7,1.0,2
2024-07-30,75a435426869,749.0,332.3,1.0,2
2024-07-31,e99098466529,119.0,80.0,1.0,2
2024-07-31,3a95d538a917,249.0,86.4,1.0,2
2024-07-31,f0c2857afa61,199.0,89.4,2.0,2
2024-07-31,d60184cf6ca5,199.0,92.8,2.0,2
2024-07-31,d63b63612407,179.0,94.3,3.0,2
2024-07-31,bc2f82a22e11,199.0,97.2,4.0,2
2024-07-31,d5edd8ff439a,155.0,102.5,1.0,2
2024-07-31,f611e25fa53a,599.0,284.7,2.0,2
2024-07-31,383eda871fca,759.0,382.4,3.0,2
2024-07-31,a6b6bfbc73b9,799.0,445.3,2.0,2
2024-08-02,d60184cf6ca5,199.0,92.8,4.0,2
2024-08-02,d63b63612407,179.0,94.3,1.0,2
2024-08-02,07605df7333f,199.0,103.3,2.0,2
2024-08-03,59541dc4af68,199.0,103.3,3.0,2
2024-08-03,07605df7333f,199.0,103.3,4.0,2
2024-08-03,dd94e2bc5601,199.0,105.3,1.0,2
2024-08-04,bc2f82a22e11,199.0,97.2,1.0,2
2024-08-04,59541dc4af68,199.0,103.3,1.0,2
2024-08-04,07605df7333f,199.0,103.3,1.0,2
2024-08-05,59541dc4af68,199.0,103.3,7.0,2
2024-08-06,8b49288f5fd4,119.0,73.7,3.0,2
2024-08-06,3a95d538a917,249.0,86.4,4.0,2
2024-08-06,d60184cf6ca5,199.0,92.8,12.0,2
2024-08-06,d63b63612407,179.0,94.3,2.0,2
2024-08-06,d5edd8ff439a,155.0,102.5,1.0,2
2024-08-06,07605df7333f,199.0,103.3,2.0,2
2024-08-06,dd94e2bc5601,199.0,105.3,1.0,2
2024-08-06,f611e25fa53a,599.0,284.7,3.0,2
2024-08-06,17abde81f33d,489.0,311.9,1.0,2
2024-08-07,d60184cf6ca5,199.0,92.8,6.0,2
2024-08-07,59541dc4af68,199.0,103.3,3.0,2
2024-08-07,9db850377ae0,259.0,152.4,3.0,2
2024-08-07,b4423c946041,249.0,157.7,1.0,2
2024-08-07,f66c0bb13790,239.0,157.7,2.0,2
2024-08-08,dd94e2bc5601,199.0,105.3,5.0,2
2024-08-08,44c942fe217c,569.0,219.3,2.0,2
2024-08-08,383eda871fca,759.0,382.4,3.0,2
2024-08-08,a6b6bfbc73b9,799.0,445.3,1.0,2
2024-08-09,383eda871fca,759.0,382.4,1.0,2
2024-08-09,a6b6bfbc73b9,799.0,445.3,4.0,2
2024-08-10,d60184cf6ca5,199.0,91.9,3.0,2
2024-08-10,44c942fe217c,569.0,219.3,3.0,2
2024-08-10,f611e25fa53a,599.0,283.3,2.0,2
2024-08-10,383eda871fca,759.0,382.4,1.0,2
2024-08-10,a6b6bfbc73b9,799.0,446.5,2.0,2
2024-08-11,f611e25fa53a,599.0,283.3,2.0,2
2024-08-14,3a95d538a917,249.0,85.6,1.0,2
2024-08-14,f0c2857afa61,199.0,89.0,1.0,2
2024-08-14,d5edd8ff439a,155.0,102.5,2.0,2
2024-08-15,dd94e2bc5601,199.0,107.0,2.0,2
2024-08-15,383eda871fca,759.0,395.0,5.0,2
2024-08-16,3a95d538a917,249.0,85.6,5.0,2
2024-08-16,f0c2857afa61,199.0,89.0,2.0,2
2024-08-16,dd94e2bc5601,199.0,107.0,3.0,2
2024-08-16,9f40df6857e1,169.0,119.8,2.0,2
2024-08-16,c31a0fc22cbe,199.0,135.8,3.0,2
2024-08-16,17abde81f33d,489.0,311.9,1.0,2
2024-08-16,4cf0bb777594,559.0,340.2,1.0,2
2024-08-16,291d60da77b1,759.0,345.6,1.0,2
2024-08-16,f30791cd84ea,619.0,348.2,1.0,2
2024-08-16,4849cb059ba3,699.0,360.2,1.0,2
2024-08-16,383eda871fca,759.0,395.0,1.0,2
2024-08-16,a6b6bfbc73b9,799.0,446.5,1.0,2
2024-08-17,291d60da77b1,759.0,345.6,1.0,2
2024-08-17,4849cb059ba3,699.0,360.2,1.0,2
2024-08-17,383eda871fca,759.0,395.0,1.0,2
2024-08-18,3a95d538a917,249.0,85.6,6.0,2
2024-08-18,07605df7333f,199.0,93.9,1.0,2
2024-08-18,59541dc4af68,199.0,95.6,2.0,2
2024-08-18,bc2f82a22e11,199.0,97.2,2.0,2
2024-08-18,d5edd8ff439a,155.0,102.5,2.0,2
2024-08-18,dd94e2bc5601,199.0,107.0,6.0,2
2024-08-18,f611e25fa53a,599.0,283.3,4.0,2
2024-08-18,75a435426869,749.0,333.1,2.0,2
2024-08-18,13522ed2ae85,649.0,352.7,1.0,2
2024-08-18,a6b6bfbc73b9,799.0,446.5,1.0,2
2024-08-19,3a95d538a917,249.0,85.6,4.0,2
2024-08-19,f0c2857afa61,199.0,89.0,6.0,2
2024-08-19,d60184cf6ca5,199.0,91.9,2.0,2
2024-08-19,d63b63612407,179.0,92.6,2.0,2
2024-08-19,07605df7333f,199.0,93.9,1.0,2
2024-08-19,59541dc4af68,199.0,95.6,4.0,2
2024-08-19,d5edd8ff439a,155.0,102.5,3.0,2
2024-08-19,44c942fe217c,569.0,221.6,5.0,2
2024-08-19,f611e25fa53a,599.0,283.3,2.0,2
2024-08-19,75a435426869,749.0,333.1,1.0,2
2024-08-19,383eda871fca,759.0,395.0,3.0,2
2024-08-19,a6b6bfbc73b9,799.0,446.5,1.0,2
2024-08-20,3a95d538a917,249.0,85.6,6.0,2
2024-08-20,f0c2857afa61,199.0,89.0,3.0,2
2024-08-20,d60184cf6ca5,199.0,91.9,7.0,2
2024-08-20,d63b63612407,179.0,92.6,4.0,2
2024-08-20,07605df7333f,199.0,93.9,7.0,2
2024-08-20,bc2f82a22e11,199.0,97.2,9.0,2
2024-08-20,d5edd8ff439a,155.0,102.5,3.0,2
2024-08-20,f611e25fa53a,599.0,283.3,1.0,2
2024-08-20,75a435426869,749.0,333.1,2.0,2
2024-08-21,d60184cf6ca5,199.0,91.9,6.0,2
2024-08-21,f611e25fa53a,599.0,283.3,3.0,2
2024-08-21,75a435426869,749.0,333.1,2.0,2
2024-08-22,d60184cf6ca5,199.0,91.9,1.0,2
2024-08-22,dd94e2bc5601,199.0,107.0,10.0,2
2024-08-22,44c942fe217c,569.0,221.6,3.0,2
2024-08-22,f611e25fa53a,599.0,283.3,1.0,2
2024-08-22,75a435426869,749.0,333.1,1.0,2
2024-08-22,a6b6bfbc73b9,799.0,446.5,1.0,2
2024-08-23,d60184cf6ca5,199.0,91.9,1.0,2
2024-08-23,dd94e2bc5601,199.0,107.0,4.0,2
2024-08-23,f611e25fa53a,599.0,283.3,3.0,2
2024-08-23,75a435426869,749.0,333.1,1.0,2
2024-08-23,383eda871fca,759.0,395.0,2.0,2
2024-08-23,a6b6bfbc73b9,799.0,446.5,1.0,2
2024-08-24,d60184cf6ca5,199.0,91.9,5.0,2
2024-08-24,bc2f82a22e11,199.0,97.2,5.0,2
2024-08-24,dd94e2bc5601,199.0,107.0,4.0,2
2024-08-24,383eda871fca,759.0,395.0,1.0,2
2024-08-24,a6b6bfbc73b9,799.0,446.5,4.0,2
2024-08-25,d60184cf6ca5,199.0,91.9,1.0,2
2024-08-25,dd94e2bc5601,199.0,107.0,7.0,2
2024-08-25,383eda871fca,759.0,395.0,4.0,2
2024-08-26,f611e25fa53a,599.0,283.3,2.0,2
2024-08-26,383eda871fca,759.0,395.0,1.0,2
2024-08-27,383eda871fca,759.0,395.0,2.0,2
2024-08-27,a6b6bfbc73b9,799.0,446.5,3.0,2
2024-08-30,3a95d538a917,249.0,85.6,6.0,2
2024-08-30,d60184cf6ca5,199.0,91.9,4.0,2
2024-08-30,07605df7333f,199.0,93.9,2.0,2
2024-08-30,44c942fe217c,599.0,221.6,1.0,2
2024-08-31,3a95d538a917,249.0,85.6,2.0,2
2024-09-01,3a95d538a917,249.0,85.6,6.0,2
2024-09-01,d60184cf6ca5,199.0,91.9,4.0,2
2024-09-01,07605df7333f,199.0,93.9,2.0,2
2024-09-01,dd94e2bc5601,199.0,107.0,3.0,2
2024-09-01,44c942fe217c,599.0,221.6,2.0,2
2024-09-01,75a435426869,769.0,333.1,1.0,2
2024-09-01,383eda871fca,789.0,395.0,5.0,2
2024-09-03,3a95d538a917,249.0,85.6,2.0,2
2024-09-03,d60184cf6ca5,199.0,91.9,3.0,2
2024-09-03,f611e25fa53a,639.0,283.3,1.0,2
2024-09-05,3a95d538a917,249.0,85.6,1.0,2
2024-09-05,d63b63612407,189.0,92.6,8.0,2
2024-09-05,07605df7333f,199.0,93.9,7.0,2
2024-09-05,44c942fe217c,599.0,221.6,6.0,2
2024-09-05,a6b6bfbc73b9,849.0,446.5,4.0,2
2024-09-06,d63b63612407,189.0,92.6,1.0,2
2024-09-06,383eda871fca,789.0,370.8,4.0,2
2024-09-06,a6b6bfbc73b9,849.0,446.5,1.0,2
2024-09-07,f611e25fa53a,639.0,280.6,1.0,2
2024-09-07,75a435426869,769.0,322.5,1.0,2
2024-09-07,383eda871fca,789.0,370.8,1.0,2
2024-09-07,a6b6bfbc73b9,849.0,400.1,1.0,2
2024-09-08,3a95d538a917,249.0,81.8,9.0,2
2024-09-08,d63b63612407,189.0,91.1,6.0,2
2024-09-08,d60184cf6ca5,199.0,94.1,5.0,2
2024-09-08,07605df7333f,199.0,95.6,8.0,2
2024-09-08,bc2f82a22e11,199.0,97.2,7.0,2
2024-09-08,dd94e2bc5601,199.0,103.7,4.0,2
2024-09-08,f611e25fa53a,639.0,280.6,5.0,2
2024-09-08,75a435426869,769.0,322.5,6.0,2
2024-09-08,383eda871fca,789.0,370.8,1.0,2
2024-09-08,a6b6bfbc73b9,849.0,400.1,1.0,2
2024-09-09,d60184cf6ca5,199.0,94.1,5.0,2
2024-09-09,07605df7333f,199.0,95.6,1.0,2
2024-09-09,bc2f82a22e11,199.0,97.2,3.0,2
2024-09-09,f611e25fa53a,639.0,280.6,3.0,2
2024-09-09,75a435426869,769.0,322.5,2.0,2
2024-09-10,3a95d538a917,249.0,81.8,1.0,2
2024-09-10,d60184cf6ca5,199.0,94.1,8.0,2
2024-09-10,f611e25fa53a,639.0,280.6,5.0,2
2024-09-10,75a435426869,769.0,322.5,1.0,2
2024-09-12,f0c2857afa61,199.0,88.9,11.0,2
2024-09-12,d63b63612407,189.0,91.1,11.0,2
2024-09-12,07605df7333f,199.0,95.6,11.0,2
2024-09-12,44c942fe217c,599.0,225.1,4.0,2
2024-09-12,75a435426869,769.0,322.5,2.0,2
2024-09-12,a6b6bfbc73b9,849.0,400.1,9.0,2
2024-09-13,d63b63612407,189.0,91.1,4.0,2
2024-09-13,07605df7333f,199.0,95.6,5.0,2
2024-09-13,a6b6bfbc73b9,849.0,400.1,2.0,2
2024-09-14,3a95d538a917,249.0,81.8,4.0,2
2024-09-14,07605df7333f,199.0,95.6,2.0,2
2024-09-14,44c942fe217c,599.0,225.1,1.0,2
2024-09-14,a6b6bfbc73b9,849.0,400.1,1.0,2
2024-09-15,3a95d538a917,249.0,81.8,3.0,2
2024-09-15,d63b63612407,189.0,91.1,2.0,2
2024-09-15,07605df7333f,199.0,95.6,8.0,2
2024-09-15,75a435426869,769.0,322.5,1.0,2
2024-09-15,383eda871fca,789.0,370.8,2.0,2
2024-09-15,a6b6bfbc73b9,849.0,400.1,4.0,2
2024-09-16,d63b63612407,189.0,91.1,4.0,2
2024-09-16,07605df7333f,199.0,95.6,2.0,2
2024-09-16,59541dc4af68,199.0,100.9,5.0,2
2024-09-16,383eda871fca,789.0,370.8,2.0,2
2024-09-16,a6b6bfbc73b9,849.0,400.1,2.0,2
2024-09-17,d60184cf6ca5,199.0,94.1,17.0,2
2024-09-17,dd94e2bc5601,199.0,103.7,5.0,2
2024-09-17,44c942fe217c,599.0,225.1,4.0,2
2024-09-17,383eda871fca,789.0,370.8,6.0,2
2024-09-18,3a95d538a917,249.0,81.8,3.0,2
2024-09-18,44c942fe217c,599.0,225.1,1.0,2
2024-09-18,a6b6bfbc73b9,849.0,400.1,4.0,2
2024-09-19,d60184cf6ca5,199.0,94.1,1.0,2
2024-09-19,44c942fe217c,599.0,225.1,2.0,2
2024-09-19,75a435426869,769.0,322.5,1.0,2
2024-09-19,a6b6bfbc73b9,849.0,400.1,3.0,2
2024-09-20,d60184cf6ca5,199.0,94.1,8.0,2
2024-09-20,a6b6bfbc73b9,849.0,400.1,1.0,2
2024-09-21,f0c2857afa61,199.0,88.9,2.0,2
2024-09-21,d63b63612407,189.0,91.1,5.0,2
2024-09-21,44c942fe217c,599.0,225.1,12.0,2
2024-09-21,75a435426869,769.0,322.5,2.0,2
2024-09-21,a6b6bfbc73b9,849.0,400.1,1.0,2
2024-09-22,75a435426869,769.0,322.5,3.0,2
2024-09-22,a6b6bfbc73b9,849.0,400.1,8.0,2
2024-09-23,a6b6bfbc73b9,849.0,400.1,5.0,2
2024-09-25,3a95d538a917,249.0,80.2,4.0,2
2024-09-25,d60184cf6ca5,199.0,91.4,11.0,2
2024-09-25,44c942fe217c,599.0,215.6,5.0,2
2024-09-25,383eda871fca,789.0,358.5,3.0,2
2022-08-29,f6607bc53b55,44.9,17.7,90.0,2
2022-08-29,91a0c1494ef6,149.0,60.3,1.0,2
2022-08-29,bfe4db97c9d4,519.0,177.2,3.0,2
2022-08-29,a9d8c085adc0,539.0,274.6,2.0,2
2022-08-29,917bc7e4537e,854.5,569.7,1.0,2
2022-08-28,bfe4db97c9d4,519.0,177.2,3.0,2
2022-08-28,f611e25fa53a,549.0,268.2,2.0,2
2022-08-28,a9d8c085adc0,539.0,274.6,2.0,2
2022-08-28,fb45888e228e,569.0,300.4,1.0,2
2022-08-28,f049b16ba53a,699.0,312.1,1.0,2
2022-08-28,291d60da77b1,549.0,332.3,1.0,2
2022-08-28,830dfe173dd6,519.0,336.1,2.0,2
2022-09-02,389412076801,179.0,56.7,3.0,2
2022-09-02,118f7e5cc636,149.0,58.9,3.0,2
2022-09-02,91a0c1494ef6,149.0,60.3,6.0,2
2022-09-02,0e39cf5d57c1,149.0,63.7,1.0,2
2022-09-02,95879f411e24,199.0,65.5,4.0,2
2022-09-02,3cb1c969dd01,189.0,80.0,5.0,2
2022-09-02,3a95d538a917,229.0,92.0,1.0,2
2022-09-02,8b52df27c241,199.0,94.9,2.0,2
2022-09-02,998a086ac062,759.9,552.0,0.595,2
2022-09-02,9d75913f55d8,659.9,588.0,0.39,2
2022-09-03,998a086ac062,390.0,552.0,0.415,2
2022-09-03,9d75913f55d8,659.9,588.0,0.185,2
2022-09-04,389412076801,179.0,56.7,8.0,2
2022-09-04,118f7e5cc636,149.0,58.9,6.0,2
2022-09-04,91a0c1494ef6,149.0,60.3,3.0,2
2022-09-04,0e39cf5d57c1,149.0,63.7,4.0,2
2022-09-04,3cb1c969dd01,189.0,80.0,5.0,2
2022-09-04,bc2f82a22e11,189.0,80.4,7.0,2
2022-09-04,3a95d538a917,229.0,90.6,7.0,2
2022-09-04,44c942fe217c,519.0,202.5,1.0,2
2022-09-04,f611e25fa53a,549.0,258.7,2.0,2
2022-09-04,4849cb059ba3,549.0,343.8,2.0,2
2022-09-04,1269790d41ec,699.9,393.0,1.0,2
2022-09-04,10a5bd97291b,615.0,427.5,0.385,2
2022-08-31,389412076801,179.0,56.7,3.0,2
2022-08-31,91a0c1494ef6,149.0,60.3,3.0,2
2022-08-31,3cb1c969dd01,189.0,80.0,1.0,2
2022-08-31,44c942fe217c,519.0,206.1,2.0,2
2022-08-31,f611e25fa53a,549.0,268.2,1.0,2
2022-08-31,291d60da77b1,549.0,332.3,1.0,2
2022-08-31,830dfe173dd6,519.0,336.1,1.0,2
2022-09-01,d6467e3c8762,399.0,257.2,1.0,2
2022-09-05,91a0c1494ef6,149.0,60.3,3.0,2
2022-09-05,0e39cf5d57c1,149.0,63.7,3.0,2
2022-09-05,3cb1c969dd01,189.0,80.0,7.0,2
2022-09-05,f611e25fa53a,549.0,258.7,5.0,2
2022-09-05,7e711d2027a9,419.9,315.0,0.865,2
2022-09-05,291d60da77b1,549.0,332.3,2.0,2
2022-09-05,830dfe173dd6,519.0,336.1,2.0,2
2022-09-05,10a5bd97291b,615.0,427.5,0.955,2
2022-09-05,9d75913f55d8,659.9,588.0,1.875,2
2022-09-07,0e39cf5d57c1,149.0,63.7,2.0,2
2022-09-07,95879f411e24,199.0,66.5,3.0,2
2022-09-07,a22c79c7ea5b,149.9,89.0,2.0,2
2022-09-07,f0c2857afa61,199.0,100.1,4.0,2
2022-09-07,c3af0e2407f3,239.0,157.1,1.0,2
2022-09-07,d6467e3c8762,399.0,257.2,1.0,2
2022-09-07,291d60da77b1,549.0,332.3,2.0,2
2022-09-07,5103353a560a,559.9,377.8,1.0,2
2022-09-07,6135bfd00200,529.0,394.2,1.0,2
2022-09-06,a22c79c7ea5b,149.9,89.0,2.0,2
2022-09-06,f611e25fa53a,549.0,258.7,1.0,2
2022-09-06,9d75913f55d8,659.9,588.0,0.475,2
2022-09-08,118f7e5cc636,149.0,58.9,3.0,2
2022-09-08,0e39cf5d57c1,149.0,63.7,3.0,2
2022-09-08,95879f411e24,199.0,66.5,6.0,2
2022-09-08,de04645e9c49,99.0,69.9,3.0,2
2022-09-08,8b49288f5fd4,109.0,70.1,2.0,2
2022-09-08,a22c79c7ea5b,149.9,89.0,1.0,2
2022-09-08,8b52df27c241,199.0,94.9,4.0,2
2022-09-08,f0c2857afa61,199.0,100.1,2.0,2
2022-09-08,5a5407b58696,169.9,126.4,7.0,2
2022-09-08,a7c84f19c7cd,159.9,135.0,6.0,2
2022-09-08,64a5835fe5ed,169.9,147.0,4.0,2
2022-09-08,081f2cf4afc8,279.0,156.0,3.0,2
2022-09-08,df06cb5acc9e,229.9,165.1,1.0,2
2022-09-08,44dba4d4d441,309.0,182.4,2.0,2
2022-09-08,d6467e3c8762,399.0,257.2,2.0,2
2022-09-08,291d60da77b1,549.0,332.3,2.0,2
2022-09-08,4849cb059ba3,549.0,343.8,1.0,2
2022-09-08,10a5bd97291b,615.0,428.0,0.45,2
2022-09-09,118f7e5cc636,149.0,58.9,3.0,2
2022-09-09,de04645e9c49,99.0,69.9,1.0,2
2022-09-09,8b49288f5fd4,109.0,70.1,1.0,2
2022-09-09,8b52df27c241,199.0,94.9,2.0,2
2022-09-09,a7c84f19c7cd,159.9,135.0,4.0,2
2022-09-09,64a5835fe5ed,169.9,147.0,1.0,2
2022-09-09,7e711d2027a9,419.9,315.0,0.45,2
2022-09-09,10a5bd97291b,429.9,428.0,0.34,2
2022-09-09,9d75913f55d8,659.9,588.0,0.84,2
2022-09-12,118f7e5cc636,149.0,58.9,4.0,2
2022-09-12,91a0c1494ef6,149.0,60.3,4.0,2
2022-09-12,3cb1c969dd01,189.0,80.0,6.0,2
2022-09-12,bc2f82a22e11,189.0,80.4,6.0,2
2022-09-12,d5edd8ff439a,147.0,97.4,1.0,2
2022-09-12,bfe4db97c9d4,519.0,176.6,1.0,2
2022-09-12,ed33a2b2f289,289.9,197.0,2.0,2
2022-09-12,a9d8c085adc0,539.0,274.6,1.0,2
2022-09-12,9d75913f55d8,659.9,588.0,0.57,2
2022-09-11,118f7e5cc636,149.0,58.9,4.0,2
2022-09-11,91a0c1494ef6,149.0,60.3,2.0,2
2022-09-11,0e39cf5d57c1,149.0,63.7,4.0,2
2022-09-11,95879f411e24,199.0,66.5,2.0,2
2022-09-11,3cb1c969dd01,189.0,80.0,2.0,2
2022-09-11,8b52df27c241,199.0,94.9,6.0,2
2022-09-11,081f2cf4afc8,279.0,156.0,2.0,2
2022-09-11,44dba4d4d441,309.0,182.4,1.0,2
2022-09-11,1dc20c4f962f,399.0,252.5,1.0,2
2022-09-11,291d60da77b1,549.0,332.3,3.0,2
2022-09-11,13522ed2ae85,499.9,426.8,3.0,2
2022-09-13,91a0c1494ef6,149.0,60.3,7.0,2
2022-09-13,3cb1c969dd01,189.0,80.0,1.0,2
2022-09-13,bc2f82a22e11,189.0,80.4,3.0,2
2022-09-13,a22c79c7ea5b,149.9,89.0,2.0,2
2022-09-13,625752718f32,269.9,195.0,1.0,2
2022-09-10,91a0c1494ef6,149.0,60.3,1.0,2
2022-09-10,95879f411e24,199.0,66.5,2.0,2
2022-09-10,d63b63612407,159.0,74.8,2.0,2
2022-09-10,3cb1c969dd01,189.0,80.0,2.0,2
2022-09-10,64a5835fe5ed,169.9,147.0,1.0,2
2022-09-10,bfe4db97c9d4,519.0,176.6,1.0,2
2022-09-10,1dc20c4f962f,399.0,252.5,1.0,2
2022-09-10,f611e25fa53a,549.0,258.7,1.0,2
2022-09-10,7e711d2027a9,419.9,314.22,1.23,2
2022-09-14,389412076801,179.0,56.7,4.0,2
2022-09-14,95879f411e24,199.0,66.5,7.0,2
2022-09-14,3a95d538a917,229.0,90.6,3.0,2
2022-09-14,bfe4db97c9d4,519.0,176.6,1.0,2
2022-09-14,8d5f5232eb73,339.9,192.0,1.0,2
2022-09-14,fb45888e228e,569.0,300.4,3.0,2
2022-09-15,75fe6dc46c61,229.9,156.5,2.0,2
2022-09-15,291d60da77b1,549.0,332.3,3.0,2
2022-09-15,13522ed2ae85,499.9,426.8,1.0,2
2022-09-16,95879f411e24,199.0,66.5,6.0,2
2022-09-16,3a95d538a917,229.0,90.6,1.0,2
2022-09-16,081f2cf4afc8,279.0,156.0,2.0,2
2022-09-16,c3af0e2407f3,239.0,157.1,2.0,2
2022-09-16,625752718f32,269.9,195.0,1.0,2
2022-09-16,44c942fe217c,519.0,202.5,2.0,2
2022-09-16,d6467e3c8762,399.0,257.2,1.0,2
2022-09-16,fb45888e228e,569.0,300.4,4.0,2
2022-09-16,291d60da77b1,549.0,332.3,2.0,2
2022-09-16,4849cb059ba3,549.0,343.8,1.0,2
2022-09-16,2ffa9c1bf905,569.0,365.2,1.0,2
2022-09-17,95879f411e24,199.0,66.5,1.0,2
2022-09-17,44dba4d4d441,309.0,182.4,1.0,2
2022-09-17,17abde81f33d,469.0,296.4,1.0,2
2022-09-17,4849cb059ba3,549.0,343.8,3.0,2
2022-09-17,2ffa9c1bf905,569.0,365.2,1.0,2
2022-09-20,118f7e5cc636,149.0,58.9,8.0,2
2022-09-20,91a0c1494ef6,149.0,60.3,8.0,2
2022-09-20,8b49288f5fd4,109.0,70.1,3.0,2
2022-09-20,d63b63612407,159.0,74.8,6.0,2
2022-09-20,3cb1c969dd01,189.0,80.0,6.0,2
2022-09-20,bc2f82a22e11,189.0,80.4,7.0,2
2022-09-20,081f2cf4afc8,279.0,156.0,3.0,2
2022-09-20,bfe4db97c9d4,519.0,176.6,2.0,2
2022-09-20,44dba4d4d441,309.0,182.4,1.0,2
2022-09-20,44c942fe217c,519.0,202.5,3.0,2
2022-09-20,1dc20c4f962f,399.0,252.5,1.0,2
2022-09-20,d6467e3c8762,399.0,257.2,1.0,2
2022-09-20,f611e25fa53a,549.0,258.7,1.0,2
2022-09-20,a9d8c085adc0,539.0,274.6,3.0,2
2022-09-20,830dfe173dd6,519.0,336.1,2.0,2
2022-09-20,00aa2e81eb9a,379.9,338.15,1.525,2
2022-09-20,f30791cd84ea,499.9,359.1,1.0,2
2022-09-20,2ffa9c1bf905,569.0,365.2,2.0,2
2022-09-20,6135bfd00200,549.0,394.2,1.0,2
2022-09-20,61dfcf0b4608,887.0,591.3,1.0,2
2022-09-20,59191a8f20cf,899.9,618.0,0.23,2
2022-09-22,bcdd00537f72,59.9,30.3,66.0,2
2022-09-22,91a0c1494ef6,149.0,60.3,9.0,2
2022-09-22,de04645e9c49,99.0,69.9,5.0,2
2022-09-22,d5edd8ff439a,147.0,97.4,4.0,2
2022-09-22,41c0ebbc09c5,859.9,570.7,1.52,2
2022-09-25,bcdd00537f72,59.9,30.3,6.0,2
2022-09-25,91a0c1494ef6,149.0,56.6,2.0,2
2022-09-25,118f7e5cc636,149.0,58.1,1.0,2
2022-09-25,95879f411e24,199.0,64.4,1.0,2
2022-09-25,de04645e9c49,99.0,69.9,2.0,2
2022-09-25,4849cb059ba3,549.0,343.8,1.0,2
2022-09-25,f30791cd84ea,499.9,359.1,2.0,2
2022-09-25,6135bfd00200,549.0,394.2,1.0,2
2022-09-24,bcdd00537f72,59.9,30.3,61.0,2
2022-09-24,389412076801,179.0,55.5,5.0,2
2022-09-24,91a0c1494ef6,149.0,56.6,3.0,2
2022-09-24,118f7e5cc636,149.0,58.1,5.0,2
2022-09-24,de04645e9c49,99.0,69.9,1.0,2
2022-09-24,3a95d538a917,229.0,84.4,4.0,2
2022-09-24,f611e25fa53a,549.0,268.1,1.0,2
2022-09-19,3cb1c969dd01,189.0,80.0,1.0,2
2022-09-19,d5edd8ff439a,147.0,97.4,1.0,2
2022-09-19,ab15ad24d869,399.9,247.6,1.855,2
2022-09-19,d6467e3c8762,399.0,257.2,2.0,2
2022-09-19,f611e25fa53a,549.0,258.7,1.0,2
2022-09-19,d774de6d00df,416.0,259.9,1.0,2
2022-09-19,a9d8c085adc0,539.0,274.6,2.0,2
2022-09-19,17abde81f33d,469.0,296.4,2.0,2
2022-09-19,fb45888e228e,569.0,300.4,2.0,2
2022-09-19,f049b16ba53a,699.0,312.1,1.0,2
2022-09-19,291d60da77b1,549.0,332.3,1.0,2
2022-09-19,00aa2e81eb9a,379.9,338.15,4.385,2
2022-09-19,f30791cd84ea,499.9,359.1,1.0,2
2022-09-19,2ffa9c1bf905,569.0,365.2,3.0,2
2022-09-19,5103353a560a,569.0,377.8,1.0,2
2022-09-19,659efd37260c,610.0,406.7,1.0,2
2022-09-19,13522ed2ae85,599.9,426.8,2.0,2
2022-09-19,59191a8f20cf,899.9,618.0,1.405,2
2022-09-18,95879f411e24,199.0,66.5,2.0,2
2022-09-18,3cb1c969dd01,189.0,80.0,1.0,2
2022-09-18,d6467e3c8762,399.0,257.2,1.0,2
2022-09-18,291d60da77b1,549.0,332.3,1.0,2
2022-09-18,00aa2e81eb9a,379.9,338.15,2.45,2
2022-09-27,bcdd00537f72,59.9,30.5,75.0,2
2022-10-03,91a0c1494ef6,149.0,56.6,5.0,2
2022-10-03,95879f411e24,199.0,64.4,4.0,2
2022-10-03,d5edd8ff439a,147.0,97.4,1.0,2
2022-09-29,bcdd00537f72,59.9,30.5,91.0,2
2022-09-29,91a0c1494ef6,149.0,56.6,1.0,2
2022-09-29,44dba4d4d441,309.0,182.4,1.0,2
2022-09-21,de04645e9c49,99.0,69.9,2.0,2
2022-09-21,1dc20c4f962f,399.0,252.5,1.0,2
2022-09-21,41c0ebbc09c5,859.9,570.7,0.535,2
2022-09-21,59191a8f20cf,899.9,618.0,0.98,2
2022-09-23,bcdd00537f72,59.9,30.3,116.0,2
2022-09-23,de04645e9c49,99.0,69.9,2.0,2
2022-09-23,1dc20c4f962f,399.0,252.5,1.0,2
2022-09-23,5103353a560a,569.0,377.8,1.0,2
2022-09-30,bcdd00537f72,59.9,30.5,120.0,2
2022-09-30,91a0c1494ef6,149.0,56.6,7.0,2
2022-09-30,d5edd8ff439a,147.0,97.4,2.0,2
2022-09-30,830dfe173dd6,519.0,336.1,1.0,2
2022-09-28,bcdd00537f72,59.9,30.5,86.0,2
2022-09-28,91a0c1494ef6,149.0,56.6,8.0,2
2022-09-28,d63b63612407,159.0,73.7,2.0,2
2022-09-28,bc2f82a22e11,159.0,77.9,4.0,2
2022-09-28,d6467e3c8762,399.0,257.2,3.0,2
2022-09-28,4849cb059ba3,549.0,343.8,1.0,2
2022-09-26,bcdd00537f72,59.9,30.5,49.0,2
2022-09-26,de04645e9c49,99.0,69.9,1.0,2
2022-10-04,291d60da77b1,549.0,332.3,2.0,2
2022-10-08,389412076801,179.0,54.6,1.0,2
2022-10-08,de04645e9c49,99.0,69.9,1.0,2
2022-10-08,d63b63612407,159.0,73.4,2.0,2
2022-10-08,3cb1c969dd01,189.0,75.3,1.0,2
2022-10-08,081f2cf4afc8,279.0,156.0,1.0,2
2022-10-08,bfe4db97c9d4,519.0,167.5,1.0,2
2022-10-05,118f7e5cc636,149.0,58.1,3.0,2
2022-10-05,0e39cf5d57c1,149.0,60.0,2.0,2
2022-10-05,8b49288f5fd4,109.0,70.1,2.0,2
2022-10-05,d63b63612407,159.0,73.7,2.0,2
2022-10-05,f0c2857afa61,199.0,92.9,1.0,2
2022-10-05,bfe4db97c9d4,519.0,169.2,1.0,2
2022-10-06,118f7e5cc636,149.0,58.1,2.0,2
2022-10-06,0e39cf5d57c1,149.0,60.0,3.0,2
2022-10-06,95879f411e24,199.0,64.5,3.0,2
2022-10-06,de04645e9c49,99.0,70.0,2.0,2
2022-10-06,d63b63612407,159.0,73.7,2.0,2
2022-10-06,e7ff6ea67040,199.0,106.1,4.0,2
2022-10-06,bfe4db97c9d4,519.0,169.2,3.0,2
2022-10-06,830dfe173dd6,519.0,337.0,1.0,2
2022-10-06,6135bfd00200,549.0,395.0,1.0,2
2022-10-09,d5edd8ff439a,147.0,97.4,1.0,2
2022-10-09,081f2cf4afc8,279.0,156.0,2.0,2
2022-10-11,d63b63612407,159.0,73.4,2.0,2
2022-10-11,f611e25fa53a,549.0,268.1,2.0,2
2022-10-11,17abde81f33d,469.0,296.4,1.0,2
2022-10-11,830dfe173dd6,519.0,336.1,1.0,2
2022-10-11,917bc7e4537e,854.5,569.7,1.0,2
2022-10-11,048bc59e5a8e,1175.5,783.7,1.0,2
2022-10-10,95879f411e24,199.0,64.0,2.0,2
2022-10-10,de04645e9c49,99.0,69.9,1.0,2
2022-10-10,081f2cf4afc8,279.0,156.0,1.0,2
2022-10-10,44dba4d4d441,309.0,182.4,1.0,2
2022-10-13,95879f411e24,199.0,64.0,2.0,2
2022-10-13,3a95d538a917,229.0,84.2,3.0,2
2022-10-13,bfe4db97c9d4,519.0,167.5,3.0,2
2022-10-13,44dba4d4d441,309.0,182.4,2.0,2
2022-10-13,1dc20c4f962f,399.0,252.5,1.0,2
2022-10-13,f611e25fa53a,549.0,268.1,2.0,2
2022-10-13,a9d8c085adc0,539.0,273.7,1.0,2
2022-10-13,fb45888e228e,569.0,288.4,5.0,2
2022-10-13,6135bfd00200,549.0,394.2,1.0,2
2022-10-14,1dc20c4f962f,399.0,252.5,2.0,2
2022-10-14,830dfe173dd6,519.0,336.1,1.0,2
2022-10-12,1dc20c4f962f,399.0,252.5,1.0,2
2022-10-12,d6467e3c8762,399.0,257.2,1.0,2
2022-10-12,f611e25fa53a,549.0,268.1,1.0,2
2022-10-12,291d60da77b1,549.0,332.3,1.0,2
2022-10-18,599a0d2e2830,275.0,147.6,1.0,2
2022-10-18,d6467e3c8762,399.0,257.2,1.0,2
2022-10-18,7df326b32b8c,399.9,321.0,0.945,2
2022-10-18,00aa2e81eb9a,389.9,338.14,1.955,2
2022-10-18,f30791cd84ea,499.0,359.1,1.0,2
2022-10-21,264117fee81f,64.9,52.8,1.0,2
2022-10-17,95879f411e24,199.0,64.0,3.0,2
2022-10-17,a7c84f19c7cd,169.9,115.55,2.0,2
2022-10-17,1dc20c4f962f,399.0,252.5,1.0,2
2022-10-17,7df326b32b8c,399.9,321.0,0.355,2
2022-10-17,291d60da77b1,549.0,332.3,1.0,2
2022-10-17,f978571e05c3,369.9,335.11,7.2,2
2022-10-17,830dfe173dd6,519.0,336.1,1.0,2
2022-10-17,00aa2e81eb9a,389.9,338.14,3.16,2
2022-10-22,264117fee81f,64.9,52.8,5.0,2
2022-10-22,e20fc9783345,64.9,52.8,3.0,2
2022-10-22,95879f411e24,199.0,64.0,2.0,2
2022-10-22,3a95d538a917,229.0,84.2,2.0,2
2022-10-22,bfe4db97c9d4,519.0,167.5,3.0,2
2022-10-22,1dc20c4f962f,399.0,252.5,2.0,2
2022-10-22,f611e25fa53a,549.0,268.1,1.0,2
2022-10-22,291d60da77b1,549.0,332.3,2.0,2
2022-10-22,40c7c1facd00,778.0,518.7,1.0,2
2022-10-22,917bc7e4537e,854.5,569.7,1.0,2
2022-10-20,659efd37260c,610.0,406.7,1.0,2
2022-10-24,264117fee81f,64.9,52.8,2.0,2
2022-10-24,118f7e5cc636,149.0,56.8,3.0,2
2022-10-24,8b49288f5fd4,109.0,70.1,1.0,2
2022-10-24,d5edd8ff439a,149.0,97.4,1.0,2
2022-10-24,44c942fe217c,519.0,200.2,2.0,2
2022-10-24,17abde81f33d,469.0,296.4,1.0,2
2022-10-24,74d6ed799e21,529.0,341.7,2.0,2
2022-10-24,6135bfd00200,549.0,394.2,1.0,2
2022-10-23,264117fee81f,64.9,52.8,5.0,2
2022-10-23,e20fc9783345,64.9,52.8,3.0,2
2022-10-23,44dba4d4d441,309.0,182.4,2.0,2
2022-10-23,aea8b6350476,259.9,194.4,1.0,2
2022-10-23,d6467e3c8762,399.0,257.2,2.0,2
2022-10-23,a9d8c085adc0,539.0,273.7,1.0,2
2022-10-23,0749b86fb24b,369.9,281.0,1.0,2
2022-10-23,4cf0bb777594,469.0,324.6,1.0,2
2022-10-23,830dfe173dd6,519.0,336.1,1.0,2
2022-10-23,f30791cd84ea,499.0,359.1,1.0,2
2022-10-23,2ffa9c1bf905,569.0,365.2,3.0,2
2022-10-23,5103353a560a,569.0,377.8,1.0,2
2022-10-23,659efd37260c,610.0,406.7,1.0,2
2022-10-15,118f7e5cc636,149.0,56.8,1.0,2
2022-10-15,95879f411e24,199.0,64.0,1.0,2
2022-10-15,d63b63612407,159.0,73.4,1.0,2
2022-10-15,bfe4db97c9d4,519.0,167.5,1.0,2
2022-10-15,44c942fe217c,519.0,200.2,1.0,2
2022-10-15,17abde81f33d,469.0,296.4,1.0,2
2022-10-15,917bc7e4537e,854.5,569.7,1.0,2
2022-10-15,61dfcf0b4608,887.0,591.3,1.0,2
2022-10-16,a7c84f19c7cd,169.9,115.55,1.0,2
2022-10-16,5a5407b58696,159.9,126.31,4.0,2
2022-10-16,f978571e05c3,369.9,335.11,10.855,2
2022-10-16,00aa2e81eb9a,389.9,338.14,5.52,2
2022-11-07,95879f411e24,199.0,64.5,2.0,2
2022-11-07,3a95d538a917,229.0,85.0,1.0,2
2022-11-07,1dc20c4f962f,399.0,252.5,3.0,2
2022-11-07,830dfe173dd6,519.0,336.1,1.0,2
2022-11-07,5103353a560a,569.0,377.8,2.0,2
2022-11-07,917bc7e4537e,854.5,569.7,1.0,2
2022-10-25,264117fee81f,64.9,52.8,7.0,2
2022-10-25,e20fc9783345,64.9,52.8,6.0,2
2022-10-25,118f7e5cc636,149.0,56.8,4.0,2
2022-10-25,0e39cf5d57c1,149.0,59.1,3.0,2
2022-10-25,8b49288f5fd4,109.0,70.1,1.0,2
2022-10-25,bc2f82a22e11,189.0,78.9,6.0,2
2022-10-25,3a95d538a917,229.0,84.2,3.0,2
2022-10-25,d5edd8ff439a,149.0,97.4,2.0,2
2022-10-25,c3af0e2407f3,239.0,157.1,1.0,2
2022-10-25,f611e25fa53a,549.0,268.1,1.0,2
2022-10-25,a9d8c085adc0,539.0,273.7,2.0,2
2022-10-25,72f2f63f2a5d,469.0,324.6,1.0,2
2022-10-25,291d60da77b1,549.0,332.3,1.0,2
2022-10-25,830dfe173dd6,519.0,336.1,1.0,2
2022-10-25,4849cb059ba3,549.0,343.8,1.0,2
2022-10-25,f30791cd84ea,499.0,359.1,1.0,2
2022-10-25,2ffa9c1bf905,569.0,365.2,1.0,2
2022-11-05,f611e25fa53a,549.0,258.1,2.0,2
2022-11-05,291d60da77b1,549.0,332.3,1.0,2
2022-10-28,389412076801,179.0,54.6,4.0,2
2022-10-28,118f7e5cc636,149.0,56.8,1.0,2
2022-10-28,d63b63612407,159.0,73.4,1.0,2
2022-10-28,bc2f82a22e11,189.0,78.9,1.0,2
2022-10-28,a7c84f19c7cd,169.9,115.55,1.0,2
2022-10-28,c3af0e2407f3,239.0,157.1,1.0,2
2022-10-28,20a1a5f2c8ae,329.9,188.8,1.0,2
2022-10-28,44c942fe217c,519.0,200.2,1.0,2
2022-10-28,f30791cd84ea,499.0,323.2,1.0,2
2022-10-26,c3af0e2407f3,239.0,157.1,1.0,2
2022-10-26,a9d8c085adc0,539.0,273.7,3.0,2
2022-10-26,830dfe173dd6,519.0,336.1,2.0,2
2022-10-26,4849cb059ba3,549.0,343.8,1.0,2
2022-10-26,5103353a560a,569.0,377.8,1.0,2
2022-10-26,6135bfd00200,549.0,394.2,1.0,2
2022-11-08,0e39cf5d57c1,149.0,59.2,1.0,2
2022-11-08,8b49288f5fd4,109.0,70.1,1.0,2
2022-11-08,bc2f82a22e11,189.0,77.4,1.0,2
2022-11-08,f611e25fa53a,549.0,258.1,4.0,2
2022-11-14,081f2cf4afc8,279.0,156.0,1.0,2
2022-11-14,44dba4d4d441,309.0,182.4,1.0,2
2022-11-14,44c942fe217c,519.0,191.3,1.0,2
2022-11-14,17abde81f33d,469.0,296.4,1.0,2
2022-11-14,f049b16ba53a,699.0,321.4,1.0,2
2022-11-14,f978571e05c3,379.9,335.11,3.475,2
2022-11-14,74d6ed799e21,529.0,341.7,1.0,2
2022-11-14,4849cb059ba3,549.0,343.8,1.0,2
2022-11-13,8b49288f5fd4,109.0,70.1,8.0,2
2022-11-13,7e671635ae07,169.9,161.07,2.01,2
2022-11-13,f978571e05c3,379.9,335.11,15.365,2
2022-11-13,4849cb059ba3,549.0,343.8,2.0,2
2022-11-12,0e39cf5d57c1,149.0,59.3,2.0,2
2022-11-12,8b49288f5fd4,109.0,70.1,2.0,2
2022-11-12,d5edd8ff439a,149.0,97.4,2.0,2
2022-11-12,e7ff6ea67040,199.0,105.7,1.0,2
2022-11-12,bfe4db97c9d4,519.0,162.4,2.0,2
2022-11-12,44c942fe217c,519.0,191.3,1.0,2
2022-11-12,a9d8c085adc0,539.0,261.0,1.0,2
2022-11-12,fb45888e228e,569.0,281.1,3.0,2
2022-11-12,830dfe173dd6,519.0,336.1,4.0,2
2022-11-12,4849cb059ba3,549.0,343.8,3.0,2
2022-11-12,2ffa9c1bf905,569.0,365.2,1.0,2
2022-10-27,95879f411e24,199.0,64.0,1.0,2
2022-10-27,3a95d538a917,229.0,84.2,1.0,2
2022-10-27,a7c84f19c7cd,169.9,115.55,1.0,2
2022-10-27,c3af0e2407f3,239.0,157.1,1.0,2
2022-10-27,f30791cd84ea,499.0,323.2,1.0,2
2022-11-15,44dba4d4d441,309.0,182.4,1.0,2
2022-11-15,4cf0bb777594,469.0,324.6,1.0,2
2022-11-15,74d6ed799e21,529.0,341.7,1.0,2
2022-11-15,5103353a560a,569.0,377.8,1.0,2
2022-11-11,389412076801,179.9,54.3,4.0,2
2022-11-11,118f7e5cc636,149.0,56.9,4.0,2
2022-11-11,0e39cf5d57c1,149.0,59.3,5.0,2
2022-11-11,95879f411e24,199.0,65.1,7.0,2
2022-11-11,8b49288f5fd4,109.0,70.1,4.0,2
2022-11-11,f0c2857afa61,169.0,87.6,3.0,2
2022-11-11,081f2cf4afc8,279.0,156.0,2.0,2
2022-11-11,bfe4db97c9d4,519.0,162.4,10.0,2
2022-11-11,44dba4d4d441,309.0,182.4,3.0,2
2022-11-11,a9d8c085adc0,539.0,261.0,1.0,2
2022-11-11,fb45888e228e,569.0,281.1,6.0,2
2022-11-11,830dfe173dd6,519.0,336.1,1.0,2
2022-11-11,4849cb059ba3,549.0,343.8,1.0,2
2022-11-16,44dba4d4d441,182.4,182.4,2.0,2
2022-11-16,1dc20c4f962f,259.9,252.5,1.0,2
2022-11-16,17abde81f33d,296.4,296.4,1.0,2
2022-11-16,4cf0bb777594,324.6,324.6,1.0,2
2022-11-16,2ffa9c1bf905,365.5,365.2,2.0,2
2022-11-16,6135bfd00200,394.2,394.2,1.0,2
2022-11-18,d63b63612407,75.5,71.1,2.0,2
2022-11-18,0f088adedda3,89.9,79.6,28.0,2
2022-11-17,d63b63612407,75.5,71.1,1.0,2
2022-11-17,d5edd8ff439a,149.0,97.4,2.0,2
2022-11-17,081f2cf4afc8,279.0,156.0,3.0,2
2022-11-17,737b797523fb,249.9,188.0,2.0,2
2022-11-17,17abde81f33d,469.0,296.4,2.0,2
2022-11-17,5103353a560a,569.0,377.8,2.0,2
2022-11-17,9d04914a7333,849.9,556.7,2.0,2
2022-11-04,d63b63612407,159.0,73.2,2.0,2
2022-11-04,f611e25fa53a,549.0,258.1,1.0,2
2022-11-04,291d60da77b1,549.0,332.3,1.0,2
2022-11-04,2ffa9c1bf905,569.0,365.2,1.0,2
2022-11-21,95879f411e24,65.5,64.9,2.0,2
2022-11-21,8b49288f5fd4,109.0,70.1,1.0,2
2022-11-21,0f088adedda3,89.9,79.6,21.0,2
2022-11-21,d5edd8ff439a,149.0,97.4,2.0,2
2022-11-21,5f9890499a5b,199.9,144.9,2.0,2
2022-11-21,830dfe173dd6,519.0,336.1,1.0,2
2022-11-19,0f088adedda3,89.9,79.6,17.0,2
2022-11-22,d63b63612407,75.5,71.7,1.0,2
2022-11-22,0f088adedda3,89.9,79.6,19.0,2
2022-11-22,f9a3c3989726,125.9,110.2,2.0,2
2022-11-22,69801cc3f4b4,312.0,208.5,2.0,2
2022-11-20,118f7e5cc636,149.0,56.7,2.0,2
2022-11-20,8b49288f5fd4,109.0,70.1,2.0,2
2022-11-20,d63b63612407,75.5,71.7,2.0,2
2022-11-20,0f088adedda3,89.9,79.6,17.0,2
2022-11-20,d5edd8ff439a,149.0,97.4,2.0,2
2022-11-20,081f2cf4afc8,279.0,156.0,1.0,2
2022-11-20,e60d890f2812,389.0,237.8,2.0,2
2022-11-20,17abde81f33d,469.0,296.4,1.0,2
2022-11-20,f049b16ba53a,699.0,322.7,1.0,2
2022-11-20,291d60da77b1,549.0,332.3,1.0,2
2022-11-20,74d6ed799e21,529.0,341.7,2.0,2
2022-11-20,4849cb059ba3,549.0,343.8,1.0,2
2022-11-20,2ffa9c1bf905,569.0,365.2,1.0,2
2022-11-20,9d04914a7333,849.9,556.7,1.0,2
2022-11-25,95879f411e24,65.5,64.9,1.0,2
2022-11-25,0f088adedda3,89.9,79.6,21.0,2
2022-11-25,74d6ed799e21,529.0,341.7,2.0,2
2022-11-25,9d04914a7333,849.9,556.7,2.0,2
2022-11-23,389412076801,179.9,53.8,2.0,2
2022-11-23,0e39cf5d57c1,149.0,59.2,3.0,2
2022-11-23,95879f411e24,65.5,64.9,4.0,2
2022-11-23,0f088adedda3,89.9,79.6,32.0,2
2022-11-23,c3af0e2407f3,239.0,157.1,5.0,2
2022-11-23,e60d890f2812,389.0,237.8,3.0,2
2022-11-23,17abde81f33d,469.0,296.4,1.0,2
2022-11-23,4cf0bb777594,469.0,324.6,1.0,2
2022-11-23,830dfe173dd6,519.0,336.1,1.0,2
2022-11-23,74d6ed799e21,529.0,341.7,1.0,2
2022-11-27,95879f411e24,65.5,64.9,5.0,2
2022-11-27,de04645e9c49,99.0,69.9,3.0,2
2022-11-27,d63b63612407,159.0,71.7,1.0,2
2022-11-27,0f088adedda3,89.9,79.6,19.0,2
2022-11-27,3a95d538a917,229.9,85.5,6.0,2
2022-11-27,d5edd8ff439a,149.0,97.4,1.0,2
2022-11-27,081f2cf4afc8,279.0,156.0,1.0,2
2022-11-27,c3af0e2407f3,239.0,157.1,5.0,2
2022-11-27,44dba4d4d441,309.0,182.4,3.0,2
2022-11-27,e60d890f2812,389.0,237.8,1.0,2
2022-11-27,1dc20c4f962f,399.0,252.5,3.0,2
2022-11-27,d6467e3c8762,399.9,257.2,3.0,2
2022-11-27,a9d8c085adc0,539.0,265.6,2.0,2
2022-11-27,4cf0bb777594,469.0,324.6,1.0,2
2022-11-27,291d60da77b1,549.9,332.3,6.0,2
2022-11-27,74d6ed799e21,529.0,341.7,4.0,2
2022-11-27,4849cb059ba3,549.0,343.8,1.0,2
2022-11-27,5103353a560a,569.0,377.8,1.0,2
2022-11-27,6135bfd00200,549.9,394.2,3.0,2
2022-11-27,917bc7e4537e,854.5,569.7,2.0,2
2022-11-29,0e39cf5d57c1,149.0,59.2,3.0,2
2022-11-29,44c942fe217c,519.0,196.2,3.0,2
2022-11-29,f611e25fa53a,549.0,253.7,1.0,2
2022-11-29,a9d8c085adc0,539.0,265.6,2.0,2
2022-11-29,f049b16ba53a,699.0,322.7,1.0,2
2022-11-09,8b49288f5fd4,109.0,70.1,1.0,2
2022-11-09,a9d8c085adc0,539.0,268.4,1.0,2
2022-12-01,389412076801,179.0,53.8,9.0,2
2022-12-01,118f7e5cc636,149.0,56.7,9.0,2
2022-12-01,0e39cf5d57c1,149.0,59.2,7.0,2
2022-12-01,95879f411e24,199.0,64.9,7.0,2
2022-12-01,de04645e9c49,99.0,69.9,2.0,2
2022-12-01,44dba4d4d441,309.0,182.4,1.0,2
2022-12-01,44c942fe217c,519.0,196.2,4.0,2
2022-12-01,e60d890f2812,389.0,237.8,3.0,2
2022-12-01,f611e25fa53a,549.0,253.7,1.0,2
2022-12-01,a9d8c085adc0,539.0,265.6,3.0,2
2022-12-01,17abde81f33d,469.0,296.4,1.0,2
2022-12-01,4cf0bb777594,469.0,324.6,2.0,2
2022-12-01,830dfe173dd6,519.0,336.1,1.0,2
2022-12-03,389412076801,179.0,53.8,3.0,2
2022-12-03,95879f411e24,199.0,64.9,2.0,2
2022-12-03,a9d8c085adc0,539.0,265.6,2.0,2
2022-12-03,17abde81f33d,469.0,296.4,3.0,2
2022-12-03,ebd0004b28f9,749.0,524.3,2.0,2
2022-12-03,9d04914a7333,849.0,556.7,2.0,2
2022-12-05,5b6e2258a2a9,49.9,39.0,9.0,2
2022-12-05,95879f411e24,199.0,64.9,1.0,2
2022-12-05,3a95d538a917,229.0,85.5,3.0,2
2022-12-05,c3af0e2407f3,239.0,157.1,2.0,2
2022-12-05,44dba4d4d441,309.0,182.4,2.0,2
2022-12-05,17abde81f33d,469.0,296.4,3.0,2
2022-12-05,4cf0bb777594,469.0,324.6,2.0,2
2022-12-05,291d60da77b1,549.0,332.3,2.0,2
2022-12-05,5103353a560a,569.0,377.8,2.0,2
2022-11-24,389412076801,179.9,53.8,2.0,2
2022-11-24,95879f411e24,65.5,64.9,3.0,2
2022-11-24,0f088adedda3,89.9,79.6,19.0,2
2022-11-24,d5edd8ff439a,149.0,97.4,1.0,2
2022-11-24,c3af0e2407f3,239.0,157.1,2.0,2
2022-11-24,44dba4d4d441,309.0,182.4,1.0,2
2022-11-24,e60d890f2812,389.0,237.8,2.0,2
2022-11-24,17abde81f33d,469.0,296.4,1.0,2
2022-11-24,291d60da77b1,549.9,332.3,1.0,2
2022-11-24,74d6ed799e21,529.0,341.7,3.0,2
2022-11-24,9d04914a7333,849.9,556.7,2.0,2
2022-12-02,23d4d01fcbbd,49.0,34.6,1.0,2
2022-12-02,389412076801,179.0,53.8,5.0,2
2022-12-02,118f7e5cc636,149.0,56.7,1.0,2
2022-12-02,95879f411e24,199.0,64.9,5.0,2
2022-12-02,de04645e9c49,99.0,69.9,2.0,2
2022-12-02,e60d890f2812,389.0,237.8,2.0,2
2022-12-02,a9d8c085adc0,539.0,265.6,1.0,2
2022-12-02,17abde81f33d,469.0,296.4,4.0,2
2022-12-02,4cf0bb777594,469.0,324.6,1.0,2
2022-12-02,830dfe173dd6,519.0,336.1,2.0,2
2022-12-02,74d6ed799e21,529.0,341.7,2.0,2
2022-12-02,ebd0004b28f9,749.0,524.3,1.0,2
2022-12-02,9d04914a7333,849.0,556.7,1.0,2
2022-11-26,389412076801,179.9,53.8,3.0,2
2022-11-26,118f7e5cc636,149.0,56.7,2.0,2
2022-11-26,95879f411e24,65.5,64.9,3.0,2
2022-11-26,8b49288f5fd4,109.0,70.1,1.0,2
2022-11-26,d63b63612407,159.0,71.7,8.0,2
2022-11-26,bc2f82a22e11,189.9,77.7,4.0,2
2022-11-26,0f088adedda3,89.9,79.6,29.0,2
2022-11-26,3a95d538a917,229.9,85.5,2.0,2
2022-11-26,d5edd8ff439a,149.0,97.4,1.0,2
2022-11-26,081f2cf4afc8,279.0,156.0,5.0,2
2022-11-26,c3af0e2407f3,239.0,157.1,3.0,2
2022-11-26,44c942fe217c,519.0,196.2,4.0,2
2022-11-26,e60d890f2812,389.0,237.8,3.0,2
2022-11-26,1dc20c4f962f,399.0,252.5,3.0,2
2022-11-26,f611e25fa53a,549.0,253.7,1.0,2
2022-11-26,d6467e3c8762,399.9,257.2,2.0,2
2022-11-26,a9d8c085adc0,539.0,265.6,1.0,2
2022-11-26,17abde81f33d,469.0,296.4,2.0,2
2022-11-26,291d60da77b1,549.9,332.3,2.0,2
2022-11-26,74d6ed799e21,529.0,341.7,1.0,2
2022-11-26,4849cb059ba3,549.0,343.8,2.0,2
2022-11-26,977dfbff21d8,537.5,358.4,1.0,2
2022-11-26,f30791cd84ea,499.0,359.1,1.0,2
2022-11-26,2ffa9c1bf905,569.0,365.2,2.0,2
2022-11-26,5103353a560a,569.0,377.8,4.0,2
2022-11-26,6135bfd00200,549.9,394.2,3.0,2
2022-11-26,9d04914a7333,849.9,556.7,2.0,2
2022-11-28,de04645e9c49,99.0,69.9,1.0,2
2022-11-28,8b49288f5fd4,109.0,70.1,1.0,2
2022-11-28,d63b63612407,159.0,71.7,1.0,2
2022-11-28,0f088adedda3,89.9,79.6,8.0,2
2022-11-28,c3af0e2407f3,239.0,157.1,1.0,2
2022-11-28,44dba4d4d441,309.0,182.4,1.0,2
2022-11-28,6135bfd00200,549.0,394.2,1.0,2
2022-11-30,0f088adedda3,89.9,79.6,28.0,2
2022-11-30,f611e25fa53a,549.0,253.7,1.0,2
2022-11-30,291d60da77b1,549.0,332.3,2.0,2
2022-11-30,4849cb059ba3,549.0,343.8,2.0,2
2022-12-04,95879f411e24,199.0,64.9,3.0,2
2022-12-04,d63b63612407,159.0,71.7,3.0,2
2022-12-04,3a95d538a917,229.0,85.5,2.0,2
2022-12-04,c3af0e2407f3,239.0,157.1,3.0,2
2022-12-04,1dc20c4f962f,399.0,252.5,1.0,2
2022-12-04,f611e25fa53a,549.0,253.7,2.0,2
2022-12-04,d6467e3c8762,399.0,257.2,1.0,2
2022-12-04,a9d8c085adc0,539.0,265.6,5.0,2
2022-12-04,fb45888e228e,569.0,287.9,3.0,2
2022-12-04,17abde81f33d,469.0,296.4,3.0,2
2022-12-04,4cf0bb777594,469.0,324.6,1.0,2
2022-12-04,291d60da77b1,549.0,332.3,2.0,2
2022-12-04,4849cb059ba3,549.0,343.8,2.0,2
2022-12-04,6135bfd00200,549.0,394.2,3.0,2
2022-12-04,ebd0004b28f9,749.0,524.3,1.0,2
2022-12-10,12b090e79bd8,49.9,39.0,3.0,2
2022-12-10,118f7e5cc636,149.0,56.9,4.0,2
2022-12-10,0e39cf5d57c1,149.0,59.0,5.0,2
2022-12-10,44c942fe217c,519.0,194.7,1.0,2
2022-12-10,fb45888e228e,569.0,290.7,1.0,2
2022-12-10,4cf0bb777594,469.0,324.6,1.0,2
2022-12-08,12b090e79bd8,49.9,39.0,8.0,2
2022-12-08,5b6e2258a2a9,49.9,39.0,5.0,2
2022-12-08,e7ff6ea67040,199.0,105.6,1.0,2
2022-12-12,12b090e79bd8,49.9,39.0,3.0,2
2022-12-12,5b6e2258a2a9,49.9,39.0,3.0,2
2022-12-07,5b6e2258a2a9,49.9,39.0,5.0,2
2022-12-07,118f7e5cc636,149.0,56.7,3.0,2
2022-12-07,0e39cf5d57c1,149.0,59.2,3.0,2
2022-12-07,8b49288f5fd4,109.0,70.1,3.0,2
2022-12-07,d63b63612407,159.0,71.7,1.0,2
2022-12-07,e7ff6ea67040,179.0,105.6,7.0,2
2022-12-07,44c942fe217c,519.0,196.2,4.0,2
2022-12-07,f611e25fa53a,549.0,253.7,2.0,2
2022-12-07,a9d8c085adc0,539.0,265.6,4.0,2
2022-12-07,291d60da77b1,549.0,332.3,1.0,2
2022-12-07,830dfe173dd6,519.0,336.1,2.0,2
2022-12-11,95879f411e24,199.0,64.4,5.0,2
2022-12-11,5a5407b58696,139.9,126.31,4.0,2
2022-12-11,67659614acf5,199.9,131.51,1.0,2
2022-12-06,12b090e79bd8,49.9,39.0,1.0,2
2022-12-06,5b6e2258a2a9,49.9,39.0,13.0,2
2022-12-06,118f7e5cc636,149.0,56.7,4.0,2
2022-12-06,0e39cf5d57c1,149.0,59.2,4.0,2
2022-12-06,8b49288f5fd4,109.0,70.1,1.0,2
2022-12-06,d63b63612407,159.0,71.7,2.0,2
2022-12-06,3a95d538a917,229.0,85.5,2.0,2
2022-12-06,44c942fe217c,519.0,196.2,3.0,2
2022-12-06,f611e25fa53a,549.0,253.7,1.0,2
2022-12-06,f049b16ba53a,699.0,322.7,2.0,2
2022-12-06,4cf0bb777594,469.0,324.6,1.0,2
2022-12-09,12b090e79bd8,49.9,39.0,1.0,2
2022-12-09,5b6e2258a2a9,49.9,39.0,4.0,2
2022-12-09,389412076801,179.0,52.9,10.0,2
2022-12-09,0e39cf5d57c1,149.0,59.0,6.0,2
2022-12-09,95879f411e24,199.0,64.4,8.0,2
2022-12-09,44dba4d4d441,309.0,182.4,1.0,2
2022-12-09,44c942fe217c,519.0,194.7,5.0,2
2022-12-09,4cf0bb777594,469.0,324.6,1.0,2
2022-12-09,830dfe173dd6,519.0,336.1,1.0,2
2022-12-13,b50aada81f7e,235.0,235.0,1.0,2
2022-12-13,c091ffa80dcc,235.0,235.0,3.0,2
2022-12-13,7a37ac519f81,250.0,250.0,3.0,2
2022-12-14,5b6e2258a2a9,49.9,39.0,1.0,2
2022-12-14,263763ed2e81,119.0,75.0,1.0,2
2022-12-14,701044a0780f,139.0,90.0,1.0,2
2022-12-14,081f2cf4afc8,279.0,156.0,1.0,2
2022-12-14,c3af0e2407f3,239.0,157.1,1.0,2
2022-12-14,e60d890f2812,389.0,237.8,1.0,2
2022-12-14,7a37ac519f81,250.0,250.0,1.0,2
2022-12-14,1dc20c4f962f,399.0,252.5,1.0,2
2022-12-14,a9d8c085adc0,539.0,270.2,2.0,2
2022-12-14,17abde81f33d,469.0,296.4,1.0,2
2022-12-14,6135bfd00200,549.0,394.2,1.0,2
2022-12-15,c3af0e2407f3,239.0,157.1,2.0,2
2022-12-15,1dc20c4f962f,399.0,252.5,2.0,2
2022-12-18,95879f411e24,199.0,64.4,3.0,2
2022-12-18,de04645e9c49,99.0,69.9,2.0,2
2022-12-18,d63b63612407,159.0,71.7,1.0,2
2022-12-18,3a95d538a917,229.0,84.9,2.0,2
2022-12-18,f0c2857afa61,199.0,87.2,1.0,2
2022-12-18,44dba4d4d441,309.0,182.4,1.0,2
2022-12-18,44c942fe217c,519.0,194.7,1.0,2
2022-12-18,4cf0bb777594,469.0,324.6,2.0,2
2022-12-18,f049b16ba53a,699.0,327.8,1.0,2
2022-12-18,291d60da77b1,549.0,332.3,1.0,2
2022-12-18,4849cb059ba3,549.0,343.8,1.0,2
2022-12-18,6135bfd00200,549.0,394.2,2.0,2
2022-12-19,de04645e9c49,99.0,69.9,1.0,2
2022-12-16,3a95d538a917,229.0,84.9,4.0,2
2022-12-16,c3af0e2407f3,239.0,157.1,1.0,2
2022-12-16,5f374ff262c9,320.0,184.5,1.0,2
2022-12-16,70c443d6e4d4,338.0,198.2,2.0,2
2022-12-16,1dc20c4f962f,399.0,252.5,2.0,2
2022-12-16,4cf0bb777594,469.0,324.6,1.0,2
2022-12-16,830dfe173dd6,519.0,336.1,1.0,2
2022-12-16,76c18abd8f7c,519.9,358.7,1.0,2
2022-12-16,2ffa9c1bf905,569.0,365.2,1.0,2
2022-12-20,389412076801,179.0,52.9,6.0,2
2022-12-20,95879f411e24,199.0,64.4,6.0,2
2022-12-20,e99098466529,119.0,75.0,2.0,2
2022-12-20,263763ed2e81,119.0,75.0,1.0,2
2022-12-20,f0c2857afa61,199.0,87.2,5.0,2
2022-12-20,e7ff6ea67040,199.0,105.1,3.0,2
2022-12-20,f94c4dcd74ca,219.0,145.0,1.0,2
2022-12-20,44dba4d4d441,309.0,182.4,1.0,2
2022-12-20,e543032aa239,349.0,235.0,1.0,2
2022-12-20,e60d890f2812,389.0,237.8,2.0,2
2022-12-20,f049b16ba53a,699.0,327.8,1.0,2
2022-12-20,6135bfd00200,549.0,394.2,1.0,2
2022-12-20,8692ad0cb38d,599.0,400.0,1.0,2
2022-12-20,ebd0004b28f9,749.0,524.3,1.0,2
2022-12-17,44c942fe217c,519.0,194.7,1.0,2
2022-12-17,17abde81f33d,469.0,296.4,1.0,2
2022-12-17,4cf0bb777594,469.0,324.6,1.0,2
2022-12-17,830dfe173dd6,519.0,336.1,1.0,2
2022-12-17,76c18abd8f7c,519.9,358.7,1.0,2
2022-12-17,6135bfd00200,549.0,394.2,1.0,2
2022-12-22,de04645e9c49,99.0,69.9,2.0,2
2022-12-22,2fc222dd941b,179.9,104.0,2.0,2
2022-12-22,081f2cf4afc8,279.0,156.0,1.0,2
2022-12-22,c3af0e2407f3,239.0,157.1,2.0,2
2022-12-22,44dba4d4d441,309.0,182.4,1.0,2
2022-12-22,f049b16ba53a,699.0,327.8,1.0,2
2022-12-22,830dfe173dd6,519.0,336.1,1.0,2
2022-12-22,2ffa9c1bf905,569.0,365.2,1.0,2
2022-12-22,6135bfd00200,549.0,394.2,2.0,2
2022-12-27,0ac73db467f6,69.9,31.8,1.0,2
2022-12-27,95879f411e24,189.0,64.4,6.0,2
2022-12-27,8b49288f5fd4,99.0,70.1,1.0,2
2022-12-27,c3af0e2407f3,239.0,157.1,1.0,2
2022-12-27,44c942fe217c,519.0,194.7,1.0,2
2022-12-27,f611e25fa53a,549.0,251.4,1.0,2
2022-12-27,d6467e3c8762,399.0,257.2,1.0,2
2022-12-27,a9d8c085adc0,539.0,270.2,1.0,2
2022-12-27,f049b16ba53a,699.0,327.8,2.0,2
2022-12-24,0ac73db467f6,69.9,31.8,1.0,2
2022-12-24,2fc222dd941b,179.9,104.0,1.0,2
2022-12-29,389412076801,179.0,52.9,4.0,2
2022-12-29,0e39cf5d57c1,149.0,59.0,2.0,2
2022-12-29,bc2f82a22e11,189.0,78.5,3.0,2
2022-12-29,3a95d538a917,229.0,84.9,1.0,2
2022-12-29,081f2cf4afc8,279.0,156.0,2.0,2
2022-12-29,c3af0e2407f3,239.0,157.1,4.0,2
2022-12-29,1dc20c4f962f,399.0,252.5,1.0,2
2022-12-29,830dfe173dd6,519.0,336.1,1.0,2
2022-12-29,76c18abd8f7c,519.0,358.7,1.0,2
2022-12-26,389412076801,179.0,52.9,1.0,2
2022-12-26,95879f411e24,189.0,64.4,3.0,2
2022-12-26,8b49288f5fd4,99.0,70.1,1.0,2
2022-12-26,d63b63612407,159.0,71.7,3.0,2
2022-12-26,d5edd8ff439a,149.0,97.4,1.0,2
2022-12-26,c3af0e2407f3,239.0,157.1,2.0,2
2022-12-26,0800028738ec,359.9,196.9,1.0,2
2022-12-26,f049b16ba53a,699.0,327.8,2.0,2
2022-12-23,0ac73db467f6,69.9,31.8,1.0,2
2022-12-23,2fc222dd941b,179.9,104.0,3.0,2
2022-12-23,081f2cf4afc8,279.0,156.0,1.0,2
2022-12-23,44dba4d4d441,309.0,182.4,2.0,2
2022-12-23,d6467e3c8762,399.0,257.2,1.0,2
2022-12-23,830dfe173dd6,519.0,336.1,1.0,2
2022-12-30,081f2cf4afc8,279.0,156.0,1.0,2
2022-12-30,c3af0e2407f3,239.0,157.1,2.0,2
2022-12-30,44dba4d4d441,309.0,182.4,2.0,2
2022-12-30,f611e25fa53a,549.0,251.4,1.0,2
2022-12-30,17abde81f33d,469.0,296.4,1.0,2
2022-12-30,291d60da77b1,549.0,332.3,1.0,2
2022-12-30,830dfe173dd6,519.0,336.1,1.0,2
2022-12-30,6135bfd00200,579.0,394.2,3.0,2
2022-12-31,de04645e9c49,99.0,69.9,4.0,2
2022-12-31,44dba4d4d441,309.0,182.4,2.0,2
2022-12-31,aeeec4788cf5,349.0,230.0,1.0,2
2022-12-31,e543032aa239,349.0,235.0,1.0,2
2022-12-31,f611e25fa53a,549.0,251.4,2.0,2
2022-12-31,a9d8c085adc0,539.0,270.2,1.0,2
2022-12-31,17abde81f33d,469.0,296.4,3.0,2
2022-12-31,5103353a560a,569.0,377.8,2.0,2
2022-12-31,b7019e8ee1d7,599.0,385.0,1.0,2
2022-12-31,e7a79d5847b2,599.0,385.0,3.0,2
2022-12-31,8692ad0cb38d,599.0,400.0,1.0,2
2022-12-25,aa7c4161e50b,389.9,271.1,1.0,2
2022-12-28,389412076801,179.0,52.9,6.0,2
2022-12-28,95879f411e24,189.0,64.4,4.0,2
2022-12-28,8b49288f5fd4,99.0,70.1,3.0,2
2022-12-28,bc2f82a22e11,189.0,78.5,3.0,2
2022-12-28,44c942fe217c,519.0,194.7,1.0,2
2022-12-28,f611e25fa53a,549.0,251.4,2.0,2
2022-12-28,d6467e3c8762,399.0,257.2,1.0,2
2022-12-28,4849cb059ba3,549.0,343.8,1.0,2
2022-12-28,76c18abd8f7c,519.0,358.7,1.0,2
2023-01-02,436fa1e85a26,29.9,20.0,4.0,2
2023-01-02,de04645e9c49,99.0,69.9,1.0,2
2023-01-02,3a95d538a917,229.0,84.9,2.0,2
2023-01-02,1dc20c4f962f,399.0,252.5,2.0,2
2023-01-02,74d6ed799e21,519.0,341.7,1.0,2
2023-01-05,436fa1e85a26,29.9,20.0,10.0,2
2023-01-05,8c7f6b92e34d,520.0,347.0,1.0,2
2023-01-05,6135bfd00200,579.0,394.2,1.0,2
2023-01-05,0b0bf97fbba3,1537.0,1025.0,1.0,2
2023-01-04,436fa1e85a26,29.9,20.0,14.0,2
2023-01-04,118f7e5cc636,149.0,56.9,4.0,2
2023-01-04,de04645e9c49,99.0,69.9,2.0,2
2023-01-04,3a95d538a917,229.0,84.9,5.0,2
2023-01-04,d6467e3c8762,399.0,257.2,1.0,2
2023-01-04,830dfe173dd6,519.0,336.1,2.0,2
2023-01-04,74d6ed799e21,519.0,341.7,3.0,2
2023-01-04,6135bfd00200,579.0,394.2,3.0,2
2023-01-04,0b0bf97fbba3,1537.0,1025.0,1.0,2
2023-01-03,436fa1e85a26,29.9,20.0,18.0,2
2023-01-03,389412076801,179.0,52.9,10.0,2
2023-01-03,118f7e5cc636,149.0,56.9,5.0,2
2023-01-03,de04645e9c49,99.0,69.9,1.0,2
2023-01-03,bc2f82a22e11,189.0,78.5,5.0,2
2023-01-03,3a95d538a917,229.0,84.9,13.0,2
2023-01-03,ab7c342ea696,169.9,137.8,1.0,2
2023-01-03,64a5835fe5ed,146.9,146.9,1.0,2
2023-01-03,c3af0e2407f3,239.0,157.1,1.0,2
2023-01-03,e60d890f2812,389.0,237.8,1.0,2
2023-01-03,1dc20c4f962f,399.0,252.5,4.0,2
2023-01-03,17abde81f33d,469.0,296.4,1.0,2
2023-01-03,291d60da77b1,549.0,332.3,1.0,2
2023-01-03,74d6ed799e21,519.0,341.7,1.0,2
2023-01-03,6135bfd00200,579.0,394.2,1.0,2
2023-01-03,9d04914a7333,849.0,556.7,1.0,2
2023-01-01,de04645e9c49,99.0,69.9,1.0,2
2023-01-01,d63b63612407,159.0,71.7,2.0,2
2023-01-01,f49e5bfd8760,172.0,115.2,3.0,2
2023-01-01,c3af0e2407f3,239.0,157.1,4.0,2
2023-01-01,44dba4d4d441,309.0,182.4,4.0,2
2023-01-01,f611e25fa53a,549.0,251.4,1.0,2
2023-01-01,1dc20c4f962f,399.0,252.5,1.0,2
2023-01-01,830dfe173dd6,519.0,336.1,1.0,2
2023-01-01,2ffa9c1bf905,569.0,365.2,1.0,2
2023-01-01,b7019e8ee1d7,599.0,385.0,1.0,2
2023-01-01,6b4be032ebf6,689.0,455.8,2.0,2
2023-01-01,b98730438166,762.0,508.4,1.0,2
2023-01-09,436fa1e85a26,29.9,20.0,10.0,2
2023-01-09,2ffa9c1bf905,569.0,365.2,2.0,2
2023-01-08,436fa1e85a26,29.9,20.0,35.0,2
2023-01-08,118f7e5cc636,149.0,56.9,3.0,2
2023-01-08,bc2f82a22e11,189.0,78.5,4.0,2
2023-01-08,3a95d538a917,229.0,84.9,2.0,2
2023-01-08,c0a8dcca7cdb,199.9,176.95,1.0,2
2023-01-08,7b8f2b74e368,259.9,189.2,2.0,2
2023-01-08,e60d890f2812,389.0,237.8,5.0,2
2023-01-08,4cf0bb777594,469.0,324.6,1.0,2
2023-01-08,830dfe173dd6,519.0,336.1,2.0,2
2023-01-08,2ffa9c1bf905,569.0,365.2,4.0,2
2023-01-10,436fa1e85a26,29.9,20.0,52.0,2
2023-01-10,3a95d538a917,229.0,84.9,4.0,2
2023-01-10,081f2cf4afc8,279.0,156.0,2.0,2
2023-01-10,c3af0e2407f3,239.0,157.1,4.0,2
2023-01-10,f049b16ba53a,699.0,327.8,1.0,2
2023-01-10,2ffa9c1bf905,569.0,365.2,1.0,2
2023-01-10,b7019e8ee1d7,599.0,385.0,1.0,2
2023-01-06,436fa1e85a26,29.9,20.0,7.0,2
2023-01-06,bc2f82a22e11,189.0,78.5,4.0,2
2023-01-06,e60d890f2812,389.0,237.8,5.0,2
2023-01-06,830dfe173dd6,519.0,336.1,2.0,2
2023-01-06,2ffa9c1bf905,569.0,365.2,1.0,2
2023-01-06,6135bfd00200,579.0,394.2,1.0,2
2023-01-06,c528b51078ed,739.0,487.7,2.0,2
2023-01-06,b98730438166,762.0,508.4,2.0,2
2023-01-07,436fa1e85a26,29.9,20.0,6.0,2
2023-01-07,118f7e5cc636,149.0,56.9,4.0,2
2023-01-07,8b49288f5fd4,99.0,70.1,1.0,2
2023-01-07,bc2f82a22e11,189.0,78.5,4.0,2
2023-01-07,d5edd8ff439a,149.0,97.4,1.0,2
2023-01-07,871adff07068,229.9,188.0,2.0,2
2023-01-07,2ffa9c1bf905,569.0,365.2,2.0,2
2023-01-12,436fa1e85a26,29.9,20.0,7.0,2
2023-01-12,17abde81f33d,469.0,296.4,1.0,2
2023-01-12,291d60da77b1,549.0,332.3,1.0,2
2023-01-12,2ffa9c1bf905,569.0,365.2,1.0,2
2023-01-12,6135bfd00200,579.0,394.2,1.0,2
2023-01-15,44c942fe217c,519.0,194.7,1.0,2
2023-01-15,f611e25fa53a,549.0,251.4,1.0,2
2023-01-15,1dc20c4f962f,399.0,252.5,2.0,2
2023-01-15,291d60da77b1,549.0,332.3,1.0,2
2023-01-15,830dfe173dd6,519.0,336.1,2.0,2
2023-01-15,4849cb059ba3,549.0,343.8,1.0,2
2023-01-15,5103353a560a,569.0,377.8,1.0,2
2023-01-15,6135bfd00200,579.0,394.2,2.0,2
2023-01-16,6cf889587a48,139.9,106.9,1.0,2
2023-01-11,436fa1e85a26,29.9,20.0,5.0,2
2023-01-11,0e39cf5d57c1,129.0,59.0,10.0,2
2023-01-11,3a95d538a917,229.0,84.9,1.0,2
2023-01-11,8c270c4efbfe,169.9,132.5,2.0,2
2023-01-11,17abde81f33d,469.0,296.4,1.0,2
2023-01-11,291d60da77b1,549.0,332.3,2.0,2
2023-01-11,6135bfd00200,579.0,394.2,2.0,2
2023-01-11,9d04914a7333,849.0,556.7,2.0,2
2023-01-20,3897942025b4,99.9,60.5,1.0,2
2023-01-20,a22c79c7ea5b,149.9,88.65,2.0,2
2023-01-17,bc2f82a22e11,189.0,78.6,1.0,2
2023-01-17,081f2cf4afc8,279.0,156.0,2.0,2
2023-01-17,e543032aa239,349.0,235.0,1.0,2
2023-01-17,4cf0bb777594,469.0,324.6,1.0,2
2023-01-21,3897942025b4,99.9,60.5,1.0,2
2023-01-19,a22c79c7ea5b,149.9,88.65,1.0,2
2023-01-19,e57d25d6d6f8,129.9,95.0,1.0,2
2023-01-22,95879f411e24,189.0,65.6,3.0,2
2023-01-22,de04645e9c49,99.0,69.9,1.0,2
2023-01-22,d63b63612407,159.0,71.9,3.0,2
2023-01-22,e99098466529,119.0,75.0,1.0,2
2023-01-22,263763ed2e81,119.0,75.0,1.0,2
2023-01-22,3a95d538a917,229.0,86.0,3.0,2
2023-01-22,d5edd8ff439a,149.0,97.4,2.0,2
2023-01-22,5a5407b58696,159.9,136.2,2.0,2
2023-01-22,16595f04c026,209.9,151.8,2.0,2
2023-01-22,c3af0e2407f3,239.0,157.1,2.0,2
2023-01-22,1aec5a844fb1,229.9,192.0,0.81,2
2023-01-22,3e2949d4dec7,269.9,213.1,1.0,2
2023-01-22,43d9a3c7f7eb,299.9,216.2,4.8,2
2023-01-22,75e3f62c174d,519.0,347.7,1.0,2
2023-01-22,5103353a560a,569.0,377.8,1.0,2
2023-01-22,e7a79d5847b2,599.0,385.0,1.0,2
2023-01-22,6135bfd00200,579.0,394.2,1.0,2
2023-01-22,8692ad0cb38d,599.0,400.0,1.0,2
2023-01-23,c66c268dac60,68.0,46.9,1.0,2
2023-01-23,de04645e9c49,99.0,69.9,1.0,2
2023-01-23,8b49288f5fd4,99.0,70.1,3.0,2
2023-01-23,d5edd8ff439a,149.0,97.4,1.0,2
2023-01-23,64a5835fe5ed,169.9,128.66,3.0,2
2023-01-23,5a5407b58696,159.9,136.2,1.0,2
2023-01-23,c3af0e2407f3,239.0,157.1,1.0,2
2023-01-23,1aec5a844fb1,229.9,192.0,3.3,2
2023-01-23,a9d8c085adc0,539.0,268.0,2.0,2
2023-01-23,4cf0bb777594,469.0,324.6,1.0,2
2023-01-23,f049b16ba53a,699.0,330.5,1.0,2
2023-01-23,291d60da77b1,549.0,332.3,1.0,2
2023-01-23,830dfe173dd6,519.0,336.1,1.0,2
2023-01-23,74d6ed799e21,519.0,341.7,1.0,2
2023-01-29,d63b63612407,159.0,71.9,2.0,2
2023-01-29,e9a9078df42c,179.9,128.7,1.0,2
2023-01-29,b7c8d73deff0,229.9,137.5,1.0,2
2023-01-29,1041d7b54476,249.9,165.0,1.0,2
2023-01-25,389412076801,179.0,53.7,4.0,2
2023-01-25,95879f411e24,189.0,65.6,3.0,2
2023-01-25,8b49288f5fd4,99.0,70.1,2.0,2
2023-01-25,3a95d538a917,229.0,86.0,9.0,2
2023-01-25,081f2cf4afc8,279.0,156.0,2.0,2
2023-01-25,df06cb5acc9e,229.9,165.08,5.0,2
2023-01-25,f611e25fa53a,549.0,257.2,1.0,2
2023-01-25,17abde81f33d,469.0,296.4,1.0,2
2023-01-25,291d60da77b1,549.0,332.3,1.0,2
2023-01-25,2ffa9c1bf905,569.0,365.2,1.0,2
2023-01-25,6135bfd00200,579.0,394.2,1.0,2
2023-01-25,9d04914a7333,849.0,556.7,2.0,2
2023-01-27,d34ff3fc5149,59.9,35.7,1.0,2
2023-01-27,c223305352ef,99.9,48.2,2.0,2
2023-01-27,23bc1d9af9e7,99.9,48.2,2.0,2
2023-01-27,4ef9b707a410,99.9,48.2,1.0,2
2023-01-27,9e780c68b6c1,99.9,48.2,1.0,2
2023-01-27,819b7948e314,159.9,53.8,1.0,2
2023-01-27,95879f411e24,189.0,65.6,1.0,2
2023-01-27,3a95d538a917,229.0,86.0,2.0,2
2023-01-27,1c4ea6094b62,159.9,99.0,2.0,2
2023-01-27,d2a942a9ed4f,199.9,100.1,1.0,2
2023-01-27,49db7042ba7c,199.9,124.3,2.0,2
2023-01-27,e9a9078df42c,179.9,128.7,1.0,2
2023-01-27,b7c8d73deff0,229.9,137.5,3.0,2
2023-01-27,bcab6d206f55,259.9,157.3,1.0,2
2023-01-27,fc63899464fd,249.9,158.4,1.0,2
2023-01-27,1a956d768966,249.9,165.0,2.0,2
2023-01-27,c83891cba438,249.9,165.0,2.0,2
2023-01-27,ef1ea9b852d0,249.9,165.0,4.0,2
2023-01-27,beff8209281a,249.9,165.0,3.0,2
2023-01-27,71b07721f57b,217.5,179.0,1.64,2
2023-01-27,f611e25fa53a,549.0,257.2,1.0,2
2023-01-27,a9d8c085adc0,539.0,268.0,1.0,2
2023-01-24,d5edd8ff439a,149.0,97.4,3.0,2
2023-01-24,64a5835fe5ed,169.9,128.66,2.0,2
2023-01-24,5a5407b58696,159.9,136.2,4.0,2
2023-01-24,c3af0e2407f3,239.0,157.1,3.0,2
2023-01-24,df06cb5acc9e,229.9,165.08,2.0,2
2023-01-24,0e87c5166c48,299.9,250.8,1.0,2
2023-01-24,d6467e3c8762,399.0,257.2,1.0,2
2023-01-24,291d60da77b1,549.0,332.3,1.0,2
2023-01-24,5103353a560a,569.0,377.8,1.0,2
2023-01-24,9d04914a7333,849.0,556.7,2.0,2
2023-01-30,d34ff3fc5149,59.9,35.7,1.0,2
2023-01-30,c223305352ef,99.9,48.2,2.0,2
2023-01-30,23bc1d9af9e7,99.9,48.2,1.0,2
2023-01-30,4ef9b707a410,99.9,48.2,2.0,2
2023-01-30,9e780c68b6c1,99.9,48.2,2.0,2
2023-01-30,95879f411e24,189.0,64.4,5.0,2
2023-01-30,8b49288f5fd4,99.0,70.1,2.0,2
2023-01-30,3a95d538a917,229.0,85.2,3.0,2
2023-01-30,d5edd8ff439a,149.0,97.4,2.0,2
2023-01-30,d2a942a9ed4f,199.9,100.1,2.0,2
2023-01-30,49db7042ba7c,199.9,124.3,2.0,2
2023-01-30,e9a9078df42c,179.9,128.7,1.0,2
2023-01-30,67659614acf5,199.9,131.5,2.0,2
2023-01-30,34b2eaf3d004,299.9,154.4,1.0,2
2023-01-30,fc63899464fd,249.9,158.4,2.0,2
2023-01-30,1a956d768966,249.9,165.0,1.0,2
2023-01-30,ef1ea9b852d0,249.9,165.0,1.0,2
2023-01-30,beff8209281a,249.9,165.0,1.0,2
2023-01-30,e543032aa239,349.0,235.0,1.0,2
2023-01-30,c091ffa80dcc,349.0,235.0,1.0,2
2023-01-30,7a37ac519f81,349.0,250.0,1.0,2
2023-01-30,f611e25fa53a,549.0,261.9,2.0,2
2023-01-30,a9d8c085adc0,539.0,266.7,2.0,2
2023-01-30,4849cb059ba3,549.0,343.8,1.0,2
2023-01-30,75e3f62c174d,519.0,347.7,1.0,2
2023-01-30,2ffa9c1bf905,569.0,365.2,1.0,2
2023-01-30,b7019e8ee1d7,599.0,385.0,2.0,2
2023-01-30,8692ad0cb38d,599.0,400.0,1.0,2
2023-01-28,d34ff3fc5149,59.9,35.7,3.0,2
2023-01-28,c223305352ef,99.9,48.2,5.0,2
2023-01-28,23bc1d9af9e7,99.9,48.2,5.0,2
2023-01-28,4ef9b707a410,99.9,48.2,5.0,2
2023-01-28,9e780c68b6c1,99.9,48.2,6.0,2
2023-01-28,d63b63612407,159.0,71.9,3.0,2
2023-01-28,aa7fc804c7cb,159.9,85.3,3.0,2
2023-01-28,1c4ea6094b62,159.9,99.0,2.0,2
2023-01-28,d2a942a9ed4f,199.9,100.1,1.0,2
2023-01-28,49db7042ba7c,199.9,124.3,5.0,2
2023-01-28,46d6de9f3377,199.9,124.3,1.0,2
2023-01-28,34b2eaf3d004,299.9,154.44,1.0,2
2023-01-28,bcab6d206f55,259.9,157.3,1.0,2
2023-01-28,1041d7b54476,249.9,165.0,3.0,2
2023-01-28,beff8209281a,249.9,165.0,1.0,2
2023-01-28,f611e25fa53a,549.0,257.2,2.0,2
2023-01-28,a9d8c085adc0,539.0,268.0,1.0,2
2023-01-28,291d60da77b1,549.0,332.3,2.0,2
2023-01-31,8b49288f5fd4,99.0,70.1,1.0,2
2023-01-31,263763ed2e81,119.0,75.0,1.0,2
2023-01-31,67659614acf5,199.9,131.5,1.0,2
2023-01-31,e543032aa239,349.0,235.0,1.0,2
2023-01-31,b50aada81f7e,349.0,235.0,2.0,2
2023-01-31,4cf0bb777594,469.0,324.6,1.0,2
2023-01-31,b7019e8ee1d7,599.0,385.0,1.0,2
2023-02-01,8b49288f5fd4,99.0,70.1,1.0,2
2023-02-01,d5edd8ff439a,149.0,97.4,2.0,2
2023-02-01,4cf0bb777594,469.0,324.6,2.0,2
2023-02-01,830dfe173dd6,519.0,336.1,1.0,2
2023-02-01,9d04914a7333,849.0,556.7,1.0,2
2023-01-26,49db7042ba7c,199.9,124.3,3.0,2
2023-01-26,46d6de9f3377,199.9,124.3,1.0,2
2023-01-26,e9a9078df42c,179.9,128.7,1.0,2
2023-01-26,b7c8d73deff0,229.9,137.5,2.0,2
2023-01-26,fc63899464fd,249.9,158.4,3.0,2
2023-01-26,1a956d768966,249.9,165.0,3.0,2
2023-01-26,ef1ea9b852d0,249.9,165.0,1.0,2
2023-01-26,beff8209281a,249.9,165.0,6.0,2
2023-02-04,e60d890f2812,389.0,237.8,2.0,2
2023-02-04,74d6ed799e21,519.0,341.7,1.0,2
2023-02-03,f95e21836202,459.0,305.5,1.0,2
2023-02-02,99731e1ff82a,189.9,110.0,1.0,2
2023-02-02,98b42c67a44a,269.9,191.9,1.0,2
2023-02-02,1dc20c4f962f,399.0,252.6,2.0,2
2023-02-02,18970ea350a5,429.9,374.0,1.0,2
2023-02-05,e99098466529,119.0,75.0,2.0,2
2023-02-05,263763ed2e81,119.0,75.0,1.0,2
2023-02-05,3a95d538a917,229.0,85.2,4.0,2
2023-02-05,b50aada81f7e,349.0,235.0,1.0,2
2023-02-05,c091ffa80dcc,349.0,235.0,1.0,2
2023-02-05,e60d890f2812,389.0,237.8,1.0,2
2023-02-05,17abde81f33d,469.0,296.4,1.0,2
2023-02-07,9d04914a7333,849.0,556.7,1.0,2
2023-02-14,389412076801,179.0,54.0,2.0,2
2023-02-14,118f7e5cc636,149.0,60.0,4.0,2
2023-02-14,0e39cf5d57c1,159.0,62.0,4.0,2
2023-02-14,bc2f82a22e11,189.0,78.4,5.0,2
2023-02-14,e7ff6ea67040,209.0,108.0,4.0,2
2023-02-14,c3af0e2407f3,239.0,157.1,3.0,2
2023-02-14,a691b95d7dc6,379.9,207.8,1.0,2
2023-02-14,442255b0595b,379.9,211.8,1.0,2
2023-02-14,f611e25fa53a,559.0,260.0,1.0,2
2023-02-14,35d240370ce2,599.9,322.0,3.475,2
2023-02-14,07fdf18565d1,479.9,333.0,1.075,2
2023-02-14,291d60da77b1,549.0,333.0,1.0,2
2023-02-14,76c18abd8f7c,529.0,360.0,2.0,2
2023-02-14,2d1cbda2960a,899.9,464.0,0.605,2
2023-02-10,73a988abdd46,99.9,63.4,1.0,2
2023-02-10,74d6ed799e21,519.0,341.7,1.0,2
2023-02-09,389412076801,179.0,53.3,3.0,2
2023-02-09,118f7e5cc636,149.0,57.6,1.0,2
2023-02-09,0e39cf5d57c1,149.0,61.7,5.0,2
2023-02-09,95879f411e24,189.0,64.4,2.0,2
2023-02-09,de04645e9c49,99.0,69.9,2.0,2
2023-02-09,d63b63612407,159.0,71.9,1.0,2
2023-02-09,bc2f82a22e11,189.0,78.4,3.0,2
2023-02-09,fb635a1f47b2,299.9,267.0,2.1,2
2023-02-08,44dba4d4d441,309.0,182.4,1.0,2
2023-02-08,f611e25fa53a,549.0,261.9,1.0,2
2023-02-08,9d04914a7333,849.0,556.7,2.0,2
2023-02-15,c3af0e2407f3,239.0,157.1,1.0,2
2023-02-15,259e38f576fc,459.9,321.0,1.415,2
2023-02-15,35d240370ce2,599.9,322.0,0.225,2
2023-02-15,07fdf18565d1,479.9,333.0,2.305,2
2023-02-15,2d1cbda2960a,899.9,464.0,1.07,2
2023-02-15,59191a8f20cf,899.9,618.0,0.3,2
2023-02-21,73a988abdd46,99.9,63.4,1.0,2
2023-02-21,f0c2857afa61,199.0,80.3,6.0,2
2023-02-21,44c942fe217c,529.0,196.6,2.0,2
2023-02-21,aeeec4788cf5,349.0,230.0,1.0,2
2023-02-21,f611e25fa53a,559.0,259.9,3.0,2
2023-02-21,fb45888e228e,589.0,290.2,3.0,2
2023-02-21,4cf0bb777594,479.0,324.6,1.0,2
2023-02-21,4849cb059ba3,559.0,343.8,1.0,2
2023-02-21,2ffa9c1bf905,569.0,365.2,2.0,2
2023-02-21,b7019e8ee1d7,599.0,385.0,2.0,2
2023-02-21,e7a79d5847b2,599.0,385.0,1.0,2
2023-02-21,e0688109aee9,799.9,420.0,1.905,2
2023-02-21,4dda944dca92,719.9,563.0,0.965,2
2023-02-21,dde2cd1a072c,729.9,643.0,0.115,2
2023-02-16,259e38f576fc,459.9,321.0,0.23,2
2023-02-16,07fdf18565d1,479.9,333.0,0.5,2
2023-02-16,2d1cbda2960a,899.9,464.0,0.28,2
2023-02-23,4dda944dca92,719.9,563.0,1.16,2
2023-02-20,389412076801,179.0,53.4,1.0,2
2023-02-20,d63b63612407,159.0,76.1,1.0,2
2023-02-20,d6467e3c8762,399.0,257.2,1.0,2
2023-02-20,4849cb059ba3,559.0,343.8,2.0,2
2023-02-20,75e3f62c174d,519.0,347.7,1.0,2
2023-02-20,e0688109aee9,799.9,420.0,0.205,2
2023-02-20,dde2cd1a072c,729.9,643.0,0.12,2
2023-02-22,389412076801,179.0,53.4,6.0,2
2023-02-22,118f7e5cc636,149.0,59.9,4.0,2
2023-02-22,95879f411e24,189.0,65.6,2.0,2
2023-02-22,d63b63612407,159.0,76.1,2.0,2
2023-02-22,bc2f82a22e11,189.0,78.4,4.0,2
2023-02-22,081f2cf4afc8,279.0,156.0,2.0,2
2023-02-22,44c942fe217c,529.0,196.6,4.0,2
2023-02-22,f611e25fa53a,559.0,259.9,4.0,2
2023-02-22,a9d8c085adc0,549.0,272.5,4.0,2
2023-02-22,fb45888e228e,589.0,290.2,3.0,2
2023-02-22,17abde81f33d,469.0,296.4,3.0,2
2023-02-22,4849cb059ba3,559.0,343.8,1.0,2
2023-02-22,76c18abd8f7c,529.0,358.7,5.0,2
2023-02-22,4dda944dca92,719.9,563.0,0.705,2
2023-02-13,35d240370ce2,599.9,322.0,0.43,2
2023-02-13,07fdf18565d1,479.9,333.0,2.03,2
2023-02-13,2d1cbda2960a,899.9,464.0,0.32,2
2023-02-13,59191a8f20cf,899.9,618.0,0.97,2
2023-02-26,f0c2857afa61,199.0,80.3,2.0,2
2023-02-26,3f0ab417808a,139.9,92.0,2.0,2
2023-02-26,f07bf65b250c,159.9,133.5,2.0,2
2023-02-26,4473ae144fde,179.9,134.0,1.0,2
2023-02-26,198b2a58cf6a,169.9,139.0,1.0,2
2023-02-26,26a246eb1230,259.9,234.0,1.0,2
2023-02-26,830dfe173dd6,519.0,336.1,1.0,2
2023-02-26,2ffa9c1bf905,569.0,365.2,2.0,2
2023-02-26,998a086ac062,759.9,414.0,0.54,2
2023-02-26,e3edcaf6533c,619.9,464.0,0.12,2
2023-02-26,9d75913f55d8,799.9,588.0,0.315,2
2023-02-27,118f7e5cc636,149.0,59.9,5.0,2
2023-02-27,bc2f82a22e11,189.0,78.4,3.0,2
2023-02-27,44c942fe217c,529.0,196.6,1.0,2
2023-02-27,fb45888e228e,589.0,290.2,1.0,2
2023-02-27,830dfe173dd6,519.0,336.1,1.0,2
2023-02-27,998a086ac062,759.9,414.0,0.68,2
2023-02-27,4dda944dca92,719.9,563.0,0.93,2
2023-02-27,9d75913f55d8,799.9,588.0,0.615,2
2023-02-28,389412076801,179.0,53.4,1.0,2
2023-02-28,118f7e5cc636,149.0,59.9,2.0,2
2023-02-28,bc2f82a22e11,189.0,78.4,3.0,2
2023-02-28,f0c2857afa61,199.0,80.3,2.0,2
2023-02-28,e7ff6ea67040,209.0,107.2,2.0,2
2023-02-28,aea8b6350476,259.9,194.4,2.0,2
2023-02-28,44c942fe217c,529.0,196.6,4.0,2
2023-02-28,fb45888e228e,589.0,290.2,1.0,2
2023-02-28,291d60da77b1,549.0,332.3,1.0,2
2023-02-28,74d6ed799e21,529.0,341.7,1.0,2
2023-02-28,998a086ac062,759.9,414.0,0.46,2
2023-02-28,e3edcaf6533c,619.9,464.0,1.06,2
2023-02-28,dde2cd1a072c,729.9,643.0,0.23,2
2023-03-01,e7ff6ea67040,209.0,107.2,2.0,2
2023-03-01,830dfe173dd6,519.0,336.1,1.0,2
2023-03-01,2ffa9c1bf905,569.0,365.2,1.0,2
2023-03-02,389412076801,179.0,54.2,3.0,2
2023-03-02,0e39cf5d57c1,159.0,62.2,1.0,2
2023-03-02,95879f411e24,189.0,65.6,1.0,2
2023-03-02,8b49288f5fd4,99.0,70.1,1.0,2
2023-03-02,d5edd8ff439a,149.0,97.4,1.0,2
2023-03-02,44c942fe217c,529.0,194.9,1.0,2
2023-03-02,a9d8c085adc0,549.0,275.1,1.0,2
2023-03-03,118f7e5cc636,149.0,59.9,4.0,2
2023-03-03,bc2f82a22e11,159.0,79.2,6.0,2
2023-03-03,e7ff6ea67040,209.0,108.0,10.0,2
2023-03-03,081f2cf4afc8,279.0,157.0,2.0,2
2023-03-03,c3af0e2407f3,239.0,158.0,2.0,2
2023-03-03,44dba4d4d441,309.0,182.4,1.0,2
2023-03-03,44c942fe217c,529.0,194.9,1.0,2
2023-03-03,74d6ed799e21,529.0,342.0,1.0,2
2023-03-03,76c18abd8f7c,529.0,358.7,1.0,2
2023-03-04,389412076801,179.0,54.2,1.0,2
2023-03-04,95879f411e24,189.0,65.6,1.0,2
2023-03-04,c3af0e2407f3,239.0,158.0,2.0,2
2023-03-04,44c942fe217c,529.0,194.9,1.0,2
2023-03-04,a9d8c085adc0,549.0,275.1,2.0,2
2023-03-04,fb45888e228e,589.0,290.9,1.0,2
2023-03-09,00aa2e81eb9a,369.9,338.15,0.63,2
2023-03-06,701044a0780f,139.0,90.0,1.0,2
2023-03-06,e57d25d6d6f8,129.9,95.0,1.0,2
2023-03-06,1dc20c4f962f,429.0,252.5,2.0,2
2023-03-06,76c18abd8f7c,529.0,358.7,1.0,2
2023-02-12,389412076801,179.0,53.4,2.0,2
2023-02-12,0e39cf5d57c1,149.0,61.1,6.0,2
2023-02-12,95879f411e24,189.0,65.6,3.0,2
2023-02-12,d63b63612407,159.0,76.1,2.0,2
2023-02-12,bc2f82a22e11,189.0,78.4,2.0,2
2023-02-12,d5edd8ff439a,149.0,97.4,1.0,2
2023-02-12,d6467e3c8762,399.0,257.2,1.0,2
2023-02-24,118f7e5cc636,149.0,59.9,2.0,2
2023-02-24,263763ed2e81,119.0,75.0,2.0,2
2023-02-24,f0c2857afa61,199.0,80.3,3.0,2
2023-02-24,7a37ac519f81,375.0,250.0,1.0,2
2023-02-24,fb45888e228e,589.0,290.2,2.0,2
2023-02-24,17abde81f33d,469.0,296.4,2.0,2
2023-02-24,4849cb059ba3,559.0,343.8,1.0,2
2023-02-24,998a086ac062,759.9,414.0,0.25,2
2023-02-24,dde2cd1a072c,729.9,643.0,0.225,2
2023-01-13,95879f411e24,189.0,64.4,4.0,2
2023-01-13,081f2cf4afc8,279.0,156.0,2.0,2
2023-01-13,44c942fe217c,519.0,194.7,2.0,2
2023-01-13,1dc20c4f962f,399.0,252.5,1.0,2
2023-01-13,4cf0bb777594,469.0,324.6,3.0,2
2023-01-13,291d60da77b1,549.0,332.3,2.0,2
2023-01-13,830dfe173dd6,519.0,336.1,3.0,2
2023-01-13,4849cb059ba3,549.0,343.8,3.0,2
2023-01-13,2ffa9c1bf905,569.0,365.2,2.0,2
2023-01-13,6135bfd00200,579.0,394.2,3.0,2
2023-03-05,389412076801,179.0,54.2,2.0,2
2023-03-05,0e39cf5d57c1,159.0,62.2,2.0,2
2023-03-05,de04645e9c49,99.0,69.9,2.0,2
2023-03-05,e7ff6ea67040,209.0,107.4,1.0,2
2023-03-05,c3af0e2407f3,239.0,158.0,2.0,2
2023-03-05,44c942fe217c,529.0,194.9,2.0,2
2023-03-05,b50aada81f7e,349.0,235.0,2.0,2
2023-03-05,1dc20c4f962f,429.0,252.5,1.0,2
2023-03-05,a9d8c085adc0,549.0,275.1,2.0,2
2023-03-05,17abde81f33d,469.0,296.4,2.0,2
2023-03-05,4cf0bb777594,479.0,324.6,1.0,2
2023-03-05,291d60da77b1,549.0,332.3,1.0,2
2023-03-05,74d6ed799e21,529.0,342.0,1.0,2
2023-03-05,76c18abd8f7c,529.0,358.7,1.0,2
2023-02-25,118f7e5cc636,149.0,59.9,5.0,2
2023-02-25,f0c2857afa61,199.0,80.3,6.0,2
2023-02-25,3f0ab417808a,139.9,92.0,2.0,2
2023-02-25,198b2a58cf6a,169.9,139.0,2.0,2
2023-02-25,fb45888e228e,589.0,290.2,1.0,2
2023-02-25,291d60da77b1,549.0,332.3,2.0,2
2023-02-25,998a086ac062,759.9,414.0,2.195,2
2023-02-25,e3edcaf6533c,619.9,464.0,0.265,2
2023-02-25,9d75913f55d8,799.9,588.0,0.32,2
2023-02-25,dde2cd1a072c,729.9,643.0,0.27,2
2023-03-16,95879f411e24,189.0,64.5,2.0,2
2023-03-16,e99098466529,119.0,75.0,1.0,2
2023-03-16,263763ed2e81,119.0,75.0,2.0,2
2023-03-16,aeeec4788cf5,359.0,230.0,3.0,2
2023-03-16,1dc20c4f962f,429.0,252.5,3.0,2
2023-03-16,d6467e3c8762,399.0,257.2,1.0,2
2023-03-16,f611e25fa53a,559.0,259.9,2.0,2
2023-03-16,a9d8c085adc0,549.0,275.3,2.0,2
2023-03-16,fb45888e228e,599.0,292.0,1.0,2
2023-03-16,17abde81f33d,469.0,296.4,1.0,2
2023-03-16,76c18abd8f7c,529.0,358.7,2.0,2
2023-03-16,e7a79d5847b2,599.0,385.0,1.0,2
2023-03-15,f07bf65b250c,149.9,133.5,1.0,2
2023-03-15,198b2a58cf6a,169.9,138.9,2.0,2
2023-03-15,f611e25fa53a,559.0,259.9,1.0,2
2023-03-15,f049b16ba53a,719.0,334.4,1.0,2
2023-03-11,389412076801,179.0,53.8,10.0,2
2023-03-11,118f7e5cc636,149.0,58.3,3.0,2
2023-03-11,e7ff6ea67040,209.0,107.3,4.0,2
2023-03-11,00aa2e81eb9a,369.9,338.15,3.4,2
2023-03-17,e99098466529,119.0,75.0,1.0,2
2023-03-17,aeeec4788cf5,359.0,230.0,2.0,2
2023-03-17,b50aada81f7e,359.0,235.0,3.0,2
2023-03-17,1dc20c4f962f,429.0,252.5,1.0,2
2023-03-17,fb45888e228e,599.0,292.0,3.0,2
2023-03-17,291d60da77b1,549.0,332.3,1.0,2
2023-03-17,2ffa9c1bf905,569.0,365.2,2.0,2
2023-03-17,e7a79d5847b2,599.0,385.0,1.0,2
2023-03-17,8692ad0cb38d,599.0,400.0,2.0,2
2023-03-19,e99098466529,119.0,75.0,2.0,2
2023-03-19,263763ed2e81,119.0,75.0,2.0,2
2023-03-19,e7ff6ea67040,209.0,109.1,4.0,2
2023-03-19,081f2cf4afc8,279.0,157.0,1.0,2
2023-03-19,c3af0e2407f3,239.0,158.0,3.0,2
2023-03-19,e543032aa239,359.0,235.0,1.0,2
2023-03-19,7a37ac519f81,379.0,250.0,2.0,2
2023-03-19,f611e25fa53a,559.0,259.9,1.0,2
2023-03-19,e7a79d5847b2,599.0,385.0,1.0,2
2023-03-14,f07bf65b250c,159.9,133.5,2.0,2
2023-03-14,198b2a58cf6a,169.9,138.9,2.0,2
2023-03-14,7df326b32b8c,329.9,288.0,0.25,2
2023-03-14,f049b16ba53a,719.0,334.4,2.0,2
2023-03-14,2d1cbda2960a,899.9,571.0,0.15,2
2023-03-10,fb635a1f47b2,299.9,267.0,1.02,2
2023-03-10,00aa2e81eb9a,369.9,338.15,1.77,2
2023-03-18,081f2cf4afc8,279.0,157.0,1.0,2
2023-03-18,c3af0e2407f3,239.0,158.0,1.0,2
2023-03-18,291d60da77b1,549.0,332.3,1.0,2
2023-03-21,bc2f82a22e11,189.0,79.3,4.0,2
2023-03-21,17abde81f33d,469.0,296.4,2.0,2
2023-03-21,830dfe173dd6,519.0,336.1,1.0,2
2023-03-12,7df326b32b8c,329.9,288.0,0.685,2
2023-03-12,00aa2e81eb9a,369.9,338.15,2.645,2
2023-03-13,44c942fe217c,529.0,194.3,1.0,2
2023-03-13,a9d8c085adc0,549.0,275.3,2.0,2
2023-03-13,7df326b32b8c,329.9,288.0,2.065,2
2023-03-13,2d1cbda2960a,899.9,571.0,0.275,2
2023-03-20,389412076801,179.0,55.5,1.0,2
2023-03-20,118f7e5cc636,149.0,58.8,2.0,2
2023-03-20,8b49288f5fd4,119.0,70.1,1.0,2
2023-03-20,2ffa9c1bf905,569.0,365.2,1.0,2
2023-03-22,118f7e5cc636,149.0,58.8,4.0,2
2023-03-22,bc2f82a22e11,189.0,79.3,3.0,2
2023-03-22,3a95d538a917,229.0,85.2,1.0,2
2023-03-22,f0c2857afa61,199.0,93.1,2.0,2
2023-03-22,e7ff6ea67040,209.0,109.1,1.0,2
2023-03-22,dbeb8f95fb60,289.0,136.0,1.0,2
2023-03-22,4cf0bb777594,489.0,324.6,2.0,2
2023-03-25,95879f411e24,189.0,65.0,2.0,2
2023-03-25,d63b63612407,159.0,76.4,3.0,2
2023-03-25,bc2f82a22e11,189.0,80.0,2.0,2
2023-03-25,3a95d538a917,229.0,84.7,2.0,2
2023-03-25,dbeb8f95fb60,289.0,133.3,2.0,2
2023-03-25,44c942fe217c,529.0,184.8,2.0,2
2023-03-25,e60d890f2812,389.0,237.8,1.0,2
2023-03-25,f611e25fa53a,559.0,261.0,2.0,2
2023-03-25,fb45888e228e,599.0,296.0,1.0,2
2023-03-27,44c942fe217c,529.0,184.8,2.0,2
2023-03-27,f611e25fa53a,559.0,260.2,1.0,2
2023-03-27,830dfe173dd6,519.0,336.1,2.0,2
2023-03-28,389412076801,179.0,55.6,3.0,2
2023-03-28,de04645e9c49,109.0,69.9,1.0,2
2023-03-28,3a95d538a917,229.0,84.7,3.0,2
2023-03-28,081f2cf4afc8,279.0,156.0,2.0,2
2023-03-28,f049b16ba53a,719.0,333.4,2.0,2
2023-03-23,bc2f82a22e11,189.0,80.0,1.0,2
2023-03-23,f611e25fa53a,559.0,261.0,2.0,2
2023-03-23,a9d8c085adc0,549.0,280.0,1.0,2
2023-03-23,fb45888e228e,599.0,296.0,1.0,2
2023-03-23,6135bfd00200,609.0,394.2,1.0,2
2023-03-29,95879f411e24,189.0,65.0,3.0,2
2023-03-29,3a95d538a917,229.0,84.7,1.0,2
2023-03-29,26a246eb1230,259.9,233.5,1.0,2
2023-03-29,6135bfd00200,609.0,394.2,1.0,2
2023-04-01,3a95d538a917,229.0,84.6,1.0,2
2023-04-01,d6467e3c8762,399.0,257.2,1.0,2
2023-04-01,f611e25fa53a,559.0,262.0,3.0,2
2023-04-01,b7019e8ee1d7,599.0,385.0,1.0,2
2023-04-01,8692ad0cb38d,599.0,400.0,1.0,2
2023-03-31,26a246eb1230,259.9,233.5,1.0,2
2023-03-31,1dc20c4f962f,429.0,252.5,1.0,2
2023-03-31,f611e25fa53a,559.0,262.0,1.0,2
2023-03-31,fb45888e228e,599.0,291.7,2.0,2
2023-03-31,17abde81f33d,469.0,296.4,2.0,2
2023-04-02,3a95d538a917,229.0,84.6,1.0,2
2023-04-02,1dc20c4f962f,429.0,252.5,1.0,2
2023-04-02,d6467e3c8762,399.0,257.2,2.0,2
2023-04-02,f611e25fa53a,559.0,262.0,1.0,2
2023-04-02,4849cb059ba3,559.0,343.8,1.0,2
2023-04-02,6135bfd00200,609.0,394.2,1.0,2
2023-04-03,701044a0780f,149.0,90.0,1.0,2
2023-04-03,64a5835fe5ed,169.9,146.9,2.0,2
2023-04-03,7708784fcbbc,189.9,161.2,2.0,2
2023-04-03,a5cd27d499e4,309.0,171.8,1.0,2
2023-04-03,44c942fe217c,529.0,184.7,1.0,2
2023-04-03,7a37ac519f81,379.0,250.0,1.0,2
2023-04-03,1dc20c4f962f,429.0,252.5,1.0,2
2023-04-03,a9d8c085adc0,549.0,270.9,1.0,2
2023-04-03,7e711d2027a9,429.9,315.0,1.45,2
2023-04-03,76c18abd8f7c,529.0,358.7,1.0,2
2023-04-03,6135bfd00200,609.0,394.2,1.0,2
2023-03-26,bc2f82a22e11,189.0,79.0,3.0,2
2023-03-26,aeeec4788cf5,359.0,230.0,3.0,2
2023-03-26,e60d890f2812,389.0,237.8,1.0,2
2023-03-26,a9d8c085adc0,549.0,271.0,1.0,2
2023-03-26,fb45888e228e,599.0,289.6,1.0,2
2023-03-26,830dfe173dd6,519.0,336.1,1.0,2
2023-03-26,c65bcef18785,679.9,464.8,0.985,2
2023-03-30,7a37ac519f81,379.0,250.0,1.0,2
2023-03-30,b7019e8ee1d7,599.0,385.0,1.0,2
2023-03-30,8692ad0cb38d,599.0,400.0,1.0,2
2023-04-05,0e39cf5d57c1,149.0,64.6,3.0,2
2023-04-05,95879f411e24,189.0,65.0,1.0,2
2023-04-05,de04645e9c49,109.0,69.9,1.0,2
2023-04-05,d63b63612407,159.0,76.4,2.0,2
2023-04-05,bc2f82a22e11,189.0,79.0,1.0,2
2023-04-05,3a95d538a917,229.0,84.6,1.0,2
2023-04-05,d5edd8ff439a,149.0,97.4,1.0,2
2023-04-05,e7ff6ea67040,209.0,108.9,4.0,2
2023-04-05,dbeb8f95fb60,289.0,133.3,5.0,2
2023-04-05,081f2cf4afc8,279.0,156.0,1.0,2
2023-04-05,a5cd27d499e4,309.0,171.8,1.0,2
2023-04-05,44dba4d4d441,309.0,182.4,1.0,2
2023-04-05,44c942fe217c,529.0,184.7,3.0,2
2023-04-05,e60d890f2812,389.0,237.8,1.0,2
2023-04-05,1dc20c4f962f,429.0,252.5,1.0,2
2023-04-05,d6467e3c8762,399.0,257.2,1.0,2
2023-04-05,a9d8c085adc0,549.0,270.9,2.0,2
2023-04-05,fb45888e228e,599.0,291.7,2.0,2
2023-04-05,7e711d2027a9,429.9,315.0,0.575,2
2023-04-05,76c18abd8f7c,529.0,358.7,3.0,2
2023-04-04,263763ed2e81,119.0,75.0,1.0,2
2023-04-04,64a5835fe5ed,169.9,146.9,1.0,2
2023-04-04,7708784fcbbc,189.9,161.2,1.0,2
2023-04-04,aeeec4788cf5,359.0,230.0,3.0,2
2023-04-04,7e711d2027a9,429.9,315.0,1.485,2
2023-04-08,2f23c9778b82,79.9,53.2,1.0,2
2023-04-08,3a0ff8fd35b9,79.9,53.2,2.0,2
2023-04-08,d5edd8ff439a,149.0,97.4,1.0,2
2023-04-08,4cf0bb777594,489.0,324.6,1.0,2
2023-04-07,d63b63612407,159.0,76.4,3.0,2
2023-04-07,d5edd8ff439a,149.0,97.4,4.0,2
2023-04-07,dbeb8f95fb60,289.0,133.3,1.0,2
2023-04-07,a5cd27d499e4,309.0,171.8,1.0,2
2023-04-07,44dba4d4d441,309.0,182.4,2.0,2
2023-04-07,1dc20c4f962f,429.0,252.5,3.0,2
2023-04-07,f611e25fa53a,559.0,261.8,2.0,2
2023-04-07,a9d8c085adc0,549.0,270.9,1.0,2
2023-04-07,fb45888e228e,599.0,291.7,2.0,2
2023-04-07,4cf0bb777594,489.0,324.6,1.0,2
2023-04-07,f049b16ba53a,719.0,333.3,1.0,2
2023-03-24,bc2f82a22e11,189.0,80.0,4.0,2
2023-03-24,701044a0780f,149.0,90.0,2.0,2
2023-03-24,c091ffa80dcc,359.0,235.0,3.0,2
2023-03-24,8692ad0cb38d,599.0,400.0,1.0,2
2023-04-10,2f23c9778b82,79.9,53.2,7.0,2
2023-04-10,3a0ff8fd35b9,79.9,53.2,2.0,2
2023-04-10,871adff07068,229.9,188.0,1.0,2
2023-04-10,f611e25fa53a,559.0,261.8,1.0,2
2023-04-10,9d04914a7333,799.0,556.7,1.0,2
2023-04-12,3a0ff8fd35b9,79.9,53.2,6.0,2
2023-04-09,2f23c9778b82,79.9,53.2,2.0,2
2023-04-09,a9d8c085adc0,549.0,270.9,1.0,2
2023-04-09,f049b16ba53a,719.0,333.3,1.0,2
2023-04-09,6135bfd00200,609.0,394.2,3.0,2
2023-04-11,2f23c9778b82,79.9,53.2,3.0,2
2023-04-11,3a0ff8fd35b9,79.9,53.2,5.0,2
2023-04-11,896e379fedd2,239.9,193.0,1.0,2
2023-04-13,2f23c9778b82,79.9,53.2,1.0,2
2023-04-13,3a0ff8fd35b9,79.9,53.2,11.0,2
2023-04-13,5c44a3c27c79,329.0,211.8,5.0,2
2023-04-13,0beb0fee37f3,319.9,228.9,1.0,2
2023-04-13,9dfc739dcc97,449.0,298.0,10.0,2
2023-04-15,2f23c9778b82,79.9,53.2,2.0,2
2023-04-15,3a0ff8fd35b9,79.9,53.2,10.0,2
2023-04-17,389412076801,179.0,55.8,3.0,2
2023-04-17,bc2f82a22e11,189.0,79.3,2.0,2
2023-04-17,f611e25fa53a,559.0,260.3,3.0,2
2023-04-17,a9d8c085adc0,549.0,271.6,2.0,2
2023-04-17,4cf0bb777594,489.0,324.6,1.0,2
2023-04-17,4849cb059ba3,559.0,343.8,1.0,2
2023-04-14,3a0ff8fd35b9,79.9,53.2,9.0,2
2023-04-14,1dc20c4f962f,429.0,252.5,2.0,2
2023-04-14,4849cb059ba3,559.0,343.8,1.0,2
2023-04-18,389412076801,179.0,55.8,1.0,2
2023-04-18,118f7e5cc636,149.0,58.5,3.0,2
2023-04-18,0e39cf5d57c1,149.0,63.7,3.0,2
2023-04-18,95879f411e24,189.0,64.6,2.0,2
2023-04-18,8b49288f5fd4,119.0,70.1,2.0,2
2023-04-18,e99098466529,119.0,75.0,1.0,2
2023-04-18,263763ed2e81,119.0,75.0,1.0,2
2023-04-18,d63b63612407,159.0,76.9,1.0,2
2023-04-18,bc2f82a22e11,189.0,79.3,2.0,2
2023-04-18,dbeb8f95fb60,289.0,133.6,1.0,2
2023-04-18,f94c4dcd74ca,219.0,145.0,1.0,2
2023-04-18,081f2cf4afc8,279.0,156.0,1.0,2
2023-04-18,44c942fe217c,529.0,185.3,1.0,2
2023-04-18,aeeec4788cf5,359.0,230.0,1.0,2
2023-04-18,f611e25fa53a,559.0,260.3,1.0,2
2023-04-18,17abde81f33d,469.0,296.4,2.0,2
2023-04-18,4849cb059ba3,559.0,343.8,1.0,2
2023-04-16,701044a0780f,149.0,90.0,2.0,2
2023-04-16,8e76b50122be,129.9,105.7,1.0,2
2023-04-16,f94c4dcd74ca,219.0,145.0,3.0,2
2023-04-16,aeeec4788cf5,359.0,230.0,1.0,2
2023-04-16,e543032aa239,359.0,235.0,1.0,2
2023-04-16,c091ffa80dcc,359.0,235.0,1.0,2
2023-04-16,7a37ac519f81,379.0,250.0,1.0,2
2023-04-16,830dfe173dd6,519.0,302.5,1.0,2
2023-04-16,4849cb059ba3,559.0,343.8,1.0,2
2023-04-19,389412076801,179.0,55.8,3.0,2
2023-04-19,118f7e5cc636,149.0,58.5,7.0,2
2023-04-19,0e39cf5d57c1,149.0,63.7,5.0,2
2023-04-19,95879f411e24,189.0,64.6,3.0,2
2023-04-19,de04645e9c49,109.0,69.9,3.0,2
2023-04-19,d63b63612407,159.0,76.9,4.0,2
2023-04-19,bc2f82a22e11,189.0,79.3,4.0,2
2023-04-19,dbeb8f95fb60,289.0,133.6,1.0,2
2023-04-19,a5cd27d499e4,309.0,172.1,2.0,2
2023-04-19,44c942fe217c,529.0,185.3,1.0,2
2023-04-19,830dfe173dd6,519.0,302.5,2.0,2
2023-04-06,1dc20c4f962f,429.0,252.5,1.0,2
2023-04-06,7e711d2027a9,429.9,315.0,1.48,2
2023-04-20,0691cfcee02a,79.9,112.0,1.0,2
2023-04-22,0e39cf5d57c1,149.0,63.7,7.0,2
2023-04-22,e7ff6ea67040,209.0,108.6,4.0,2
2023-04-22,0691cfcee02a,79.9,112.0,3.0,2
2023-04-22,5f3d3d554fd7,182.0,135.5,2.0,2
2023-04-22,a9d8c085adc0,549.0,271.6,1.0,2
2023-04-22,830dfe173dd6,519.0,302.5,1.0,2
2023-04-22,4849cb059ba3,559.0,343.8,1.0,2
2023-04-22,76c18abd8f7c,529.0,358.7,2.0,2
2023-04-23,76c18abd8f7c,529.0,358.7,1.0,2
2023-04-26,118f7e5cc636,149.0,58.5,2.0,2
2023-04-21,e7ff6ea67040,209.0,108.6,8.0,2
2023-04-21,0691cfcee02a,79.9,112.0,2.0,2
2023-04-21,c0761495e2e0,329.9,232.1,1.0,2
2023-04-21,f611e25fa53a,559.0,260.3,1.0,2
2023-04-21,76c18abd8f7c,529.0,358.7,2.0,2
2023-04-21,6135bfd00200,609.0,394.2,1.0,2
2023-04-27,46f90f138b28,379.9,244.06,1.0,2
2023-05-02,b7019e8ee1d7,599.0,385.0,1.0,2
2023-05-02,e7a79d5847b2,599.0,385.0,1.0,2
2023-05-05,17abde81f33d,469.0,296.4,1.0,2
2023-05-05,830dfe173dd6,519.0,336.1,1.0,2
2023-05-05,9d04914a7333,799.0,556.7,2.0,2
2023-05-11,0f465188f9fe,499.9,429.4,1.0,2
2023-05-09,95879f411e24,189.0,64.6,3.0,2
2023-05-09,44c942fe217c,529.0,185.3,1.0,2
2023-05-09,aea8b6350476,259.9,195.0,2.0,2
2023-05-09,f611e25fa53a,559.0,260.3,1.0,2
2023-05-09,4849cb059ba3,559.0,343.8,2.0,2
2023-05-09,e7a79d5847b2,599.0,385.0,1.0,2
2023-05-09,41c0ebbc09c5,799.9,400.0,0.795,2
2023-05-09,2d1cbda2960a,899.9,571.0,1.005,2
2023-05-14,263763ed2e81,119.0,75.0,1.0,2
2023-05-14,ff095aaab25d,229.9,199.06,1.0,2
2023-05-07,259e38f576fc,459.9,321.0,0.94,2
2023-05-07,4cf0bb777594,489.0,324.6,1.0,2
2023-05-07,f049b16ba53a,719.0,325.3,1.0,2
2023-05-07,830dfe173dd6,519.0,336.1,2.0,2
2023-05-07,41c0ebbc09c5,799.9,400.0,1.485,2
2023-05-10,de04645e9c49,109.0,69.9,1.0,2
2023-05-10,259e38f576fc,459.9,321.0,1.14,2
2023-05-13,8774bd2f401d,149.9,145.8,1.0,2
2023-05-12,de04645e9c49,109.0,69.9,1.0,2
2023-05-12,8774bd2f401d,149.9,145.8,1.0,2
2023-05-12,44c942fe217c,529.0,185.3,2.0,2
2023-05-12,ff095aaab25d,229.9,199.06,1.0,2
2023-05-12,1dc20c4f962f,429.0,252.5,1.0,2
2023-05-12,f611e25fa53a,559.0,260.3,1.0,2
2023-05-12,17abde81f33d,469.0,296.4,1.0,2
2023-05-12,830dfe173dd6,519.0,336.1,1.0,2
2023-05-08,de04645e9c49,109.0,69.9,2.0,2
2023-05-08,e99098466529,119.0,75.0,1.0,2
2023-05-08,263763ed2e81,119.0,75.0,1.0,2
2023-05-08,7a37ac519f81,379.0,250.0,2.0,2
2023-05-08,17abde81f33d,469.0,296.4,1.0,2
2023-05-08,f95e21836202,459.0,305.1,1.0,2
2023-05-08,259e38f576fc,459.9,321.0,0.74,2
2023-05-08,830dfe173dd6,519.0,336.1,1.0,2
2023-05-08,41c0ebbc09c5,799.9,400.0,2.73,2
2023-05-08,8692ad0cb38d,599.0,400.0,1.0,2
2023-05-19,95879f411e24,189.0,63.8,2.0,2
2023-05-19,de04645e9c49,109.0,69.9,2.0,2
2023-05-19,3a95d538a917,229.0,82.2,1.0,2
2023-05-19,d5edd8ff439a,148.0,97.4,2.0,2
2023-05-19,dbeb8f95fb60,289.0,133.5,1.0,2
2023-05-19,44dba4d4d441,309.0,182.4,2.0,2
2023-05-19,44c942fe217c,529.0,185.3,2.0,2
2023-05-19,1dc20c4f962f,429.0,252.5,2.0,2
2023-05-19,f611e25fa53a,559.0,264.5,1.0,2
2023-05-19,a9d8c085adc0,549.0,270.6,1.0,2
2023-05-20,8b49288f5fd4,119.0,70.1,1.0,2
2023-05-20,c091ffa80dcc,359.0,235.0,1.0,2
2023-05-20,259e38f576fc,459.9,321.0,0.89,2
2023-05-20,e7a79d5847b2,599.0,327.3,1.0,2
2023-05-20,830dfe173dd6,519.0,336.1,1.0,2
2023-05-20,18d0dd039cd8,699.9,367.0,0.685,2
2023-05-17,f7c5f957107f,279.9,192.15,1.0,2
2023-05-17,e60d890f2812,389.0,237.8,1.0,2
2023-05-21,389412076801,179.0,56.0,1.0,2
2023-05-21,0e39cf5d57c1,149.0,63.6,1.0,2
2023-05-21,dd94e2bc5601,149.0,70.8,1.0,2
2023-05-21,bc2f82a22e11,189.0,77.2,1.0,2
2023-05-21,92c131d8ce7e,119.9,80.0,4.0,2
2023-05-21,3a95d538a917,229.0,82.2,2.0,2
2023-05-21,44dba4d4d441,309.0,182.4,1.0,2
2023-05-21,44c942fe217c,529.0,185.3,2.0,2
2023-05-21,ed33a2b2f289,289.9,213.0,1.0,2
2023-05-21,c35ddaf21d77,259.9,221.0,1.0,2
2023-05-21,f611e25fa53a,559.0,264.5,1.0,2
2023-05-21,f049b16ba53a,719.0,312.2,1.0,2
2023-05-21,259e38f576fc,459.9,321.0,0.635,2
2023-05-21,4cf0bb777594,489.0,324.6,1.0,2
2023-05-21,830dfe173dd6,519.0,336.1,1.0,2
2023-05-21,18d0dd039cd8,699.9,367.0,0.88,2
2023-05-21,b7019e8ee1d7,599.0,385.0,3.0,2
2023-05-18,de04645e9c49,109.0,69.9,3.0,2
2023-05-18,dbeb8f95fb60,289.0,133.5,1.0,2
2023-05-18,081f2cf4afc8,279.0,156.0,1.0,2
2023-05-18,1dc20c4f962f,429.0,252.5,1.0,2
2023-05-18,f611e25fa53a,559.0,265.2,1.0,2
2023-05-18,a9d8c085adc0,549.0,271.6,1.0,2
2023-05-18,4cf0bb777594,489.0,324.6,1.0,2
2023-05-18,830dfe173dd6,519.0,336.1,1.0,2
2023-05-18,4849cb059ba3,559.0,343.8,1.0,2
2023-05-18,76c18abd8f7c,529.0,358.7,1.0,2
2023-05-18,6135bfd00200,609.0,394.2,1.0,2
2023-05-06,95879f411e24,189.0,64.6,2.0,2
2023-05-06,dbeb8f95fb60,289.0,133.6,3.0,2
2023-05-06,4cf0bb777594,489.0,324.6,1.0,2
2023-05-16,95879f411e24,189.0,63.9,3.0,2
2023-05-16,8b49288f5fd4,119.0,70.1,2.0,2
2023-05-16,f7c5f957107f,279.9,192.15,1.0,2
2023-05-16,c091ffa80dcc,359.0,235.0,1.0,2
2023-05-16,a9d8c085adc0,549.0,271.6,1.0,2
2023-05-16,8692ad0cb38d,599.0,400.0,1.0,2
2023-05-28,95879f411e24,189.0,63.8,3.0,2
2023-05-28,8b49288f5fd4,119.0,70.1,3.0,2
2023-05-28,bc2f82a22e11,189.0,77.1,5.0,2
2023-05-28,d5edd8ff439a,148.0,97.4,1.0,2
2023-05-28,198b2a58cf6a,179.9,145.9,2.0,2
2023-05-28,aeeec4788cf5,359.0,230.0,1.0,2
2023-05-28,e543032aa239,359.0,235.0,3.0,2
2023-05-28,f611e25fa53a,559.0,261.6,1.0,2
2023-05-28,b7019e8ee1d7,599.0,385.0,2.0,2
2023-05-27,f611e25fa53a,559.0,261.6,2.0,2
2023-05-24,8b49288f5fd4,119.0,70.1,3.0,2
2023-05-24,d5edd8ff439a,148.0,97.4,1.0,2
2023-05-30,de04645e9c49,109.0,69.9,1.0,2
2023-05-30,e99098466529,119.0,75.0,2.0,2
2023-05-30,701044a0780f,149.0,90.0,1.0,2
2023-05-30,198b2a58cf6a,179.9,145.9,1.0,2
2023-05-30,c99e25d573dd,189.9,153.5,1.0,2
2023-05-30,e543032aa239,359.0,235.0,2.0,2
2023-05-30,17abde81f33d,469.0,296.4,1.0,2
2023-05-30,8692ad0cb38d,599.0,400.0,1.0,2
2023-05-23,3a95d538a917,229.0,82.2,3.0,2
2023-05-23,44dba4d4d441,309.0,182.4,1.0,2
2023-05-23,44c942fe217c,529.0,185.3,1.0,2
2023-05-23,aeeec4788cf5,359.0,230.0,2.0,2
2023-05-23,fb45888e228e,589.0,291.7,4.0,2
2023-05-23,f049b16ba53a,719.0,312.2,1.0,2
2023-05-23,259e38f576fc,459.9,321.0,0.985,2
2023-05-23,e7a79d5847b2,599.0,327.3,1.0,2
2023-05-23,8692ad0cb38d,599.0,400.0,3.0,2
2023-05-23,9d04914a7333,799.0,473.2,2.0,2
2023-05-15,af316ff8fa95,179.9,134.8,2.0,2
2023-05-15,f7c5f957107f,279.9,192.15,1.0,2
2023-05-15,9d04914a7333,799.0,473.2,1.0,2
2023-06-05,1c05aca464a3,21.9,12.5,2.0,2
2023-06-05,0e39cf5d57c1,149.0,62.9,4.0,2
2023-06-05,bc2f82a22e11,189.0,77.7,3.0,2
2023-06-05,d63b63612407,159.0,78.3,1.0,2
2023-06-05,3a95d538a917,229.0,83.0,2.0,2
2023-06-05,701044a0780f,149.0,90.0,1.0,2
2023-06-05,d5edd8ff439a,148.0,97.4,1.0,2
2023-06-05,e7ff6ea67040,209.0,108.8,2.0,2
2023-06-05,aeeec4788cf5,359.0,195.5,3.0,2
2023-06-05,8692ad0cb38d,599.0,400.0,1.0,2
2023-06-06,1c05aca464a3,21.9,12.5,7.0,2
2023-06-06,389412076801,179.0,56.3,1.0,2
2023-06-06,0e39cf5d57c1,149.0,62.9,2.0,2
2023-06-06,263763ed2e81,119.0,63.8,1.0,2
2023-06-06,95879f411e24,189.0,64.3,2.0,2
2023-06-06,dd94e2bc5601,149.0,71.4,2.0,2
2023-06-06,bc2f82a22e11,189.0,77.7,3.0,2
2023-06-06,d63b63612407,159.0,78.3,1.0,2
2023-06-06,3a95d538a917,229.0,83.0,3.0,2
2023-06-06,d5edd8ff439a,148.0,97.4,1.0,2
2023-06-06,e7ff6ea67040,209.0,108.8,2.0,2
2023-06-06,44dba4d4d441,309.0,182.4,1.0,2
2023-06-06,aeeec4788cf5,359.0,195.5,1.0,2
2023-06-06,e7a79d5847b2,499.9,327.3,2.0,2
2023-06-08,1dc20c4f962f,429.0,252.5,1.0,2
2023-06-01,1c05aca464a3,21.9,12.5,5.0,2
2023-05-22,0e39cf5d57c1,149.0,63.6,3.0,2
2023-05-22,bc2f82a22e11,189.0,77.2,1.0,2
2023-05-22,d63b63612407,159.0,78.5,2.0,2
2023-05-22,dbeb8f95fb60,289.0,133.5,1.0,2
2023-05-22,081f2cf4afc8,279.0,156.0,1.0,2
2023-05-22,a5cd27d499e4,309.0,171.4,1.0,2
2023-05-22,44dba4d4d441,309.0,182.4,1.0,2
2023-05-22,44c942fe217c,529.0,185.3,1.0,2
2023-05-22,a9d8c085adc0,549.0,270.6,1.0,2
2023-05-22,17abde81f33d,469.0,296.4,1.0,2
2023-05-22,259e38f576fc,459.9,321.0,0.33,2
2023-05-31,1c05aca464a3,21.9,12.5,1.0,2
2023-05-31,389412076801,179.0,56.6,3.0,2
2023-05-31,bc2f82a22e11,189.0,77.1,5.0,2
2023-05-31,198b2a58cf6a,179.9,145.9,1.0,2
2023-06-11,1c05aca464a3,21.9,12.5,6.0,2
2023-06-21,95879f411e24,189.0,64.3,1.0,2
2023-06-21,8b49288f5fd4,119.0,70.1,1.0,2
2023-06-21,3a95d538a917,229.0,83.0,1.0,2
2023-06-09,0e39cf5d57c1,149.0,62.9,2.0,2
2023-06-09,f049b16ba53a,719.0,315.6,1.0,2
2023-06-09,4cf0bb777594,489.0,324.6,1.0,2
2023-06-09,830dfe173dd6,519.0,336.1,2.0,2
2023-06-10,1c05aca464a3,21.9,12.5,3.0,2
2023-06-20,95879f411e24,189.0,64.3,2.0,2
2023-06-20,de04645e9c49,109.0,69.9,2.0,2
2023-06-20,d63b63612407,159.0,78.3,1.0,2
2023-06-20,3a95d538a917,229.0,83.0,2.0,2
2023-06-20,b4423c946041,230.0,129.2,1.0,2
2023-06-20,44dba4d4d441,309.0,182.4,2.0,2
2023-06-20,1dc20c4f962f,429.0,252.5,1.0,2
2023-06-20,e7a79d5847b2,499.9,385.0,1.0,2
2023-06-12,0e39cf5d57c1,149.0,62.9,1.0,2
2023-06-12,8b49288f5fd4,119.0,70.1,1.0,2
2023-06-12,dd94e2bc5601,149.0,71.4,1.0,2
2023-06-12,17abde81f33d,469.0,296.4,1.0,2
2023-06-12,f049b16ba53a,719.0,315.6,1.0,2
2023-06-12,4cf0bb777594,489.0,324.6,1.0,2
2023-06-02,1c05aca464a3,21.9,12.5,11.0,2
2023-06-22,74d6ed799e21,529.0,341.7,1.0,2
2023-06-29,de04645e9c49,109.0,69.9,1.0,2
2023-06-29,1dc20c4f962f,429.0,252.5,1.0,2
2023-06-28,0e39cf5d57c1,159.0,58.4,5.0,2
2023-06-28,de04645e9c49,109.0,69.9,1.0,2
2023-06-28,dd94e2bc5601,149.0,72.2,9.0,2
2023-06-28,d63b63612407,159.0,77.6,7.0,2
2023-06-28,3a95d538a917,229.0,82.4,3.0,2
2023-06-28,e7ff6ea67040,209.0,106.7,8.0,2
2023-06-28,44c942fe217c,529.0,188.8,7.0,2
2023-06-28,1dc20c4f962f,429.0,252.5,1.0,2
2023-06-28,ed8035088034,379.9,262.9,1.0,2
2023-06-28,f611e25fa53a,559.0,263.1,1.0,2
2023-06-28,f049b16ba53a,719.0,317.5,4.0,2
2023-06-28,74d6ed799e21,529.0,341.7,1.0,2
2023-07-07,389412076801,179.0,58.0,3.0,2
2023-07-07,95879f411e24,189.0,65.5,1.0,2
2023-07-07,d5edd8ff439a,148.0,97.4,2.0,2
2023-07-07,4e5929ca125f,249.0,196.3,2.0,2
2023-07-07,fb45888e228e,589.0,280.8,1.0,2
2023-07-07,17abde81f33d,469.0,296.4,1.0,2
2023-07-07,4cf0bb777594,489.0,324.6,2.0,2
2023-07-07,291d60da77b1,549.0,332.3,1.0,2
2023-07-07,830dfe173dd6,519.0,336.1,1.0,2
2023-07-07,4849cb059ba3,559.0,343.8,1.0,2
2023-07-07,2ffa9c1bf905,569.0,365.2,1.0,2
2023-07-10,274f89ab83b6,119.0,55.0,2.0,2
2023-07-10,0e39cf5d57c1,159.0,59.2,3.0,2
2023-07-10,bc2f82a22e11,189.0,73.8,3.0,2
2023-07-10,263763ed2e81,139.0,75.0,2.0,2
2023-07-10,d63b63612407,159.0,77.6,1.0,2
2023-07-10,f0c2857afa61,199.0,83.4,5.0,2
2023-07-10,3a95d538a917,229.0,83.5,1.0,2
2023-07-10,e7ff6ea67040,209.0,107.2,2.0,2
2023-07-10,44dba4d4d441,309.0,182.4,4.0,2
2023-07-10,aeeec4788cf5,359.0,230.0,1.0,2
2023-07-10,1dc20c4f962f,429.0,252.5,2.0,2
2023-07-10,a9d8c085adc0,549.0,260.7,9.0,2
2023-07-10,fb45888e228e,589.0,281.8,1.0,2
2023-07-10,17abde81f33d,469.0,296.4,1.0,2
2023-07-10,f049b16ba53a,719.0,333.7,3.0,2
2023-07-10,830dfe173dd6,519.0,336.1,1.0,2
2023-07-10,4849cb059ba3,559.0,343.8,2.0,2
2023-07-10,b7019e8ee1d7,599.0,385.0,1.0,2
2023-07-10,e7a79d5847b2,499.9,385.0,1.0,2
2023-07-10,8692ad0cb38d,599.0,400.0,1.0,2
2023-07-10,89e2bed1d9a2,759.0,543.9,2.0,2
2023-07-02,0e39cf5d57c1,159.0,58.4,2.0,2
2023-07-02,9db850377ae0,189.0,123.3,1.0,2
2023-07-02,b4423c946041,199.0,129.2,1.0,2
2023-07-02,fdeaff382891,220.0,145.0,1.0,2
2023-07-02,d418093f1f98,220.0,145.0,1.0,2
2023-07-02,ab7c342ea696,179.9,147.6,1.0,2
2023-07-02,85a419adb3a4,379.0,250.0,1.0,2
2023-07-02,1dc20c4f962f,429.0,252.5,1.0,2
2023-07-02,4cf0bb777594,489.0,324.6,1.0,2
2023-07-08,d6467e3c8762,399.0,257.2,1.0,2
2023-07-08,17abde81f33d,469.0,296.4,1.0,2
2023-07-08,f95e21836202,459.0,305.1,2.0,2
2023-07-08,291d60da77b1,549.0,332.3,1.0,2
2023-07-08,4849cb059ba3,559.0,343.8,3.0,2
2023-07-08,2ffa9c1bf905,569.0,365.2,1.0,2
2023-07-09,389412076801,179.0,58.0,2.0,2
2023-07-09,0e39cf5d57c1,159.0,59.2,7.0,2
2023-07-09,de04645e9c49,109.0,69.9,2.0,2
2023-07-09,dd94e2bc5601,149.0,72.4,4.0,2
2023-07-09,bc2f82a22e11,189.0,73.8,4.0,2
2023-07-09,d63b63612407,159.0,77.6,1.0,2
2023-07-09,44dba4d4d441,309.0,182.4,1.0,2
2023-07-09,d6467e3c8762,399.0,257.2,1.0,2
2023-07-09,fb45888e228e,589.0,280.8,1.0,2
2023-07-09,4cf0bb777594,489.0,324.6,1.0,2
2023-07-09,830dfe173dd6,519.0,336.1,1.0,2
2023-07-09,4849cb059ba3,559.0,343.8,2.0,2
2023-06-07,1c05aca464a3,21.9,12.5,6.0,2
2023-06-07,389412076801,179.0,56.3,2.0,2
2023-06-07,95879f411e24,189.0,64.3,2.0,2
2023-06-07,dd94e2bc5601,149.0,71.4,2.0,2
2023-06-07,d5edd8ff439a,148.0,97.4,2.0,2
2023-06-07,1dc20c4f962f,429.0,252.5,1.0,2
2023-06-07,17abde81f33d,469.0,296.4,2.0,2
2023-06-07,f049b16ba53a,719.0,315.6,2.0,2
2023-07-03,1dc20c4f962f,429.0,252.5,1.0,2
2023-07-11,95879f411e24,189.0,65.5,7.0,2
2023-07-11,e99098466529,119.0,75.0,3.0,2
2023-07-11,d63b63612407,159.0,77.8,2.0,2
2023-07-11,f0c2857afa61,199.0,83.4,5.0,2
2023-07-11,aeeec4788cf5,359.0,230.0,3.0,2
2023-07-11,17abde81f33d,469.0,296.4,1.0,2
2023-07-11,4849cb059ba3,559.0,343.8,1.0,2
2023-07-11,b7019e8ee1d7,599.0,385.0,1.0,2
2023-07-11,8692ad0cb38d,599.0,400.0,4.0,2
2023-07-13,d6467e3c8762,399.0,257.2,1.0,2
2023-07-14,95879f411e24,189.0,66.9,3.0,2
2023-07-14,dd94e2bc5601,149.0,74.6,2.0,2
2023-07-14,d63b63612407,159.0,77.8,4.0,2
2023-07-14,f0c2857afa61,199.0,83.4,1.0,2
2023-07-14,e7ff6ea67040,209.0,107.3,2.0,2
2023-07-14,44c942fe217c,529.0,194.0,1.0,2
2023-07-14,1dc20c4f962f,429.0,252.5,2.0,2
2023-07-14,d6467e3c8762,399.0,257.2,1.0,2
2023-07-14,a9d8c085adc0,549.0,266.5,1.0,2
2023-07-14,17abde81f33d,469.0,296.4,1.0,2
2023-07-14,830dfe173dd6,519.0,336.1,2.0,2
2023-07-21,dd94e2bc5601,149.0,76.1,2.0,2
2023-07-21,bc2f82a22e11,189.0,76.9,1.0,2
2023-07-21,17abde81f33d,469.0,296.4,1.0,2
2023-07-24,389412076801,179.0,54.4,3.0,2
2023-07-24,de04645e9c49,109.0,69.9,3.0,2
2023-07-19,389412076801,179.0,54.4,4.0,2
2023-07-19,d5edd8ff439a,148.0,97.4,1.0,2
2023-07-19,f611e25fa53a,559.0,273.0,1.0,2
2023-07-19,fb45888e228e,589.0,296.0,1.0,2
2023-07-19,17abde81f33d,469.0,296.4,1.0,2
2023-07-18,389412076801,179.0,54.4,3.0,2
2023-07-18,8b49288f5fd4,119.0,70.1,2.0,2
2023-07-18,dd94e2bc5601,149.0,76.1,2.0,2
2023-07-18,bc2f82a22e11,189.0,76.9,5.0,2
2023-07-18,d63b63612407,159.0,81.9,1.0,2
2023-07-18,f0c2857afa61,199.0,84.7,3.0,2
2023-07-18,d5edd8ff439a,148.0,97.4,1.0,2
2023-07-18,44c942fe217c,529.0,197.3,1.0,2
2023-07-18,3267da78b1a6,356.0,235.0,2.0,2
2023-07-18,85a419adb3a4,378.0,250.0,1.0,2
2023-07-18,a9d8c085adc0,549.0,270.6,1.0,2
2023-07-18,f611e25fa53a,559.0,273.0,2.0,2
2023-07-18,fb45888e228e,589.0,296.0,1.0,2
2023-07-18,e7a79d5847b2,499.9,385.0,1.0,2
2023-07-25,50409fc0bff6,356.0,235.0,1.0,2
2023-07-25,d6467e3c8762,399.0,257.2,1.0,2
2023-07-26,389412076801,179.0,54.4,4.0,2
2023-07-26,0e39cf5d57c1,159.0,56.1,4.0,2
2023-07-26,95879f411e24,189.0,68.0,2.0,2
2023-07-26,de04645e9c49,109.0,69.9,2.0,2
2023-07-26,dd94e2bc5601,149.0,76.1,3.0,2
2023-07-26,d5edd8ff439a,148.0,97.4,2.0,2
2023-07-26,1dc20c4f962f,429.0,252.5,1.0,2
2023-07-26,fb45888e228e,589.0,296.0,1.0,2
2023-07-26,4849cb059ba3,559.0,343.8,1.0,2
2023-07-26,f049b16ba53a,719.0,349.0,1.0,2
2023-07-26,8692ad0cb38d,599.0,400.0,1.0,2
2023-07-27,d6467e3c8762,399.0,257.2,1.0,2
2023-07-27,f611e25fa53a,559.0,273.0,1.0,2
2023-07-28,dd94e2bc5601,149.0,79.9,5.0,2
2023-07-28,389412076801,179.0,89.9,2.0,2
2023-07-28,263763ed2e81,139.0,89.9,1.0,2
2023-07-28,e7ff6ea67040,209.0,109.9,5.0,2
2023-07-28,d6467e3c8762,399.0,259.9,1.0,2
2023-07-28,17abde81f33d,469.0,309.9,1.0,2
2023-07-28,830dfe173dd6,519.0,339.9,1.0,2
2023-07-29,e99098466529,109.0,63.8,1.0,2
2023-07-29,d63b63612407,159.0,89.9,2.0,2
2023-07-29,0e39cf5d57c1,159.0,89.9,3.0,2
2023-07-29,95879f411e24,189.0,99.9,1.0,2
2023-07-29,701044a0780f,149.0,99.9,1.0,2
2023-07-29,fb45888e228e,589.0,293.0,1.0,2
2023-07-29,4849cb059ba3,559.0,349.9,1.0,2
2023-07-29,e7a79d5847b2,499.9,389.9,1.0,2
2023-08-01,657b6d8f6975,59.9,35.0,1.0,2
2023-08-01,17db969af01e,199.9,110.0,1.0,2
2023-08-01,69801cc3f4b4,346.0,208.5,1.0,2
2023-08-01,7161b2b5b613,356.0,235.0,1.0,2
2023-08-01,85a419adb3a4,378.0,250.0,1.0,2
2023-08-01,ca1ff3e1122c,638.0,385.9,1.0,2
2023-07-30,95879f411e24,189.0,67.2,2.0,2
2023-07-30,de04645e9c49,109.0,69.9,3.0,2
2023-07-30,dd94e2bc5601,149.0,75.7,6.0,2
2023-07-30,d63b63612407,159.0,89.9,3.0,2
2023-07-30,263763ed2e81,139.0,89.9,1.0,2
2023-07-30,e7ff6ea67040,209.0,102.6,1.0,2
2023-07-30,c14553bd4907,256.0,170.0,1.0,2
2023-07-30,aeeec4788cf5,359.0,239.9,1.0,2
2023-07-30,1dc20c4f962f,429.0,252.5,1.0,2
2023-07-30,fb45888e228e,589.0,293.0,1.0,2
2023-07-30,4cf0bb777594,489.0,324.6,2.0,2
2023-07-30,830dfe173dd6,519.0,339.9,1.0,2
2023-07-30,e7a79d5847b2,499.9,389.9,1.0,2
2023-07-12,95879f411e24,189.0,65.5,2.0,2
2023-07-12,f0c2857afa61,199.0,83.4,2.0,2
2023-07-12,e7ff6ea67040,209.0,107.2,4.0,2
2023-07-12,a9d8c085adc0,549.0,260.7,2.0,2
2023-07-12,830dfe173dd6,519.0,336.1,1.0,2
2023-12-19,389412076801,199.0,79.0,2.0,4
2023-12-19,0e39cf5d57c1,169.0,89.0,14.0,4
2023-12-19,5ec8eafeb7ce,199.0,89.0,1.0,4
2023-12-19,f0c2857afa61,209.0,99.0,5.0,4
2023-12-19,dd94e2bc5601,179.0,99.0,4.0,4
2023-12-19,3a95d538a917,239.0,119.0,3.0,4
2023-12-19,e7ff6ea67040,249.0,129.0,14.0,4
2023-12-19,44c942fe217c,569.0,215.0,14.0,4
2023-12-19,68e23e669702,729.0,399.0,3.0,4
2023-12-19,76c18abd8f7c,549.0,399.0,2.0,4
2023-12-19,830dfe173dd6,529.0,399.0,4.0,4
2023-12-19,99f1adc283c4,499.0,399.0,1.0,4
2023-12-19,383eda871fca,679.0,459.0,1.0,4
2023-12-20,389412076801,199.0,79.0,1.0,4
2023-12-20,5ec8eafeb7ce,199.0,89.0,1.0,4
2023-12-20,f0c2857afa61,209.0,99.0,5.0,4
2023-12-20,dd94e2bc5601,179.0,99.0,9.0,4
2023-12-20,3a95d538a917,239.0,119.0,2.0,4
2023-12-20,e7ff6ea67040,249.0,129.0,9.0,4
2023-12-20,44c942fe217c,569.0,215.0,4.0,4
2023-12-20,68e23e669702,729.0,399.0,5.0,4
2023-12-20,f049b16ba53a,769.0,399.0,2.0,4
2023-12-20,76c18abd8f7c,549.0,399.0,3.0,4
2023-12-20,830dfe173dd6,529.0,399.0,2.0,4
2023-12-20,99f1adc283c4,499.0,399.0,1.0,4
2023-12-20,383eda871fca,679.0,459.0,3.0,4
2023-12-21,5d834dae9ebc,309.0,199.0,8.0,4
2023-12-21,f96735cf36e8,409.0,229.0,14.0,4
2023-12-21,41997ae13f23,329.0,229.0,11.0,4
2023-12-21,2db44c2d7083,299.0,249.0,5.0,4
2023-12-21,d454beab2b30,359.0,249.0,11.0,4
2023-12-22,0e39cf5d57c1,169.0,89.0,3.0,4
2023-12-22,f0c2857afa61,209.0,99.0,1.0,4
2023-12-22,dd94e2bc5601,179.0,99.0,1.0,4
2023-12-22,d63b63612407,179.0,109.0,1.0,4
2023-12-22,e7ff6ea67040,249.0,129.0,2.0,4
2023-12-22,e60d890f2812,399.0,299.0,1.0,4
2023-12-22,f049b16ba53a,769.0,399.0,1.0,4
2023-12-22,830dfe173dd6,529.0,399.0,1.0,4
2023-12-22,383eda871fca,679.0,459.0,3.0,4
2023-12-23,389412076801,199.0,79.0,1.0,4
2023-12-23,dd94e2bc5601,179.0,99.0,3.0,4
2023-12-23,e7ff6ea67040,249.0,129.0,13.0,4
2023-12-23,4cf0bb777594,489.0,379.0,1.0,4
2023-12-23,74d6ed799e21,559.0,399.0,2.0,4
2023-12-26,e60d890f2812,399.0,299.0,1.0,4
2023-12-27,389412076801,199.0,79.0,2.0,4
2023-12-27,e60d890f2812,399.0,299.0,1.0,4
2023-12-28,389412076801,199.0,79.0,2.0,4
2023-12-28,dd94e2bc5601,179.0,99.0,3.0,4
2023-12-28,c633a7004667,189.9,109.0,3.0,4
2023-12-28,d63b63612407,179.0,109.0,4.0,4
2023-12-28,e60d890f2812,399.0,299.0,3.0,4
2023-12-28,68e23e669702,729.0,399.0,2.0,4
2023-12-29,389412076801,199.0,79.0,1.0,4
2023-12-29,95879f411e24,199.0,99.0,1.0,4
2023-12-29,bc2f82a22e11,199.0,99.0,1.0,4
2023-12-29,dd94e2bc5601,179.0,99.0,1.0,4
2023-12-29,68e23e669702,729.0,399.0,1.0,4
2023-12-30,389412076801,199.0,79.0,2.0,4
2023-12-30,95879f411e24,199.0,99.0,1.0,4
2023-12-30,bc2f82a22e11,199.0,99.0,3.0,4
2023-12-30,dd94e2bc5601,179.0,99.0,3.0,4
2023-12-30,d63b63612407,179.0,109.0,3.0,4
2023-12-30,68e23e669702,729.0,399.0,4.0,4
2023-12-30,99f1adc283c4,499.0,399.0,5.0,4
2023-12-31,dd94e2bc5601,179.0,99.0,2.0,4
2023-12-31,76c18abd8f7c,549.0,399.0,17.0,4
2023-12-31,830dfe173dd6,529.0,399.0,7.0,4
2023-12-31,99f1adc283c4,499.0,399.0,17.0,4
2024-01-01,0e39cf5d57c1,169.0,101.4,2.0,4
2024-01-01,dd94e2bc5601,179.0,107.4,8.0,4
2024-01-01,bc2f82a22e11,199.0,119.4,5.0,4
2024-01-01,e7ff6ea67040,249.0,149.4,12.0,4
2024-01-02,bc2f82a22e11,199.0,119.4,2.0,4
2024-01-03,dd94e2bc5601,179.0,110.0,11.0,4
2024-01-03,e7ff6ea67040,249.0,139.0,6.0,4
2024-01-04,389412076801,199.0,99.0,1.0,4
2024-01-04,dd94e2bc5601,179.0,110.0,5.0,4
2024-01-04,e7ff6ea67040,249.0,139.0,6.0,4
2024-01-05,dd94e2bc5601,179.0,110.0,1.0,4
2024-01-05,e7ff6ea67040,249.0,139.0,1.0,4
2024-01-07,dd94e2bc5601,179.0,110.0,3.0,4
2024-01-09,dd94e2bc5601,179.0,129.0,1.0,4
2024-01-10,dbedc65be2f4,319.0,135.75,1.0,4
2024-01-11,e85f45f1aa00,159.9,99.0,5.0,4
2024-01-11,a89e947f0636,169.9,109.0,1.0,4
2024-01-11,dd94e2bc5601,189.0,129.0,2.0,4
2024-01-11,dbedc65be2f4,319.0,135.75,1.0,4
2024-01-12,389412076801,199.0,99.0,1.0,4
2024-01-12,d63b63612407,179.0,99.0,1.0,4
2024-01-12,f0c2857afa61,209.0,119.0,1.0,4
2024-01-12,dd94e2bc5601,189.0,129.0,6.0,4
2024-01-12,e60d890f2812,399.0,299.0,2.0,4
2024-01-12,4cf0bb777594,499.0,359.0,3.0,4
2024-01-12,17abde81f33d,529.0,369.0,3.0,4
2024-01-12,9f45a49e5ee4,959.0,669.0,1.0,4
2024-01-13,4cf0bb777594,499.0,359.0,3.0,4
2024-01-13,17abde81f33d,529.0,369.0,3.0,4
2024-01-13,74d6ed799e21,569.0,399.0,1.0,4
2024-01-13,830dfe173dd6,549.0,399.0,8.0,4
2024-01-13,9f45a49e5ee4,959.0,669.0,1.0,4
2024-01-15,99f1adc283c4,529.0,343.9,1.0,4
2024-01-15,4cf0bb777594,499.0,359.0,1.0,4
2024-01-15,5db5beedb035,1190.0,359.5,1.0,4
2024-01-16,389412076801,199.0,99.0,1.0,4
2024-01-16,dd94e2bc5601,189.0,109.0,8.0,4
2024-01-16,99f1adc283c4,529.0,343.9,6.0,4
2024-01-16,17abde81f33d,529.0,359.0,2.0,4
2024-01-16,4cf0bb777594,499.0,379.0,3.0,4
2024-01-16,76c18abd8f7c,499.0,399.0,3.0,4
2024-01-16,830dfe173dd6,549.0,399.0,1.0,4
2024-01-17,99f1adc283c4,529.0,343.9,1.0,4
2024-01-17,74d6ed799e21,569.0,399.0,1.0,4
2024-01-17,76c18abd8f7c,499.0,399.0,1.0,4
2024-01-17,9f45a49e5ee4,799.0,649.0,1.0,4
2024-01-18,dd94e2bc5601,189.0,109.0,3.0,4
2024-01-18,3a95d538a917,239.0,119.0,1.0,4
2024-01-18,e60d890f2812,399.0,299.0,2.0,4
2024-01-18,99f1adc283c4,529.0,343.9,2.0,4
2024-01-18,830dfe173dd6,549.0,399.0,2.0,4
2024-01-18,383eda871fca,719.0,439.0,3.0,4
2024-01-19,99f1adc283c4,529.0,343.9,1.0,4
2024-01-20,389412076801,199.0,99.0,2.0,4
2024-01-20,dd94e2bc5601,189.0,109.0,6.0,4
2024-01-20,e60d890f2812,399.0,299.0,1.0,4
2024-01-20,4cf0bb777594,499.0,379.0,1.0,4
2024-01-22,389412076801,199.0,69.0,2.0,4
2024-01-22,0e39cf5d57c1,169.0,89.0,13.0,4
2024-01-22,3a95d538a917,239.0,99.0,9.0,4
2024-01-22,f0c2857afa61,209.0,99.0,9.0,4
2024-01-22,d63b63612407,179.0,99.0,14.0,4
2024-01-22,bc2f82a22e11,199.0,99.0,12.0,4
2024-01-22,dd94e2bc5601,189.0,99.0,12.0,4
2024-01-22,301ab3da516b,199.9,105.0,1.0,4
2024-01-22,e7ff6ea67040,249.0,129.0,14.0,4
2024-01-22,44c942fe217c,569.0,249.0,9.0,4
2024-01-22,e60d890f2812,399.0,269.0,5.0,4
2024-01-22,f611e25fa53a,619.0,319.0,6.0,4
2024-01-22,17abde81f33d,529.0,329.0,4.0,4
2024-01-22,4cf0bb777594,499.0,359.0,2.0,4
2024-01-22,830dfe173dd6,549.0,369.0,4.0,4
2024-01-22,74d6ed799e21,569.0,389.0,7.0,4
2024-01-22,76c18abd8f7c,499.0,389.0,3.0,4
2024-01-22,68e23e669702,729.0,419.0,4.0,4
2024-01-22,f049b16ba53a,779.0,419.0,8.0,4
2024-01-22,383eda871fca,719.0,419.0,7.0,4
2024-01-23,389412076801,199.0,69.0,2.0,4
2024-01-23,95879f411e24,209.0,89.0,15.0,4
2024-01-23,0e39cf5d57c1,169.0,89.0,18.0,4
2024-01-23,5ec8eafeb7ce,209.0,89.0,4.0,4
2024-01-23,3a95d538a917,239.0,99.0,19.0,4
2024-01-23,f0c2857afa61,209.0,99.0,1.0,4
2024-01-23,d63b63612407,179.0,99.0,11.0,4
2024-01-23,bc2f82a22e11,199.0,99.0,18.0,4
2024-01-23,dd94e2bc5601,189.0,99.0,15.0,4
2024-01-23,e7ff6ea67040,249.0,129.0,5.0,4
2024-01-23,44c942fe217c,569.0,249.0,17.0,4
2024-01-23,f611e25fa53a,619.0,319.0,17.0,4
2024-01-23,17abde81f33d,529.0,329.0,3.0,4
2024-01-23,4cf0bb777594,499.0,359.0,2.0,4
2024-01-23,99f1adc283c4,529.0,359.0,4.0,4
2024-01-23,830dfe173dd6,549.0,369.0,3.0,4
2024-01-23,76c18abd8f7c,499.0,389.0,10.0,4
2024-01-23,68e23e669702,729.0,419.0,6.0,4
2024-01-23,f049b16ba53a,779.0,419.0,11.0,4
2024-01-24,dd94e2bc5601,189.0,99.0,1.0,4
2024-01-24,301ab3da516b,199.9,105.0,2.0,4
2024-01-24,f611e25fa53a,619.0,319.0,2.0,4
2024-01-24,17abde81f33d,529.0,329.0,3.0,4
2024-01-24,99f1adc283c4,529.0,359.0,5.0,4
2024-01-24,830dfe173dd6,549.0,369.0,3.0,4
2024-01-24,76c18abd8f7c,499.0,389.0,7.0,4
2024-01-24,68e23e669702,729.0,419.0,8.0,4
2024-01-24,f049b16ba53a,779.0,419.0,8.0,4
2024-01-25,3a95d538a917,239.0,99.0,1.0,4
2024-01-25,bc2f82a22e11,199.0,99.0,1.0,4
2024-01-25,dbedc65be2f4,499.0,135.75,1.0,4
2024-01-25,9d8763e64b4f,319.0,169.0,8.0,4
2024-01-25,2db44c2d7083,309.0,229.0,13.0,4
2024-01-25,c3c52967d0de,329.0,229.0,7.0,4
2024-01-25,44c942fe217c,569.0,249.0,5.0,4
2024-01-25,f611e25fa53a,619.0,319.0,2.0,4
2024-01-25,17abde81f33d,529.0,329.0,2.0,4
2024-01-25,4cf0bb777594,499.0,359.0,1.0,4
2024-01-25,99f1adc283c4,529.0,359.0,4.0,4
2024-01-25,830dfe173dd6,549.0,369.0,5.0,4
2024-01-25,76c18abd8f7c,499.0,389.0,3.0,4
2024-01-25,68e23e669702,729.0,419.0,3.0,4
2024-01-26,95879f411e24,209.0,89.0,6.0,4
2024-01-26,0e39cf5d57c1,169.0,89.0,6.0,4
2024-01-26,5ec8eafeb7ce,209.0,89.0,3.0,4
2024-01-26,bc2f82a22e11,199.0,99.0,3.0,4
2024-01-26,dd94e2bc5601,199.0,99.0,6.0,4
2024-01-26,e7ff6ea67040,259.0,129.0,7.0,4
2024-01-26,dbedc65be2f4,499.0,135.75,3.0,4
2024-01-26,9d8763e64b4f,319.0,169.0,5.0,4
2024-01-26,2db44c2d7083,309.0,229.0,9.0,4
2024-01-26,c3c52967d0de,329.0,229.0,3.0,4
2024-01-26,44c942fe217c,599.0,249.0,5.0,4
2024-01-26,17abde81f33d,499.0,329.0,2.0,4
2024-01-26,4cf0bb777594,569.0,359.0,1.0,4
2024-01-26,99f1adc283c4,569.0,359.0,1.0,4
2024-01-26,830dfe173dd6,569.0,369.0,3.0,4
2024-01-26,76c18abd8f7c,539.0,389.0,4.0,4
2024-01-26,68e23e669702,749.0,419.0,1.0,4
2024-01-26,f049b16ba53a,799.0,419.0,2.0,4
2024-01-26,383eda871fca,759.0,419.0,2.0,4
2024-01-27,389412076801,199.0,69.0,1.0,4
2024-01-27,0e39cf5d57c1,169.0,89.0,5.0,4
2024-01-27,5ec8eafeb7ce,209.0,89.0,2.0,4
2024-01-27,f0c2857afa61,209.0,99.0,2.0,4
2024-01-27,d63b63612407,189.0,99.0,4.0,4
2024-01-27,c633a7004667,189.9,109.0,1.0,4
2024-01-27,e7ff6ea67040,259.0,129.0,5.0,4
2024-01-27,dbedc65be2f4,499.0,135.75,2.0,4
2024-01-27,2db44c2d7083,309.0,229.0,5.0,4
2024-01-27,c3c52967d0de,329.0,229.0,1.0,4
2024-01-27,17abde81f33d,499.0,329.0,3.0,4
2024-01-27,830dfe173dd6,569.0,369.0,5.0,4
2024-01-27,76c18abd8f7c,539.0,389.0,2.0,4
2024-01-27,68e23e669702,749.0,419.0,5.0,4
2024-01-27,383eda871fca,759.0,419.0,5.0,4
2024-01-28,389412076801,199.0,69.0,1.0,4
2024-01-28,bc2f82a22e11,199.0,99.0,5.0,4
2024-01-28,dd94e2bc5601,199.0,99.0,6.0,4
2024-01-28,e7ff6ea67040,259.0,129.0,9.0,4
2024-01-28,dbedc65be2f4,499.0,135.75,3.0,4
2024-01-28,44c942fe217c,599.0,249.0,2.0,4
2024-01-28,f611e25fa53a,649.0,319.0,1.0,4
2024-01-28,17abde81f33d,499.0,329.0,2.0,4
2024-01-28,830dfe173dd6,569.0,369.0,2.0,4
2024-01-28,76c18abd8f7c,539.0,389.0,2.0,4
2024-01-28,68e23e669702,749.0,419.0,2.0,4
2024-01-28,383eda871fca,759.0,419.0,3.0,4
2024-01-29,d63b63612407,189.0,113.4,3.0,4
2024-01-29,bc2f82a22e11,199.0,119.4,1.0,4
2024-01-29,95879f411e24,209.0,125.4,1.0,4
2024-01-29,dbedc65be2f4,499.0,135.75,1.0,4
2024-01-29,e7ff6ea67040,259.0,155.4,3.0,4
2024-01-29,17abde81f33d,499.0,311.9,2.0,4
2024-01-29,4cf0bb777594,569.0,341.4,1.0,4
2024-01-29,44c942fe217c,599.0,359.4,1.0,4
2024-01-29,76c18abd8f7c,539.0,376.0,3.0,4
2024-01-29,f611e25fa53a,649.0,389.4,1.0,4
2024-01-30,39f43e8f6ed5,55.0,33.0,3.0,4
2024-01-30,dbedc65be2f4,499.0,135.75,1.0,4
2024-01-30,e7ff6ea67040,259.0,155.4,6.0,4
2024-01-31,986dbd10687c,169.9,110.4,1.0,4
2024-01-31,dd94e2bc5601,199.0,119.4,2.0,4
2024-01-31,95879f411e24,209.0,125.4,2.0,4
2024-01-31,dbedc65be2f4,499.0,135.75,3.0,4
2024-01-31,e7ff6ea67040,259.0,155.4,7.0,4
2024-01-31,44c942fe217c,599.0,359.4,3.0,4
2024-01-31,76c18abd8f7c,539.0,376.0,3.0,4
2024-01-31,383eda871fca,759.0,493.4,3.0,4
2024-02-01,d9160be84d68,179.9,107.9,1.0,4
2024-02-01,dd94e2bc5601,199.0,119.4,1.0,4
2024-02-01,dbedc65be2f4,499.0,135.75,3.0,4
2024-02-02,d9160be84d68,179.9,107.9,3.0,4
2024-02-02,dd94e2bc5601,199.0,119.4,2.0,4
2024-02-02,dbedc65be2f4,499.0,135.75,2.0,4
2024-02-02,9d8763e64b4f,319.0,207.4,1.0,4
2024-02-02,5d834dae9ebc,329.0,213.9,2.0,4
2024-02-02,d454beab2b30,419.0,272.4,4.0,4
2024-02-03,d9160be84d68,179.9,107.9,2.0,4
2024-02-03,e7ff6ea67040,259.0,149.0,3.0,4
2024-02-03,cd154f470ffa,229.9,149.0,6.0,4
2024-02-03,534465a0faf1,229.9,149.0,3.0,4
2024-02-03,4cf0bb777594,569.0,341.4,1.0,4
2024-02-04,dd94e2bc5601,199.0,119.4,1.0,4
2024-02-04,dbedc65be2f4,499.0,135.75,1.0,4
2024-02-04,e7ff6ea67040,259.0,149.0,1.0,4
2024-02-05,389412076801,199.0,99.0,1.0,4
2024-02-05,d63b63612407,189.0,99.0,2.0,4
2024-02-05,d9160be84d68,179.9,107.9,4.0,4
2024-02-05,f0c2857afa61,209.0,110.0,2.0,4
2024-02-05,986dbd10687c,169.9,110.4,1.0,4
2024-02-05,dd94e2bc5601,199.0,119.4,1.0,4
2024-02-05,e7ff6ea67040,259.0,149.0,5.0,4
2024-02-05,cd154f470ffa,229.9,149.0,1.0,4
2024-02-05,4cf0bb777594,569.0,341.4,1.0,4
2024-02-05,17abde81f33d,499.0,349.0,1.0,4
2024-02-05,99f1adc283c4,569.0,359.0,2.0,4
2024-02-05,68e23e669702,749.0,429.0,2.0,4
2024-02-06,389412076801,199.0,99.0,1.0,4
2024-02-06,d9160be84d68,179.9,107.9,2.0,4
2024-02-06,f0c2857afa61,209.0,110.0,2.0,4
2024-02-06,dd94e2bc5601,199.0,119.4,3.0,4
2024-02-06,3a95d538a917,259.0,149.0,4.0,4
2024-02-06,e7ff6ea67040,259.0,149.0,5.0,4
2024-02-06,e60d890f2812,399.0,289.0,3.0,4
2024-02-06,17abde81f33d,499.0,349.0,2.0,4
2024-02-06,99f1adc283c4,569.0,359.0,1.0,4
2024-02-06,74d6ed799e21,599.0,359.5,1.0,4
2024-02-06,68e23e669702,749.0,429.0,1.0,4
2024-02-06,383eda871fca,719.0,493.4,2.0,4
2024-02-07,f0c2857afa61,209.0,110.0,3.0,4
2024-02-07,029f72f6913c,199.9,129.0,1.0,4
2024-02-07,e7ff6ea67040,259.0,149.0,6.0,4
2024-02-07,9d8763e64b4f,319.0,207.4,4.0,4
2024-02-07,e60d890f2812,399.0,289.0,4.0,4
2024-02-07,74d6ed799e21,599.0,359.5,3.0,4
2024-02-08,d9160be84d68,179.9,107.9,3.0,4
2024-02-08,f0c2857afa61,209.0,110.0,2.0,4
2024-02-08,dd94e2bc5601,199.0,119.4,1.0,4
2024-02-08,e7ff6ea67040,259.0,149.0,3.0,4
2024-02-08,68e23e669702,749.0,429.0,2.0,4
2024-02-09,029f72f6913c,199.9,129.0,1.0,4
2024-02-09,3a95d538a917,259.0,149.0,2.0,4
2024-02-09,e7ff6ea67040,259.0,149.0,2.0,4
2024-02-09,e60d890f2812,399.0,289.0,5.0,4
2024-02-09,f611e25fa53a,649.0,389.4,1.0,4
2024-02-09,75a435426869,749.0,486.9,3.0,4
2024-02-10,0e39cf5d57c1,169.0,89.0,1.0,4
2024-02-10,389412076801,199.0,99.0,2.0,4
2024-02-10,d63b63612407,189.0,99.0,2.0,4
2024-02-10,d9160be84d68,179.9,107.9,1.0,4
2024-02-10,f0c2857afa61,209.0,110.0,6.0,4
2024-02-10,dd94e2bc5601,199.0,119.4,2.0,4
2024-02-10,029f72f6913c,199.9,129.0,1.0,4
2024-02-10,3a95d538a917,259.0,149.0,4.0,4
2024-02-10,e7ff6ea67040,259.0,149.0,11.0,4
2024-02-10,cd154f470ffa,229.9,149.0,2.0,4
2024-02-10,e60d890f2812,399.0,289.0,1.0,4
2024-02-10,4cf0bb777594,569.0,341.4,1.0,4
2024-02-10,17abde81f33d,499.0,349.0,2.0,4
2024-02-10,74d6ed799e21,599.0,359.5,1.0,4
2024-02-10,f611e25fa53a,649.0,389.4,9.0,4
2024-02-10,68e23e669702,749.0,429.0,4.0,4
2024-02-10,75a435426869,749.0,486.9,3.0,4
2024-02-10,383eda871fca,719.0,493.4,3.0,4
2024-02-11,f0c2857afa61,209.0,110.0,4.0,4
2024-02-11,bc2f82a22e11,199.0,129.4,1.0,4
2024-02-11,74d6ed799e21,599.0,389.4,1.0,4
2024-02-12,0e39cf5d57c1,169.0,99.0,1.0,4
2024-02-12,d63b63612407,189.0,99.0,1.0,4
2024-02-12,f0c2857afa61,209.0,109.0,1.0,4
2024-02-12,74d6ed799e21,599.0,389.4,4.0,4
2024-02-13,584cbff2b783,179.9,109.0,3.0,4
2024-02-13,f0c2857afa61,209.0,109.0,2.0,4
2024-02-13,dd94e2bc5601,199.0,109.0,1.0,4
2024-02-13,e7ff6ea67040,259.0,139.0,3.0,4
2024-02-13,dbedc65be2f4,499.0,155.5,1.0,4
2024-02-13,74d6ed799e21,599.0,389.4,1.0,4
2024-02-13,4cf0bb777594,569.0,399.0,3.0,4
2024-02-14,95879f411e24,209.0,99.0,2.0,4
2024-02-14,389412076801,199.0,99.0,3.0,4
2024-02-14,f0c2857afa61,209.0,109.0,3.0,4
2024-02-14,dd94e2bc5601,199.0,109.0,2.0,4
2024-02-14,e7ff6ea67040,259.0,139.0,6.0,4
2024-02-14,e60d890f2812,399.0,289.0,2.0,4
2024-02-14,44c942fe217c,599.0,319.0,2.0,4
2024-02-14,17abde81f33d,499.0,349.0,3.0,4
2024-02-14,74d6ed799e21,599.0,389.4,5.0,4
2024-02-14,f611e25fa53a,649.0,389.4,6.0,4
2024-02-14,4cf0bb777594,569.0,399.0,3.0,4
2024-02-14,76c18abd8f7c,539.0,399.0,1.0,4
2024-02-14,68e23e669702,749.0,439.0,7.0,4
2024-02-14,75a435426869,749.0,486.9,3.0,4
2024-02-16,f0c2857afa61,209.0,109.0,3.0,4
2024-02-16,17abde81f33d,499.0,349.0,2.0,4
2024-02-16,74d6ed799e21,599.0,389.4,1.0,4
2024-02-16,4cf0bb777594,569.0,399.0,1.0,4
2024-02-17,584cbff2b783,179.9,109.0,1.0,4
2024-02-17,f0c2857afa61,209.0,109.0,2.0,4
2024-02-17,bc2f82a22e11,199.0,129.4,4.0,4
2024-02-17,e7ff6ea67040,259.0,139.0,8.0,4
2024-02-17,e60d890f2812,399.0,289.0,3.0,4
2024-02-17,74d6ed799e21,599.0,389.4,2.0,4
2024-02-17,4cf0bb777594,569.0,399.0,2.0,4
2024-02-18,bc2f82a22e11,199.0,129.4,1.0,4
2024-02-18,e60d890f2812,399.0,289.0,1.0,4
2024-02-19,584cbff2b783,179.9,109.0,2.0,4
2024-02-19,f0c2857afa61,209.0,109.0,2.0,4
2024-02-19,dd94e2bc5601,199.0,109.0,1.0,4
2024-02-19,e7ff6ea67040,259.0,149.0,1.0,4
2024-02-19,e60d890f2812,399.0,299.0,1.0,4
2024-02-20,0e39cf5d57c1,169.0,99.0,3.0,4
2024-02-20,f0c2857afa61,209.0,109.0,3.0,4
2024-02-20,d63b63612407,189.0,109.0,1.0,4
2024-02-20,e7ff6ea67040,259.0,149.0,5.0,4
2024-02-20,cd154f470ffa,229.9,149.0,1.0,4
2024-02-20,e60d890f2812,399.0,299.0,1.0,4
2024-02-21,f0c2857afa61,209.0,109.0,3.0,4
2024-02-21,d63b63612407,189.0,109.0,1.0,4
2024-02-21,dd94e2bc5601,199.0,109.0,3.0,4
2024-02-21,95879f411e24,209.0,119.0,2.0,4
2024-02-21,bc2f82a22e11,199.0,119.4,6.0,4
2024-02-21,3a95d538a917,259.0,129.0,3.0,4
2024-02-21,e7ff6ea67040,259.0,149.0,9.0,4
2024-02-21,cd154f470ffa,229.9,149.0,3.0,4
2024-02-21,e60d890f2812,399.0,299.0,1.0,4
2024-02-22,584cbff2b783,179.9,109.0,1.0,4
2024-02-22,cd154f470ffa,229.9,149.0,2.0,4
2024-02-23,986dbd10687c,169.9,119.0,1.0,4
2024-02-23,d9160be84d68,179.9,119.0,1.0,4
2024-02-23,cd154f470ffa,229.9,149.0,1.0,4
2024-02-23,44c942fe217c,599.0,259.0,2.0,4
2024-02-23,76c18abd8f7c,539.0,399.0,2.0,4
2024-02-24,d63b63612407,189.0,109.0,1.0,4
2024-02-25,0e39cf5d57c1,169.0,99.0,4.0,4
2024-02-25,584cbff2b783,179.9,109.0,1.0,4
2024-02-25,f0c2857afa61,209.0,109.0,2.0,4
2024-02-25,986dbd10687c,169.9,119.0,1.0,4
2024-02-25,d9160be84d68,179.9,119.0,1.0,4
2024-02-25,cd154f470ffa,229.9,149.0,1.0,4
2024-02-26,0e39cf5d57c1,169.0,99.0,6.0,4
2024-02-26,389412076801,199.0,99.0,1.0,4
2024-02-26,584cbff2b783,179.9,109.0,1.0,4
2024-02-26,f0c2857afa61,209.0,109.0,1.0,4
2024-02-26,dd94e2bc5601,199.0,109.0,1.0,4
2024-02-26,e7ff6ea67040,259.0,149.0,9.0,4
2024-02-26,cd154f470ffa,229.9,149.0,1.0,4
2024-02-27,0e39cf5d57c1,169.0,99.0,22.0,4
2024-02-27,389412076801,199.0,99.0,2.0,4
2024-02-27,f0c2857afa61,209.0,109.0,2.0,4
2024-02-27,dd94e2bc5601,199.0,109.0,1.0,4
2024-02-27,e7ff6ea67040,259.0,149.0,3.0,4
2024-02-28,0e39cf5d57c1,169.0,99.0,9.0,4
2024-02-28,95879f411e24,209.0,119.0,5.0,4
2024-02-28,e7ff6ea67040,259.0,149.0,11.0,4
2024-02-29,f0c2857afa61,209.0,109.0,1.0,4
2024-02-29,dd94e2bc5601,199.0,109.0,1.0,4
2024-02-29,e7ff6ea67040,259.0,149.0,3.0,4
2024-02-29,9d8763e64b4f,319.0,199.0,2.0,4
2024-03-01,389412076801,199.0,99.0,1.0,4
2024-03-01,95879f411e24,209.0,109.0,2.0,4
2024-03-01,0e39cf5d57c1,169.0,109.0,1.0,4
2024-03-01,f0c2857afa61,209.0,109.0,1.0,4
2024-03-01,d63b63612407,189.0,109.0,2.0,4
2024-03-01,9d8763e64b4f,319.0,199.0,1.0,4
2024-03-01,68e23e669702,749.0,449.0,4.0,4
2024-03-02,f0c2857afa61,209.0,109.0,2.0,4
2024-03-02,d63b63612407,189.0,109.0,1.0,4
2024-03-02,e7ff6ea67040,259.0,139.0,2.0,4
2024-03-03,0e39cf5d57c1,169.0,109.0,1.0,4
2024-03-03,dd94e2bc5601,199.0,109.0,5.0,4
2024-03-04,d9160be84d68,179.9,109.0,1.0,4
2024-03-04,584cbff2b783,179.9,109.0,2.0,4
2024-03-04,772976e34f2d,179.9,109.0,2.0,4
2024-03-04,b217079cca31,209.9,119.0,8.0,4
2024-03-04,cd154f470ffa,229.9,139.0,1.0,4
2024-03-04,f049b16ba53a,799.0,439.0,1.0,4
2024-03-04,68e23e669702,749.0,449.0,3.0,4
2024-03-05,d63b63612407,189.0,109.0,1.0,4
2024-03-05,bc2f82a22e11,199.0,109.0,3.0,4
2024-03-05,dd94e2bc5601,199.0,109.0,3.0,4
2024-03-05,e7ff6ea67040,259.0,139.0,2.0,4
2024-03-05,41997ae13f23,359.0,219.0,1.0,4
2024-03-05,9d8763e64b4f,319.0,229.0,2.0,4
2024-03-05,f96735cf36e8,429.0,259.0,4.0,4
2024-03-05,e60d890f2812,449.0,299.0,1.0,4
2024-03-05,d454beab2b30,419.0,299.0,2.0,4
2024-03-05,76c18abd8f7c,539.0,409.0,1.0,4
2024-03-06,95879f411e24,209.0,109.0,1.0,4
2024-03-06,d63b63612407,189.0,109.0,5.0,4
2024-03-06,dd94e2bc5601,199.0,109.0,4.0,4
2024-03-06,b217079cca31,209.9,119.0,1.0,4
2024-03-06,cd154f470ffa,229.9,139.0,1.0,4
2024-03-08,dd94e2bc5601,199.0,109.0,1.0,4
2024-03-09,584cbff2b783,179.9,109.0,4.0,4
2024-03-09,772976e34f2d,179.9,109.0,4.0,4
2024-03-09,dd94e2bc5601,199.0,109.0,1.0,4
2024-03-09,cd154f470ffa,229.9,139.0,2.0,4
2024-03-10,e85f45f1aa00,159.9,99.0,3.0,4
2024-03-10,986dbd10687c,169.9,109.0,2.0,4
2024-03-10,584cbff2b783,179.9,109.0,6.0,4
2024-03-10,772976e34f2d,179.9,109.0,4.0,4
2024-03-11,0e39cf5d57c1,169.0,109.9,4.0,4
2024-03-11,bc2f82a22e11,199.0,119.4,5.0,4
2024-03-11,dd94e2bc5601,199.0,129.4,1.0,4
2024-03-11,e7ff6ea67040,259.0,155.4,7.0,4
2024-03-12,0e39cf5d57c1,169.0,109.9,1.0,4
2024-03-12,e7ff6ea67040,259.0,155.4,1.0,4
2024-03-13,e7ff6ea67040,259.0,155.4,2.0,4
2024-03-14,0e39cf5d57c1,169.0,109.9,1.0,4
2024-03-14,e7ff6ea67040,259.0,155.4,1.0,4
2024-03-14,e60d890f2812,449.0,291.9,1.0,4
2024-03-15,e60d890f2812,449.0,291.9,1.0,4
2024-03-16,bc2f82a22e11,199.0,119.4,1.0,4
2024-03-16,e7ff6ea67040,259.0,155.4,2.0,4
2024-03-18,dd94e2bc5601,199.0,129.4,1.0,4
2024-03-18,e7ff6ea67040,259.0,155.4,1.0,4
2024-03-19,dd94e2bc5601,199.0,129.4,2.0,4
2024-03-19,e7ff6ea67040,259.0,155.4,1.0,4
2024-03-20,3a95d538a917,259.0,155.4,1.0,4
2024-03-20,e7ff6ea67040,259.0,155.4,8.0,4
2024-03-21,d63b63612407,189.0,109.0,4.0,4
2024-03-21,dd94e2bc5601,199.0,119.0,3.0,4
2024-03-21,e7ff6ea67040,259.0,159.0,4.0,4
2024-03-22,986dbd10687c,169.9,99.0,2.0,4
2024-03-22,f0c2857afa61,209.0,119.0,3.0,4
2024-03-22,dd94e2bc5601,199.0,119.0,2.0,4
2024-03-22,e7ff6ea67040,259.0,159.0,1.0,4
2024-03-22,f611e25fa53a,649.0,329.0,3.0,4
2024-03-22,68e23e669702,749.0,449.0,1.0,4
2024-03-22,383eda871fca,719.0,449.0,2.0,4
2024-03-23,986dbd10687c,169.9,99.0,1.0,4
2024-03-23,f0c2857afa61,209.0,119.0,2.0,4
2024-03-23,e7ff6ea67040,259.0,159.0,1.0,4
2024-03-23,f611e25fa53a,649.0,329.0,4.0,4
2024-03-23,68e23e669702,749.0,449.0,2.0,4
2024-03-24,d63b63612407,189.0,109.0,2.0,4
2024-03-24,bc2f82a22e11,199.0,119.0,2.0,4
2024-03-24,dd94e2bc5601,199.0,119.0,1.0,4
2024-03-24,74d6ed799e21,599.0,419.0,1.0,4
2024-03-25,0e39cf5d57c1,169.0,109.0,1.0,4
2024-03-25,d63b63612407,189.0,109.0,1.0,4
2024-03-25,f0c2857afa61,209.0,119.0,1.0,4
2024-03-25,bc2f82a22e11,199.0,119.0,1.0,4
2024-03-25,44c942fe217c,599.0,319.0,1.0,4
2024-03-25,f611e25fa53a,649.0,329.0,1.0,4
2024-03-25,4cf0bb777594,569.0,340.2,2.0,4
2024-03-25,383eda871fca,719.0,449.0,1.0,4
2024-03-25,75a435426869,749.0,449.0,1.0,4
2024-03-26,d63b63612407,189.0,109.0,1.0,4
2024-03-26,bc2f82a22e11,199.0,119.0,6.0,4
2024-03-26,dd94e2bc5601,199.0,119.0,1.0,4
2024-03-26,44c942fe217c,599.0,319.0,1.0,4
2024-03-26,4cf0bb777594,569.0,340.2,1.0,4
2024-03-26,74d6ed799e21,599.0,419.0,2.0,4
2024-03-26,68e23e669702,749.0,449.0,1.0,4
2024-03-26,383eda871fca,719.0,449.0,1.0,4
2024-03-26,75a435426869,749.0,449.0,1.0,4
2024-03-27,bc2f82a22e11,199.0,119.0,4.0,4
2024-03-27,dd94e2bc5601,199.0,119.0,1.0,4
2024-03-27,e7ff6ea67040,259.0,159.0,5.0,4
2024-03-27,e60d890f2812,449.0,299.0,1.0,4
2024-03-27,4cf0bb777594,569.0,340.2,2.0,4
2024-03-29,d63b63612407,189.0,109.0,1.0,4
2024-03-29,bc2f82a22e11,199.0,119.0,1.0,4
2024-03-29,dd94e2bc5601,199.0,119.0,1.0,4
2024-03-29,e7ff6ea67040,259.0,159.0,4.0,4
2024-03-29,17abde81f33d,499.0,299.4,3.0,4
2024-03-30,dd94e2bc5601,199.0,119.0,1.0,4
2024-03-30,e7ff6ea67040,259.0,159.0,3.0,4
2024-03-30,68e23e669702,749.0,449.0,4.0,4
2024-03-30,75a435426869,749.0,449.0,2.0,4
2024-03-31,f0c2857afa61,209.0,119.0,3.0,4
2024-03-31,dd94e2bc5601,199.0,119.0,3.0,4
2024-03-31,e7ff6ea67040,259.0,159.0,3.0,4
2024-03-31,17abde81f33d,499.0,299.4,1.0,4
2024-04-02,0e39cf5d57c1,169.0,109.0,5.0,4
2024-04-02,3a95d538a917,259.0,119.0,4.0,4
2024-04-02,dd94e2bc5601,199.0,119.0,5.0,4
2024-04-02,dbedc65be2f4,499.0,146.5,1.0,4
2024-04-02,e7ff6ea67040,259.0,149.0,8.0,4
2024-04-02,78af0b0dba8f,599.0,184.5,1.0,4
2024-04-02,e60d890f2812,449.0,299.0,3.0,4
2024-04-02,29eb96eefa3e,990.0,309.5,1.0,4
2024-04-02,f611e25fa53a,649.0,339.0,6.0,4
2024-04-02,4cf0bb777594,569.0,399.0,1.0,4
2024-04-02,383eda871fca,719.0,439.0,2.0,4
2024-04-02,68e23e669702,749.0,449.0,2.0,4
2024-04-02,abb17c86ce4e,1390.0,449.5,2.0,4
2024-04-03,f0c2857afa61,209.0,99.0,2.0,4
2024-04-03,0e39cf5d57c1,169.0,109.0,5.0,4
2024-04-03,3a95d538a917,259.0,119.0,4.0,4
2024-04-03,dd94e2bc5601,199.0,119.0,2.0,4
2024-04-03,e7ff6ea67040,259.0,149.0,8.0,4
2024-04-03,78af0b0dba8f,599.0,184.5,1.0,4
2024-04-03,44c942fe217c,599.0,259.0,4.0,4
2024-04-03,383eda871fca,719.0,439.0,1.0,4
2024-04-03,68e23e669702,749.0,449.0,4.0,4
2024-04-04,f0c2857afa61,209.0,99.0,1.0,4
2024-04-04,3a95d538a917,259.0,119.0,1.0,4
2024-04-04,e7ff6ea67040,259.0,149.0,2.0,4
2024-04-04,68e23e669702,749.0,449.0,2.0,4
2024-04-05,f15c5c1e291d,129.0,34.5,1.0,4
2024-04-05,f0c2857afa61,209.0,99.0,1.0,4
2024-04-05,0e39cf5d57c1,169.0,109.0,4.0,4
2024-04-05,d63b63612407,189.0,109.0,1.0,4
2024-04-05,e7ff6ea67040,259.0,149.0,7.0,4
2024-04-05,f611e25fa53a,649.0,339.0,2.0,4
2024-04-06,f0c2857afa61,209.0,99.0,1.0,4
2024-04-06,0e39cf5d57c1,169.0,109.0,1.0,4
2024-04-06,d63b63612407,189.0,109.0,1.0,4
2024-04-06,3a95d538a917,259.0,119.0,1.0,4
2024-04-06,bc2f82a22e11,199.0,119.0,1.0,4
2024-04-06,dd94e2bc5601,199.0,119.0,1.0,4
2024-04-06,17abde81f33d,499.0,329.0,1.0,4
2024-04-06,4cf0bb777594,569.0,399.0,1.0,4
2024-04-07,f15c5c1e291d,129.0,34.5,1.0,4
2024-04-07,bc2f82a22e11,199.0,119.0,1.0,4
2024-04-07,e7ff6ea67040,259.0,149.0,6.0,4
2024-04-07,17abde81f33d,499.0,329.0,2.0,4
2024-04-11,d63b63612407,189.0,113.4,3.0,4
2024-04-11,f0c2857afa61,209.0,135.9,2.0,4
2024-04-11,74d6ed799e21,599.0,389.4,3.0,4
2024-04-12,74d6ed799e21,599.0,389.4,1.0,4
2024-04-13,d63b63612407,189.0,113.4,7.0,4
2024-04-13,dd94e2bc5601,199.0,129.4,3.0,4
2024-04-13,f0c2857afa61,209.0,135.9,5.0,4
2024-04-13,e7ff6ea67040,259.0,168.4,3.0,4
2024-04-13,74d6ed799e21,599.0,389.4,2.0,4
2024-04-14,bc2f82a22e11,199.0,129.4,3.0,4
2024-04-14,dd94e2bc5601,199.0,129.4,1.0,4
2024-04-14,f0c2857afa61,209.0,135.9,3.0,4
2024-04-14,3a95d538a917,259.0,168.4,4.0,4
2024-04-14,e7ff6ea67040,259.0,168.4,1.0,4
2024-04-15,986dbd10687c,169.9,101.9,3.0,4
2024-04-15,d9160be84d68,179.9,107.9,6.0,4
2024-04-15,dd94e2bc5601,199.0,119.4,1.0,4
2024-04-15,029f72f6913c,199.9,119.9,1.0,4
2024-04-15,f0c2857afa61,209.0,125.4,1.0,4
2024-04-15,5ec8eafeb7ce,209.0,125.4,1.0,4
2024-04-15,cd154f470ffa,229.9,137.9,2.0,4
2024-04-15,534465a0faf1,229.9,137.9,1.0,4
2024-04-15,e7ff6ea67040,259.0,155.4,1.0,4
2024-04-15,e60d890f2812,449.0,269.4,1.0,4
2024-04-16,d63b63612407,189.0,113.4,3.0,4
2024-04-16,bc2f82a22e11,199.0,119.4,2.0,4
2024-04-16,dd94e2bc5601,199.0,119.4,6.0,4
2024-04-16,f0c2857afa61,209.0,125.4,10.0,4
2024-04-16,5ec8eafeb7ce,209.0,125.4,2.0,4
2024-04-16,cd154f470ffa,229.9,137.9,3.0,4
2024-04-16,e7ff6ea67040,259.0,155.4,2.0,4
2024-04-16,e60d890f2812,449.0,269.4,3.0,4
2024-04-16,44c942fe217c,599.0,299.0,2.0,4
2024-04-16,f611e25fa53a,649.0,339.0,7.0,4
2024-04-16,17abde81f33d,499.0,385.0,1.0,4
2024-04-16,68e23e669702,749.0,449.0,3.0,4
2024-04-17,f15c5c1e291d,129.0,34.5,10.0,4
2024-04-17,389412076801,139.0,83.4,1.0,4
2024-04-17,584cbff2b783,179.9,107.9,1.0,4
2024-04-17,d63b63612407,189.0,113.4,1.0,4
2024-04-17,dd94e2bc5601,199.0,119.4,4.0,4
2024-04-17,029f72f6913c,199.9,119.9,1.0,4
2024-04-17,f0c2857afa61,209.0,125.4,1.0,4
2024-04-17,5ec8eafeb7ce,209.0,125.4,1.0,4
2024-04-17,cd154f470ffa,229.9,137.9,3.0,4
2024-04-17,68e23e669702,749.0,449.0,1.0,4
2024-04-17,74e52a7dd94e,1490.0,899.0,1.0,4
2024-04-18,0e39cf5d57c1,169.0,101.4,1.0,4
2024-04-18,d63b63612407,189.0,113.4,1.0,4
2024-04-18,bc2f82a22e11,199.0,119.4,1.0,4
2024-04-18,029f72f6913c,199.9,119.9,1.0,4
2024-04-18,f0c2857afa61,209.0,125.4,1.0,4
2024-04-18,5ec8eafeb7ce,209.0,125.4,1.0,4
2024-04-18,3a95d538a917,259.0,155.4,3.0,4
2024-04-18,80e596d49584,499.0,164.5,1.0,4
2024-04-18,4f620fc26854,649.0,195.0,2.0,4
2024-04-18,f611e25fa53a,649.0,339.0,4.0,4
2024-04-18,74d6ed799e21,599.0,359.5,1.0,4
2024-04-18,74e52a7dd94e,1490.0,899.0,1.0,4
2024-04-19,986dbd10687c,169.9,101.9,1.0,4
2024-04-19,584cbff2b783,179.9,107.9,2.0,4
2024-04-19,d63b63612407,189.0,113.4,5.0,4
2024-04-19,dd94e2bc5601,199.0,119.4,2.0,4
2024-04-19,95879f411e24,209.0,125.4,4.0,4
2024-04-19,f0c2857afa61,209.0,125.4,7.0,4
2024-04-19,cd154f470ffa,229.9,137.9,1.0,4
2024-04-19,3a95d538a917,259.0,155.4,1.0,4
2024-04-19,e7ff6ea67040,259.0,155.4,3.0,4
2024-04-19,44c942fe217c,599.0,299.0,8.0,4
2024-04-19,8b7268eb2b33,499.0,299.4,2.0,4
2024-04-19,f611e25fa53a,649.0,339.0,6.0,4
2024-04-19,74d6ed799e21,599.0,359.5,1.0,4
2024-04-19,76c18abd8f7c,539.0,429.0,2.0,4
2024-04-19,383eda871fca,719.0,459.0,4.0,4
2024-04-19,74e52a7dd94e,1490.0,899.0,1.0,4
2024-04-20,f15c5c1e291d,129.0,34.5,14.0,4
2024-04-20,0e39cf5d57c1,169.0,101.4,1.0,4
2024-04-20,986dbd10687c,169.9,101.9,1.0,4
2024-04-20,d63b63612407,189.0,113.4,2.0,4
2024-04-20,dd94e2bc5601,199.0,119.4,2.0,4
2024-04-20,f0c2857afa61,209.0,125.4,2.0,4
2024-04-20,3a95d538a917,259.0,155.4,4.0,4
2024-04-20,44c942fe217c,599.0,299.0,7.0,4
2024-04-20,8b7268eb2b33,499.0,299.4,3.0,4
2024-04-20,f611e25fa53a,649.0,339.0,3.0,4
2024-04-20,17abde81f33d,499.0,385.0,1.0,4
2024-04-20,851410d2704b,659.0,399.0,1.0,4
2024-04-20,75a435426869,749.0,439.0,1.0,4
2024-04-20,383eda871fca,719.0,459.0,2.0,4
2024-04-21,bc2f82a22e11,199.0,119.4,1.0,4
2024-04-21,e7ff6ea67040,259.0,155.4,2.0,4
2024-04-21,4cf0bb777594,569.0,341.4,1.0,4
2024-04-22,d63b63612407,189.0,113.4,3.0,4
2024-04-22,e7ff6ea67040,259.0,155.4,7.0,4
2024-04-22,f611e25fa53a,649.0,339.0,2.0,4
2024-04-22,383eda871fca,719.0,459.0,1.0,4
2024-04-23,0e39cf5d57c1,169.0,99.0,6.0,4
2024-04-23,d63b63612407,189.0,109.0,4.0,4
2024-04-23,3a95d538a917,259.0,119.0,9.0,4
2024-04-23,f0c2857afa61,209.0,119.0,2.0,4
2024-04-23,e7ff6ea67040,259.0,149.0,13.0,4
2024-04-23,e60d890f2812,449.0,299.0,1.0,4
2024-04-23,44c942fe217c,599.0,299.0,5.0,4
2024-04-23,8b7268eb2b33,499.0,299.4,1.0,4
2024-04-23,17abde81f33d,499.0,359.0,2.0,4
2024-04-23,f611e25fa53a,649.0,359.0,7.0,4
2024-04-23,75a435426869,749.0,449.0,1.0,4
2024-04-24,d63b63612407,189.0,109.0,2.0,4
2024-04-24,3a95d538a917,259.0,119.0,6.0,4
2024-04-24,f0c2857afa61,209.0,119.0,5.0,4
2024-04-24,e7ff6ea67040,259.0,149.0,1.0,4
2024-04-24,8b7268eb2b33,499.0,299.4,1.0,4
2024-04-24,17abde81f33d,499.0,359.0,3.0,4
2024-04-24,851410d2704b,659.0,399.0,2.0,4
2024-04-25,0e39cf5d57c1,169.0,99.0,2.0,4
2024-04-25,d63b63612407,189.0,109.0,7.0,4
2024-04-25,80e596d49584,379.0,117.5,3.0,4
2024-04-25,f0c2857afa61,209.0,119.0,6.0,4
2024-04-25,e7ff6ea67040,259.0,149.0,5.0,4
2024-04-25,e60d890f2812,449.0,299.0,1.0,4
2024-04-25,44c942fe217c,599.0,299.0,3.0,4
2024-04-25,8b7268eb2b33,499.0,299.4,2.0,4
2024-04-25,17abde81f33d,499.0,359.0,2.0,4
2024-04-25,f611e25fa53a,649.0,359.0,2.0,4
2024-04-25,851410d2704b,659.0,399.0,5.0,4
2024-04-25,74d6ed799e21,599.0,409.0,1.0,4
2024-04-25,76c18abd8f7c,539.0,409.0,1.0,4
2024-04-25,68e23e669702,749.0,449.0,1.0,4
2024-04-25,f049b16ba53a,799.0,449.0,1.0,4
2024-04-25,75a435426869,749.0,449.0,1.0,4
2024-04-25,2cad1a08565b,1990.0,669.5,1.0,4
2024-04-26,e60d890f2812,449.0,299.0,1.0,4
2024-04-26,17abde81f33d,499.0,359.0,1.0,4
2024-04-26,74d6ed799e21,599.0,409.0,1.0,4
2024-04-27,389412076801,139.0,89.0,1.0,4
2024-04-27,d63b63612407,189.0,109.0,1.0,4
2024-04-27,f0c2857afa61,209.0,119.0,3.0,4
2024-04-27,e7ff6ea67040,259.0,149.0,1.0,4
2024-04-27,e60d890f2812,449.0,299.0,1.0,4
2024-04-28,f15c5c1e291d,129.0,34.5,17.0,4
2024-04-28,d63b63612407,189.0,109.0,2.0,4
2024-04-28,80e596d49584,379.0,117.5,1.0,4
2024-04-28,f0c2857afa61,209.0,119.0,1.0,4
2024-04-28,e60d890f2812,449.0,299.0,2.0,4
2024-04-28,44c942fe217c,599.0,299.0,2.0,4
2024-04-28,f611e25fa53a,649.0,359.0,2.0,4
2024-04-28,851410d2704b,659.0,399.0,6.0,4
2024-04-28,75a435426869,749.0,449.0,1.0,4
2024-04-28,a6b6bfbc73b9,749.0,499.0,2.0,4
2024-04-28,2cad1a08565b,1990.0,669.5,1.0,4
2024-04-29,0e39cf5d57c1,169.0,99.0,2.0,4
2024-04-29,d63b63612407,189.0,109.0,3.0,4
2024-04-29,f0c2857afa61,209.0,119.0,2.0,4
2024-04-29,e60d890f2812,449.0,299.0,1.0,4
2024-04-29,44c942fe217c,599.0,299.0,1.0,4
2024-04-29,f611e25fa53a,649.0,359.0,2.0,4
2024-04-29,851410d2704b,659.0,399.0,6.0,4
2024-04-29,75a435426869,749.0,449.0,5.0,4
2024-05-01,d63b63612407,189.0,109.0,4.0,4
2024-05-01,bc2f82a22e11,199.0,119.0,2.0,4
2024-05-02,d63b63612407,189.0,109.0,1.0,4
2024-05-02,3a95d538a917,259.0,119.0,1.0,4
2024-05-02,dd94e2bc5601,199.0,119.0,1.0,4
2024-05-02,e7ff6ea67040,259.0,149.0,4.0,4
2024-05-03,0e39cf5d57c1,169.0,99.0,1.0,4
2024-05-03,f0c2857afa61,209.0,99.0,1.0,4
2024-05-03,d63b63612407,189.0,109.0,3.0,4
2024-05-03,e7ff6ea67040,259.0,149.0,6.0,4
2024-05-04,d63b63612407,189.0,109.0,1.0,4
2024-05-04,e7ff6ea67040,259.0,149.0,6.0,4
2024-05-06,0e39cf5d57c1,169.0,99.0,2.0,4
2024-05-06,e7ff6ea67040,259.0,149.0,9.0,4
2024-05-07,0e39cf5d57c1,169.0,99.0,4.0,4
2024-05-07,e7ff6ea67040,259.0,149.0,14.0,4
2024-05-08,0e39cf5d57c1,169.0,99.0,1.0,4
2024-05-11,0e39cf5d57c1,169.0,99.0,3.0,4
2024-05-11,bc2f82a22e11,199.0,119.0,1.0,4
2024-05-11,e7ff6ea67040,259.0,149.0,1.0,4
2024-05-13,dbedc65be2f4,499.0,199.0,1.0,4
2024-05-14,986dbd10687c,169.9,99.0,1.0,4
2024-05-14,0e39cf5d57c1,169.0,99.0,2.0,4
2024-05-14,584cbff2b783,179.9,109.0,1.0,4
2024-05-14,f0c2857afa61,209.0,109.0,4.0,4
2024-05-14,029f72f6913c,199.9,119.0,2.0,4
2024-05-14,bc2f82a22e11,199.0,119.0,4.0,4
2024-05-14,e7ff6ea67040,259.0,149.0,6.0,4
2024-05-15,f0c2857afa61,209.0,109.0,1.0,4
2024-05-15,301ab3da516b,199.9,119.0,1.0,4
2024-05-15,bc2f82a22e11,199.0,119.0,1.0,4
2024-05-16,287c6c55a66d,199.0,125.0,3.0,4
2024-05-16,dbedc65be2f4,499.0,146.5,2.0,4
2024-05-17,0e39cf5d57c1,169.0,99.0,1.0,4
2024-05-17,d63b63612407,189.0,109.0,3.0,4
2024-05-17,bc2f82a22e11,199.0,119.0,1.0,4
2024-05-17,dd94e2bc5601,199.0,119.0,1.0,4
2024-05-17,3138dad4b2d9,299.0,199.0,1.0,4
2024-05-17,a4d23fcdc994,990.0,297.5,1.0,4
2024-05-17,8b7268eb2b33,499.0,349.0,1.0,4
2024-05-18,389412076801,139.0,89.0,1.0,4
2024-05-18,0e39cf5d57c1,169.0,99.0,3.0,4
2024-05-18,f0c2857afa61,209.0,109.0,1.0,4
2024-05-18,bc2f82a22e11,199.0,119.0,4.0,4
2024-05-18,dd94e2bc5601,199.0,119.0,3.0,4
2024-05-18,e7ff6ea67040,259.0,149.0,2.0,4
2024-05-18,49033bf0d48e,399.0,256.0,1.0,4
2024-05-18,8b7268eb2b33,499.0,349.0,1.0,4
2024-05-18,44c942fe217c,599.0,369.0,1.0,4
2024-05-18,f611e25fa53a,649.0,369.0,1.0,4
2024-05-20,389412076801,139.0,89.0,2.0,4
2024-05-20,0e39cf5d57c1,169.0,99.0,6.0,4
2024-05-20,d63b63612407,189.0,109.0,2.0,4
2024-05-20,bc2f82a22e11,199.0,119.0,7.0,4
2024-05-20,e7ff6ea67040,259.0,149.0,9.0,4
2024-05-20,a4d23fcdc994,990.0,297.5,1.0,4
2024-05-20,44c942fe217c,599.0,369.0,2.0,4
2024-05-20,f611e25fa53a,649.0,369.0,1.0,4
2024-05-21,389412076801,139.0,89.0,1.0,4
2024-05-21,0e39cf5d57c1,169.0,99.0,15.0,4
2024-05-21,f0c2857afa61,209.0,119.0,4.0,4
2024-05-21,bc2f82a22e11,199.0,119.0,3.0,4
2024-05-21,e7ff6ea67040,259.0,149.0,9.0,4
2024-05-22,0e39cf5d57c1,169.0,99.0,1.0,4
2024-05-22,49033bf0d48e,399.0,256.0,4.0,4
2024-05-22,17abde81f33d,499.0,369.0,1.0,4
2024-05-22,4cf0bb777594,569.0,399.0,1.0,4
2024-05-23,bc2f82a22e11,199.0,119.0,2.0,4
2024-05-23,dd94e2bc5601,199.0,119.0,1.0,4
2024-05-23,e7ff6ea67040,259.0,149.0,4.0,4
2024-05-23,0e2e34b6bdee,99.0,284.0,1.0,4
2024-05-24,389412076801,139.0,89.0,1.0,4
2024-05-24,f0c2857afa61,209.0,119.0,1.0,4
2024-05-24,d63b63612407,189.0,119.0,1.0,4
2024-05-24,bc2f82a22e11,199.0,119.0,1.0,4
2024-05-24,dd94e2bc5601,199.0,119.0,3.0,4
2024-05-24,3a95d538a917,259.0,129.0,2.0,4
2024-05-24,e7ff6ea67040,259.0,149.0,6.0,4
2024-05-24,0e2e34b6bdee,99.0,284.0,1.0,4
2024-05-24,17abde81f33d,499.0,369.0,2.0,4
2024-05-24,4cf0bb777594,569.0,399.0,1.0,4
2024-05-25,0e2e34b6bdee,99.0,284.0,1.0,4
2024-05-26,f0c2857afa61,209.0,119.0,6.0,4
2024-05-26,e7ff6ea67040,259.0,149.0,6.0,4
2024-05-26,383eda871fca,759.0,449.0,6.0,4
2024-05-26,e47b18779022,2790.0,875.0,1.0,4
2024-05-27,986dbd10687c,169.9,81.4,2.0,4
2024-05-27,0e39cf5d57c1,169.0,99.0,1.0,4
2024-05-27,5ec8eafeb7ce,209.0,109.0,1.0,4
2024-05-27,e7ff6ea67040,259.0,149.0,1.0,4
2024-05-27,0e2e34b6bdee,49.9,284.0,1.0,4
2024-05-27,17abde81f33d,499.0,369.0,1.0,4
2024-05-27,68e23e669702,749.0,449.0,1.0,4
2024-05-27,383eda871fca,759.0,449.0,1.0,4
2024-05-27,75a435426869,749.0,449.0,1.0,4
2024-05-30,5ec8eafeb7ce,209.0,109.0,1.0,4
2024-05-30,0e2e34b6bdee,49.9,284.0,2.0,4
2024-05-30,383eda871fca,759.0,449.0,2.0,4
2024-05-30,75a435426869,749.0,449.0,1.0,4
2024-05-31,0e39cf5d57c1,169.0,99.0,1.0,4
2024-05-31,e7ff6ea67040,259.0,149.0,3.0,4
2024-05-31,f611e25fa53a,649.0,369.0,5.0,4
2024-05-31,4cf0bb777594,569.0,399.0,1.0,4
2024-05-31,75a435426869,749.0,449.0,1.0,4
2024-06-01,5ec8eafeb7ce,209.0,109.0,1.0,4
2024-06-01,f611e25fa53a,649.0,359.0,4.0,4
2024-06-01,383eda871fca,759.0,449.0,1.0,4
2024-06-02,0e39cf5d57c1,169.0,99.0,2.0,4
2024-06-02,389412076801,139.0,99.0,1.0,4
2024-06-02,f0c2857afa61,209.0,109.0,1.0,4
2024-06-02,bc2f82a22e11,199.0,109.0,3.0,4
2024-06-02,3a95d538a917,259.0,119.0,1.0,4
2024-06-02,dd94e2bc5601,209.0,129.0,1.0,4
2024-06-02,5d834dae9ebc,329.0,131.6,2.0,4
2024-06-02,e7ff6ea67040,259.0,149.0,3.0,4
2024-06-02,41997ae13f23,359.0,172.1,2.0,4
2024-06-02,f96735cf36e8,429.0,203.1,2.0,4
2024-06-02,d454beab2b30,419.0,220.8,3.0,4
2024-06-02,e60d890f2812,449.0,319.0,1.0,4
2024-06-02,44c942fe217c,599.0,329.0,1.0,4
2024-06-02,17abde81f33d,499.0,359.0,1.0,4
2024-06-02,f611e25fa53a,649.0,359.0,6.0,4
2024-06-02,851410d2704b,659.0,419.0,2.0,4
2024-06-02,68e23e669702,749.0,449.0,2.0,4
2024-06-02,383eda871fca,759.0,449.0,7.0,4
2024-06-02,75a435426869,749.0,449.0,2.0,4
2024-06-03,0e39cf5d57c1,169.0,99.0,1.0,4
2024-06-03,389412076801,139.0,99.0,1.0,4
2024-06-03,f0c2857afa61,209.0,109.0,1.0,4
2024-06-03,d63b63612407,189.0,109.0,2.0,4
2024-06-03,bc2f82a22e11,199.0,109.0,4.0,4
2024-06-03,3a95d538a917,259.0,119.0,4.0,4
2024-06-03,dd94e2bc5601,209.0,129.0,5.0,4
2024-06-03,e7ff6ea67040,259.0,149.0,9.0,4
2024-06-03,17abde81f33d,499.0,359.0,1.0,4
2024-06-03,f611e25fa53a,649.0,359.0,3.0,4
2024-06-03,851410d2704b,659.0,419.0,3.0,4
2024-06-03,383eda871fca,759.0,449.0,5.0,4
2024-06-03,a6b6bfbc73b9,749.0,499.0,4.0,4
2024-06-04,0e39cf5d57c1,169.0,99.0,18.0,4
2024-06-04,389412076801,139.0,99.0,1.0,4
2024-06-04,f0c2857afa61,209.0,109.0,12.0,4
2024-06-04,d63b63612407,189.0,109.0,1.0,4
2024-06-04,bc2f82a22e11,199.0,109.0,15.0,4
2024-06-04,3a95d538a917,259.0,119.0,19.0,4
2024-06-04,dd94e2bc5601,209.0,129.0,12.0,4
2024-06-04,5d834dae9ebc,329.0,131.6,2.0,4
2024-06-04,e7ff6ea67040,259.0,149.0,14.0,4
2024-06-04,41997ae13f23,359.0,172.1,2.0,4
2024-06-04,249aaa595dbf,349.0,178.0,8.0,4
2024-06-04,d454beab2b30,419.0,220.8,3.0,4
2024-06-04,f611e25fa53a,649.0,359.0,11.0,4
2024-06-04,4cf0bb777594,569.0,399.0,1.0,4
2024-06-04,851410d2704b,659.0,419.0,6.0,4
2024-06-04,383eda871fca,759.0,449.0,4.0,4
2024-06-04,75a435426869,749.0,449.0,4.0,4
2024-06-04,a6b6bfbc73b9,749.0,499.0,11.0,4
2024-06-05,dd94e2bc5601,209.0,129.0,1.0,4
2024-06-05,e7ff6ea67040,259.0,149.0,2.0,4
2024-06-05,41997ae13f23,359.0,172.1,4.0,4
2024-06-05,d454beab2b30,419.0,220.8,3.0,4
2024-06-05,f611e25fa53a,649.0,359.0,6.0,4
2024-06-05,851410d2704b,659.0,419.0,2.0,4
2024-06-05,383eda871fca,759.0,449.0,5.0,4
2024-06-05,75a435426869,749.0,449.0,2.0,4
2024-06-05,a6b6bfbc73b9,749.0,499.0,5.0,4
2024-06-06,0e39cf5d57c1,169.0,99.0,3.0,4
2024-06-06,389412076801,139.0,99.0,1.0,4
2024-06-06,f0c2857afa61,209.0,109.0,1.0,4
2024-06-06,bc2f82a22e11,199.0,109.0,2.0,4
2024-06-06,dd94e2bc5601,209.0,129.0,3.0,4
2024-06-06,e7ff6ea67040,259.0,149.0,1.0,4
2024-06-06,41997ae13f23,359.0,172.1,4.0,4
2024-06-06,249aaa595dbf,349.0,178.0,1.0,4
2024-06-06,f96735cf36e8,429.0,203.1,13.0,4
2024-06-06,d454beab2b30,419.0,220.8,6.0,4
2024-06-06,383eda871fca,759.0,449.0,1.0,4
2024-06-06,75a435426869,749.0,449.0,2.0,4
2024-06-06,a6b6bfbc73b9,799.0,499.0,5.0,4
2024-06-07,0e39cf5d57c1,169.0,99.0,4.0,4
2024-06-07,986dbd10687c,169.9,109.0,1.0,4
2024-06-07,f0c2857afa61,209.0,109.0,4.0,4
2024-06-07,d63b63612407,189.0,109.0,1.0,4
2024-06-07,bc2f82a22e11,199.0,109.0,4.0,4
2024-06-07,3a95d538a917,259.0,119.0,3.0,4
2024-06-07,dd94e2bc5601,209.0,129.0,6.0,4
2024-06-07,e7ff6ea67040,259.0,149.0,6.0,4
2024-06-07,d454beab2b30,419.0,220.8,4.0,4
2024-06-07,7cbcd420e718,399.0,259.4,8.0,4
2024-06-07,74d6ed799e21,599.0,429.0,1.0,4
2024-06-07,383eda871fca,759.0,449.0,1.0,4
2024-06-07,75a435426869,749.0,449.0,1.0,4
2024-06-07,a6b6bfbc73b9,799.0,499.0,7.0,4
2024-06-08,0e39cf5d57c1,169.0,99.0,2.0,4
2024-06-08,389412076801,139.0,99.0,3.0,4
2024-06-08,986dbd10687c,169.9,109.0,4.0,4
2024-06-08,f0c2857afa61,209.0,109.0,3.0,4
2024-06-08,dd94e2bc5601,209.0,129.0,4.0,4
2024-06-08,e7ff6ea67040,259.0,149.0,1.0,4
2024-06-08,17abde81f33d,499.0,359.0,1.0,4
2024-06-08,383eda871fca,759.0,449.0,2.0,4
2024-06-08,a6b6bfbc73b9,799.0,499.0,5.0,4
2024-06-09,17abde81f33d,499.0,359.0,3.0,4
2024-06-10,389412076801,139.0,99.0,1.0,4
2024-06-10,a89e947f0636,169.9,109.0,5.0,4
2024-06-10,d63b63612407,189.0,109.0,2.0,4
2024-06-10,3a95d538a917,259.0,119.0,3.0,4
2024-06-10,dbedc65be2f4,499.0,146.5,6.0,4
2024-06-10,e7ff6ea67040,259.0,149.0,1.0,4
2024-06-10,249aaa595dbf,349.0,178.0,1.0,4
2024-06-10,30ce20e88d64,699.0,219.5,2.0,4
2024-06-10,d454beab2b30,419.0,220.8,6.0,4
2024-06-10,851410d2704b,659.0,419.0,1.0,4
2024-06-10,383eda871fca,759.0,449.0,2.0,4
2024-06-11,389412076801,139.0,99.0,1.0,4
2024-06-11,0e39cf5d57c1,169.0,109.0,2.0,4
2024-06-11,301ab3da516b,199.9,119.0,1.0,4
2024-06-11,3a95d538a917,259.0,129.0,4.0,4
2024-06-11,d63b63612407,189.0,129.0,2.0,4
2024-06-11,e7ff6ea67040,259.0,149.0,9.0,4
2024-06-11,a6b6bfbc73b9,799.0,469.0,4.0,4
2024-06-13,f0c2857afa61,209.0,109.0,2.0,4
2024-06-13,d63b63612407,189.0,129.0,2.0,4
2024-06-13,e7ff6ea67040,259.0,149.0,2.0,4
2024-06-14,e7ff6ea67040,259.0,149.0,5.0,4
2024-06-15,389412076801,139.0,99.0,3.0,4
2024-06-15,d63b63612407,189.0,129.0,1.0,4
2024-06-15,dd94e2bc5601,209.0,129.0,1.0,4
2024-06-15,e7ff6ea67040,259.0,149.0,5.0,4
2024-06-15,44c942fe217c,599.0,399.0,2.0,4
2024-06-15,75a435426869,749.0,449.0,1.0,4
2024-06-16,389412076801,139.0,99.0,1.0,4
2024-06-16,3a95d538a917,259.0,129.0,1.0,4
2024-06-16,d63b63612407,189.0,129.0,3.0,4
2024-06-16,e7ff6ea67040,259.0,149.0,4.0,4
2024-06-16,17abde81f33d,499.0,399.0,1.0,4
2024-06-16,383eda871fca,759.0,449.0,1.0,4
2024-06-16,75a435426869,749.0,449.0,3.0,4
2024-06-17,5ec8eafeb7ce,209.0,109.0,1.0,4
2024-06-17,d63b63612407,189.0,129.0,5.0,4
2024-06-17,e60d890f2812,449.0,319.0,1.0,4
2024-06-17,383eda871fca,759.0,449.0,2.0,4
2024-06-17,75a435426869,749.0,449.0,1.0,4
2024-06-18,0e39cf5d57c1,169.0,99.0,5.0,4
2024-06-18,986dbd10687c,169.9,109.0,1.0,4
2024-06-18,584cbff2b783,179.9,109.0,1.0,4
2024-06-18,f0c2857afa61,209.0,119.0,2.0,4
2024-06-18,d63b63612407,189.0,119.0,3.0,4
2024-06-18,bc2f82a22e11,199.0,119.0,2.0,4
2024-06-18,dd94e2bc5601,209.0,119.0,2.0,4
2024-06-18,3a95d538a917,259.0,129.0,16.0,4
2024-06-18,e7ff6ea67040,259.0,149.0,10.0,4
2024-06-18,44c942fe217c,599.0,349.0,2.0,4
2024-06-18,f611e25fa53a,649.0,421.9,2.0,4
2024-06-18,75a435426869,749.0,459.0,2.0,4
2024-06-18,383eda871fca,759.0,469.0,3.0,4
2024-06-19,389412076801,139.0,99.0,3.0,4
2024-06-19,584cbff2b783,179.9,109.0,1.0,4
2024-06-19,3a95d538a917,259.0,129.0,4.0,4
2024-06-19,f611e25fa53a,649.0,421.9,3.0,4
2024-06-19,75a435426869,749.0,459.0,1.0,4
2024-06-19,383eda871fca,759.0,469.0,2.0,4
2024-06-20,0e39cf5d57c1,169.0,99.0,3.0,4
2024-06-20,389412076801,139.0,99.0,2.0,4
2024-06-20,986dbd10687c,169.9,109.0,1.0,4
2024-06-20,a89e947f0636,169.9,109.0,3.0,4
2024-06-20,584cbff2b783,179.9,109.0,1.0,4
2024-06-20,dd94e2bc5601,209.0,119.0,1.0,4
2024-06-20,3a95d538a917,259.0,129.0,4.0,4
2024-06-20,e7ff6ea67040,259.0,149.0,1.0,4
2024-06-20,44c942fe217c,599.0,349.0,2.0,4
2024-06-20,17abde81f33d,499.0,359.0,1.0,4
2024-06-20,74d6ed799e21,599.0,409.0,2.0,4
2024-06-20,f611e25fa53a,649.0,421.9,3.0,4
2024-06-20,75a435426869,749.0,459.0,4.0,4
2024-06-20,383eda871fca,759.0,469.0,3.0,4
2024-06-21,0e39cf5d57c1,169.0,99.0,1.0,4
2024-06-21,a89e947f0636,169.9,109.0,2.0,4
2024-06-21,5ec8eafeb7ce,209.0,119.0,1.0,4
2024-06-21,e7ff6ea67040,259.0,149.0,1.0,4
2024-06-21,e60d890f2812,449.0,299.0,2.0,4
2024-06-21,74d6ed799e21,599.0,409.0,1.0,4
2024-06-21,f611e25fa53a,649.0,421.9,2.0,4
2024-06-21,75a435426869,749.0,459.0,2.0,4
2024-06-22,986dbd10687c,169.9,109.0,1.0,4
2024-06-22,f0c2857afa61,199.0,119.0,1.0,4
2024-06-22,bc2f82a22e11,199.0,119.0,1.0,4
2024-06-22,3a95d538a917,259.0,129.0,9.0,4
2024-06-22,e7ff6ea67040,259.0,149.0,1.0,4
2024-06-22,44c942fe217c,599.0,349.0,5.0,4
2024-06-22,f611e25fa53a,649.0,421.9,3.0,4
2024-06-22,75a435426869,749.0,459.0,5.0,4
2024-06-24,0e39cf5d57c1,169.0,99.0,2.0,4
2024-06-24,986dbd10687c,169.9,109.0,2.0,4
2024-06-24,f0c2857afa61,199.0,119.0,1.0,4
2024-06-24,3a95d538a917,259.0,129.0,4.0,4
2024-06-24,44c942fe217c,599.0,349.0,2.0,4
2024-06-25,389412076801,139.0,99.0,1.0,4
2024-06-25,986dbd10687c,169.9,109.0,1.0,4
2024-06-25,bc2f82a22e11,199.0,119.0,3.0,4
2024-06-25,3a95d538a917,259.0,129.0,3.0,4
2024-06-25,dbedc65be2f4,499.0,146.5,4.0,4
2024-06-25,e7ff6ea67040,259.0,149.0,1.0,4
2024-06-26,e7ff6ea67040,259.0,149.0,3.0,4
2024-06-27,0e39cf5d57c1,199.0,99.0,2.0,4
2024-06-27,5ec8eafeb7ce,209.0,119.0,1.0,4
2024-06-27,3a95d538a917,259.0,129.0,3.0,4
2024-06-27,e7ff6ea67040,259.0,149.0,2.0,4
2024-06-28,0e39cf5d57c1,199.0,99.0,2.0,4
2024-06-28,389412076801,139.0,99.0,2.0,4
2024-06-28,f0c2857afa61,199.0,119.0,1.0,4
2024-06-28,bc2f82a22e11,199.0,119.0,1.0,4
2024-06-28,3a95d538a917,259.0,129.0,2.0,4
2024-06-29,0e39cf5d57c1,199.0,99.0,4.0,4
2024-06-29,e7ff6ea67040,259.0,149.0,2.0,4
2024-07-01,0e39cf5d57c1,199.0,110.0,4.0,4
2024-07-01,d63b63612407,189.0,119.0,3.0,4
2024-07-01,bc2f82a22e11,199.0,119.0,2.0,4
2024-07-01,e7ff6ea67040,259.0,159.0,1.0,4
2024-07-02,0e39cf5d57c1,199.0,110.0,7.0,4
2024-07-02,5ec8eafeb7ce,209.0,119.0,1.0,4
2024-07-02,bc2f82a22e11,199.0,119.0,5.0,4
2024-07-02,dd94e2bc5601,209.0,139.0,1.0,4
2024-07-02,dbedc65be2f4,499.0,146.5,1.0,4
2024-07-02,e7ff6ea67040,259.0,159.0,5.0,4
2024-07-02,43a10d46f45f,699.0,210.0,1.0,4
2024-07-03,0e39cf5d57c1,199.0,110.0,11.0,4
2024-07-03,5ec8eafeb7ce,209.0,119.0,1.0,4
2024-07-03,d63b63612407,189.0,119.0,4.0,4
2024-07-03,bc2f82a22e11,199.0,119.0,10.0,4
2024-07-03,3a95d538a917,259.0,139.0,3.0,4
2024-07-03,dd94e2bc5601,209.0,139.0,3.0,4
2024-07-03,e7ff6ea67040,259.0,159.0,4.0,4
2024-07-03,44c942fe217c,599.0,319.0,2.0,4
2024-07-04,0e39cf5d57c1,199.0,110.0,5.0,4
2024-07-04,5ec8eafeb7ce,209.0,119.0,1.0,4
2024-07-04,bc2f82a22e11,199.0,119.0,2.0,4
2024-07-04,3a95d538a917,259.0,139.0,4.0,4
2024-07-04,e7ff6ea67040,259.0,159.0,3.0,4
2024-07-04,2cad1a08565b,1790.0,649.5,3.0,4
2024-07-05,0e39cf5d57c1,199.0,110.0,8.0,4
2024-07-05,5ec8eafeb7ce,209.0,119.0,1.0,4
2024-07-05,d63b63612407,189.0,119.0,2.0,4
2024-07-05,bc2f82a22e11,199.0,119.0,6.0,4
2024-07-05,3a95d538a917,259.0,139.0,1.0,4
2024-07-05,e7ff6ea67040,259.0,159.0,3.0,4
2024-07-05,4cf0bb777594,569.0,419.0,3.0,4
2024-07-06,389412076801,139.0,99.0,2.0,4
2024-07-06,0e39cf5d57c1,199.0,110.0,7.0,4
2024-07-06,f0c2857afa61,199.0,119.0,1.0,4
2024-07-06,5ec8eafeb7ce,209.0,119.0,1.0,4
2024-07-06,d63b63612407,189.0,119.0,3.0,4
2024-07-06,bc2f82a22e11,199.0,119.0,1.0,4
2024-07-06,3a95d538a917,259.0,139.0,3.0,4
2024-07-06,e7ff6ea67040,259.0,159.0,1.0,4
2024-07-08,0e39cf5d57c1,199.0,110.0,6.0,4
2024-07-08,c633a7004667,219.9,119.0,2.0,4
2024-07-08,301ab3da516b,199.9,119.0,1.0,4
2024-07-08,d63b63612407,189.0,119.0,2.0,4
2024-07-08,ee38572a5a52,239.9,149.0,1.0,4
2024-07-08,e7ff6ea67040,259.0,159.0,1.0,4
2024-07-08,74d6ed799e21,599.0,439.0,1.0,4
2024-07-09,389412076801,139.0,99.0,7.0,4
2024-07-09,986dbd10687c,169.9,109.0,1.0,4
2024-07-09,f0c2857afa61,199.0,119.0,6.0,4
2024-07-09,5ec8eafeb7ce,209.0,119.0,1.0,4
2024-07-09,d63b63612407,189.0,119.0,4.0,4
2024-07-09,bc2f82a22e11,199.0,119.0,2.0,4
2024-07-09,3a95d538a917,259.0,139.0,5.0,4
2024-07-09,e7ff6ea67040,259.0,159.0,7.0,4
2024-07-09,17abde81f33d,499.0,389.0,3.0,4
2024-07-09,f611e25fa53a,649.0,419.0,7.0,4
2024-07-09,383eda871fca,759.0,499.0,4.0,4
2024-07-09,a6b6bfbc73b9,799.0,549.0,1.0,4
2024-07-10,389412076801,139.0,99.0,1.0,4
2024-07-10,17abde81f33d,499.0,389.0,1.0,4
2024-07-10,f611e25fa53a,649.0,419.0,2.0,4
2024-07-10,383eda871fca,759.0,499.0,1.0,4
2024-07-10,75a435426869,749.0,499.0,1.0,4
2024-07-11,17abde81f33d,499.0,389.0,1.0,4
2024-07-11,f611e25fa53a,649.0,419.0,4.0,4
2024-07-12,389412076801,139.0,99.0,1.0,4
2024-07-12,d63b63612407,189.0,119.0,3.0,4
2024-07-13,f0c2857afa61,199.0,119.0,4.0,4
2024-07-13,c633a7004667,219.9,119.0,2.0,4
2024-07-13,5ec8eafeb7ce,209.0,119.0,1.0,4
2024-07-13,d63b63612407,189.0,119.0,3.0,4
2024-07-13,bc2f82a22e11,199.0,119.0,3.0,4
2024-07-13,e7ff6ea67040,259.0,159.0,1.0,4
2024-07-15,389412076801,139.0,90.4,1.0,4
2024-07-15,d63b63612407,189.0,114.7,2.0,4
2024-07-15,e7ff6ea67040,259.0,168.4,4.0,4
2024-07-16,389412076801,139.0,90.4,1.0,4
2024-07-16,986dbd10687c,169.9,109.0,1.0,4
2024-07-16,d63b63612407,189.0,114.7,3.0,4
2024-07-16,5ec8eafeb7ce,209.0,125.4,1.0,4
2024-07-16,e85f45f1aa00,179.9,129.0,1.0,4
2024-07-16,f0c2857afa61,199.0,129.4,7.0,4
2024-07-16,bc2f82a22e11,199.0,129.4,3.0,4
2024-07-16,e7ff6ea67040,259.0,168.4,10.0,4
2024-07-16,4cf0bb777594,569.0,419.0,1.0,4
2024-07-16,a6b6bfbc73b9,799.0,549.0,1.0,4
2024-07-17,d9160be84d68,179.9,129.0,1.0,4
2024-07-17,f0c2857afa61,199.0,129.4,1.0,4
2024-07-17,e7ff6ea67040,259.0,168.4,3.0,4
2024-07-18,819b7948e314,169.9,99.0,1.0,4
2024-07-18,f0c2857afa61,199.0,129.4,1.0,4
2024-07-18,bc2f82a22e11,199.0,129.4,1.0,4
2024-07-18,e7ff6ea67040,259.0,168.4,3.0,4
2024-07-18,4cf0bb777594,569.0,419.0,1.0,4
2024-07-19,e7ff6ea67040,259.0,168.4,5.0,4
2024-07-19,17abde81f33d,499.0,399.0,1.0,4
2024-07-19,a6b6bfbc73b9,799.0,549.0,3.0,4
2024-07-20,f0c2857afa61,199.0,129.4,2.0,4
2024-07-20,dd94e2bc5601,209.0,135.9,2.0,4
2024-07-20,e7ff6ea67040,259.0,168.4,2.0,4
2024-07-20,44c942fe217c,599.0,399.0,1.0,4
2024-07-22,74d6ed799e21,599.0,439.0,1.0,4
2024-07-23,389412076801,139.0,90.4,1.0,4
2024-07-23,17abde81f33d,499.0,399.0,1.0,4
2024-07-23,f611e25fa53a,649.0,399.0,4.0,4
2024-07-23,75a435426869,749.0,469.0,2.0,4
2024-07-23,383eda871fca,759.0,479.0,4.0,4
2024-07-23,a6b6bfbc73b9,799.0,549.0,2.0,4
2024-07-24,389412076801,139.0,90.4,4.0,4
2024-07-24,d63b63612407,189.0,114.7,3.0,4
2024-07-24,f0c2857afa61,199.0,129.4,2.0,4
2024-07-24,bc2f82a22e11,199.0,129.4,1.0,4
2024-07-24,e7ff6ea67040,259.0,168.4,2.0,4
2024-07-24,f611e25fa53a,649.0,399.0,1.0,4
2024-07-24,383eda871fca,759.0,479.0,1.0,4
2024-07-25,389412076801,139.0,90.4,3.0,4
2024-07-25,e7ff6ea67040,259.0,168.4,3.0,4
2024-07-26,389412076801,139.0,90.4,2.0,4
2024-07-26,f0c2857afa61,199.0,129.4,1.0,4
2024-07-26,bc2f82a22e11,199.0,129.4,1.0,4
2024-07-26,dd94e2bc5601,209.0,135.9,1.0,4
2024-07-26,e7ff6ea67040,259.0,168.4,5.0,4
2024-07-26,383eda871fca,759.0,479.0,3.0,4
2024-07-27,819b7948e314,169.9,99.0,1.0,4
2024-07-27,986dbd10687c,169.9,109.0,1.0,4
2024-07-27,f0c2857afa61,199.0,129.4,1.0,4
2024-07-27,bc2f82a22e11,199.0,129.4,1.0,4
2024-07-27,e7ff6ea67040,259.0,168.4,1.0,4
2024-07-27,f611e25fa53a,649.0,399.0,1.0,4
2024-07-27,4cf0bb777594,569.0,419.0,1.0,4
2024-07-27,383eda871fca,759.0,479.0,3.0,4
2024-07-27,a6b6bfbc73b9,799.0,549.0,2.0,4
2024-07-28,74d6ed799e21,599.0,439.0,1.0,4
2024-07-29,d63b63612407,189.0,114.7,1.0,4
2024-07-29,5ec8eafeb7ce,209.0,125.4,1.0,4
2024-07-29,f0c2857afa61,199.0,129.4,2.0,4
2024-07-29,bc2f82a22e11,199.0,129.4,1.0,4
2024-07-29,dd94e2bc5601,209.0,135.9,1.0,4
2024-07-29,e7ff6ea67040,259.0,168.4,2.0,4
2024-07-29,383eda871fca,759.0,479.0,3.0,4
2024-07-29,a6b6bfbc73b9,799.0,549.0,2.0,4
2024-07-30,d63b63612407,189.0,114.7,5.0,4
2024-07-30,5ec8eafeb7ce,209.0,125.4,1.0,4
2024-07-30,dd94e2bc5601,209.0,135.9,4.0,4
2024-07-30,44c942fe217c,599.0,399.0,3.0,4
2024-07-30,f611e25fa53a,649.0,399.0,2.0,4
2024-07-30,383eda871fca,759.0,479.0,8.0,4
2024-07-30,a6b6bfbc73b9,799.0,549.0,6.0,4
2024-07-31,d63b63612407,189.0,114.7,2.0,4
2024-07-31,f611e25fa53a,649.0,399.0,1.0,4
2024-07-31,383eda871fca,759.0,479.0,1.0,4
2024-08-01,389412076801,139.0,90.4,3.0,4
2024-08-01,d60184cf6ca5,199.0,129.4,3.0,4
2024-08-01,5ec8eafeb7ce,209.0,135.9,2.0,4
2024-08-01,dd94e2bc5601,209.0,135.9,3.0,4
2024-08-01,383eda871fca,759.0,493.4,3.0,4
2024-08-02,d63b63612407,189.0,122.9,1.0,4
2024-08-02,5ec8eafeb7ce,209.0,135.9,1.0,4
2024-08-02,17abde81f33d,499.0,374.2,1.0,4
2024-08-02,383eda871fca,759.0,493.4,1.0,4
2024-08-04,389412076801,139.0,90.4,2.0,4
2024-08-04,d63b63612407,189.0,122.9,6.0,4
2024-08-04,5ec8eafeb7ce,209.0,135.9,1.0,4
2024-08-04,dd94e2bc5601,209.0,135.9,1.0,4
2024-08-04,3a95d538a917,259.0,168.4,1.0,4
2024-08-04,44c942fe217c,599.0,389.4,1.0,4
2024-08-04,75a435426869,749.0,486.9,1.0,4
2024-08-04,383eda871fca,759.0,493.4,1.0,4
2024-08-05,389412076801,139.0,90.4,3.0,4
2024-08-05,d63b63612407,189.0,122.9,1.0,4
2024-08-05,d60184cf6ca5,199.0,129.4,3.0,4
2024-08-05,5ec8eafeb7ce,209.0,135.9,2.0,4
2024-08-05,3a95d538a917,259.0,168.4,3.0,4
2024-08-05,74d6ed799e21,599.0,431.4,1.0,4
2024-08-06,f0c2857afa61,199.0,129.4,1.0,4
2024-08-06,3a95d538a917,259.0,168.4,1.0,4
2024-08-08,389412076801,139.0,90.4,1.0,4
2024-08-08,f0c2857afa61,199.0,129.4,1.0,4
2024-08-08,d60184cf6ca5,199.0,129.4,2.0,4
2024-08-08,07605df7333f,199.0,129.4,1.0,4
2024-08-08,5ec8eafeb7ce,209.0,135.9,2.0,4
2024-08-08,74d6ed799e21,599.0,431.4,1.0,4
2024-08-08,a6b6bfbc73b9,799.0,534.3,1.0,4
2024-08-09,d63b63612407,189.0,122.9,1.0,4
2024-08-09,f0c2857afa61,199.0,129.4,2.0,4
2024-08-09,bc2f82a22e11,199.0,129.4,2.0,4
2024-08-09,d60184cf6ca5,199.0,129.4,3.0,4
2024-08-09,5ec8eafeb7ce,209.0,135.9,3.0,4
2024-08-10,d63b63612407,189.0,122.9,3.0,4
2024-08-10,f0c2857afa61,199.0,129.4,3.0,4
2024-08-10,bc2f82a22e11,199.0,129.4,1.0,4
2024-08-10,d60184cf6ca5,199.0,129.4,3.0,4
2024-08-10,5ec8eafeb7ce,209.0,135.9,2.0,4
2024-08-10,dd94e2bc5601,209.0,135.9,1.0,4
2024-08-12,f0c2857afa61,199.0,129.4,2.0,4
2024-08-12,bc2f82a22e11,199.0,129.4,5.0,4
2024-08-12,f611e25fa53a,649.0,421.9,5.0,4
2024-08-12,383eda871fca,759.0,493.4,6.0,4
2024-08-13,bc2f82a22e11,199.0,129.4,7.0,4
2024-08-13,d60184cf6ca5,199.0,129.4,5.0,4
2024-08-13,c633a7004667,219.9,131.9,1.0,4
2024-08-13,8a32a56e8b6a,239.9,143.9,1.045,4
2024-08-13,ee38572a5a52,239.9,143.9,2.0,4
2024-08-13,3a95d538a917,259.0,168.4,1.0,4
2024-08-13,f611e25fa53a,649.0,421.9,1.0,4
2024-08-13,383eda871fca,759.0,493.4,8.0,4
2024-08-14,986dbd10687c,169.9,101.9,1.0,4
2024-08-14,e85f45f1aa00,179.9,107.9,1.0,4
2024-08-14,7278da438117,399.0,114.5,1.0,4
2024-08-14,78af0b0dba8f,599.0,219.5,1.0,4
2024-08-14,2b43dfeee142,899.0,274.5,2.0,4
2024-08-14,17abde81f33d,499.0,374.2,1.0,4
2024-08-14,383eda871fca,759.0,493.4,2.0,4
2024-08-14,51723022397a,1690.0,524.5,1.0,4
2024-08-15,819b7948e314,169.9,101.9,2.0,4
2024-08-15,17abde81f33d,499.0,374.2,2.0,4
2024-08-16,d63b63612407,189.0,113.4,2.0,4
2024-08-16,f0c2857afa61,199.0,119.4,3.0,4
2024-08-16,bc2f82a22e11,199.0,120.0,2.0,4
2024-08-16,44c942fe217c,599.0,359.4,1.0,4
2024-08-16,f611e25fa53a,649.0,389.4,3.0,4
2024-08-16,a6b6bfbc73b9,799.0,535.8,2.0,4
2024-08-17,f0c2857afa61,199.0,119.4,5.0,4
2024-08-17,44c942fe217c,599.0,359.4,2.0,4
2024-08-17,75a435426869,749.0,449.4,1.0,4
2024-08-17,383eda871fca,759.0,474.0,1.0,4
2024-08-19,d63b63612407,189.0,113.4,4.0,4
2024-08-19,f0c2857afa61,199.0,119.4,1.0,4
2024-08-19,bc2f82a22e11,199.0,120.0,3.0,4
2024-08-19,dd94e2bc5601,209.0,128.4,2.0,4
2024-08-20,d63b63612407,189.0,113.4,12.0,4
2024-08-20,f0c2857afa61,199.0,119.4,5.0,4
2024-08-20,d60184cf6ca5,199.0,119.4,4.0,4
2024-08-20,07605df7333f,199.0,119.4,1.0,4
2024-08-20,dd94e2bc5601,209.0,128.4,5.0,4
2024-08-20,3a95d538a917,259.0,155.4,10.0,4
2024-08-20,44c942fe217c,599.0,359.4,10.0,4
2024-08-20,f611e25fa53a,649.0,389.4,1.0,4
2024-08-20,75a435426869,749.0,449.4,3.0,4
2024-08-20,a6b6bfbc73b9,799.0,535.8,11.0,4
2024-08-21,986dbd10687c,169.9,101.9,1.0,4
2024-08-21,d63b63612407,189.0,113.4,3.0,4
2024-08-21,029f72f6913c,199.9,119.9,2.0,4
2024-08-21,301ab3da516b,199.9,119.9,1.0,4
2024-08-21,3a95d538a917,259.0,155.4,1.0,4
2024-08-22,986dbd10687c,169.9,101.9,2.0,4
2024-08-22,d63b63612407,189.0,113.4,2.0,4
2024-08-22,f0c2857afa61,199.0,119.4,2.0,4
2024-08-23,3a95d538a917,259.0,155.4,1.0,4
2024-08-23,44c942fe217c,599.0,359.4,1.0,4
2024-08-23,f611e25fa53a,649.0,389.4,4.0,4
2024-08-23,75a435426869,749.0,449.4,1.0,4
2024-08-24,d63b63612407,189.0,113.4,2.0,4
2024-08-24,301ab3da516b,199.9,119.9,1.0,4
2024-08-24,5ec8eafeb7ce,209.0,125.4,2.0,4
2024-08-24,75a435426869,749.0,449.4,1.0,4
2024-08-24,383eda871fca,759.0,474.0,5.0,4
2024-08-26,d60184cf6ca5,199.0,119.4,1.0,4
2024-08-26,5ec8eafeb7ce,209.0,125.4,1.0,4
2024-08-26,1dc20c4f962f,449.0,263.9,1.0,4
2024-08-26,383eda871fca,759.0,474.0,4.0,4
2024-08-27,389412076801,139.0,85.6,3.0,4
2024-08-27,f0c2857afa61,199.0,119.4,2.0,4
2024-08-27,d60184cf6ca5,199.0,119.4,6.0,4
2024-08-27,07605df7333f,199.0,119.4,8.0,4
2024-08-27,5ec8eafeb7ce,209.0,125.4,1.0,4
2024-08-27,3a95d538a917,259.0,155.4,9.0,4
2024-08-27,75a435426869,749.0,449.4,1.0,4
2024-08-27,383eda871fca,759.0,474.0,5.0,4
2024-08-28,029f72f6913c,199.9,119.9,1.0,4
2024-08-29,d63b63612407,199.0,113.4,1.0,4
2024-08-29,5ec8eafeb7ce,209.0,125.4,3.0,4
2024-08-29,3a95d538a917,259.0,155.4,3.0,4
2024-08-29,4cf0bb777594,569.0,340.2,3.0,4
2024-08-29,383eda871fca,789.0,474.0,3.0,4
2024-08-30,d60184cf6ca5,199.0,119.4,1.0,4
2024-08-30,5ec8eafeb7ce,209.0,125.4,1.0,4
2024-08-30,3a95d538a917,259.0,155.4,1.0,4
2024-08-30,383eda871fca,789.0,474.0,1.0,4
2024-08-31,389412076801,159.0,85.6,1.0,4
2024-08-31,f0c2857afa61,199.0,119.4,1.0,4
2024-08-31,d60184cf6ca5,199.0,119.4,4.0,4
2024-08-31,bc2f82a22e11,199.0,120.0,2.0,4
2024-08-31,383eda871fca,789.0,474.0,1.0,4
2024-09-02,d60184cf6ca5,199.0,119.4,4.0,4
2024-09-02,07605df7333f,199.0,119.4,1.0,4
2024-09-02,bc2f82a22e11,199.0,120.0,6.0,4
2024-09-02,5ec8eafeb7ce,209.0,125.4,2.0,4
2024-09-02,dd94e2bc5601,209.0,128.4,2.0,4
2024-09-02,3a95d538a917,259.0,155.4,3.0,4
2024-09-02,e60d890f2812,449.0,300.2,1.0,4
2024-09-02,17abde81f33d,549.0,374.2,1.0,4
2024-09-02,44c942fe217c,639.0,383.4,2.0,4
2024-09-02,f611e25fa53a,679.0,407.4,1.0,4
2024-09-02,383eda871fca,789.0,474.0,5.0,4
2024-09-02,a6b6bfbc73b9,849.0,535.8,4.0,4
2024-09-03,d60184cf6ca5,199.0,119.4,3.0,4
2024-09-03,bc2f82a22e11,199.0,120.0,6.0,4
2024-09-03,3a95d538a917,259.0,155.4,1.0,4
2024-09-04,bc2f82a22e11,199.0,120.0,3.0,4
2024-09-04,a6b6bfbc73b9,849.0,535.8,4.0,4
2024-09-05,f0c2857afa61,199.0,119.4,1.0,4
2024-09-05,d63b63612407,199.0,119.4,3.0,4
2024-09-05,d60184cf6ca5,199.0,119.4,1.0,4
2024-09-05,07605df7333f,199.0,119.4,2.0,4
2024-09-05,bc2f82a22e11,199.0,120.0,7.0,4
2024-09-05,dd94e2bc5601,209.0,128.4,1.0,4
2024-09-05,3a95d538a917,259.0,155.4,1.0,4
2024-09-05,17abde81f33d,549.0,374.2,2.0,4
2024-09-05,383eda871fca,789.0,474.0,4.0,4
2024-09-06,f0c2857afa61,199.0,119.4,4.0,4
2024-09-06,07605df7333f,199.0,119.4,4.0,4
2024-09-06,bc2f82a22e11,199.0,120.0,4.0,4
2024-09-06,5ec8eafeb7ce,209.0,125.4,3.0,4
2024-09-06,3a95d538a917,259.0,155.4,3.0,4
2024-09-06,4cf0bb777594,569.0,340.2,3.0,4
2024-09-06,75a435426869,769.0,461.4,1.0,4
2024-09-06,383eda871fca,789.0,474.0,7.0,4
2024-09-07,f0c2857afa61,199.0,119.4,3.0,4
2024-09-07,d63b63612407,199.0,119.4,3.0,4
2024-09-07,d60184cf6ca5,199.0,119.4,1.0,4
2024-09-07,bc2f82a22e11,199.0,120.0,4.0,4
2024-09-07,5ec8eafeb7ce,209.0,125.4,1.0,4
2024-09-07,3a95d538a917,259.0,155.4,2.0,4
2024-09-07,17abde81f33d,549.0,374.2,1.0,4
2024-09-07,f611e25fa53a,679.0,407.4,1.0,4
2024-09-07,75a435426869,769.0,461.4,1.0,4
2024-09-07,383eda871fca,789.0,474.0,3.0,4
2024-09-08,389412076801,159.0,95.4,4.0,4
2024-09-08,f0c2857afa61,199.0,119.4,3.0,4
2024-09-08,d60184cf6ca5,199.0,119.4,3.0,4
2024-09-08,bc2f82a22e11,199.0,120.0,2.0,4
2024-09-08,3a95d538a917,259.0,155.4,2.0,4
2024-09-08,f611e25fa53a,679.0,407.4,3.0,4
2024-09-08,75a435426869,769.0,461.4,2.0,4
2024-09-08,383eda871fca,789.0,474.0,1.0,4
2024-09-09,389412076801,159.0,95.4,3.0,4
2024-09-09,f0c2857afa61,199.0,119.4,5.0,4
2024-09-09,d60184cf6ca5,199.0,119.4,3.0,4
2024-09-09,07605df7333f,199.0,119.4,3.0,4
2024-09-09,bc2f82a22e11,199.0,120.0,2.0,4
2024-09-09,5ec8eafeb7ce,209.0,125.4,3.0,4
2024-09-09,3a95d538a917,259.0,155.4,3.0,4
2024-09-09,17abde81f33d,549.0,374.2,3.0,4
2024-09-09,75a435426869,769.0,461.4,2.0,4
2024-09-10,389412076801,159.0,95.4,7.0,4
2024-09-10,986dbd10687c,169.9,109.0,1.0,4
2024-09-10,d9160be84d68,179.9,119.0,2.0,4
2024-09-10,f0c2857afa61,199.0,119.4,8.0,4
2024-09-10,d63b63612407,199.0,119.4,1.0,4
2024-09-10,07605df7333f,199.0,119.4,14.0,4
2024-09-10,5ec8eafeb7ce,209.0,125.4,3.0,4
2024-09-10,029f72f6913c,199.9,139.0,2.0,4
2024-09-10,3a95d538a917,259.0,155.4,20.0,4
2024-09-10,534465a0faf1,229.9,159.0,1.0,4
2024-09-10,75a435426869,769.0,461.4,2.0,4
2024-09-11,819b7948e314,169.9,109.0,1.0,4
2024-09-11,d9160be84d68,179.9,119.0,2.0,4
2024-09-11,07605df7333f,199.0,119.4,1.0,4
2024-09-11,a89e947f0636,169.9,129.0,2.0,4
2024-09-11,3a95d538a917,259.0,155.4,1.0,4
2024-09-12,389412076801,159.0,95.4,1.0,4
2024-09-12,986dbd10687c,169.9,109.0,2.0,4
2024-09-12,e85f45f1aa00,179.9,119.0,2.0,4
2024-09-12,d9160be84d68,179.9,119.0,1.0,4
2024-09-12,f0c2857afa61,199.0,119.4,2.0,4
2024-09-12,d60184cf6ca5,199.0,119.4,1.0,4
2024-09-12,07605df7333f,199.0,119.4,6.0,4
2024-09-12,3a95d538a917,259.0,155.4,4.0,4
2024-09-13,389412076801,159.0,95.4,3.0,4
2024-09-13,d9160be84d68,179.9,119.0,4.0,4
2024-09-13,584cbff2b783,179.9,119.0,4.0,4
2024-09-13,d60184cf6ca5,199.0,119.4,1.0,4
2024-09-13,07605df7333f,199.0,119.4,1.0,4
2024-09-13,bc2f82a22e11,199.0,120.0,3.0,4
2024-09-13,3a95d538a917,259.0,155.4,3.0,4
2024-09-13,b217079cca31,229.9,159.0,1.0,4
2024-09-13,ee38572a5a52,239.9,159.0,1.0,4
2024-09-13,4cf0bb777594,569.0,340.2,1.0,4
2024-09-13,74d6ed799e21,599.0,431.4,1.0,4
2024-09-13,383eda871fca,789.0,474.0,1.0,4
2024-09-14,c633a7004667,219.9,139.0,1.0,4
2024-09-15,389412076801,159.0,95.4,2.0,4
2024-09-15,d60184cf6ca5,199.0,119.4,2.0,4
2024-09-15,07605df7333f,199.0,119.4,1.0,4
2024-09-15,bc2f82a22e11,199.0,120.0,3.0,4
2024-09-15,5ec8eafeb7ce,209.0,125.4,1.0,4
2024-09-15,dd94e2bc5601,209.0,128.4,1.0,4
2024-09-15,3a95d538a917,259.0,155.4,6.0,4
2024-09-15,75a435426869,769.0,461.4,1.0,4
2024-09-15,9f45a49e5ee4,990.0,623.6,1.0,4
2024-09-16,389412076801,159.0,71.1,4.0,4
2024-09-16,3a95d538a917,259.0,81.8,8.0,4
2024-09-16,5ec8eafeb7ce,209.0,86.3,2.0,4
2024-09-16,07605df7333f,199.0,95.6,4.0,4
2024-09-16,bc2f82a22e11,199.0,100.3,4.0,4
2024-09-16,59541dc4af68,199.0,100.9,5.0,4
2024-09-16,4cf0bb777594,569.0,340.2,2.0,4
2024-09-16,383eda871fca,789.0,370.8,3.0,4
2024-09-17,389412076801,159.0,71.1,7.0,4
2024-09-17,3a95d538a917,259.0,81.8,17.0,4
2024-09-17,5ec8eafeb7ce,209.0,86.3,2.0,4
2024-09-17,d63b63612407,199.0,91.1,2.0,4
2024-09-17,07605df7333f,199.0,95.6,4.0,4
2024-09-17,bc2f82a22e11,199.0,100.3,5.0,4
2024-09-17,59541dc4af68,199.0,100.9,4.0,4
2024-09-17,17abde81f33d,549.0,311.9,2.0,4
2024-09-18,389412076801,159.0,71.1,1.0,4
2024-09-18,75a435426869,769.0,322.5,1.0,4
2024-09-19,389412076801,159.0,71.1,5.0,4
2024-09-19,3a95d538a917,259.0,81.8,8.0,4
2024-09-19,07605df7333f,199.0,95.6,3.0,4
2024-09-19,bc2f82a22e11,199.0,100.3,5.0,4
2024-09-19,d60184cf6ca5,199.0,119.4,5.0,4
2024-09-19,17abde81f33d,549.0,311.9,1.0,4
2024-09-19,9f45a49e5ee4,990.0,760.0,2.0,4
2024-09-20,389412076801,159.0,71.1,1.0,4
2024-09-20,3a95d538a917,259.0,81.8,3.0,4
2024-09-20,07605df7333f,199.0,95.6,2.0,4
2024-09-20,819b7948e314,169.9,109.0,2.0,4
2024-09-20,d9160be84d68,179.9,119.0,1.0,4
2024-09-20,029f72f6913c,199.9,139.0,1.0,4
2024-09-20,c633a7004667,219.9,139.0,1.0,4
2024-09-21,6147decf9318,699.0,210.0,1.0,4
2024-09-21,ebb4e2f89656,1490.0,479.4,1.0,4
2024-09-22,3a95d538a917,259.0,81.8,3.0,4
2024-09-22,f0c2857afa61,199.0,88.9,3.0,4
2024-09-22,bc2f82a22e11,199.0,100.3,2.0,4
2024-09-22,d60184cf6ca5,199.0,119.4,3.0,4
2024-09-22,2b43dfeee142,899.0,549.0,2.0,4
2024-09-23,3a95d538a917,259.0,81.8,1.0,4
2024-09-23,f0c2857afa61,199.0,88.9,1.0,4
2024-09-23,d9160be84d68,179.9,119.0,1.0,4
2024-09-23,d60184cf6ca5,199.0,119.4,7.0,4
2024-09-23,75a435426869,769.0,322.5,1.0,4
2024-09-24,389412076801,159.0,71.1,3.0,4
2024-09-24,3a95d538a917,259.0,81.8,9.0,4
2024-09-24,5ec8eafeb7ce,209.0,86.3,4.0,4
2024-09-24,f0c2857afa61,199.0,88.9,2.0,4
2024-09-24,07605df7333f,199.0,95.6,1.0,4
2024-09-24,bc2f82a22e11,199.0,100.3,4.0,4
2024-09-24,d60184cf6ca5,199.0,119.4,22.0,4
2024-09-24,17abde81f33d,549.0,311.9,1.0,4
2024-09-24,75a435426869,769.0,322.5,3.0,4
2024-09-24,383eda871fca,789.0,370.8,5.0,4
2024-09-25,3a95d538a917,259.0,81.8,1.0,4
2024-09-25,d63b63612407,199.0,91.1,2.0,4
2024-09-25,2b43dfeee142,899.0,549.0,1.0,4
2024-09-25,9f45a49e5ee4,990.0,760.0,1.0,4
2024-09-26,389412076801,159.0,71.1,4.0,4
2024-09-26,5ec8eafeb7ce,209.0,86.3,3.0,4
2024-09-26,07605df7333f,199.0,95.6,1.0,4
2024-09-26,d60184cf6ca5,199.0,119.4,2.0,4
2024-09-26,17abde81f33d,549.0,311.9,1.0,4
2024-09-26,4cf0bb777594,569.0,340.2,2.0,4
2024-09-26,383eda871fca,789.0,370.8,1.0,4
